time_s,r_0.0_cm,r_0.1_cm,r_0.2_cm,r_0.3_cm,r_0.4_cm,r_0.5_cm,r_0.6_cm,r_0.7_cm,r_0.8_cm,r_0.9_cm,r_1.0_cm,r_1.1_cm,r_1.2_cm,r_1.3_cm,r_1.4_cm,r_1.5_cm,r_1.6_cm,r_1.7_cm,r_1.8_cm,r_1.9_cm,r_2.0_cm
0,2.5499999999999998,2.5499999999999998,2.5499999999999998,2.5499999999999998,2.5499999999999998,2.5499999999999998,2.5499999999999998,2.5499999999999998,2.5499999999999998,2.5499999999999998,2.5499999999999998,2.5499999999999998,2.5499999999999998,2.5499999999999998,2.5499999999999998,2.5499999999999998,2.5499999999999998,2.5499999999999998,2.5499999999999998,2.5499999999999998,2.5499999999999998
1,2.5499999999999998,2.5499999999999998,2.5499999999999998,2.5499999999999998,2.5499999999999998,2.5499999999999998,2.5499999999999998,2.5499999999999998,2.5499999999999998,2.5499999999999998,2.5499999999999998,2.5499999999999998,2.5499999999999998,2.5499999999999998,2.5499999999999998,2.5499999999999998,2.5499999999999998,2.5499999999999998,2.5499999999999998,2.5499999999999998,2.5177272895766882
2,2.5499999999999998,2.5499999999999998,2.5499999999999998,2.5499999999999998,2.5499999999999998,2.5499999999999998,2.5499999999999998,2.5499999999999998,2.5499999999999998,2.5499999999999998,2.5499999999999998,2.5499999999999998,2.5499999999999998,2.5499999999999998,2.5499999999999998,2.5499999999999998,2.5499999999999998,2.5499999999999998,2.5499999999999998,2.5499999999999909,2.504493331508971
3,2.5499999999999998,2.5499999999999998,2.5499999999999998,2.5499999999999998,2.5499999999999998,2.5499999999999998,2.5499999999999998,2.5499999999999998,2.5499999999999998,2.5499999999999998,2.5499999999999998,2.5499999999999998,2.5499999999999998,2.5499999999999998,2.5499999999999998,2.5499999999999998,2.5499999999999998,2.5499999999999998,2.5499999999999998,2.5499999999260181,2.4943917849337516
4,2.5499999999999998,2.5499999999999998,2.5499999999999998,2.5499999999999998,2.5499999999999998,2.5499999999999998,2.5499999999999998,2.5499999999999998,2.5499999999999998,2.5499999999999998,2.5499999999999998,2.5499999999999998,2.5499999999999998,2.5499999999999998,2.5499999999999998,2.5499999999999998,2.5499999999999998,2.5499999999999998,2.5499999999999998,2.5499999924816521,2.4859114451121531
5,2.5499999999999998,2.5499999999999998,2.5499999999999998,2.5499999999999998,2.5499999999999998,2.5499999999999998,2.5499999999999998,2.5499999999999998,2.5499999999999998,2.5499999999999998,2.5499999999999998,2.5499999999999998,2.5499999999999998,2.5499999999999998,2.5499999999999998,2.5499999999999998,2.5499999999999998,2.5499999999999998,2.5499999999999998,2.5499998712533261,2.478467008889969
6,2.5499999999999998,2.5499999999999998,2.5499999999999998,2.5499999999999998,2.5499999999999998,2.5499999999999998,2.5499999999999998,2.5499999999999998,2.5499999999999998,2.5499999999999998,2.5499999999999998,2.5499999999999998,2.5499999999999998,2.5499999999999998,2.5499999999999998,2.5499999999999998,2.5499999999999998,2.5499999999999998,2.5499999999999998,2.5499991066104979,2.4717583153022527
7,2.5499999999999998,2.5499999999999998,2.5499999999999998,2.5499999999999998,2.5499999999999998,2.5499999999999998,2.5499999999999998,2.5499999999999998,2.5499999999999998,2.5499999999999998,2.5499999999999998,2.5499999999999998,2.5499999999999998,2.5499999999999998,2.5499999999999998,2.5499999999999998,2.5499999999999998,2.5499999999999998,2.5499999999999994,2.5499963263140022,2.4656070642830752
8,2.5499999999999998,2.5499999999999998,2.5499999999999998,2.5499999999999998,2.5499999999999998,2.5499999999999998,2.5499999999999998,2.5499999999999998,2.5499999999999998,2.5499999999999998,2.5499999999999998,2.5499999999999998,2.5499999999999998,2.5499999999999998,2.5499999999999998,2.5499999999999998,2.5499999999999998,2.5499999999999998,2.5499999999999825,2.549989154053562,2.4598970890445395
9,2.5499999999999998,2.5499999999999998,2.5499999999999998,2.5499999999999998,2.5499999999999998,2.5499999999999998,2.5499999999999998,2.5499999999999998,2.5499999999999998,2.5499999999999998,2.5499999999999998,2.5499999999999998,2.5499999999999998,2.5499999999999998,2.5499999999999998,2.5499999999999998,2.5499999999999998,2.5499999999999998,2.5499999999996383,2.5499743976425457,2.4545477035746699
10,2.5499999999999998,2.5499999999999998,2.5499999999999998,2.5499999999999998,2.5499999999999998,2.5499999999999998,2.5499999999999998,2.5499999999999998,2.5499999999999998,2.5499999999999998,2.5499999999999998,2.5499999999999998,2.5499999999999998,2.5499999999999998,2.5499999999999998,2.5499999999999998,2.5499999999999998,2.5499999999999998,2.5499999999960199,2.549948424528536,2.4495001634894593
11,2.5499999999999998,2.5499999999999998,2.5499999999999998,2.5499999999999998,2.5499999999999998,2.5499999999999998,2.5499999999999998,2.5499999999999998,2.5499999999999998,2.5499999999999998,2.5499999999999998,2.5499999999999998,2.5499999999999998,2.5499999999999998,2.5499999999999998,2.5499999999999998,2.5499999999999998,2.5499999999999998,2.5499999999712895,2.549907545007422,2.444710123446955
12,2.5499999999999998,2.5499999999999998,2.5499999999999998,2.5499999999999998,2.5499999999999998,2.5499999999999998,2.5499999999999998,2.5499999999999998,2.5499999999999998,2.5499999999999998,2.5499999999999998,2.5499999999999998,2.5499999999999998,2.5499999999999998,2.5499999999999998,2.5499999999999998,2.5499999999999998,2.5499999999999998,2.5499999998494278,2.5498483077454033,2.4401431330060102
13,2.5499999999999998,2.5499999999999998,2.5499999999999998,2.5499999999999998,2.5499999999999998,2.5499999999999998,2.5499999999999998,2.5499999999999998,2.5499999999999998,2.5499999999999998,2.5499999999999998,2.5499999999999998,2.5499999999999998,2.5499999999999998,2.5499999999999998,2.5499999999999998,2.5499999999999998,2.5499999999999998,2.549999999382659,2.5497676853271729,2.4357717966965278
14,2.5499999999999998,2.5499999999999998,2.5499999999999998,2.5499999999999998,2.5499999999999998,2.5499999999999998,2.5499999999999998,2.5499999999999998,2.5499999999999998,2.5499999999999998,2.5499999999999998,2.5499999999999998,2.5499999999999998,2.5499999999999998,2.5499999999999998,2.5499999999999998,2.5499999999999998,2.5499999999999998,2.5499999979155761,2.5496631646859376,2.4315739033067563
15,2.5499999999999998,2.5499999999999998,2.5499999999999998,2.5499999999999998,2.5499999999999998,2.5499999999999998,2.5499999999999998,2.5499999999999998,2.5499999999999998,2.5499999999999998,2.5499999999999998,2.5499999999999998,2.5499999999999998,2.5499999999999998,2.5499999999999998,2.5499999999999998,2.5499999999999998,2.5499999999999998,2.5499999939778757,2.549532768586289,2.4275311483882298
16,2.5499999999999998,2.5499999999999998,2.5499999999999998,2.5499999999999998,2.5499999999999998,2.5499999999999998,2.5499999999999998,2.5499999999999998,2.5499999999999998,2.5499999999999998,2.5499999999999998,2.5499999999999998,2.5499999999999998,2.5499999999999998,2.5499999999999998,2.5499999999999998,2.5499999999999998,2.5499999999999994,2.5499999846780526,2.5493750330665534,2.4236282350339668
17,2.5499999999999998,2.5499999999999998,2.5499999999999998,2.5499999999999998,2.5499999999999998,2.5499999999999998,2.5499999999999998,2.5499999999999998,2.5499999999999998,2.5499999999999998,2.5499999999999998,2.5499999999999998,2.5499999999999998,2.5499999999999998,2.5499999999999998,2.5499999999999998,2.5499999999999998,2.5499999999999932,2.5499999649036638,2.5491889601763678,2.4198522245008443
18,2.5499999999999998,2.5499999999999998,2.5499999999999998,2.5499999999999998,2.5499999999999998,2.5499999999999998,2.5499999999999998,2.5499999999999998,2.5499999999999998,2.5499999999999998,2.5499999999999998,2.5499999999999998,2.5499999999999998,2.5499999999999998,2.5499999999999998,2.5499999999999998,2.5499999999999998,2.5499999999999718,2.5499999263682169,2.5489739594645364,2.4161920566774926
19,2.5499999999999998,2.5499999999999998,2.5499999999999998,2.5499999999999998,2.5499999999999998,2.5499999999999998,2.5499999999999998,2.5499999999999998,2.5499999999999998,2.5499999999999998,2.5499999999999998,2.5499999999999998,2.5499999999999998,2.5499999999999998,2.5499999999999998,2.5499999999999998,2.5499999999999998,2.5499999999998852,2.5499998565706634,2.5487297868091208,2.4126381890563806
20,2.5499999999999998,2.5499999999999998,2.5499999999999998,2.5499999999999998,2.5499999999999998,2.5499999999999998,2.5499999999999998,2.5499999999999998,2.5499999999999998,2.5499999999999998,2.5499999999999998,2.5499999999999998,2.5499999999999998,2.5499999999999998,2.5499999999999998,2.5499999999999998,2.5499999999999998,2.5499999999995886,2.5499997377460564,2.5484564856638579,2.4091823203529317
21,2.5499999999999998,2.5499999999999998,2.5499999999999998,2.5499999999999998,2.5499999999999998,2.5499999999999998,2.5499999999999998,2.5499999999999998,2.5499999999999998,2.5499999999999998,2.5499999999999998,2.5499999999999998,2.5499999999999998,2.5499999999999998,2.5499999999999998,2.5499999999999998,2.5499999999999998,2.549999999998696,2.5499995458852278,2.5481543334022989,2.4058171755723481
22,2.5499999999999998,2.5499999999999998,2.5499999999999998,2.5499999999999998,2.5499999999999998,2.5499999999999998,2.5499999999999998,2.5499999999999998,2.5499999999999998,2.5499999999999998,2.5499999999999998,2.5499999999999998,2.5499999999999998,2.5499999999999998,2.5499999999999998,2.5499999999999998,2.5499999999999998,2.5499999999962659,2.5499992498904365,2.5478237939367419,2.4025363367721222
23,2.5499999999999998,2.5499999999999998,2.5499999999999998,2.5499999999999998,2.5499999999999998,2.5499999999999998,2.5499999999999998,2.5499999999999998,2.5499999999999998,2.5499999999999998,2.5499999999999998,2.5499999999999998,2.5499999999999998,2.5499999999999998,2.5499999999999998,2.5499999999999998,2.5499999999999998,2.5499999999902125,2.5499988109160108,2.5474654768307761,2.3993341080121144
24,2.5499999999999998,2.5499999999999998,2.5499999999999998,2.5499999999999998,2.5499999999999998,2.5499999999999998,2.5499999999999998,2.5499999999999998,2.5499999999999998,2.5499999999999998,2.5499999999999998,2.5499999999999998,2.5499999999999998,2.5499999999999998,2.5499999999999998,2.5499999999999998,2.5499999999999998,2.549999999976269,2.5499981819247202,2.547080102655809,2.3962054065710925
25,2.5499999999999998,2.5499999999999998,2.5499999999999998,2.5499999999999998,2.5499999999999998,2.5499999999999998,2.5499999999999998,2.5499999999999998,2.5499999999999998,2.5499999999999998,2.5499999999999998,2.5499999999999998,2.5499999999999998,2.5499999999999998,2.5499999999999998,2.5499999999999998,2.5499999999999998,2.5499999999462699,2.5499973074702273,2.5466684740098438,2.3931456743005564
26,2.5499999999999998,2.5499999999999998,2.5499999999999998,2.5499999999999998,2.5499999999999998,2.5499999999999998,2.5499999999999998,2.5499999999999998,2.5499999999999998,2.5499999999999998,2.5499999999999998,2.5499999999999998,2.5499999999999998,2.5499999999999998,2.5499999999999998,2.5499999999999998,2.5499999999999998,2.5499999998855181,2.5499961237022308,2.5462314515752977,2.3901508048561912
27,2.5499999999999998,2.5499999999999998,2.5499999999999998,2.5499999999999998,2.5499999999999998,2.5499999999999998,2.5499999999999998,2.5499999999999998,2.5499999999999998,2.5499999999999998,2.5499999999999998,2.5499999999999998,2.5499999999999998,2.5499999999999998,2.5499999999999998,2.5499999999999998,2.5499999999999994,2.5499999997689207,2.5499945585768513,2.5457699345171108,2.3872170833846207
28,2.5499999999999998,2.5499999999999998,2.5499999999999998,2.5499999999999998,2.5499999999999998,2.5499999999999998,2.5499999999999998,2.5499999999999998,2.5499999999999998,2.5499999999999998,2.5499999999999998,2.5499999999999998,2.5499999999999998,2.5499999999999998,2.5499999999999998,2.5499999999999998,2.5499999999999994,2.5499999995556042,2.549992532247451,2.545284844587314,2.3843411361817415
29,2.5499999999999998,2.5499999999999998,2.5499999999999998,2.5499999999999998,2.5499999999999998,2.5499999999999998,2.5499999999999998,2.5499999999999998,2.5499999999999998,2.5499999999999998,2.5499999999999998,2.5499999999999998,2.5499999999999998,2.5499999999999998,2.5499999999999998,2.5499999999999998,2.5499999999999972,2.5499999991817028,2.5499899576071545,2.5447771133719614,2.3815198884157249
30,2.5499999999999998,2.5499999999999998,2.5499999999999998,2.5499999999999998,2.5499999999999998,2.5499999999999998,2.5499999999999998,2.5499999999999998,2.5499999999999998,2.5499999999999998,2.5499999999999998,2.5499999999999998,2.5499999999999998,2.5499999999999998,2.5499999999999998,2.5499999999999998,2.5499999999999936,2.5499999985510886,2.5499867409492385,2.5442476721223901,2.3787505282962447
31,2.5499999999999998,2.5499999999999998,2.5499999999999998,2.5499999999999998,2.5499999999999998,2.5499999999999998,2.5499999999999998,2.5499999999999998,2.5499999999999998,2.5499999999999998,2.5499999999999998,2.5499999999999998,2.5499999999999998,2.5499999999999998,2.5499999999999998,2.5499999999999998,2.5499999999999834,2.5499999975238059,2.5499827827167105,2.5436974437795596,2.3760304766404818
32,2.5499999999999998,2.5499999999999998,2.5499999999999998,2.5499999999999998,2.5499999999999998,2.5499999999999998,2.5499999999999998,2.5499999999999998,2.5499999999999998,2.5499999999999998,2.5499999999999998,2.5499999999999998,2.5499999999999998,2.5499999999999998,2.5499999999999998,2.5499999999999998,2.5499999999999616,2.5499999959020996,2.5499779783096614,2.5431273367722507,2.3733573607967626
33,2.5499999999999998,2.5499999999999998,2.5499999999999998,2.5499999999999998,2.5499999999999998,2.5499999999999998,2.5499999999999998,2.5499999999999998,2.5499999999999998,2.5499999999999998,2.5499999999999998,2.5499999999999998,2.5499999999999998,2.5499999999999998,2.5499999999999998,2.5499999999999998,2.5499999999999132,2.5499999934140134,2.5499722189246175,2.5425382402753187,2.3707289921968075
34,2.5499999999999998,2.5499999999999998,2.5499999999999998,2.5499999999999998,2.5499999999999998,2.5499999999999998,2.5499999999999998,2.5499999999999998,2.5499999999999998,2.5499999999999998,2.5499999999999998,2.5499999999999998,2.5499999999999998,2.5499999999999998,2.5499999999999998,2.5499999999999998,2.5499999999998133,2.5499999896945349,2.5499653924033732,2.5419310206797596,2.3681433469837723
35,2.5499999999999998,2.5499999999999998,2.5499999999999998,2.5499999999999998,2.5499999999999998,2.5499999999999998,2.5499999999999998,2.5499999999999998,2.5499999999999998,2.5499999999999998,2.5499999999999998,2.5499999999999998,2.5499999999999998,2.5499999999999998,2.5499999999999998,2.5499999999999998,2.549999999999617,2.5499999842644847,2.5499573840711047,2.5413065190232258,2.365598549162601
36,2.5499999999999998,2.5499999999999998,2.5499999999999998,2.5499999999999998,2.5499999999999998,2.5499999999999998,2.5499999999999998,2.5499999999999998,2.5499999999999998,2.5499999999999998,2.5499999999999998,2.5499999999999998,2.5499999999999998,2.5499999999999998,2.5499999999999998,2.5499999999999998,2.5499999999992422,2.549999976507356,2.54994807754905,2.5406655492049945,2.3630928558967788
37,2.5499999999999998,2.5499999999999998,2.5499999999999998,2.5499999999999998,2.5499999999999998,2.5499999999999998,2.5499999999999998,2.5499999999999998,2.5499999999999998,2.5499999999999998,2.5499999999999998,2.5499999999999998,2.5499999999999998,2.5499999999999998,2.5499999999999998,2.5499999999999998,2.5499999999985521,2.5499999656443326,2.5499373555289591,2.540008896843633,2.3606246446578307
38,2.5499999999999998,2.5499999999999998,2.5499999999999998,2.5499999999999998,2.5499999999999998,2.5499999999999998,2.5499999999999998,2.5499999999999998,2.5499999999999998,2.5499999999999998,2.5499999999999998,2.5499999999999998,2.5499999999999998,2.5499999999999998,2.5499999999999998,2.5499999999999998,2.5499999999973233,2.5499999507079107,2.5499251005003836,2.5393373186324557,2.3581924019111176
39,2.5499999999999998,2.5499999999999998,2.5499999999999998,2.5499999999999998,2.5499999999999998,2.5499999999999998,2.5499999999999998,2.5499999999999998,2.5499999999999998,2.5499999999999998,2.5499999999999998,2.5499999999999998,2.5499999999999998,2.5499999999999998,2.5499999999999998,2.5499999999999998,2.5499999999952041,2.5499999305144718,2.5499111954250933,2.5386515420947178,2.3557947131256922
40,2.5499999999999998,2.5499999999999998,2.5499999999999998,2.5499999999999998,2.5499999999999998,2.5499999999999998,2.5499999999999998,2.5499999999999998,2.5499999999999998,2.5499999999999998,2.5499999999999998,2.5499999999999998,2.5499999999999998,2.5499999999999998,2.5499999999999998,2.5499999999999998,2.5499999999916447,2.5499999036362291,2.549895524353456,2.5379522656620424,2.3534302539504734
41,2.5499999999999998,2.5499999999999998,2.5499999999999998,2.5499999999999998,2.5499999999999998,2.5499999999999998,2.5499999999999998,2.5499999999999998,2.5499999999999998,2.5499999999999998,2.5499999999999998,2.5499999999999998,2.5499999999999998,2.5499999999999998,2.5499999999999998,2.5499999999999998,2.5499999999858201,2.5499998683729945,2.549877972981542,2.5372401589956124,2.3510977823681731
42,2.5499999999999998,2.5499999999999998,2.5499999999999998,2.5499999999999998,2.5499999999999998,2.5499999999999998,2.5499999999999998,2.5499999999999998,2.5499999999999998,2.5499999999999998,2.5499999999999998,2.5499999999999998,2.5499999999999998,2.5499999999999998,2.5499999999999998,2.5499999999999994,2.5499999999765159,2.549999822724192,2.5498584291486854,2.5365158634955787,2.3487961317000163
43,2.5499999999999998,2.5499999999999998,2.5499999999999998,2.5499999999999998,2.5499999999999998,2.5499999999999998,2.5499999999999998,2.5499999999999998,2.5499999999999998,2.5499999999999998,2.5499999999999998,2.5499999999999998,2.5499999999999998,2.5499999999999998,2.5499999999999998,2.5499999999999998,2.5499999999619782,2.54999976436154,2.5498367832758304,2.5357799929560647,2.3465242043613337
44,2.5499999999999998,2.5499999999999998,2.5499999999999998,2.5499999999999998,2.5499999999999998,2.5499999999999998,2.5499999999999998,2.5499999999999998,2.5499999999999998,2.5499999999999998,2.5499999999999998,2.5499999999999998,2.5499999999999998,2.5499999999999998,2.5499999999999998,2.5499999999999989,2.5499999999397329,2.5499996906027764,2.5498129287468569,2.5350331343263925,2.3442809662659649
45,2.5499999999999998,2.5499999999999998,2.5499999999999998,2.5499999999999998,2.5499999999999998,2.5499999999999998,2.5499999999999998,2.5499999999999998,2.5499999999999998,2.5499999999999998,2.5499999999999998,2.5499999999999998,2.5499999999999998,2.5499999999999998,2.5499999999999998,2.5499999999999963,2.5499999999063432,2.5499995983868455,2.5497867622337496,2.5342758485488237,2.3420654418117217
46,2.5499999999999998,2.5499999999999998,2.5499999999999998,2.5499999999999998,2.5499999999999998,2.5499999999999998,2.5499999999999998,2.5499999999999998,2.5499999999999998,2.5499999999999998,2.5499999999999998,2.5499999999999998,2.5499999999999998,2.5499999999999998,2.5499999999999998,2.5499999999999954,2.5499999998571257,2.5499994842507783,2.5497581839727546,2.5335086714442312,2.3398767093390438
47,2.5499999999999998,2.5499999999999998,2.5499999999999998,2.5499999999999998,2.5499999999999998,2.5499999999999998,2.5499999999999998,2.5499999999999998,2.5499999999999998,2.5499999999999998,2.5499999999999998,2.5499999999999998,2.5499999999999998,2.5499999999999998,2.5499999999999998,2.5499999999999901,2.5499999997857929,2.5499993443086235,2.5497270979901043,2.5327321146333546,2.3377138970542095
48,2.5499999999999998,2.5499999999999998,2.5499999999999998,2.5499999999999998,2.5499999999999998,2.5499999999999998,2.5499999999999998,2.5499999999999998,2.5499999999999998,2.5499999999999998,2.5499999999999998,2.5499999999999998,2.5499999999999998,2.5499999999999998,2.5499999999999998,2.5499999999999838,2.5499999996840321,2.5499991742325934,2.5496934122842663,2.5319466664732033,2.3355761793297365
49,2.5499999999999998,2.5499999999999998,2.5499999999999998,2.5499999999999998,2.5499999999999998,2.5499999999999998,2.5499999999999998,2.5499999999999998,2.5499999999999998,2.5499999999999998,2.5499999999999998,2.5499999999999998,2.5499999999999998,2.5499999999999998,2.5499999999999998,2.5499999999999714,2.5499999995410034,2.5499989692367495,2.5496570389653761,2.531152792997287,2.3334627733642561
50,2.5499999999999998,2.5499999999999998,2.5499999999999998,2.5499999999999998,2.5499999999999998,2.5499999999999998,2.5499999999999998,2.5499999999999998,2.5499999999999998,2.5499999999999998,2.5499999999999998,2.5499999999999998,2.5499999999999998,2.5499999999999998,2.5499999999999998,2.5499999999999501,2.5499999993427567,2.5499987240630935,2.5496178943603058,2.5303509388499119,2.3313729361245001
51,2.5499999999999998,2.5499999999999998,2.5499999999999998,2.5499999999999998,2.5499999999999998,2.5499999999999998,2.5499999999999998,2.5499999999999998,2.5499999999999998,2.5499999999999998,2.5499999999999998,2.5499999999999998,2.5499999999999998,2.5499999999999998,2.5499999999999998,2.5499999999999163,2.5499999990715603,2.5499984329703973,2.5495758990822295,2.5295415282082816,2.3293059615758458
52,2.5499999999999998,2.5499999999999998,2.5499999999999998,2.5499999999999998,2.5499999999999998,2.5499999999999998,2.5499999999999998,2.5499999999999998,2.5499999999999998,2.5499999999999998,2.5499999999999998,2.5499999999999998,2.5499999999999998,2.5499999999999998,2.5499999999999998,2.5499999999998613,2.5499999987051232,2.549998089725813,2.5495309780693072,2.5287249656849791,2.3272611781614927
53,2.5499999999999998,2.5499999999999998,2.5499999999999998,2.5499999999999998,2.5499999999999998,2.5499999999999998,2.5499999999999998,2.5499999999999998,2.5499999999999998,2.5499999999999998,2.5499999999999998,2.5499999999999998,2.5499999999999998,2.5499999999999998,2.5499999999999998,2.5499999999997747,2.5499999982157351,2.5499976875990584,2.5494830605981451,2.5279016372079308,2.3252379464853603
54,2.5499999999999998,2.5499999999999998,2.5499999999999998,2.5499999999999998,2.5499999999999998,2.5499999999999998,2.5499999999999998,2.5499999999999998,2.5499999999999998,2.5499999999999998,2.5499999999999998,2.5499999999999998,2.5499999999999998,2.5499999999999998,2.5499999999999998,2.5499999999996397,2.5499999975692846,2.549997219359418,2.5494320802722235,2.5270719108729764,2.3232356572012391
55,2.5499999999999998,2.5499999999999998,2.5499999999999998,2.5499999999999998,2.5499999999999998,2.5499999999999998,2.5499999999999998,2.5499999999999998,2.5499999999999998,2.5499999999999998,2.5499999999999998,2.5499999999999998,2.5499999999999998,2.5499999999999998,2.5499999999999998,2.5499999999994336,2.5499999967241913,2.5499966772753018,2.5493779749902914,2.5262361377688238,2.3212537290710427
56,2.5499999999999998,2.5499999999999998,2.5499999999999998,2.5499999999999998,2.5499999999999998,2.5499999999999998,2.5499999999999998,2.5499999999999998,2.5499999999999998,2.5499999999999998,2.5499999999999998,2.5499999999999998,2.5499999999999998,2.5499999999999998,2.5499999999999998,2.549999999999125,2.5499999956302126,2.5499960531162649,2.5493206868969986,2.5253946527730595,2.3192916071778757
57,2.5499999999999998,2.5499999999999998,2.5499999999999998,2.5499999999999998,2.5499999999999998,2.5499999999999998,2.5499999999999998,2.5499999999999998,2.5499999999999998,2.5499999999999998,2.5499999999999998,2.5499999999999998,2.5499999999999998,2.5499999999999998,2.5499999999999998,2.5499999999986636,2.5499999942271674,2.5499953381576792,2.5492601623162612,2.5245477753148209,2.3173487612955821
58,2.5499999999999998,2.5499999999999998,2.5499999999999998,2.5499999999999998,2.5499999999999998,2.5499999999999998,2.5499999999999998,2.5499999999999998,2.5499999999999998,2.5499999999999998,2.5499999999999998,2.5499999999999998,2.5499999999999998,2.5499999999999998,2.5499999999999998,2.5499999999979925,2.5499999924435204,2.5499945231875825,2.5491963516726788,2.5236958101077693,2.3154246843761883
59,2.5499999999999998,2.5499999999999998,2.5499999999999998,2.5499999999999998,2.5499999999999998,2.5499999999999998,2.5499999999999998,2.5499999999999998,2.5499999999999998,2.5499999999999998,2.5499999999999998,2.5499999999999998,2.5499999999999998,2.5499999999999998,2.5499999999999998,2.5499999999970226,2.5499999901949031,2.5499935985157314,2.5491292094013884,2.5228390478511193,2.3135188911577709
60,2.5499999999999998,2.5499999999999998,2.5499999999999998,2.5499999999999998,2.5499999999999998,2.5499999999999998,2.5499999999999998,2.5499999999999998,2.5499999999999998,2.5499999999999998,2.5499999999999998,2.5499999999999998,2.5499999999999998,2.5499999999999998,2.5499999999999994,2.5499999999956406,2.5499999873825123,2.5499925539845019,2.5490586938493309,2.5219777659026232,2.3116309168693854
61,2.5499999999999998,2.5499999999999998,2.5499999999999998,2.5499999999999998,2.5499999999999998,2.5499999999999998,2.5499999999999998,2.5499999999999998,2.5499999999999998,2.5499999999999998,2.5499999999999998,2.5499999999999998,2.5499999999999998,2.5499999999999998,2.5499999999999998,2.5499999999936938,2.5499999838913991,2.5499913789798305,2.5489847671641148,2.5211122289504151,2.3097603333339061
62,2.5499999999999998,2.5499999999999998,2.5499999999999998,2.5499999999999998,2.5499999999999998,2.5499999999999998,2.5499999999999998,2.5499999999999998,2.5499999999999998,2.5499999999999998,2.5499999999999998,2.5499999999999998,2.5499999999999998,2.5499999999999998,2.5499999999999998,2.5499999999909813,2.5499999795887804,2.5499900624537437,2.548907395197022,2.5202426894851548,2.3079067103043687
63,2.5499999999999998,2.5499999999999998,2.5499999999999998,2.5499999999999998,2.5499999999999998,2.5499999999999998,2.5499999999999998,2.5499999999999998,2.5499999999999998,2.5499999999999998,2.5499999999999998,2.5499999999999998,2.5499999999999998,2.5499999999999998,2.5499999999999989,2.5499999999872442,2.5499999743220814,2.5499885929294308,2.5488265473552225,2.5193693886049573,2.3060696326192538
64,2.5499999999999998,2.5499999999999998,2.5499999999999998,2.5499999999999998,2.5499999999999998,2.5499999999999998,2.5499999999999998,2.5499999999999998,2.5499999999999998,2.5499999999999998,2.5499999999999998,2.5499999999999998,2.5499999999999998,2.5499999999999998,2.5499999999999976,2.5499999999821479,2.5499999679170218,2.5499869585248836,2.548742196507896,2.5184925564036109,2.3042487046037117
65,2.5499999999999998,2.5499999999999998,2.5499999999999998,2.5499999999999998,2.5499999999999998,2.5499999999999998,2.5499999999999998,2.5499999999999998,2.5499999999999998,2.5499999999999998,2.5499999999999998,2.5499999999999998,2.5499999999999998,2.5499999999999998,2.5499999999999967,2.5499999999752632,2.5499999601756809,2.5499851469708594,2.5486543188500366,2.5176124125527357,2.3024435467129005
66,2.5499999999999998,2.5499999999999998,2.5499999999999998,2.5499999999999998,2.5499999999999998,2.5499999999999998,2.5499999999999998,2.5499999999999998,2.5499999999999998,2.5499999999999998,2.5499999999999998,2.5499999999999998,2.5499999999999998,2.5499999999999998,2.5499999999999949,2.5499999999660496,2.5499999508744686,2.5499831456294757,2.5485628937833287,2.5167291667845646,2.300653794266184
67,2.5499999999999998,2.5499999999999998,2.5499999999999998,2.5499999999999998,2.5499999999999998,2.5499999999999998,2.5499999999999998,2.5499999999999998,2.5499999999999998,2.5499999999999998,2.5499999999999998,2.5499999999999998,2.5499999999999998,2.5499999999999998,2.5499999999999909,2.5499999999538292,2.5499999397619466,2.5499809415157402,2.548467903783918,2.5158430193937922,2.298879096493442
68,2.5499999999999998,2.5499999999999998,2.5499999999999998,2.5499999999999998,2.5499999999999998,2.5499999999999998,2.5499999999999998,2.5499999999999998,2.5499999999999998,2.5499999999999998,2.5499999999999998,2.5499999999999998,2.5499999999999998,2.5499999999999998,2.5499999999999874,2.5499999999377554,2.5499999265567848,2.5499785213180095,2.5483693342810945,2.514954161673324,2.2971191157948048
69,2.5499999999999998,2.5499999999999998,2.5499999999999998,2.5499999999999998,2.5499999999999998,2.5499999999999998,2.5499999999999998,2.5499999999999998,2.5499999999999998,2.5499999999999998,2.5499999999999998,2.5499999999999998,2.5499999999999998,2.5499999999999998,2.5499999999999807,2.5499999999167859,2.5499999109455538,2.5499758714203331,2.5482671735284947,2.5140627763591286,2.2953735269971154
70,2.5499999999999998,2.5499999999999998,2.5499999999999998,2.5499999999999998,2.5499999999999998,2.5499999999999998,2.5499999999999998,2.5499999999999998,2.5499999999999998,2.5499999999999998,2.5499999999999998,2.5499999999999998,2.5499999999999998,2.5499999999999998,2.5499999999999718,2.5499999998896414,2.5499998925806002,2.5499729779241438,2.5481614124830476,2.5131690380293064,2.2936420167258875
71,2.5499999999999998,2.5499999999999998,2.5499999999999998,2.5499999999999998,2.5499999999999998,2.5499999999999998,2.5499999999999998,2.5499999999999998,2.5499999999999998,2.5499999999999998,2.5499999999999998,2.5499999999999998,2.5499999999999998,2.5499999999999998,2.5499999999999572,2.5499999998547631,2.5499998710778997,2.5499698266706781,2.5480520446830179,2.5122731134910223,2.2919242828117046
72,2.5499999999999998,2.5499999999999998,2.5499999999999998,2.5499999999999998,2.5499999999999998,2.5499999999999998,2.5499999999999998,2.5499999999999998,2.5499999999999998,2.5499999999999998,2.5499999999999998,2.5499999999999998,2.5499999999999998,2.5499999999999998,2.5499999999999385,2.549999999810264,2.5499998460148889,2.5499664032636633,2.5479390661274404,2.5113751621505034,2.290220033726512
73,2.5499999999999998,2.5499999999999998,2.5499999999999998,2.5499999999999998,2.5499999999999998,2.5499999999999998,2.5499999999999998,2.5499999999999998,2.5499999999999998,2.5499999999999998,2.5499999999999998,2.5499999999999998,2.5499999999999998,2.5499999999999998,2.5499999999999119,2.5499999997538745,2.54999981692833,2.5499626930919761,2.5478224751578096,2.5104753363671413,2.2885289880532524
74,2.5499999999999998,2.5499999999999998,2.5499999999999998,2.5499999999999998,2.5499999999999998,2.5499999999999998,2.5499999999999998,2.5499999999999998,2.5499999999999998,2.5499999999999998,2.5499999999999998,2.5499999999999998,2.5499999999999998,2.5499999999999998,2.5499999999998746,2.5499999996828873,2.549999783312205,2.5499586813522126,2.5477022723432476,2.5095737817840487,2.2868508740025244
75,2.5499999999999998,2.5499999999999998,2.5499999999999998,2.5499999999999998,2.5499999999999998,2.5499999999999998,2.5499999999999998,2.5499999999999998,2.5499999999999998,2.5499999999999998,2.5499999999999998,2.5499999999999998,2.5499999999999998,2.5499999999999998,2.5499999999998213,2.5499999995940805,2.5499997446156519,2.549954353071135,2.5475784603686216,2.5086706376409702,2.285185428960121
76,2.5499999999999998,2.5499999999999998,2.5499999999999998,2.5499999999999998,2.5499999999999998,2.5499999999999998,2.5499999999999998,2.5499999999999998,2.5499999999999998,2.5499999999999998,2.5499999999999998,2.5499999999999998,2.5499999999999998,2.5499999999999998,2.5499999999997494,2.549999999483648,2.549999700240948,2.5499496931278709,2.5474510439255225,2.5077660370725772,2.2835323990586081
77,2.5499999999999998,2.5499999999999998,2.5499999999999998,2.5499999999999998,2.5499999999999998,2.5499999999999998,2.5499999999999998,2.5499999999999998,2.5499999999999998,2.5499999999999998,2.5499999999999998,2.5499999999999998,2.5499999999999998,2.5499999999999998,2.5499999999996508,2.5499999993471194,2.5499996495415469,2.5499446862758077,2.5473200296062957,2.5068601073928307,2.281891538772908
78,2.5499999999999998,2.5499999999999998,2.5499999999999998,2.5499999999999998,2.5499999999999998,2.5499999999999998,2.5499999999999998,2.5499999999999998,2.5499999999999998,2.5499999999999998,2.5499999999999998,2.5499999999999998,2.5499999999999998,2.5499999999999998,2.5499999999995189,2.5499999991792608,2.5499995918201841,2.5499393171641085,2.547185425801298,2.505952970365283,2.280262610539614
79,2.5499999999999998,2.5499999999999998,2.5499999999999998,2.5499999999999998,2.5499999999999998,2.5499999999999998,2.5499999999999998,2.5499999999999998,2.5499999999999998,2.5499999999999998,2.5499999999999998,2.5499999999999998,2.5499999999999998,2.5499999999999998,2.5499999999993417,2.5499999989739854,2.5499995263270545,2.5499335703587533,2.5470472425996404,2.5050447424590994,2.2786453843997827
80,2.5499999999999998,2.5499999999999998,2.5499999999999998,2.5499999999999998,2.5499999999999998,2.5499999999999998,2.5499999999999998,2.5499999999999998,2.5499999999999998,2.5499999999999998,2.5499999999999998,2.5499999999999998,2.5499999999999998,2.5499999999999998,2.5499999999991054,2.5499999987242399,2.5499994522580671,2.549927430363141,2.5469054916930771,2.5041355350928569,2.2770396376612396
81,2.5499999999999998,2.5499999999999998,2.5499999999999998,2.5499999999999998,2.5499999999999998,2.5499999999999998,2.5499999999999998,2.5499999999999998,2.5499999999999998,2.5499999999999998,2.5499999999999998,2.5499999999999998,2.5499999999999998,2.5499999999999998,2.5499999999987928,2.5499999984218933,2.5499993687531868,2.5499208816381431,2.5467601862833549,2.503225454865631,2.2754451545809413
82,2.5499999999999998,2.5499999999999998,2.5499999999999998,2.5499999999999998,2.5499999999999998,2.5499999999999998,2.5499999999999998,2.5499999999999998,2.5499999999999998,2.5499999999999998,2.5499999999999998,2.5499999999999998,2.5499999999999998,2.5499999999999994,2.5499999999983851,2.5499999980576118,2.5499992748948817,2.5499139086214897,2.5466113409935178,2.5023146037746318,2.2738617260678042
83,2.5499999999999998,2.5499999999999998,2.5499999999999998,2.5499999999999998,2.5499999999999998,2.5499999999999998,2.5499999999999998,2.5499999999999998,2.5499999999999998,2.5499999999999998,2.5499999999999998,2.5499999999999998,2.5499999999999998,2.5499999999999989,2.5499999999978531,2.5499999976207155,2.5499991697066493,2.5499064957466144,2.5464589717819508,2.5014030794247644,2.272289149397436
84,2.5499999999999998,2.5499999999999998,2.5499999999999998,2.5499999999999998,2.5499999999999998,2.5499999999999998,2.5499999999999998,2.5499999999999998,2.5499999999999998,2.5499999999999998,2.5499999999999998,2.5499999999999998,2.5499999999999998,2.5499999999999989,2.5499999999971634,2.5499999970990523,2.5499990521516627,2.549898627460832,2.5463030958599218,2.5004909752271103,2.2707272279436039
85,2.5499999999999998,2.5499999999999998,2.5499999999999998,2.5499999999999998,2.5499999999999998,2.5499999999999998,2.5499999999999998,2.5499999999999998,2.5499999999999998,2.5499999999999998,2.5499999999999998,2.5499999999999998,2.5499999999999998,2.5499999999999989,2.5499999999962761,2.5499999964788254,2.5499989211315151,2.5498902882428345,2.5461437316125064,2.4995783805872711,2.2691757709246478
86,2.5499999999999998,2.5499999999999998,2.5499999999999998,2.5499999999999998,2.5499999999999998,2.5499999999999998,2.5499999999999998,2.5499999999999998,2.5499999999999998,2.5499999999999998,2.5499999999999998,2.5499999999999998,2.5499999999999998,2.549999999999998,2.5499999999951428,2.5499999957444497,2.5499987754850713,2.5498814626195143,2.5459808985227257,2.4986653810844213,2.2676345931633604
87,2.5499999999999998,2.5499999999999998,2.5499999999999998,2.5499999999999998,2.5499999999999998,2.5499999999999998,2.5499999999999998,2.5499999999999998,2.5499999999999998,2.5499999999999998,2.5499999999999998,2.5499999999999998,2.5499999999999998,2.5499999999999976,2.5499999999937009,2.5499999948783683,2.5499986139874431,2.5498721351820701,2.5458146170988911,2.4977520586416158,2.2661035148593105
88,2.5499999999999998,2.5499999999999998,2.5499999999999998,2.5499999999999998,2.5499999999999998,2.5499999999999998,2.5499999999999998,2.5499999999999998,2.5499999999999998,2.5499999999999998,2.5499999999999998,2.5499999999999998,2.5499999999999998,2.5499999999999967,2.5499999999918765,2.5499999938608777,2.5499984353490386,2.5498622906016029,2.5456449088042019,2.4968384916900419,2.2645823613697482
89,2.5499999999999998,2.5499999999999998,2.5499999999999998,2.5499999999999998,2.5499999999999998,2.5499999999999998,2.5499999999999998,2.5499999999999998,2.5499999999999998,2.5499999999999998,2.5499999999999998,2.5499999999999998,2.5499999999999998,2.5499999999999932,2.549999999989585,2.5499999926699362,2.5499982382148052,2.5498519136435553,2.5454717959914031,2.4959247553197748,2.2630709630095613
90,2.5499999999999998,2.5499999999999998,2.5499999999999998,2.5499999999999998,2.5499999999999998,2.5499999999999998,2.5499999999999998,2.5499999999999998,2.5499999999999998,2.5499999999999998,2.5499999999999998,2.5499999999999998,2.5499999999999998,2.5499999999999936,2.5499999999867144,2.5499999912809668,2.549998021163538,2.5498409891817722,2.5452953018388205,2.4950109214276273,2.2615691548549952
91,2.5499999999999998,2.5499999999999998,2.5499999999999998,2.5499999999999998,2.5499999999999998,2.5499999999999998,2.5499999999999998,2.5499999999999998,2.5499999999999998,2.5499999999999998,2.5499999999999998,2.5499999999999998,2.5499999999999998,2.5499999999999905,2.5499999999831422,2.5499999896666448,2.5499977827072984,2.5498295022117725,2.5451154502895323,2.4940970588570699,2.2600767765583281
92,2.5499999999999998,2.5499999999999998,2.5499999999999998,2.5499999999999998,2.5499999999999998,2.5499999999999998,2.5499999999999998,2.5499999999999998,2.5499999999999998,2.5499999999999998,2.5499999999999998,2.5499999999999998,2.5499999999999998,2.5499999999999869,2.5499999999787164,2.5499999877966877,2.5499975212909813,2.5498174378633061,2.5449322659934799,2.4931832335309876,2.2585936721723425
93,2.5499999999999998,2.5499999999999998,2.5499999999999998,2.5499999999999998,2.5499999999999998,2.5499999999999998,2.5499999999999998,2.5499999999999998,2.5499999999999998,2.5499999999999998,2.5499999999999998,2.5499999999999998,2.5499999999999998,2.5499999999999825,2.549999999973259,2.5499999856376263,2.5499972352919902,2.5498047814121412,2.5447457742524455,2.4922695085777113,2.2571196899838299
94,2.5499999999999998,2.5499999999999998,2.5499999999999998,2.5499999999999998,2.5499999999999998,2.5499999999999998,2.5499999999999998,2.5499999999999998,2.5499999999999998,2.5499999999999998,2.5499999999999998,2.5499999999999998,2.5500000000000003,2.5499999999999758,2.5499999999665603,2.5499999831525759,2.5499969230199691,2.5497915182915349,2.5445560009662356,2.4913559444542663,2.2556546823508334
95,2.5499999999999998,2.5499999999999998,2.5499999999999998,2.5499999999999998,2.5499999999999998,2.5499999999999998,2.5499999999999998,2.5499999999999998,2.5499999999999998,2.5499999999999998,2.5499999999999998,2.5499999999999998,2.5500000000000007,2.5499999999999678,2.5499999999583718,2.5499999803009934,2.5499965827167599,2.5497776341023393,2.5443629725839831,2.4904425990577725,2.2541985055557849
96,2.5499999999999998,2.5499999999999998,2.5499999999999998,2.5499999999999998,2.5499999999999998,2.5499999999999998,2.5499999999999998,2.5499999999999998,2.5499999999999998,2.5499999999999998,2.5499999999999998,2.5499999999999998,2.5500000000000003,2.5499999999999581,2.5499999999484082,2.549999977038429,2.549996212556398,2.5497631146229387,2.5441667160559711,2.4895295278359959,2.2527510196595748
97,2.5499999999999998,2.5499999999999998,2.5499999999999998,2.5499999999999998,2.5499999999999998,2.5499999999999998,2.5499999999999998,2.5499999999999998,2.5499999999999998,2.5499999999999998,2.5499999999999998,2.5499999999999998,2.5499999999999998,2.5499999999999443,2.5499999999363325,2.5499999733162748,2.5499958106452461,2.5497479458183205,2.543967258788542,2.4886167838909889,2.2513120883647644
98,2.5499999999999998,2.5499999999999998,2.5499999999999998,2.5499999999999998,2.5499999999999998,2.5499999999999998,2.5499999999999998,2.5499999999999998,2.5499999999999998,2.5499999999999998,2.5499999999999998,2.5499999999999998,2.5499999999999998,2.5499999999999248,2.549999999921754,2.5499999690815032,2.5499953750221667,2.549732113848918,2.5437646285998414,2.4877044180809462,2.2498815788811375
99,2.5499999999999998,2.5499999999999998,2.5499999999999998,2.5499999999999998,2.5499999999999998,2.5499999999999998,2.5499999999999998,2.5499999999999998,2.5499999999999998,2.5499999999999998,2.5499999999999998,2.5499999999999998,2.5500000000000003,2.549999999999903,2.5499999999042275,2.5499999642763953,2.5499949036589364,2.5497156050780156,2.5435588536805813,2.4867924791112292,2.2484593618053728
100,2.5499999999999998,2.5499999999999998,2.5499999999999998,2.5499999999999998,2.5499999999999998,2.5499999999999998,2.5499999999999998,2.5499999999999998,2.5499999999999998,2.5499999999999998,2.5499999999999998,2.5499999999999998,2.5500000000000003,2.5499999999998733,2.5499999998832301,2.5499999588382769,2.5499943944606449,2.5496984060792829,2.5433499625542666,2.485881013626714,2.2470453109988759
101,2.5499999999999998,2.5499999999999998,2.5499999999999998,2.5499999999999998,2.5499999999999998,2.5499999999999998,2.5499999999999998,2.5499999999999998,2.5499999999999998,2.5499999999999998,2.5499999999999998,2.5499999999999998,2.5499999999999998,2.5499999999998364,2.5499999998581684,2.5499999526992321,2.5499938452662581,2.5496805036432799,2.5431379840409938,2.4849700662965928,2.2456393034754512
102,2.5499999999999998,2.5499999999999998,2.5499999999999998,2.5499999999999998,2.5499999999999998,2.5499999999999998,2.5499999999999998,2.5499999999999998,2.5499999999999998,2.5499999999999998,2.5499999999999998,2.5499999999999998,2.5499999999999989,2.5499999999997889,2.5499999998283616,2.5499999457858316,2.5499932538491494,2.5496618847841872,2.5429229472204478,2.4840596799008705,2.2442412192867138
103,2.5499999999999998,2.5499999999999998,2.5499999999999998,2.5499999999999998,2.5499999999999998,2.5499999999999998,2.5499999999999998,2.5499999999999998,2.5499999999999998,2.5499999999999998,2.5499999999999998,2.5499999999999998,2.5499999999999994,2.5499999999997289,2.5499999997930312,2.549999938018841,2.5499926179179333,2.5496425367446922,2.5427048814011513,2.4831498954038143,2.242850941424325
104,2.5499999999999998,2.5499999999999998,2.5499999999999998,2.5499999999999998,2.5499999999999998,2.5499999999999998,2.5499999999999998,2.5499999999999998,2.5499999999999998,2.5499999999999998,2.5499999999999998,2.5499999999999998,2.5499999999999994,2.5499999999996534,2.5499999997512961,2.5499999293129334,2.5499919351172542,2.5496224470011684,2.5424838160886303,2.4822407520299254,2.2414683557188608
105,2.5499999999999998,2.5499999999999998,2.5499999999999998,2.5499999999999998,2.5499999999999998,2.5499999999999998,2.5499999999999998,2.5499999999999998,2.5499999999999998,2.5499999999999998,2.5499999999999998,2.5499999999999998,2.5499999999999994,2.5499999999995593,2.5499999997021532,2.5499999195763992,2.5499912030286263,2.5496016032685329,2.5422597809546832,2.481332287337592,2.2400933507416703
106,2.5499999999999998,2.5499999999999998,2.5499999999999998,2.5499999999999998,2.5499999999999998,2.5499999999999998,2.5499999999999998,2.5499999999999998,2.5499999999999998,2.5499999999999998,2.5499999999999998,2.5499999999999998,2.5499999999999994,2.5499999999994412,2.549999999644466,2.5499999087108489,2.5499904191714524,2.5495799935040204,2.5420328058102366,2.4804245372854599,2.2387258177160154
107,2.5499999999999998,2.5499999999999998,2.5499999999999998,2.5499999999999998,2.5499999999999998,2.5499999999999998,2.5499999999999998,2.5499999999999998,2.5499999999999998,2.5499999999999998,2.5499999999999998,2.5499999999999998,2.5499999999999994,2.5499999999992955,2.5499999995769622,2.549999896610927,2.5499895810040822,2.5495576059106524,2.5418029205791033,2.4795175362971453,2.2373656504302351
108,2.5499999999999998,2.5499999999999998,2.5499999999999998,2.5499999999999998,2.5499999999999998,2.5499999999999998,2.5499999999999998,2.5499999999999998,2.5499999999999998,2.5499999999999998,2.5499999999999998,2.5499999999999998,2.5499999999999994,2.5499999999991161,2.5499999994982012,2.5499998831640056,2.5499886859249234,2.5495344289404569,2.5415701552726633,2.478611317324102,2.2360127451532628
109,2.5499999999999998,2.5499999999999998,2.5499999999999998,2.5499999999999998,2.5499999999999998,2.5499999999999998,2.5499999999999998,2.5499999999999998,2.5499999999999998,2.5499999999999998,2.5499999999999998,2.5499999999999998,2.5499999999999989,2.549999999998894,2.5499999994065714,2.549999868249897,2.549987731273573,2.549510451297492,2.5413345399650962,2.4777059119073725,2.2346670005515508
110,2.5499999999999998,2.5499999999999998,2.5499999999999998,2.5499999999999998,2.5499999999999998,2.5499999999999998,2.5499999999999998,2.5499999999999998,2.5499999999999998,2.5499999999999998,2.5499999999999998,2.5499999999999998,2.5499999999999989,2.5499999999986223,2.5499999993002707,2.5499998517405555,2.5499867143321451,2.549485661939634,2.5410961047726723,2.476801350231336,2.2333283176160856
111,2.5499999999999998,2.5499999999999998,2.5499999999999998,2.5499999999999998,2.5499999999999998,2.5499999999999998,2.5499999999999998,2.5499999999999998,2.5499999999999998,2.5499999999999998,2.5499999999999998,2.5499999999999994,2.5499999999999985,2.5499999999982901,2.5499999991772855,2.5499998334997804,2.5499856323265702,2.5494600500804796,2.5408548798326782,2.4758976611782448,2.2319965995883844
112,2.5499999999999998,2.5499999999999998,2.5499999999999998,2.5499999999999998,2.5499999999999998,2.5499999999999998,2.5499999999999998,2.5499999999999998,2.5499999999999998,2.5499999999999998,2.5499999999999998,2.5499999999999994,2.5499999999999967,2.5499999999978855,2.5499999990353754,2.5499998133829251,2.5499844824278552,2.5494336051915911,2.540610895281211,2.4749948723849626,2.2306717518837189
113,2.5499999999999998,2.5499999999999998,2.5499999999999998,2.5499999999999998,2.5499999999999998,2.5499999999999998,2.5499999999999998,2.5499999999999998,2.5499999999999998,2.5499999999999998,2.5499999999999998,2.5500000000000003,2.5499999999999972,2.5499999999973944,2.5499999988720505,2.5499997912366079,2.5499832617536571,2.549406317002616,2.5403641812378956,2.4740930102861496,2.2293536820313857
114,2.5499999999999998,2.5499999999999998,2.5499999999999998,2.5499999999999998,2.5499999999999998,2.5499999999999998,2.5499999999999998,2.5499999999999998,2.5499999999999998,2.5499999999999998,2.5499999999999998,2.5500000000000007,2.5499999999999967,2.5499999999968015,2.5499999986845538,2.5499997668984205,2.549981967369674,2.5493781755024738,2.5401147677871312,2.4731921001642969,2.2280422996063325
115,2.5499999999999998,2.5499999999999998,2.5499999999999998,2.5499999999999998,2.5499999999999998,2.5499999999999998,2.5499999999999998,2.5499999999999998,2.5499999999999998,2.5499999999999998,2.5499999999999998,2.5499999999999994,2.5499999999999954,2.5499999999960887,2.5499999984698354,2.5499997401966414,2.5499805962910913,2.5493491709403449,2.5398626849599917,2.4722921661984372,2.2267375161624754
116,2.5499999999999998,2.5499999999999998,2.5499999999999998,2.5499999999999998,2.5499999999999998,2.5499999999999998,2.5499999999999998,2.5499999999999998,2.5499999999999998,2.5499999999999998,2.5499999999999998,2.5499999999999998,2.549999999999994,2.5499999999952303,2.5499999982245276,2.5499997109499608,2.5499791454842358,2.5493192938250537,2.5396079627213921,2.4713932315026521,2.2254392451787814
117,2.5499999999999998,2.5499999999999998,2.5499999999999998,2.5499999999999998,2.5499999999999998,2.5499999999999998,2.5499999999999998,2.5499999999999998,2.5499999999999998,2.5499999999999998,2.5499999999999998,2.5499999999999998,2.5499999999999927,2.5499999999942036,2.5499999979449259,2.5499996789672021,2.5499776118681035,2.5492885349252927,2.5393506309545182,2.4704953181698657,2.224147401998755
118,2.5499999999999998,2.5499999999999998,2.5499999999999998,2.5499999999999998,2.5499999999999998,2.5499999999999998,2.5499999999999998,2.5499999999999998,2.5499999999999998,2.5499999999999998,2.5499999999999998,2.5499999999999994,2.5499999999999905,2.5499999999929801,2.5499999976269585,2.5499996440470429,2.5499759923159218,2.549256885269636,2.5390907194459404,2.4695984473143313,2.222861903771534
119,2.5499999999999998,2.5499999999999998,2.5499999999999998,2.5499999999999998,2.5499999999999998,2.5499999999999998,2.5499999999999998,2.5499999999999998,2.5499999999999998,2.5499999999999998,2.5499999999999998,2.5499999999999998,2.5499999999999883,2.549999999991523,2.5499999972661569,2.549999605977753,2.5499742836568702,2.5492243361452447,2.53882825787512,2.468702639105576,2.2215826694037037
120,2.5499999999999998,2.5499999999999998,2.5499999999999998,2.5499999999999998,2.5499999999999998,2.5499999999999998,2.5499999999999998,2.5499999999999998,2.5499999999999998,2.5499999999999998,2.5499999999999998,2.5499999999999998,2.5499999999999852,2.5499999999897951,2.5499999968576335,2.5499995645369276,2.5499724826776466,2.5491908790978481,2.5385632757996377,2.4678079128106383,2.220309619500719
121,2.5499999999999998,2.5499999999999998,2.5499999999999998,2.5499999999999998,2.5499999999999998,2.5499999999999998,2.5499999999999998,2.5499999999999998,2.5499999999999998,2.5499999999999998,2.5499999999999998,2.5499999999999998,2.5499999999999812,2.5499999999877514,2.549999996396044,2.5499995194910761,2.5499705861220221,2.5491565059239796,2.5382958026676343,2.4669142868322202,2.2190426704545523
122,2.5499999999999998,2.5499999999999998,2.5499999999999998,2.5499999999999998,2.5499999999999998,2.5499999999999998,2.5499999999999998,2.5499999999999998,2.5499999999999998,2.5499999999999998,2.5499999999999998,2.5499999999999998,2.5499999999999767,2.5499999999853413,2.5499999958755657,2.5499994705959832,2.5499685907013609,2.5491212086940296,2.5380258677254703,2.4660217786972161,2.2177817472737691
123,2.5499999999999998,2.5499999999999998,2.5499999999999998,2.5499999999999998,2.5499999999999998,2.5499999999999998,2.5499999999999998,2.5499999999999998,2.5499999999999998,2.5499999999999998,2.5499999999999998,2.5499999999999998,2.5499999999999701,2.5499999999825049,2.549999995289856,2.5499994175956586,2.5499664930831991,2.5490849797115733,2.5377535001308034,2.4651304051772263,2.2165267770315169
124,2.5499999999999998,2.5499999999999998,2.5499999999999998,2.5499999999999998,2.5499999999999998,2.5499999999999998,2.5499999999999998,2.5499999999999998,2.5499999999999998,2.5499999999999998,2.5499999999999998,2.5499999999999998,2.5499999999999625,2.54999999997918,2.5499999946320244,2.5499993602225595,2.5499642899017365,2.5490478115414192,2.5374787288571468,2.4642401822477185,2.2152776872584687
125,2.5499999999999998,2.5499999999999998,2.5499999999999998,2.5499999999999998,2.5499999999999998,2.5499999999999998,2.5499999999999998,2.5499999999999998,2.5499999999999998,2.5499999999999998,2.5499999999999998,2.5499999999999998,2.5499999999999536,2.549999999975288,2.5499999938945925,2.5499992981972137,2.5499619777568876,2.5490096969990375,2.537201582711726,2.4633511251382685,2.2140344067287367
126,2.5499999999999998,2.5499999999999998,2.5499999999999998,2.5499999999999998,2.5499999999999998,2.5499999999999998,2.5499999999999998,2.5499999999999998,2.5499999999999998,2.5499999999999998,2.5499999999999998,2.5499999999999998,2.5499999999999416,2.5499999999707459,2.5499999930694561,2.5499992312280848,2.5499595532168153,2.5489706291478034,2.5369220903242438,2.4624632483660216,2.2127968655323773
127,2.5499999999999998,2.5499999999999998,2.5499999999999998,2.5499999999999998,2.5499999999999998,2.5499999999999998,2.5499999999999998,2.5499999999999998,2.5499999999999998,2.5499999999999998,2.5499999999999998,2.5499999999999994,2.5499999999999288,2.5499999999654577,2.5499999921478582,2.5499991590113513,2.5499570128192528,2.5489306012972315,2.5366402801416443,2.4615765657587652,2.2115649950762721
128,2.5499999999999998,2.5499999999999998,2.5499999999999998,2.5499999999999998,2.5499999999999998,2.5499999999999998,2.5499999999999998,2.5499999999999998,2.5499999999999998,2.5499999999999998,2.5500000000000003,2.5499999999999994,2.5499999999999114,2.5499999999593168,2.5499999911203428,2.5499990812306974,2.5499543530731157,2.5488896070010343,2.5363561804216044,2.4606910904788024,2.2103387280868971
129,2.5499999999999998,2.5499999999999998,2.5499999999999998,2.5499999999999998,2.5499999999999998,2.5499999999999998,2.5499999999999998,2.5499999999999998,2.5499999999999998,2.5499999999999998,2.5499999999999994,2.5500000000000003,2.5499999999998924,2.5499999999522016,2.5499999899767154,2.5499989975571107,2.5499515704603888,2.5488476400545728,2.5360698192257507,2.4598068350499522,2.2091179985855223
130,2.5499999999999998,2.5499999999999998,2.5499999999999998,2.5499999999999998,2.5499999999999998,2.5499999999999998,2.5499999999999998,2.5499999999999998,2.5499999999999998,2.5499999999999998,2.5499999999999998,2.5499999999999998,2.5499999999998679,2.5499999999439771,2.5499999887060008,2.5499989076486922,2.5499486614379276,2.5488046944921701,2.5357812244138165,2.458923811382403,2.2079027418554031
131,2.5499999999999998,2.5499999999999998,2.5499999999999998,2.5499999999999998,2.5499999999999998,2.5499999999999998,2.5499999999999998,2.5499999999999998,2.5499999999999998,2.5499999999999998,2.5500000000000003,2.5499999999999998,2.5499999999998382,2.54999999993449,2.5499999872964008,2.5499988111504845,2.5499456224392389,2.548760764584316,2.5354904236384437,2.4580420307963307,2.2066928944092825
132,2.5499999999999998,2.5499999999999998,2.5499999999999998,2.5499999999999998,2.5499999999999998,2.5499999999999998,2.5499999999999998,2.5499999999999998,2.5499999999999998,2.5499999999999998,2.5500000000000003,2.5499999999999994,2.5499999999998022,2.5499999999235721,2.5499999857352535,2.5499987076943333,2.5499424498759367,2.5487158448352458,2.5351974443414851,2.4571615040403074,2.2054883939649068
133,2.5499999999999998,2.5499999999999998,2.5499999999999998,2.5499999999999998,2.5499999999999998,2.5499999999999998,2.5499999999999998,2.5499999999999998,2.5499999999999998,2.5499999999999998,2.5499999999999994,2.5499999999999998,2.54999999999976,2.5499999999110345,2.5499999840089878,2.5499985968987078,2.5499391401396618,2.5486699299798503,2.5349023137486411,2.4562822413163583,2.2042891794100861
134,2.5499999999999998,2.5499999999999998,2.5499999999999998,2.5499999999999998,2.5499999999999998,2.5499999999999998,2.5499999999999998,2.5499999999999998,2.5499999999999998,2.5499999999999998,2.5499999999999998,2.5499999999999989,2.5499999999997085,2.5499999998966669,2.5499999821030666,2.5499984783685523,2.5499356896038434,2.5486230149805391,2.5346050588658442,2.4554042523006334,2.2030951907754255
135,2.5499999999999998,2.5499999999999998,2.5499999999999998,2.5499999999999998,2.5499999999999998,2.5499999999999998,2.5499999999999998,2.5499999999999998,2.5499999999999998,2.5499999999999998,2.5500000000000003,2.5499999999999989,2.5499999999996481,2.5499999998802365,2.5499999800019562,2.5499983516951747,2.5499320946251784,2.5485750950245327,2.534305706476268,2.4545275461606693,2.201906369207153
136,2.5499999999999998,2.5499999999999998,2.5499999999999998,2.5499999999999998,2.5499999999999998,2.5499999999999998,2.5499999999999998,2.5499999999999998,2.5499999999999998,2.5499999999999998,2.5500000000000003,2.5499999999999994,2.5499999999995775,2.5499999998614848,2.5499999776890685,2.549998216456101,2.5499283515453959,2.5485261655207312,2.5340042831365284,2.453652131576384,2.2007226569376614
137,2.5499999999999998,2.5499999999999998,2.5499999999999998,2.5499999999999998,2.5499999999999998,2.5499999999999998,2.5499999999999998,2.5499999999999998,2.5499999999999998,2.5499999999999998,2.5499999999999994,2.549999999999998,2.5499999999994909,2.5499999998401246,2.5499999751467142,2.5499980722149851,2.5499244566928021,2.548476222096586,2.5337008151746341,2.4527780167561661,2.1995439972591422
138,2.5499999999999998,2.5499999999999998,2.5499999999999998,2.5499999999999998,2.5499999999999998,2.5499999999999998,2.5499999999999998,2.5499999999999998,2.5499999999999998,2.5499999999999998,2.5499999999999994,2.5499999999999985,2.5499999999993896,2.5499999998158409,2.5499999723560545,2.5499979185214978,2.5499204063839591,2.5484252605948665,2.5333953286871362,2.4519052094555294,2.198370334496452
139,2.5499999999999998,2.5499999999999998,2.5499999999999998,2.5499999999999998,2.5499999999999998,2.5499999999999998,2.5499999999999998,2.5499999999999998,2.5499999999999998,2.5499999999999998,2.5499999999999998,2.5499999999999994,2.5499999999992697,2.5499999997882865,2.549999969297049,2.5499977549112263,2.5499161969252864,2.5483732770704863,2.5330878495367899,2.4510337169941669,2.1972016139811794
140,2.5499999999999998,2.5499999999999998,2.5499999999999998,2.5499999999999998,2.5499999999999998,2.5499999999999998,2.5499999999999998,2.5499999999999998,2.5499999999999998,2.5499999999999998,2.5500000000000003,2.5499999999999985,2.5499999999991281,2.5499999997570773,2.5499999659484027,2.5499975809055995,2.5499118246146413,2.5483202677871417,2.5327784033508687,2.4501635462718059,2.1960377820270471
141,2.5499999999999998,2.5499999999999998,2.5499999999999998,2.5499999999999998,2.5499999999999998,2.5499999999999998,2.5499999999999998,2.5499999999999998,2.5499999999999998,2.5499999999999998,2.5500000000000003,2.5499999999999989,2.5499999999989629,2.5499999997217908,2.5499999622875125,2.5499973960118241,2.5499072857428562,2.5482662292140108,2.5324670155196314,2.4492947037834378,2.1948787859060914
142,2.5499999999999998,2.5499999999999998,2.5499999999999998,2.5499999999999998,2.5499999999999998,2.5499999999999998,2.5499999999999998,2.5499999999999998,2.5499999999999998,2.5499999999999998,2.5499999999999998,2.5499999999999976,2.5499999999987693,2.5499999996819649,2.5499999582904191,2.5499971997227711,2.5499025765953816,2.5482111580225828,2.5321537111936188,2.4484271956373633,2.1937245738213864
143,2.5499999999999998,2.5499999999999998,2.5499999999999998,2.5499999999999998,2.5499999999999998,2.5499999999999998,2.5499999999999998,2.5499999999999998,2.5499999999999998,2.5499999999999998,2.5499999999999994,2.5499999999999967,2.5499999999985419,2.5499999996370941,2.5499999539317475,2.549996991517018,2.5498976934535649,2.5481550510830289,2.5318385152849898,2.4475610275635589,2.1925750948908846
144,2.5499999999999998,2.5499999999999998,2.5499999999999998,2.5499999999999998,2.5499999999999998,2.5499999999999998,2.5499999999999998,2.5499999999999998,2.5499999999999998,2.5499999999999998,2.5499999999999994,2.5499999999999958,2.549999999998275,2.5499999995866269,2.5499999491846568,2.5499967708586757,2.5498926325964604,2.5480979054611876,2.53152145246312,2.4466962049359178,2.1914302991159382
145,2.5499999999999998,2.5499999999999998,2.5499999999999998,2.5499999999999998,2.5499999999999998,2.5499999999999998,2.5499999999999998,2.5499999999999998,2.5499999999999998,2.5499999999999998,2.5499999999999994,2.5499999999999949,2.5499999999979654,2.5499999995299558,2.5499999440207781,2.5499965371975248,2.5498873903018624,2.5480397184147536,2.5312025471582102,2.4458327327749192,2.1902901373717074
146,2.5499999999999998,2.5499999999999998,2.5499999999999998,2.5499999999999998,2.5499999999999998,2.5499999999999998,2.5499999999999998,2.5499999999999998,2.5499999999999998,2.5499999999999998,2.5500000000000003,2.5499999999999949,2.5499999999976066,2.5499999994664218,2.5499999384101666,2.5499962899688109,2.5498819628481861,2.5479804873903156,2.5308818235562009,2.4449706157716125,2.1891545613733858
147,2.5499999999999998,2.5499999999999998,2.5499999999999998,2.5499999999999998,2.5499999999999998,2.5499999999999998,2.5499999999999998,2.5499999999999998,2.5499999999999998,2.5499999999999998,2.5500000000000003,2.549999999999994,2.5499999999971901,2.5499999993953071,2.5499999323212359,2.5499960285934256,2.5498763465153771,2.5479202100195559,2.5305593056029534,2.4441098582887295,2.1880235236695138
148,2.5499999999999998,2.5499999999999998,2.5499999999999998,2.5499999999999998,2.5499999999999998,2.5499999999999998,2.5499999999999998,2.5499999999999998,2.5499999999999998,2.5499999999999998,2.5500000000000003,2.5499999999999918,2.5499999999967073,2.5499999993158311,2.5499999257207113,2.5499957524777179,2.5498705375867692,2.5478588841161747,2.5302350169999537,2.4432504643828166,2.1868969776094436
149,2.5499999999999998,2.5499999999999998,2.5499999999999998,2.5499999999999998,2.5499999999999998,2.5499999999999998,2.5499999999999998,2.5499999999999998,2.5499999999999998,2.5499999999999998,2.5500000000000003,2.5499999999999896,2.54999999999615,2.549999999227146,2.549999918573564,2.5499954610136846,2.5498645323499467,2.5477965076722833,2.5299089812079214,2.4423924378065163,2.1857748773361441
150,2.5499999999999998,2.5499999999999998,2.5499999999999998,2.5499999999999998,2.5499999999999998,2.5499999999999998,2.5499999999999998,2.5499999999999998,2.5499999999999998,2.5499999999999998,2.5499999999999994,2.5499999999999865,2.549999999995507,2.5499999991283335,2.5499999108429594,2.5499951535788123,2.5498583270985211,2.5477330788551282,2.529581221443745,2.4415357820277848,2.1846571777568555
151,2.5499999999999998,2.5499999999999998,2.5499999999999998,2.5499999999999998,2.5499999999999998,2.5499999999999998,2.5499999999999998,2.5499999999999998,2.5499999999999998,2.5499999999999998,2.5499999999999989,2.5499999999999843,2.5499999999947671,2.5499999990183948,2.5499999024901934,2.5499948295362729,2.5498519181329327,2.5476685960037013,2.5292517606836755,2.440680500232876,2.1835438345351608
152,2.5499999999999998,2.5499999999999998,2.5499999999999998,2.5499999999999998,2.5499999999999998,2.5499999999999998,2.5499999999999998,2.5499999999999998,2.5499999999999998,2.5499999999999998,2.5499999999999989,2.5499999999999821,2.5499999999939176,2.5499999988962538,2.5499998934746388,2.5499944882347965,2.5498453017621934,2.5476030576253197,2.5289206216610065,2.4398265953438658,2.1824348040639339
153,2.5499999999999998,2.5499999999999998,2.5499999999999998,2.5499999999999998,2.5499999999999998,2.5499999999999998,2.5499999999999998,2.5499999999999998,2.5499999999999998,2.5499999999999994,2.5499999999999989,2.5499999999999794,2.5499999999929432,2.5499999987607467,2.5499998837536837,2.5499941290088888,2.5498384743045794,2.5475364623923804,2.5285878268694031,2.4389740700209348,2.1813300434582765
154,2.5499999999999998,2.5499999999999998,2.5499999999999998,2.5499999999999998,2.5499999999999998,2.5499999999999998,2.5499999999999998,2.5499999999999998,2.5499999999999998,2.5499999999999994,2.5499999999999998,2.549999999999975,2.5499999999918286,2.5499999986106183,2.5499998732826765,2.5499937511787047,2.5498314320893845,2.5474688091388744,2.5282533985607385,2.4381229266796693,2.1802295105287803
155,2.5499999999999998,2.5499999999999998,2.5499999999999998,2.5499999999999998,2.5499999999999998,2.5499999999999998,2.5499999999999998,2.5499999999999998,2.5499999999999998,2.5499999999999994,2.5500000000000003,2.5499999999999696,2.5499999999905549,2.5499999984445134,2.5499998620148641,2.549993354050303,2.5498241714574523,2.5474000968572827,2.5279173587488812,2.4372731674917509,2.1791331637767186
156,2.5499999999999998,2.5499999999999998,2.5499999999999998,2.5499999999999998,2.5499999999999998,2.5499999999999998,2.5499999999999998,2.5499999999999998,2.5499999999999998,2.5499999999999994,2.5499999999999998,2.5499999999999625,2.5499999999891023,2.5499999982609771,2.5499998499013357,2.5499929369155243,2.5498166887629581,2.547330324695011,2.5275797292076447,2.4364247944021775,2.1780409623672505
157,2.5499999999999998,2.5499999999999998,2.5499999999999998,2.5499999999999998,2.5499999999999998,2.5499999999999998,2.5499999999999998,2.5499999999999998,2.5499999999999998,2.5499999999999994,2.5499999999999994,2.5499999999999554,2.5499999999874481,2.5499999980584418,2.5499998368909615,2.5499924990522769,2.5498089803738164,2.5472594919514675,2.5272405314746731,2.4355778091292373,2.1769528661258359
158,2.5499999999999998,2.5499999999999998,2.5499999999999998,2.5499999999999998,2.5499999999999998,2.5499999999999998,2.5499999999999998,2.5499999999999998,2.5499999999999998,2.5499999999999998,2.5499999999999998,2.5499999999999483,2.5499999999855674,2.5499999978352266,2.5499998229303364,2.5499920397244202,2.5498010426734372,2.547187598074411,2.5268997868498553,2.4347322131807192,2.175868835512607
159,2.5499999999999998,2.5499999999999998,2.5499999999999998,2.5499999999999998,2.5499999999999998,2.5499999999999998,2.5499999999999998,2.5499999999999998,2.5499999999999998,2.5500000000000003,2.5499999999999998,2.549999999999939,2.5499999999834344,2.5499999975895258,2.5499998079637218,2.549991558182064,2.5497928720610483,2.5471146426572218,2.5265575163989675,2.4338880078540832,2.1747888316187778
160,2.5499999999999998,2.5499999999999998,2.5499999999999998,2.5499999999999998,2.5499999999999998,2.5499999999999998,2.5499999999999998,2.5499999999999998,2.5499999999999998,2.5500000000000003,2.5499999999999998,2.5499999999999261,2.5499999999810194,2.5499999973194067,2.5499997919329846,2.54999105366148,2.5497844649534054,2.5470406254351774,2.5262137409526852,2.4330451942512443,2.173712816142781
161,2.5499999999999998,2.5499999999999998,2.5499999999999998,2.5499999999999998,2.5499999999999998,2.5499999999999998,2.5499999999999998,2.5499999999999998,2.5499999999999998,2.5500000000000003,2.5499999999999998,2.5499999999999119,2.5499999999782861,2.5499999970227991,2.5499997747775449,2.549990525385406,2.5497758177850476,2.5469655462829115,2.5258684811099967,2.4322037732789372,2.1726407513865968
162,2.5499999999999998,2.5499999999999998,2.5499999999999998,2.5499999999999998,2.5499999999999998,2.5499999999999998,2.5499999999999998,2.5499999999999998,2.5499999999999998,2.5499999999999998,2.5499999999999998,2.5499999999998972,2.5499999999751974,2.54999999669749,2.5499997564343118,2.5499899725629778,2.549766927009951,2.546889405210639,2.5255217572376534,2.4313637456624355,2.1715726002332794
163,2.5499999999999998,2.5499999999999998,2.5499999999999998,2.5499999999999998,2.5499999999999998,2.5499999999999998,2.5499999999999998,2.5499999999999998,2.5499999999999998,2.5499999999999994,2.5499999999999994,2.549999999999879,2.5499999999717153,2.5499999963411142,2.5499997368376341,2.549989394390042,2.5497577891017063,2.5468122023617648,2.5251735894734977,2.4305251119457139,2.1705083261436195
164,2.5499999999999998,2.5499999999999998,2.5499999999999998,2.5499999999999998,2.5499999999999998,2.5499999999999998,2.5499999999999998,2.5499999999999998,2.5499999999999998,2.5499999999999998,2.5499999999999989,2.5499999999998577,2.5499999999677967,2.5499999959511506,2.5499997159192365,2.5499887900491114,2.5497484005551296,2.546733938009111,2.5248239977262248,2.429687872504434,2.1694478931346977
165,2.5499999999999998,2.5499999999999998,2.5499999999999998,2.5499999999999998,2.5499999999999998,2.5499999999999998,2.5499999999999998,2.5499999999999998,2.5499999999999998,2.5499999999999998,2.5499999999999985,2.5499999999998328,2.5499999999633896,2.5499999955249062,2.5499996936081688,2.5499881587096915,2.5497387578863382,2.5466546125527065,2.5244730016787282,2.4288520275455663,2.1683912657773647
166,2.5499999999999998,2.5499999999999998,2.5499999999999998,2.5499999999999998,2.5499999999999998,2.5499999999999998,2.5499999999999998,2.5499999999999998,2.5499999999999998,2.5499999999999998,2.5499999999999989,2.5499999999998044,2.5499999999584406,2.5499999950595171,2.5499996698307439,2.5499874995282328,2.5497288576343915,2.546574226515907,2.5241206207879472,2.4280175771204138,2.1673384091746817
167,2.5499999999999998,2.5499999999999998,2.5499999999999998,2.5499999999999998,2.5499999999999998,2.5499999999999998,2.5499999999999998,2.5499999999999998,2.5499999999999998,2.5499999999999998,2.5499999999999994,2.5499999999997716,2.5499999999528917,2.5499999945519356,2.5499996445104922,2.549986811648469,2.5497186963612921,2.5464927805433444,2.5237668742881447,2.4271845211240284,2.1662892889598315
168,2.5499999999999998,2.5499999999999998,2.5499999999999998,2.5499999999999998,2.5499999999999998,2.5499999999999998,2.5499999999999998,2.5499999999999998,2.5499999999999998,2.5499999999999998,2.5499999999999994,2.5499999999997334,2.5499999999466794,2.5499999939989224,2.5499996175680995,2.5499860942014352,2.5497082706533636,2.5464102753972981,2.5234117811914634,2.4263528593057284,2.1652438712780384
169,2.5499999999999998,2.5499999999999998,2.5499999999999998,2.5499999999999998,2.5499999999999998,2.5499999999999998,2.5499999999999998,2.5499999999999998,2.5499999999999998,2.5499999999999998,2.5499999999999994,2.549999999999689,2.5499999999397338,2.5499999933970354,2.5499995889213567,2.5499853463057196,2.5496975771215933,2.5463267119553086,2.5230553602903369,2.4255225912716427,2.1642021227801003
170,2.5499999999999998,2.5499999999999998,2.5499999999999998,2.5499999999999998,2.5499999999999998,2.5499999999999998,2.5499999999999998,2.5499999999999998,2.5499999999999998,2.5499999999999994,2.5499999999999994,2.5499999999996383,2.5499999999319791,2.5499999927426202,2.5499995584851058,2.5499845670676131,2.5496866124024491,2.5462420912071937,2.5226976301591346,2.4246937164907529,2.1631640106107692
171,2.5499999999999998,2.5499999999999998,2.5499999999999998,2.5499999999999998,2.5499999999999998,2.5499999999999998,2.5499999999999998,2.5499999999999998,2.5499999999999998,2.5499999999999989,2.5499999999999985,2.5499999999995802,2.5499999999233318,2.5499999920318071,2.5499995261711867,2.5499837555812541,2.5496753731586765,2.5461564142521236,2.5223386091557431,2.4238662343009576,2.162129502397141
172,2.5499999999999998,2.5499999999999998,2.5499999999999998,2.5499999999999998,2.5499999999999998,2.5499999999999998,2.5499999999999998,2.5499999999999998,2.5500000000000003,2.5499999999999989,2.5499999999999985,2.5499999999995135,2.5499999999137009,2.5499999912604929,2.5499994918883915,2.5499829109288847,2.5496638560796177,2.546069682296292,2.521978315423921,2.4230401439116007,2.1610985662422499
173,2.5499999999999998,2.5499999999999998,2.5499999999999998,2.5499999999999998,2.5499999999999998,2.5499999999999998,2.5499999999999998,2.5499999999999998,2.5500000000000003,2.5499999999999998,2.5499999999999985,2.5499999999994376,2.549999999902989,2.5499999904243387,2.5499994555424039,2.5499820321809352,2.5496520578823083,2.5459818966495757,2.5216167668945202,2.4222154444115347,2.1600711707104727
174,2.5499999999999998,2.5499999999999998,2.5499999999999998,2.5499999999999998,2.5499999999999998,2.5499999999999998,2.5499999999999998,2.5499999999999998,2.5500000000000003,2.5499999999999998,2.549999999999998,2.5499999999993497,2.5499999998910887,2.549999989518752,2.5499994170357652,2.5499811183963348,2.549639975311472,2.5458930587236996,2.5212539812881012,2.4213921347696794,2.1590472848241102
175,2.5499999999999998,2.5499999999999998,2.5499999999999998,2.5499999999999998,2.5499999999999998,2.5499999999999998,2.5499999999999998,2.5499999999999998,2.5499999999999998,2.5500000000000003,2.5499999999999972,2.5499999999992489,2.5499999998778846,2.5499999885388833,2.5499993762678046,2.5499801686225778,2.5496276051407718,2.5458031700286332,2.5208899761161145,2.4205702138438951,2.1580268780475325
176,2.5499999999999998,2.5499999999999998,2.5499999999999998,2.5499999999999998,2.5499999999999998,2.5499999999999998,2.5499999999999998,2.5499999999999998,2.5499999999999994,2.5500000000000003,2.5499999999999963,2.5499999999991347,2.5499999998632519,2.5499999874796102,2.549999333134616,2.54997918189606,2.5496149441725913,2.5457122321711219,2.5205247686835741,2.4197496803804444,2.1570099202855109
177,2.5499999999999998,2.5499999999999998,2.5499999999999998,2.5499999999999998,2.5499999999999998,2.5499999999999998,2.5499999999999998,2.5499999999999998,2.5499999999999998,2.5499999999999998,2.5499999999999963,2.5499999999990064,2.5499999998470559,2.5499999863355316,2.5499992875289856,2.5499781572421418,2.5496019892393544,2.5456202468509384,2.5201583760902926,2.4189305330230817,2.1559963818669385
178,2.5499999999999998,2.5499999999999998,2.5499999999999998,2.5499999999999998,2.5499999999999998,2.5499999999999998,2.5499999999999998,2.5499999999999998,2.5499999999999998,2.5499999999999998,2.5499999999999958,2.5499999999988598,2.5499999998291489,2.5499999851009503,2.5499992393403779,2.5499770936755066,2.549588737203123,2.5455272158597548,2.5197908152335544,2.4181127703116343,2.1549862335446393
179,2.5499999999999998,2.5499999999999998,2.5499999999999998,2.5499999999999998,2.5499999999999998,2.5499999999999998,2.5499999999999998,2.5499999999999998,2.5499999999999998,2.5499999999999998,2.5499999999999945,2.5499999999986924,2.5499999998093741,2.5499999837698697,2.5499991884548536,2.5499759902002137,2.549575184957027,2.54543314107717,2.5194221028093962,2.4172963906915692,2.15397944647825
180,2.5499999999999998,2.5499999999999998,2.5499999999999998,2.5499999999999998,2.5499999999999998,2.5499999999999998,2.5499999999999998,2.5499999999999998,2.5499999999999994,2.5500000000000003,2.549999999999994,2.5499999999985024,2.5499999997875604,2.5499999823359762,2.5499991347550477,2.5499748458100013,2.5495613294251496,2.545338024469161,2.5190522553149886,2.416481392514406,2.1529759922312537
181,2.5499999999999998,2.5499999999999998,2.5499999999999998,2.5499999999999998,2.5499999999999998,2.5499999999999998,2.5499999999999998,2.5499999999999998,2.5499999999999998,2.5499999999999998,2.5499999999999923,2.5499999999982883,2.5499999997635237,2.5499999807926206,2.5499990781200279,2.549973659487498,2.5495471675580341,2.5452418680790703,2.5186812890522172,2.4156677740496462,2.1519758486382585
182,2.5499999999999998,2.5499999999999998,2.5499999999999998,2.5499999999999998,2.5499999999999998,2.5499999999999998,2.5499999999999998,2.5499999999999998,2.5500000000000003,2.5499999999999998,2.5499999999999914,2.5499999999980463,2.549999999737067,2.5499999791328318,2.5499990184256554,2.5499724302085536,2.5495326963525153,2.5451446740536867,2.5183092201208765,2.4148555334500701,2.1509789869949723
183,2.5499999999999998,2.5499999999999998,2.5499999999999998,2.5499999999999998,2.5499999999999998,2.5499999999999998,2.5499999999999998,2.5499999999999998,2.5500000000000003,2.5499999999999998,2.5499999999999896,2.5499999999977732,2.5499999997079774,2.5499999773492745,2.5499989555439475,2.5499711569361385,2.5495179128225378,2.5450464445962493,2.517936064439243,2.4140446688174939,2.1499853783080622
184,2.5499999999999998,2.5499999999999998,2.5499999999999998,2.5499999999999998,2.5499999999999998,2.5499999999999998,2.5499999999999998,2.5499999999999998,2.5499999999999998,2.5499999999999998,2.5499999999999883,2.5499999999974654,2.5499999996760274,2.549999975434257,2.5499988893434606,2.5499698386250795,2.5495028140202525,2.5449471819942442,2.5175618377278206,2.4132351781633146,2.1489949950832852
185,2.5499999999999998,2.5499999999999998,2.5499999999999998,2.5499999999999998,2.5499999999999998,2.5499999999999998,2.5499999999999998,2.5499999999999998,2.5499999999999994,2.5499999999999998,2.5499999999999865,2.549999999997119,2.5499999996409692,2.5499999733797099,2.5499988196890828,2.5499684742207451,2.5494873970303789,2.5448468886108691,2.5171865555192245,2.4124270594211876,2.1480078104497027
186,2.5499999999999998,2.5499999999999998,2.5499999999999998,2.5499999999999998,2.5499999999999998,2.5499999999999998,2.5499999999999998,2.5499999999999998,2.5500000000000003,2.5499999999999998,2.5499999999999829,2.5499999999967295,2.549999999602544,2.5499999711771713,2.5499987464420348,2.549967062659515,2.5494716589709503,2.5447455668820993,2.5168102331583841,2.4116203104508287,2.1470237979885129
187,2.5499999999999998,2.5499999999999998,2.5499999999999998,2.5499999999999998,2.5499999999999998,2.5499999999999998,2.5499999999999998,2.5499999999999998,2.5500000000000012,2.5499999999999998,2.5499999999999798,2.549999999996293,2.549999999560467,2.5499999688177803,2.5499986694598542,2.54996560286911,2.549455596993409,2.5446432193137909,2.5164328858061,2.4108149290419125,2.1460429316997289
188,2.5499999999999998,2.5499999999999998,2.5499999999999998,2.5499999999999998,2.5499999999999998,2.5499999999999998,2.5499999999999998,2.5499999999999998,2.5499999999999998,2.5499999999999998,2.5499999999999781,2.5499999999958014,2.5499999995144358,2.549999966292265,2.5499985885963539,2.5499640937686987,2.5494392082828408,2.5445398484804298,2.5160545284402414,2.4100109129160412,2.145065185977737
189,2.5499999999999998,2.5499999999999998,2.5499999999999998,2.5499999999999998,2.5499999999999998,2.5499999999999998,2.5499999999999998,2.5499999999999998,2.5499999999999998,2.5499999999999994,2.5499999999999745,2.5499999999952525,2.5499999994641303,2.5499999635909179,2.5499985037015773,2.5499625342692052,2.5494224900583453,2.5444354570225296,2.5156751758580627,2.4092082597304789,2.144090535574803
190,2.5499999999999998,2.5499999999999998,2.5499999999999998,2.5499999999999998,2.5499999999999998,2.5499999999999998,2.5499999999999998,2.5499999999999998,2.5500000000000003,2.5499999999999989,2.5499999999999705,2.5499999999946401,2.5499999994092053,2.5499999607036021,2.5499984146217991,2.5499609232733564,2.5494054395730377,2.5443300476462269,2.5152948426767048,2.4084069670786308,2.1431189556088275
191,2.5499999999999998,2.5499999999999998,2.5499999999999998,2.5499999999999998,2.5499999999999998,2.5499999999999998,2.5499999999999998,2.5499999999999998,2.5499999999999994,2.5499999999999994,2.5499999999999661,2.5499999999939535,2.5499999993492919,2.5499999576197228,2.5499983211994541,2.5499592596761298,2.5493880541145537,2.5442236231194131,2.5149135433368288,2.407607032495513,2.1421504215233993
192,2.5499999999999998,2.5499999999999998,2.5499999999999998,2.5499999999999998,2.5499999999999998,2.5499999999999998,2.5499999999999998,2.5499999999999998,2.5499999999999998,2.5499999999999998,2.5499999999999607,2.5499999999931884,2.5499999992839979,2.549999954328213,2.5499982232731235,2.5499575423649814,2.5493703310051483,2.5441161862699744,2.5145312921045697,2.4068084534598007,2.1411849090949908
193,2.5499999999999998,2.5499999999999998,2.5499999999999998,2.5499999999999998,2.5499999999999998,2.5499999999999998,2.5499999999999998,2.5499999999999998,2.5500000000000003,2.5499999999999998,2.5499999999999545,2.5499999999923357,2.5499999992129054,2.5499999508175275,2.549998120677524,2.5499557702199454,2.549352267601749,2.5440077399850565,2.5141481030723227,2.4060112273945786,2.1402223944275973
194,2.5499999999999998,2.5499999999999998,2.5499999999999998,2.5499999999999998,2.5499999999999998,2.5499999999999998,2.5499999999999998,2.5499999999999998,2.5499999999999998,2.5499999999999994,2.5499999999999488,2.5499999999913854,2.5499999991355695,2.5499999470756216,2.5499980132434632,2.5499539421140369,2.5493338612962511,2.5438982872078215,2.5137639901620861,2.4052153516713828,2.1392628539389169
195,2.5499999999999998,2.5499999999999998,2.5499999999999998,2.5499999999999998,2.5499999999999998,2.5499999999999998,2.5499999999999998,2.5499999999999998,2.5499999999999998,2.5499999999999994,2.5499999999999403,2.5499999999903298,2.5499999990515128,2.549999943089948,2.5499979007978304,2.5499520569133187,2.54931510951551,2.5437878309370632,2.5133789671259619,2.404420823610335,2.1383062643592052
196,2.5499999999999998,2.5499999999999998,2.5499999999999998,2.5499999999999998,2.5499999999999998,2.5499999999999998,2.5499999999999998,2.5499999999999998,2.5500000000000003,2.5500000000000003,2.549999999999931,2.5499999999891583,2.549999998960232,2.5499999388474301,2.5499977831635667,2.5499501134772857,2.5492960097215813,2.5436763742241979,2.5129930475493145,2.4036276404838111,2.1373526027196701
197,2.5499999999999998,2.5499999999999998,2.5499999999999998,2.5499999999999998,2.5499999999999998,2.5499999999999998,2.5499999999999998,2.5499999999999998,2.5500000000000003,2.5499999999999989,2.5499999999999203,2.5499999999878566,2.5499999988611926,2.5499999343344526,2.5499976601596459,2.5499481106590633,2.549276559411803,2.5435639201718474,2.5126062448523436,2.4028357995178777,2.1364018463467764
198,2.5499999999999998,2.5499999999999998,2.5499999999999998,2.5499999999999998,2.5499999999999998,2.5499999999999998,2.5499999999999998,2.5499999999999998,2.5500000000000003,2.5499999999999985,2.5499999999999083,2.5499999999864138,2.5499999987538233,2.5499999295368494,2.5499975316010537,2.5499460473056166,2.5492567561188082,2.5434504719325126,2.5122185722916641,2.4020452978937015,2.1354539728596498
199,2.5499999999999998,2.5499999999999998,2.5499999999999998,2.5499999999999998,2.5499999999999998,2.5499999999999998,2.5499999999999998,2.5499999999999998,2.5499999999999998,2.5499999999999989,2.5499999999998955,2.549999999984816,2.5499999986375199,2.5499999244398852,2.5499973972987675,2.5499439222580178,2.5492365974107116,2.5433360327064172,2.511830042962556,2.4012561327500643,2.1345089601606277
200,2.5499999999999998,2.5499999999999998,2.5499999999999998,2.5499999999999998,2.5499999999999998,2.5499999999999998,2.5499999999999998,2.5499999999999998,2.5499999999999998,2.5499999999999989,2.5499999999998808,2.5499999999830489,2.5499999985116424,2.5499999190282474,2.5499972570597511,2.5499417343516537,2.549216080891036,2.5432206057403648,2.5114406698005047,2.4004683011844739,2.1335667864347396
201,2.5499999999999998,2.5499999999999998,2.5499999999999998,2.5499999999999998,2.5499999999999998,2.5499999999999998,2.5499999999999998,2.5499999999999998,2.5500000000000007,2.5499999999999989,2.5499999999998635,2.5499999999810972,2.5499999983755122,2.5499999132860247,2.5499971106869297,2.5499394824164887,2.5491952041988646,2.5431041943257546,2.5110504655833119,2.3996818002554074,2.1326274301407544
202,2.5499999999999998,2.5499999999999998,2.5499999999999998,2.5499999999999998,2.5499999999999998,2.5499999999999998,2.5499999999999998,2.5499999999999998,2.5500000000000003,2.5499999999999994,2.5499999999998448,2.5499999999789429,2.5499999982284112,2.549999907196693,2.5499969579791815,2.5499371652772913,2.5491739650088103,2.5429868017971864,2.5106594429328584,2.3988966269837859,2.131690870008383
203,2.5499999999999998,2.5499999999999998,2.5499999999999998,2.5499999999999998,2.5499999999999998,2.5499999999999998,2.5499999999999998,2.5499999999999994,2.5499999999999998,2.5499999999999998,2.5499999999998231,2.5499999999765666,2.5499999980695778,2.5499999007431065,2.5499967987313212,2.5499347817538824,2.5491523610310414,2.5428684315308394,2.5102676143170171,2.3981127783546561,2.1307570850319806
204,2.5499999999999998,2.5499999999999998,2.5499999999999998,2.5499999999999998,2.5499999999999998,2.5499999999999998,2.5499999999999998,2.5499999999999989,2.5499999999999994,2.5499999999999994,2.5499999999997986,2.5499999999739473,2.5499999978982077,2.5499998939074788,2.5499966327340911,2.5499323306613655,2.549130390011316,2.5427490869429299,2.5098749920514694,2.3973302513188801,2.1298260544662946
205,2.5499999999999998,2.5499999999999998,2.5499999999999998,2.5499999999999998,2.5499999999999998,2.5499999999999998,2.5499999999999998,2.5499999999999989,2.5499999999999985,2.5499999999999994,2.5499999999997711,2.5499999999710652,2.5499999977134524,2.5499998866713649,2.5499964597741647,2.5499298108103585,2.5491080497308571,2.5426287714884954,2.5094815883014276,2.3965490427942489,2.1288977578225832
206,2.5499999999999998,2.5499999999999998,2.5499999999999998,2.5499999999999998,2.5499999999999998,2.5499999999999998,2.5499999999999998,2.5499999999999994,2.5499999999999989,2.5499999999999989,2.5499999999997405,2.5499999999678962,2.5499999975144148,2.5499998790156542,2.5499962796340983,2.5499272210072554,2.5490853380066376,2.5425074886591448,2.5090874150838127,2.3957691496681992,2.1279721748609108
207,2.5499999999999998,2.5499999999999998,2.5499999999999998,2.5499999999999998,2.5499999999999998,2.5499999999999998,2.5499999999999998,2.5500000000000007,2.5499999999999998,2.549999999999998,2.5499999999997063,2.5499999999644145,2.5499999973001466,2.5499998709205483,2.5499960920923708,2.5499245600544218,2.5490622526909901,2.5423852419826227,2.5086924842685492,2.3949905687978337,2.1270492855901075
208,2.5499999999999998,2.5499999999999998,2.5499999999999998,2.5499999999999998,2.5499999999999998,2.5499999999999998,2.5499999999999998,2.5500000000000012,2.5500000000000003,2.549999999999998,2.5499999999996672,2.5499999999605931,2.549999997069651,2.5499998623655449,2.5499958969233694,2.5499218267504373,2.549038791671653,2.5422620350211864,2.5082968075804564,2.3942132970116878,2.1261290702625493
209,2.5499999999999998,2.5499999999999998,2.5499999999999998,2.5499999999999998,2.5499999999999998,2.5499999999999998,2.5499999999999998,2.5500000000000003,2.5499999999999994,2.549999999999998,2.5499999999996228,2.5499999999564031,2.5499999968218763,2.5499998533294304,2.5499956938973312,2.5499190198903716,2.5490149528721346,2.5421378713690626,2.5079003966016176,2.3934373311127777,2.1252115093645805
210,2.5499999999999998,2.5499999999999998,2.5499999999999998,2.5499999999999998,2.5499999999999998,2.5499999999999998,2.5499999999999998,2.5499999999999994,2.5499999999999994,2.5499999999999976,2.5499999999995731,2.5499999999518121,2.5499999965557127,2.5499998437902627,2.5499954827804467,2.5499161382659201,2.5489907342507943,2.5420127546535234,2.5075032627718765,2.3926626678766039,2.1242965836229337
211,2.5499999999999998,2.5499999999999998,2.5499999999999998,2.5499999999999998,2.5499999999999998,2.5499999999999998,2.5499999999999998,2.5499999999999994,2.5499999999999994,2.5499999999999972,2.549999999999518,2.5499999999467868,2.5499999962699951,2.5499998337253533,2.5499952633347571,2.5499131806657225,2.5489661338015921,2.541886688531283,2.507105417391752,2.3918893040556268,2.1233842739912197
212,2.5499999999999998,2.5499999999999998,2.5499999999999998,2.5499999999999998,2.5499999999999998,2.5499999999999998,2.5499999999999998,2.5499999999999998,2.5499999999999998,2.5499999999999963,2.5499999999994567,2.5499999999412908,2.5499999959634971,2.5499998231112526,2.5499950353181839,2.5499101458755646,2.5489411495537753,2.5417596766878736,2.5067068716238108,2.3911172363796411,2.1224745616486973
213,2.5499999999999998,2.5499999999999998,2.5499999999999998,2.5499999999999998,2.5499999999999998,2.5499999999999998,2.5499999999999998,2.5499999999999998,2.5500000000000003,2.5499999999999954,2.5499999999993883,2.5499999999352845,2.5499999956349271,2.5499998119237359,2.5499947984846068,2.5499070326785307,2.5489157795711632,2.5416317228381207,2.5063076364934678,2.3903464615546288,2.1215674280023671
214,2.5499999999999998,2.5499999999999998,2.5499999999999998,2.5499999999999998,2.5499999999999998,2.5499999999999998,2.5499999999999998,2.5499999999999998,2.5499999999999998,2.5499999999999954,2.5499999999993124,2.5499999999287262,2.5499999952829309,2.5499998001377882,2.5499945525837338,2.5499038398553537,2.5488900219531048,2.5415028307219818,2.5059077228922062,2.3895769762680095,2.1206628546734629
215,2.5499999999999998,2.5499999999999998,2.5499999999999998,2.5499999999999998,2.5499999999999998,2.5499999999999998,2.5499999999999998,2.5499999999999994,2.5499999999999989,2.5499999999999958,2.549999999999228,2.5499999999215719,2.5499999949060843,2.5499997877275908,2.5499942973611995,2.5499005661845424,2.5488638748336196,2.5413730041054463,2.5055071415781289,2.3888087771868847,2.1197608235005321
216,2.5499999999999998,2.5499999999999998,2.5499999999999998,2.5499999999999998,2.5499999999999998,2.5499999999999998,2.5499999999999998,2.5499999999999994,2.5499999999999989,2.5499999999999954,2.5499999999991334,2.5499999999137732,2.5499999945028931,2.5499997746665048,2.5499940325585775,2.5498972104425923,2.5488373363812693,2.5412422467794085,2.5051059031775718,2.3880418609590852,2.1188613165357699
217,2.5499999999999998,2.5499999999999998,2.5499999999999998,2.5499999999999998,2.5499999999999998,2.5499999999999998,2.5499999999999998,2.5499999999999998,2.5499999999999989,2.549999999999994,2.5499999999990277,2.54999999990528,2.5499999940717903,2.5499997609270566,2.5499937579133007,2.5498937714043022,2.5488104047996054,2.5411105625568657,2.5047040181876734,2.387276224216599,2.117964316036788
218,2.5499999999999998,2.5499999999999998,2.5499999999999998,2.5499999999999998,2.5499999999999998,2.5499999999999998,2.5499999999999998,2.5499999999999998,2.5499999999999994,2.5499999999999923,2.54999999999891,2.5499999998960363,2.5499999936111331,2.5499997464809221,2.5499934731587688,2.5498902478428671,2.5487830783263874,2.5409779552737288,2.5043014969768538,2.3865118635738871,2.1170698044687404
219,2.5499999999999998,2.5499999999999998,2.5499999999999998,2.5499999999999998,2.5499999999999998,2.5499999999999998,2.5499999999999998,2.5499999999999998,2.5499999999999998,2.5499999999999909,2.5499999999987804,2.5499999998859852,2.5499999931191999,2.5499997312989136,2.5499931780243035,2.5498866385301615,2.5487553552337769,2.5408444287867131,2.5038983497870317,2.3857487756303297,2.1161777644979924
220,2.5499999999999998,2.5499999999999998,2.5499999999999998,2.5499999999999998,2.5499999999999998,2.5499999999999998,2.5499999999999998,2.5499999999999994,2.5499999999999998,2.5499999999999909,2.5499999999986382,2.5499999998750642,2.5499999925941896,2.549999715350963,2.5499928722351402,2.5498829422369811,2.5487272338283167,2.5407099869718541,2.5034945867354668,2.3849869569717863,2.1152881789875995
221,2.5499999999999998,2.5499999999999998,2.5499999999999998,2.5499999999999998,2.5499999999999998,2.5499999999999998,2.5499999999999998,2.5499999999999994,2.5499999999999998,2.5499999999999901,2.5499999999984797,2.5499999998632061,2.5499999920342127,2.5499996986061135,2.5499925555125356,2.5498791577330957,2.5486987124501588,2.5405746337255,2.503090217815005,2.3842264041688361,2.1144010310001637
222,2.5499999999999998,2.5499999999999998,2.5499999999999998,2.5499999999999998,2.5499999999999998,2.5499999999999998,2.5499999999999998,2.5499999999999994,2.5499999999999998,2.5499999999999883,2.5499999999983034,2.5499999998503409,2.5499999914372959,2.5499996810324954,2.5499922275736484,2.5498752837876775,2.5486697894737449,2.5404383729604865,2.5026852528974621,2.3834671137813772,2.1135163037863061
223,2.5499999999999998,2.5499999999999998,2.5499999999999998,2.5499999999999998,2.5499999999999998,2.5499999999999998,2.5499999999999998,2.5499999999999998,2.5499999999999994,2.5499999999999856,2.5499999999981076,2.5499999998363934,2.5499999908013762,2.5499996625973189,2.5499918881316312,2.5498713191693732,2.5486404633071387,2.540301208606818,2.5022797017340519,2.3827090823573362,2.1126339807865921
224,2.5499999999999998,2.5499999999999998,2.5499999999999998,2.5499999999999998,2.5499999999999998,2.5499999999999998,2.5499999999999998,2.5500000000000003,2.5499999999999989,2.5499999999999834,2.5499999999978922,2.5499999998212832,2.5499999901242951,2.549999643266859,2.5499915368956954,2.5498672626464214,2.5486107323915674,2.5401631446116721,2.5018735739562348,2.3819523064323356,2.1117540456312649
225,2.5499999999999998,2.5499999999999998,2.5499999999999998,2.5499999999999998,2.5499999999999998,2.5499999999999998,2.5499999999999998,2.5500000000000003,2.5499999999999994,2.5499999999999812,2.5499999999976546,2.5499999998049252,2.5499999894038008,2.5499996230064363,2.549991173570993,2.5498631129870852,2.5485805952020257,2.5400241849357554,2.5014668790790351,2.3811967825338995,2.1108764821295778
226,2.5499999999999998,2.5499999999999998,2.5499999999999998,2.5499999999999998,2.5499999999999998,2.5499999999999998,2.5499999999999998,2.5499999999999998,2.5499999999999998,2.549999999999979,2.5499999999973939,2.5499999997872305,2.5499999886375417,2.5499996017804087,2.5499907978587339,2.5498588689596731,2.5485500502465088,2.5398843335543893,2.5010596265011569,2.3804425071797479,2.1100012742726082
227,2.5499999999999998,2.5499999999999998,2.5499999999999998,2.5499999999999998,2.5499999999999998,2.5499999999999998,2.5499999999999998,2.5499999999999994,2.5499999999999998,2.5499999999999763,2.5499999999971061,2.5499999997681018,2.5499999878230608,2.5499995795521571,2.5499904094562256,2.5498545293326935,2.5485190960657125,2.5397435944570264,2.5006518255061385,2.379689476878049,2.1091284062315001
228,2.5499999999999998,2.5499999999999998,2.5499999999999998,2.5499999999999998,2.5499999999999998,2.5499999999999998,2.5499999999999998,2.5499999999999998,2.5499999999999998,2.5499999999999727,2.5499999999967882,2.5499999997474379,2.5499999869577996,2.549999556284066,2.5499900080567826,2.5498500928752574,2.548487731233434,2.5396019716441742,2.5002434852653481,2.3789376881309194,2.1082578623487356
229,2.5499999999999998,2.5499999999999998,2.5499999999999998,2.5499999999999998,2.5499999999999998,2.5499999999999998,2.5499999999999998,2.5499999999999998,2.5499999999999994,2.5499999999999692,2.5499999999964382,2.5499999997251313,2.5499999860390883,2.5499995319375151,2.5499895933498471,2.5498455583570721,2.5484559543558376,2.5394594691285231,2.4998346148379911,2.3781871374326733,2.1073896271407331
230,2.5499999999999998,2.5499999999999998,2.5499999999999998,2.5499999999999998,2.5499999999999998,2.5499999999999998,2.5499999999999998,2.5499999999999998,2.5499999999999994,2.5499999999999652,2.549999999996055,2.5499999997010665,2.549999985064145,2.5499995064728669,2.5499891650210005,2.5498409245486449,2.5484237640713059,2.5393160909339056,2.4994252231726555,2.3774378212707798,2.1065236852946083
231,2.5499999999999998,2.5499999999999998,2.5499999999999998,2.5499999999999998,2.5499999999999998,2.5499999999999998,2.5499999999999998,2.5499999999999994,2.5499999999999998,2.5499999999999612,2.5499999999956344,2.5499999996751233,2.5499999840300736,2.5499994798494452,2.5499887227519138,2.5498361902216287,2.5483911590505826,2.5391718410930597,2.4990153191097786,2.3766897361282879,2.1056600216618655
232,2.5499999999999998,2.5499999999999998,2.5499999999999998,2.5499999999999998,2.5499999999999998,2.5499999999999998,2.5499999999999998,2.5499999999999994,2.5500000000000003,2.5499999999999567,2.5499999999951739,2.5499999996471723,2.5499999829338571,2.5499994520255318,2.5499882662204625,2.549831354148794,2.5483581379961278,2.5390267236486128,2.4986049113816549,2.3759428784823422,2.1047986212604255
233,2.5499999999999998,2.5499999999999998,2.5499999999999998,2.5499999999999998,2.5499999999999998,2.5499999999999998,2.5499999999999998,2.5499999999999994,2.5500000000000007,2.549999999999951,2.5499999999946685,2.5499999996170799,2.5499999817723564,2.5499994229583485,2.5499877951007135,2.5498264151043082,2.5483246996420821,2.5388807426515152,2.4981940086144125,2.3751972448057503,2.1039394692700779
234,2.5499999999999998,2.5499999999999998,2.5499999999999998,2.5499999999999998,2.5499999999999998,2.5499999999999998,2.5499999999999998,2.5499999999999998,2.5499999999999998,2.5499999999999443,2.5499999999941139,2.5499999995847022,2.5499999805423066,2.5499993926040405,2.5499873090629133,2.5498213718639873,2.5482908427541879,2.5387339021596409,2.4977826193298722,2.3744528315683371,2.1030825510283599
235,2.5499999999999998,2.5499999999999998,2.5499999999999998,2.5499999999999998,2.5499999999999998,2.5499999999999998,2.5499999999999998,2.5500000000000003,2.5499999999999989,2.5499999999999372,2.5499999999935072,2.549999999549887,2.549999979240313,2.5499993609176737,2.5499868077736001,2.5498162232052648,2.5482565661292105,2.5385862062386817,2.4973707519455535,2.3737096352357168,2.1022278520323439
236,2.5499999999999998,2.5499999999999998,2.5499999999999998,2.5499999999999998,2.5499999999999998,2.5499999999999998,2.5499999999999998,2.5500000000000003,2.5499999999999989,2.5499999999999292,2.5499999999928433,2.5499999995124738,2.5499999778628468,2.5499993278532114,2.5499862908955584,2.5498109679075518,2.5482218685950149,2.5384376589599644,2.4969584147771826,2.3729676522714755,2.101375357932489
237,2.5499999999999998,2.5499999999999998,2.5499999999999998,2.5499999999999998,2.5499999999999998,2.5499999999999998,2.5499999999999998,2.5500000000000003,2.5499999999999998,2.5499999999999212,2.5499999999921186,2.5499999994722935,2.5499999764062444,2.5499992933635056,2.549985758087856,2.5498056047523825,2.5481867490102896,2.5382882643999434,2.4965456160398314,2.3722268791375161,2.1005250545308218
238,2.5499999999999998,2.5499999999999998,2.5499999999999998,2.5499999999999998,2.5499999999999998,2.5499999999999998,2.5499999999999998,2.5500000000000003,2.5500000000000003,2.5499999999999119,2.5499999999913272,2.5499999994291693,2.5499999748666982,2.549999257400295,2.5499852090059569,2.5498001325233552,2.5481512062639928,2.5381380266411293,2.4961323638478454,2.3714873122928495,2.0996769277827809
239,2.5499999999999998,2.5499999999999998,2.5499999999999998,2.5499999999999998,2.5499999999999998,2.5499999999999998,2.5499999999999998,2.5500000000000003,2.5499999999999998,2.5499999999999017,2.5499999999904635,2.5499999993829126,2.5499999732402587,2.5499992199141737,2.549984643301622,2.5497945500066508,2.548115239275603,2.5379869497689058,2.4957186662182327,2.3707489481968369,2.0988309637885432
240,2.5499999999999998,2.5499999999999998,2.5499999999999998,2.5499999999999998,2.5499999999999998,2.5499999999999998,2.5499999999999998,2.5499999999999998,2.5499999999999989,2.5499999999998897,2.5499999999895224,2.5499999993333269,2.5499999715228281,2.5499991808545897,2.5499840606230118,2.5497888559909989,2.5480788469946085,2.5378350378722523,2.4953045310707567,2.3700117833082048,2.097987148794342
241,2.5499999999999998,2.5499999999999998,2.5499999999999998,2.5499999999999998,2.5499999999999998,2.5499999999999998,2.5499999999999994,2.5499999999999998,2.5499999999999989,2.5499999999998755,2.5499999999884975,2.5499999992802009,2.5499999697101492,2.5499991401697799,2.5499834606143232,2.5497830492659492,2.5480420283957748,2.5376822950389881,2.4948899662304567,2.3692758140932266,2.097145452992534
242,2.5499999999999998,2.5499999999999998,2.5499999999999998,2.5499999999999998,2.5499999999999998,2.5499999999999998,2.5499999999999994,2.5499999999999998,2.5499999999999989,2.5499999999998622,2.5499999999873815,2.5499999992233175,2.5499999677978225,2.5499990978069746,2.5499828429174527,2.5497771286294273,2.5480047824968035,2.5375287253728973,2.4944749794219194,2.3685410369940199,2.0963058657812961
243,2.5499999999999998,2.5499999999999998,2.5499999999999998,2.5499999999999998,2.5499999999999998,2.5499999999999998,2.5499999999999994,2.5499999999999998,2.549999999999998,2.5499999999998457,2.5499999999861669,2.5499999991624449,2.5499999657812751,2.549999053712054,2.5499822071695122,2.5497710928767958,2.5479671083313287,2.5373743329660257,2.494059578281981,2.367807448477909,2.095468378565946
244,2.5499999999999998,2.5499999999999998,2.5499999999999998,2.5499999999999998,2.5499999999999998,2.5499999999999998,2.5499999999999998,2.5499999999999998,2.5499999999999989,2.5499999999998275,2.5499999999848471,2.5499999990973388,2.5499999636557731,2.549999007829769,2.5499815530046077,2.5497649408085885,2.5479290049665324,2.5372191219155114,2.4936437703528127,2.3670750450057891,2.0946329798280576
245,2.5499999999999998,2.5499999999999998,2.5499999999999998,2.5499999999999998,2.5499999999999998,2.5499999999999998,2.5499999999999989,2.5499999999999998,2.5499999999999985,2.5499999999998084,2.5499999999834135,2.5499999990277469,2.5499999614164204,2.5499989601036903,2.5499808800534542,2.5497586712284774,2.5478904714976767,2.5370630963193319,2.4932275630878777,2.3663438230399327,2.0937996574945181
246,2.5499999999999998,2.5499999999999998,2.5499999999999998,2.5499999999999998,2.5499999999999998,2.5499999999999998,2.5499999999999994,2.5499999999999998,2.5499999999999985,2.5499999999997862,2.5499999999818561,2.5499999989533984,2.549999959058145,2.5499989104761567,2.5499801879433197,2.5497522829436616,2.5478515070490149,2.5369062602754404,2.492810963849025,2.3656137790445979,2.092968399291339
247,2.5499999999999998,2.5499999999999998,2.5499999999999998,2.5499999999999998,2.5499999999999998,2.5499999999999998,2.5500000000000003,2.5499999999999998,2.549999999999998,2.5499999999997631,2.5499999999801672,2.5499999988740121,2.5499999565756979,2.5499988588882831,2.549979476298101,2.5497457747649395,2.5478121107731764,2.536748617881305,2.4923939799088024,2.3648849094860478,2.0921391929005244
248,2.5499999999999998,2.5499999999999998,2.5499999999999998,2.5499999999999998,2.5499999999999998,2.5499999999999998,2.5499999999999998,2.5499999999999998,2.549999999999998,2.5499999999997369,2.5499999999783363,2.549999998789295,2.5499999539636491,2.5499988052799356,2.5499787447383335,2.549739145506873,2.5477722818510653,2.5365901732333707,2.4919766184511225,2.3641572108324271,2.0913120260359803
249,2.5499999999999998,2.5499999999999998,2.5499999999999998,2.5499999999999998,2.5499999999999998,2.5499999999999998,2.5499999999999989,2.5499999999999998,2.5499999999999976,2.5499999999997076,2.5499999999763525,2.5499999986989321,2.5499999512163827,2.5499987495897476,2.5499779928812947,2.5497323939878678,2.5477320194911286,2.53643093042654,2.4915588865738667,2.3634306795534434,2.0904868864711479
250,2.5499999999999998,2.5499999999999998,2.5499999999999998,2.5499999999999998,2.5499999999999998,2.5499999999999998,2.5499999999999985,2.5499999999999998,2.5499999999999976,2.5499999999996752,2.5499999999742045,2.5499999986026016,2.5499999483280953,2.5499986917551003,2.5499772203410305,2.5497255190303472,2.5476913229291474,2.536270893553592,2.4911407912898538,2.3627053121202035,2.0896637620513694
251,2.5499999999999998,2.5499999999999998,2.5499999999999998,2.5499999999999998,2.5499999999999998,2.5499999999999998,2.5499999999999998,2.5499999999999998,2.5499999999999963,2.5499999999996401,2.549999999971881,2.5499999984999637,2.5499999452927895,2.5499986317121159,2.5499764267283731,2.5497185194608103,2.5476501914281946,2.5361100667049885,2.4907223395270761,2.3619811050052819,2.0888426407004372
252,2.5499999999999998,2.5499999999999998,2.5499999999999998,2.5499999999999998,2.5499999999999998,2.5499999999999998,2.5500000000000007,2.5499999999999998,2.5499999999999958,2.5499999999996015,2.5499999999693679,2.5499999983906587,2.5499999421042703,2.5499985693956395,2.5499756116510031,2.5497113941100813,2.5476086242781983,2.5359484539679809,2.4903035381305423,2.3612580546832254,2.0880235104429143
253,2.5499999999999998,2.5499999999999998,2.5499999999999998,2.5499999999999998,2.5499999999999998,2.5499999999999998,2.5500000000000003,2.5499999999999998,2.5499999999999963,2.5499999999995593,2.5499999999666514,2.5499999982743131,2.5499999387561454,2.5499985047392491,2.5499747747134265,2.5497041418131903,2.5475666207960863,2.5357860594270303,2.4898843938615958,2.3605361576304871,2.0872063593886558
254,2.5499999999999998,2.5499999999999998,2.5499999999999998,2.5499999999999998,2.5499999999999998,2.5499999999999998,2.5499999999999994,2.5499999999999998,2.5499999999999954,2.5499999999995118,2.5499999999637182,2.549999998150537,2.5499999352418121,2.5499984376752196,2.5499739155170964,2.5496967614098072,2.547524180325019,2.535622887162265,2.4894649134011253,2.3598154103265103,2.086391175763104
255,2.5499999999999998,2.5499999999999998,2.5499999999999998,2.5499999999999998,2.5499999999999998,2.5499999999999998,2.5499999999999994,2.5499999999999998,2.5499999999999945,2.5499999999994598,2.5499999999605518,2.5499999980189196,2.549999931554455,2.5499983681345317,2.5499730336604296,2.5496892517442142,2.5474813022342722,2.5354589412495443,2.4890451033498437,2.3590958092543768,2.0855779478895524
256,2.5499999999999998,2.5499999999999998,2.5499999999999998,2.5499999999999998,2.5499999999999998,2.5499999999999998,2.5500000000000003,2.5499999999999998,2.549999999999994,2.5499999999994043,2.5499999999571368,2.5499999978790346,2.5499999276870486,2.5499982960468661,2.5499721287387986,2.5496816116653127,2.547437985919295,2.5352942257604565,2.4886249702281238,2.358377350900573,2.084766664195036
257,2.5499999999999998,2.5499999999999998,2.5499999999999998,2.5499999999999998,2.5499999999999998,2.5499999999999998,2.5499999999999998,2.5499999999999998,2.5499999999999932,2.5499999999993426,2.5499999999534557,2.5499999977304317,2.549999923632345,2.5499982213405814,2.5499712003446642,2.5496738400269767,2.5473942308008612,2.5351287447610487,2.4882045204792296,2.3576600317569478,2.0839573132103713
258,2.5499999999999998,2.5499999999999998,2.5499999999999998,2.5499999999999998,2.5499999999999998,2.5499999999999998,2.5499999999999998,2.5499999999999998,2.5499999999999927,2.5499999999992751,2.5499999999494896,2.5499999975726451,2.5499999193828664,2.5499981439427102,2.5499702480675972,2.5496659356880813,2.5473500363249779,2.5349625023117324,2.4877837604695743,2.3569438483208267,2.0831498835690914
259,2.5499999999999998,2.5499999999999998,2.5499999999999998,2.5499999999999998,2.5499999999999998,2.5499999999999998,2.5499999999999998,2.5499999999999998,2.5499999999999923,2.5499999999992013,2.5499999999452183,2.5499999974051861,2.5499999149309214,2.5499980637789781,2.5499692714941822,2.5496578975122728,2.5473054019634507,2.5347955024680937,2.4873626964866524,2.3562287970938032,2.0823443640082244
260,2.5499999999999998,2.5499999999999998,2.5499999999999998,2.5499999999999998,2.5499999999999998,2.5499999999999998,2.5499999999999994,2.5499999999999998,2.5499999999999918,2.549999999999121,2.549999999940622,2.5499999972275447,2.54999991026857,2.5499979807737514,2.5499682702083115,2.5496497243687091,2.5472603272120837,2.5346277492783069,2.4869413347456559,2.3555148745852965,2.0815407433680462
261,2.5499999999999998,2.5499999999999998,2.5499999999999998,2.5499999999999998,2.5499999999999998,2.5499999999999998,2.5499999999999994,2.5499999999999998,2.5499999999999901,2.5499999999990322,2.5499999999356788,2.5499999970391882,2.5499999053876525,2.5499978948500823,2.5499672437909191,2.5496414151313909,2.5472148115923088,2.5344592467854699,2.4865196813834936,2.3548020773093938,2.0807390105920405
262,2.5499999999999998,2.5499999999999998,2.5499999999999998,2.5499999999999998,2.5499999999999998,2.5499999999999998,2.5499999999999994,2.5499999999999998,2.5499999999999883,2.5499999999989353,2.5499999999303649,2.5499999968395617,2.5499999002797473,2.5499978059296411,2.5499661918203924,2.5496329686801404,2.5471688546487181,2.5342899990241876,2.4860977424677166,2.3540904017891107,2.079939154724519
263,2.5499999999999998,2.5499999999999998,2.5499999999999998,2.5499999999999998,2.5499999999999998,2.5499999999999998,2.5499999999999998,2.5499999999999998,2.5499999999999869,2.5499999999988296,2.5499999999246561,2.5499999966280886,2.5499998949362066,2.549997713932775,2.5499651138722204,2.5496243838997819,2.5471224559511541,2.5341200100234302,2.4856755239890012,2.3533798445529182,2.0791411649132705
264,2.5499999999999998,2.5499999999999998,2.5499999999999998,2.5499999999999998,2.5499999999999998,2.5499999999999998,2.5499999999999998,2.5499999999999998,2.5499999999999856,2.5499999999987151,2.5499999999185263,2.5499999964041629,2.5499998893481117,2.5499976187784377,2.5499640095194533,2.5496156596811685,2.547075615091988,2.5339492838029805,2.4852530318707404,2.3526704021386577,2.0783450304027498
265,2.5499999999999998,2.5499999999999998,2.5499999999999998,2.5499999999999998,2.5499999999999998,2.5499999999999998,2.5499999999999994,2.5499999999999998,2.5499999999999843,2.5499999999985898,2.5499999999119489,2.5499999961671578,2.5499998835063087,2.5499975203842458,2.5499628783323223,2.5496067949203449,2.5470283316883733,2.5337778243763238,2.4848302719611617,2.3519620710904836,2.0775507405407532
266,2.5499999999999998,2.5499999999999998,2.5499999999999998,2.5499999999999998,2.5499999999999998,2.5499999999999998,2.5499999999999994,2.5499999999999998,2.5499999999999829,2.5499999999984539,2.5499999999048941,2.549999995916417,2.5499998774013637,2.5499974186664183,2.5499617198786821,2.5495977885194701,2.5469806053796531,2.5336056357474823,2.4844072500422119,2.3512548479618642,2.0767582847689772
267,2.5499999999999998,2.5499999999999998,2.5499999999999998,2.5499999999999998,2.5499999999999998,2.5499999999999998,2.5499999999999998,2.5499999999999998,2.5499999999999807,2.5499999999983061,2.5499999998973317,2.5499999956512598,2.5499998710235872,2.549997313539806,2.5499605337237838,2.5495886393863594,2.5469324358286771,2.5334327219125852,2.48398397182509,2.3505487293141787,2.0759676526281945
268,2.5499999999999998,2.5499999999999998,2.5499999999999998,2.5499999999999998,2.5499999999999998,2.5499999999999998,2.5499999999999998,2.5499999999999998,2.5499999999999785,2.5499999999981453,2.5499999998892289,2.5499999953709769,2.5499998643630235,2.5499972049178834,2.5499593194304033,2.5495793464346788,2.5468838227211186,2.5332590868592244,2.4835604429523741,2.3498437117169564,2.0751788337552828
269,2.5499999999999998,2.5499999999999998,2.5499999999999998,2.5499999999999998,2.5499999999999998,2.5499999999999998,2.5500000000000003,2.5499999999999998,2.5499999999999758,2.5499999999979703,2.5499999998805514,2.5499999950748307,2.5499998574094391,2.5499970927127302,2.5499580765589016,2.5495699085841514,2.5468347657650412,2.533084734565723,2.4831366689997321,2.3491397917489576,2.0743918178818466
270,2.5499999999999998,2.5499999999999998,2.5499999999999998,2.5499999999999998,2.5499999999999998,2.5499999999999998,2.5500000000000003,2.5499999999999998,2.5499999999999736,2.5499999999977798,2.5499999998712628,2.5499999947620537,2.5499998501523238,2.5499969768350348,2.5499568046672683,2.5495603247605674,2.5467852646907185,2.5329096690011257,2.4827126554763055,2.3484369659978022,2.07360659483335
271,2.5499999999999998,2.5499999999999998,2.5499999999999998,2.5499999999999998,2.5499999999999998,2.5499999999999998,2.5500000000000003,2.5499999999999998,2.5499999999999705,2.5499999999975729,2.5499999998613272,2.5499999944318468,2.5499998425808794,2.5499968571940905,2.5499555033111951,2.5495505938958773,2.5467353192502507,2.5327338941249038,2.4822884078258354,2.347735231059989,2.072823154527681
272,2.5499999999999998,2.5499999999999998,2.5499999999999998,2.5499999999999998,2.5499999999999998,2.5499999999999998,2.5499999999999998,2.5499999999999994,2.5499999999999674,2.5499999999973486,2.5499999998507055,2.5499999940833806,2.5499998346840234,2.5499967336977849,2.5499541720440639,2.5495407149282836,2.5466849292175411,2.5325574138866003,2.4818639314270978,2.3470345835417223,2.0720414869749537
273,2.5499999999999998,2.5499999999999998,2.5499999999999998,2.5499999999999998,2.5499999999999998,2.5499999999999998,2.5499999999999998,2.5499999999999994,2.5499999999999634,2.5499999999971052,2.5499999998393537,2.5499999937157938,2.5499998264503807,2.5499966062526092,2.5499528104170275,2.5495306868022194,2.5466340943879522,2.5323802322259605,2.481439231594492,2.3463350200580471,2.0712615822759792
274,2.5499999999999998,2.5499999999999998,2.5499999999999998,2.5499999999999998,2.5499999999999998,2.5500000000000003,2.5499999999999998,2.5499999999999994,2.5499999999999594,2.5499999999968423,2.5499999998272274,2.5499999933281936,2.5499998178682772,2.5499964747636437,2.5499514179790541,2.5495205084685266,2.5465828145779983,2.5322023530722992,2.4810143135793674,2.3456365372337422,2.0704834306212536
275,2.5499999999999998,2.5499999999999998,2.5499999999999998,2.5499999999999998,2.5499999999999998,2.5500000000000003,2.5500000000000003,2.5499999999999998,2.549999999999955,2.5499999999965581,2.5499999998142799,2.5499999929196511,2.5499998089257385,2.5499963391345553,2.5499499942769743,2.5495101788845118,2.5465310896251059,2.5320237803443244,2.4805891825707183,2.3449391317033612,2.0697070222899239
276,2.5499999999999998,2.5499999999999998,2.5499999999999998,2.5499999999999998,2.5499999999999998,2.5500000000000003,2.5500000000000003,2.5499999999999998,2.5499999999999496,2.5499999999962504,2.5499999998004634,2.5499999924892007,2.5499997996104828,2.5499961992676088,2.5499485388555185,2.5494996970138804,2.5464789193874853,2.5318445179503795,2.4801638436952134,2.3442428001106905,2.0689323476487842
277,2.5499999999999998,2.5499999999999998,2.5499999999999998,2.5499999999999998,2.5499999999999998,2.5499999999999998,2.5499999999999998,2.5499999999999989,2.5499999999999443,2.5499999999959169,2.5499999997857272,2.549999992035842,2.5499997899099176,2.5499960550636422,2.5499470512573748,2.5494890618270025,2.5464263037436972,2.53166456978752,2.479738302019082,2.3435475391097902,2.0681593971512151
278,2.5499999999999998,2.5499999999999998,2.5499999999999998,2.5499999999999998,2.5499999999999998,2.5499999999999998,2.5499999999999994,2.549999999999998,2.5499999999999385,2.5499999999955558,2.5499999997700176,2.549999991558539,2.5499997798111353,2.5499959064220814,2.5499455310232326,2.5494782723008238,2.5463732425925172,2.5314839397418503,2.4793125625480674,2.3428533453644391,2.0673881613361482
279,2.5499999999999998,2.5499999999999998,2.5499999999999998,2.5499999999999998,2.5499999999999998,2.5499999999999998,2.5499999999999989,2.549999999999998,2.5499999999999328,2.5499999999951659,2.5499999997532763,2.5499999910562177,2.5499997693009075,2.5499957532409341,2.5499439776918305,2.5494673274189705,2.5463197358526579,2.5313026316881575,2.4788866302284087,2.3421602155484229,2.0666186308270245
280,2.5499999999999998,2.5499999999999998,2.5499999999999998,2.5499999999999998,2.5499999999999998,2.5499999999999998,2.5499999999999998,2.5499999999999994,2.5499999999999257,2.5499999999947458,2.5499999997354448,2.5499999905277635,2.5499997583656815,2.549995595416779,2.5499423908000001,2.5494562261718539,2.5462657834625069,2.5311206494895635,2.4784605099477495,2.3414681463457638,2.0658507963307593
281,2.5499999999999998,2.5499999999999998,2.5499999999999998,2.5499999999999998,2.5499999999999998,2.5499999999999998,2.5500000000000003,2.5499999999999998,2.5499999999999186,2.5499999999942919,2.5499999997164604,2.5499999899720214,2.5499997469915745,2.5499954328447845,2.549940769882729,2.549444967556624,2.5462113853798765,2.530937996997682,2.4780342065355496,2.3407771344505206,2.0650846486370162
282,2.5499999999999998,2.5499999999999998,2.5499999999999998,2.5499999999999998,2.5499999999999998,2.5499999999999998,2.5499999999999998,2.5499999999999994,2.5499999999999101,2.5499999999938021,2.5499999996962583,2.5499999893877954,2.5499997351643695,2.5499952654186822,2.5499391144731889,2.5494335505773482,2.5461565415817606,2.5307546780520265,2.4776077247641917,2.3400871765672013,2.0643201786167142
283,2.5499999999999998,2.5499999999999998,2.5499999999999998,2.5499999999999998,2.5499999999999998,2.5499999999999994,2.5499999999999994,2.549999999999998,2.5499999999999008,2.5499999999932741,2.5499999996747693,2.5499999887738474,2.5499997228695115,2.5499950930307862,2.5499374241027968,2.5494219742449666,2.5461012520641013,2.5305706964801651,2.4771810693493554,2.3393982694105597,2.0635573772215432
284,2.5499999999999998,2.5499999999999998,2.5499999999999998,2.5499999999999998,2.5499999999999998,2.5499999999999994,2.5499999999999994,2.549999999999998,2.5499999999998906,2.5499999999927052,2.5499999996519223,2.5499999881288971,2.5499997100921017,2.5499949155719857,2.5499356983012591,2.5494102375773511,2.5460455168415437,2.530386056097516,2.4767542449507545,2.338710409705691,2.0627962354829554
285,2.5499999999999998,2.5499999999999998,2.5499999999999998,2.5499999999999998,2.5499999999999998,2.5499999999999998,2.5499999999999994,2.549999999999998,2.5499999999998799,2.5499999999920928,2.5499999996276426,2.5499999874516184,2.5499996968168936,2.5499947329317343,2.5499339365966183,2.549398339599461,2.5459893359471333,2.5302007607068346,2.4763272561733052,2.3380235941884218,2.0620367445106025
286,2.5499999999999998,2.5499999999999998,2.5499999999999998,2.5499999999999998,2.5499999999999998,2.5499999999999998,2.5499999999999994,2.5499999999999985,2.5499999999998684,2.5499999999914338,2.5499999996018512,2.5499999867406395,2.5499996830282878,2.5499945449980661,2.5499321385153007,2.5493862793432478,2.5459327094321695,2.530014814098529,2.4759001075671518,2.3373378196049486,2.0612788954921979
287,2.5499999999999998,2.5499999999999998,2.5499999999999998,2.5499999999999998,2.5499999999999998,2.5499999999999998,2.5499999999999998,2.5499999999999985,2.549999999999855,2.5499999999907246,2.5499999995744642,2.5499999859945413,2.549999668710329,2.5499943516575954,2.5499303035821632,2.5493740558477112,2.5458756373659628,2.529828220050466,2.4754728036283931,2.3366530827119316,2.0605226796925051
288,2.5499999999999998,2.5499999999999998,2.5499999999999998,2.5499999999999998,2.5499999999999998,2.5499999999999998,2.5499999999999998,2.549999999999998,2.5499999999998408,2.5499999999899625,2.5499999995453959,2.5499999852118571,2.5499996538466991,2.5499941527954939,2.5499284313205459,2.5493616681591091,2.5458181198354586,2.5296409823272947,2.4750453488005628,2.3359693802769996,2.0597680884515275
289,2.5499999999999998,2.5499999999999998,2.5499999999999998,2.5499999999999998,2.5499999999999998,2.5499999999999989,2.5499999999999998,2.5499999999999972,2.5499999999998244,2.5499999999891432,2.5499999995145561,2.5499999843910723,2.5499996384207151,2.5499939482955183,2.5499265212523121,2.5493491153307968,2.5457601569451693,2.5294531046809499,2.4746177474743112,2.3352867090782965,2.0590151131846937
290,2.5499999999999998,2.5499999999999998,2.5499999999999998,2.5499999999999998,2.5499999999999998,2.5499999999999989,2.5499999999999998,2.5499999999999967,2.5499999999998075,2.5499999999882634,2.5499999994818512,2.5499999835306202,2.5499996224153252,2.549993738040008,2.5499245728978974,2.54933639642329,2.545701748816918,2.5292645908504428,2.4741900039881766,2.3346050659046034,2.0582637453818364
291,2.5499999999999998,2.5499999999999998,2.5499999999999998,2.5499999999999998,2.5499999999999998,2.5499999999999989,2.5499999999999998,2.5499999999999967,2.5499999999997893,2.5499999999873189,2.5499999994471829,2.5499999826288837,2.5499996058130998,2.5499935219098626,2.5499225857763621,2.5493235105044803,2.545642895589459,2.5290754445611805,2.4737621226300681,2.3339244475557375,2.0575139766053048
292,2.5499999999999998,2.5499999999999998,2.5499999999999998,2.5499999999999998,2.5499999999999998,2.5499999999999994,2.5499999999999994,2.5499999999999972,2.5499999999997702,2.5499999999863054,2.5499999994104479,2.5499999816841923,2.5499995885962323,2.5499932997845698,2.5499205594054333,2.5493104566494686,2.5455835974184109,2.528885669525466,2.4733341076369562,2.3332448508422252,2.0567657984902832
293,2.5499999999999998,2.5499999999999998,2.5499999999999998,2.5499999999999998,2.5499999999999998,2.5499999999999998,2.5499999999999994,2.5499999999999972,2.5499999999997485,2.5499999999852188,2.5499999993715381,2.5499999806948206,2.5499995707465328,2.549993071542203,2.5499184933015502,2.5492972339406297,2.5455238544760035,2.5286952694422911,2.4729059631956383,2.3325662725854026,2.0560192027437805
294,2.5499999999999998,2.5499999999999998,2.5499999999999998,2.5499999999999998,2.5499999999999998,2.5499999999999998,2.5499999999999994,2.5499999999999967,2.5499999999997254,2.549999999984053,2.5499999993303413,2.5499999796589892,2.549999552245422,2.5499928370594036,2.5499163869799188,2.5492838414677923,2.5454636669507256,2.5285042479967728,2.4724776934440409,2.3318887096176799,2.0552741811427881
295,2.5499999999999998,2.5499999999999998,2.5499999999999998,2.5499999999999998,2.5499999999999998,2.5499999999999998,2.5499999999999998,2.5499999999999967,2.5499999999997001,2.5499999999828042,2.5499999992867401,2.5499999785748622,2.5499995330739296,2.5499925962114043,2.5499142399545511,2.5492702783281005,2.5454030350472396,2.528312608860551,2.4720493024710612,2.3312121587823276,2.0545307255346033
296,2.5499999999999998,2.5499999999999998,2.5499999999999998,2.5499999999999998,2.5499999999999998,2.5499999999999998,2.5499999999999998,2.5499999999999963,2.5499999999996725,2.5499999999814671,2.549999999240613,2.5499999774405455,2.5499995132126898,2.5499923488720286,2.5499120517383123,2.5492565436260683,2.5453419589861364,2.5281203556916103,2.4716207943172819,2.3305366169335455,2.053788827835846
297,2.5499999999999998,2.5499999999999998,2.5499999999999998,2.5499999999999998,2.5499999999999994,2.5499999999999998,2.5499999999999998,2.5499999999999958,2.5499999999996423,2.5499999999800358,2.5499999991918321,2.549999976254087,2.5499994926419349,2.549992094913677,2.5499098218429745,2.5492426364737355,2.5452804390035952,2.5279274921338075,2.471192172976159,2.3298620809366901,2.0530484800307205
298,2.5499999999999998,2.5499999999999998,2.5499999999999998,2.5499999999999998,2.5499999999999994,2.5499999999999998,2.5499999999999994,2.5499999999999954,2.5499999999996095,2.5499999999785046,2.5499999991402644,2.5499999750134732,2.5499994713414913,2.5499918342073462,2.5499075497792552,2.5492285559905556,2.5452184753512879,2.5277340218171762,2.4707634423939773,2.329188547668088,2.052309674171199
299,2.5499999999999998,2.5499999999999998,2.5499999999999998,2.5499999999999998,2.5499999999999994,2.5499999999999998,2.5499999999999994,2.5499999999999945,2.5499999999995744,2.5499999999768668,2.5499999990857716,2.549999973716627,2.5499994492907772,2.549991566622634,2.5499052350568623,2.549214301303425,2.5451560682961571,2.5275399483578256,2.4703346064704421,2.3285160140150607,2.051572402376201
300,2.5499999999999998,2.5499999999999998,2.5499999999999998,2.5499999999999998,2.5499999999999998,2.5500000000000003,2.5499999999999998,2.5499999999999936,2.5499999999995366,2.5499999999751153,2.5499999990282092,2.5499999723614093,2.549999426468796,2.5499912920277263,2.5499028771845484,2.5491998715468052,2.5450932181200971,2.5273452753575647,2.4699056690597363,2.3278444768761246,2.0508366568301128
301,2.5499999999999998,2.5499999999999998,2.5499999999999998,2.5499999999999998,2.5499999999999994,2.5499999999999998,2.5499999999999998,2.5499999999999927,2.5499999999994949,2.5499999999732443,2.5499999989674262,2.5499999709456138,2.5499994028540858,2.5499910102890739,2.5499004756687431,2.5491852658593164,2.5450299251164155,2.5271500064058059,2.4694766339772078,2.3271739331638024,2.0501024327485702
302,2.5499999999999998,2.5499999999999998,2.5499999999999998,2.5499999999999998,2.5499999999999989,2.5499999999999998,2.5499999999999998,2.5499999999999923,2.54999999999945,2.5499999999712464,2.5499999989032673,2.5499999694669824,2.5499993784249146,2.5499907212727755,2.5498980300193259,2.5491704833973885,2.5449661896034419,2.5269541450717048,2.4690475049721692,2.3265043797935818,2.0493697219065341
303,2.5499999999999998,2.5499999999999998,2.5499999999999998,2.5499999999999998,2.5500000000000003,2.5499999999999998,2.5499999999999998,2.5499999999999914,2.5499999999994016,2.5499999999691134,2.549999998835569,2.5499999679231702,2.5499993531589609,2.5499904248424285,2.5498955397408123,2.5491555233144036,2.5449020119035994,2.5267576949174066,2.4686182857724273,2.3258358136991522,2.0486385158365086
304,2.5499999999999998,2.5499999999999998,2.5499999999999998,2.5499999999999998,2.5499999999999998,2.5499999999999998,2.5499999999999998,2.5499999999999905,2.5499999999993506,2.549999999966837,2.5499999987641608,2.5499999663117765,2.5499993270335426,2.5499901208606857,2.5498930043386268,2.5491403847749781,2.5448373923565306,2.5265606594874428,2.4681889800544199,2.3251682318236462,2.0479088066558266
305,2.5499999999999998,2.5499999999999998,2.5499999999999998,2.5499999999999998,2.5499999999999998,2.5499999999999998,2.5499999999999998,2.5499999999999896,2.5499999999992937,2.5499999999644092,2.5499999986888677,2.5499999646303206,2.549999300025509,2.5499898091887094,2.5498904233174167,2.5491250669519538,2.5447723313169566,2.5263630423106127,2.4677595914479098,2.3245016311223461,2.0471805867059518
306,2.5499999999999998,2.5499999999999998,2.5499999999999998,2.5499999999999998,2.5499999999999998,2.5499999999999998,2.5499999999999998,2.5499999999999883,2.549999999999232,2.5499999999618201,2.549999998609505,2.5499999628762602,2.5499992721113172,2.5499894896864128,2.5498877961811446,2.5491095690248375,2.5447068291518811,2.5261648469032081,2.4673301235451914,2.3238360085601655,2.0464538484267218
307,2.5499999999999998,2.5499999999999998,2.5499999999999998,2.5499999999999998,2.5499999999999998,2.5499999999999998,2.5499999999999998,2.5499999999999869,2.5499999999991663,2.5499999999590615,2.5499999985258825,2.5499999610469803,2.5499992432669862,2.5499891622123472,2.5498851224331234,2.5490938901806657,2.5446408862417531,2.5259660767671224,2.4669005798968882,2.323171361113141,2.04572858434882
308,2.5499999999999998,2.5499999999999998,2.5499999999999998,2.5499999999999998,2.5499999999999998,2.5499999999999998,2.5499999999999998,2.5499999999999865,2.5499999999990957,2.5499999999561238,2.5499999984378041,2.5499999591397917,2.5499992134680922,2.5499888266237001,2.5498824015760646,2.5490780296140829,2.544574502980359,2.5257667353896296,2.4664709640120588,2.32250768576866,2.0450047870867851
309,2.5499999999999998,2.5499999999999998,2.5499999999999998,2.5499999999999998,2.5499999999999994,2.5499999999999998,2.5499999999999998,2.5499999999999856,2.5499999999990193,2.5499999999529948,2.5499999983450623,2.5499999571519201,2.5499991826897004,2.5499884827761163,2.5498796331120559,2.5490619865283941,2.5445076797763484,2.5255668262413131,2.4660412793532633,2.3218449795271541,2.044282449337087
310,2.5499999999999998,2.5499999999999998,2.5499999999999998,2.5499999999999998,2.5499999999999998,2.5499999999999998,2.5499999999999998,2.5499999999999838,2.5499999999989371,2.5499999999496632,2.5499999982474431,2.5499999550805246,2.5499991509064945,2.5499881305240861,2.5498768165427328,2.5490457601333998,2.5444404170494517,2.5253663527802468,2.465611529348382,2.3211832393988558,2.0435615638559685
311,2.5499999999999998,2.5499999999999998,2.5499999999999998,2.5499999999999998,2.5499999999999998,2.5499999999999998,2.5499999999999998,2.5499999999999821,2.5499999999988483,2.5499999999461189,2.5499999981447248,2.5499999529226796,2.5499991180926584,2.5499877697206359,2.5498739513692472,2.5490293496471996,2.5443727152330999,2.525165318448451,2.4651817173821553,2.3205224624066561,2.0428421234664609
312,2.5499999999999998,2.5499999999999998,2.5499999999999998,2.5499999999999998,2.5499999999999994,2.5499999999999998,2.5499999999999994,2.5499999999999798,2.5499999999987519,2.5499999999423513,2.5499999980366779,2.5499999506753808,2.5499990842219229,2.5499874002174341,2.5498710370922368,2.5490127542955543,2.544304574773685,2.5249637266731715,2.4647518467986775,2.3198626455850135,2.0421241210614518
313,2.5499999999999998,2.5499999999999998,2.5499999999999998,2.5499999999999998,2.5499999999999994,2.5499999999999998,2.5499999999999994,2.5499999999999776,2.5499999999986489,2.5499999999383447,2.5499999979230625,2.5499999483355413,2.5499990492675528,2.5499870218648444,2.5498680732120742,2.5489959733117544,2.5442359961292134,2.5247615808669783,2.4643219209049625,2.3192037859799526,2.0414075495837309
314,2.5499999999999998,2.5499999999999998,2.5499999999999998,2.5499999999999998,2.5499999999999998,2.5499999999999998,2.5499999999999998,2.5499999999999758,2.5499999999985392,2.5499999999340863,2.5499999978036323,2.549999945899994,2.5499990132023509,2.5499866345118716,2.5498650592286691,2.5489790059368125,2.5441669797704942,2.5245588844275133,2.4638919429677149,2.3185458806491219,2.0406924020437929
315,2.5499999999999998,2.5499999999999998,2.5499999999999998,2.5499999999999998,2.5499999999999998,2.5499999999999998,2.5499999999999998,2.5499999999999736,2.5499999999984206,2.5499999999295637,2.5499999976781274,2.5499999433654836,2.5499989759986472,2.5499862380062317,2.5498619946417347,2.5489618514192558,2.5440975261796162,2.5243556407377277,2.4634619162173732,2.3178889266615053,2.039978671504119
316,2.5499999999999998,2.5499999999999998,2.5499999999999998,2.5499999999999998,2.5499999999999998,2.5499999999999998,2.5499999999999994,2.5499999999999714,2.5499999999982927,2.5499999999247613,2.5499999975462826,2.549999940728672,2.5499989376283017,2.5499858321943067,2.5498588789506718,2.5489445090153131,2.5440276358507439,2.5241518531655833,2.4630318438458882,2.3172329210975557,2.0392663510876274
317,2.5499999999999998,2.5499999999999998,2.5499999999999998,2.5499999999999998,2.5500000000000003,2.5499999999999998,2.5499999999999994,2.5499999999999683,2.549999999998156,2.5499999999196636,2.5499999974078227,2.5499999379861329,2.549998898062698,2.5499854169211726,2.5498557116546618,2.5489269779888275,2.5439573092895809,2.5239475250641714,2.4626017290081661,2.3165778610490642,2.0385554339732361
318,2.5499999999999998,2.5499999999999998,2.5499999999999998,2.5499999999999998,2.5500000000000003,2.5499999999999998,2.5499999999999989,2.5499999999999652,2.5499999999980085,2.5499999999142551,2.5499999972624581,2.5499999351343439,2.5499988572727204,2.5499849920306121,2.5498524922528678,2.5489092576113719,2.5438865470126371,2.5237426597713588,2.4621715748236648,2.3159237436189257,2.0378459133922826
319,2.5499999999999998,2.5499999999999998,2.5499999999999998,2.5499999999999998,2.5500000000000003,2.5499999999999998,2.5499999999999989,2.5499999999999621,2.5499999999978504,2.5499999999085183,2.5499999971098952,2.5499999321697051,2.5499988152288013,2.5499845573650721,2.5498492202439906,2.5488913471620771,2.5438153495489586,2.5235372606104014,2.4617413843724547,2.3152705659216948,2.0371377826375392
320,2.5499999999999998,2.5499999999999998,2.5499999999999998,2.5499999999999998,2.5500000000000003,2.5499999999999998,2.5499999999999989,2.549999999999959,2.5499999999976808,2.5499999999024361,2.5499999969498255,2.5499999290885169,2.5499987719008641,2.5499841127657348,2.5498458951268526,2.5488732459277705,2.5437437174377457,2.5233313308893117,2.4613111607007658,2.3146183250828694,2.0364310350508279
321,2.5499999999999998,2.5499999999999998,2.5499999999999998,2.5499999999999998,2.5499999999999998,2.5499999999999998,2.5499999999999989,2.549999999999955,2.5499999999974992,2.5499999998959897,2.5499999967819313,2.5499999258869828,2.5499987272583375,2.5499836580724979,2.549842516400235,2.5488549532029428,2.5436716512290096,2.5231248739010215,2.4608809068194581,2.3139670182390852,2.0357256640264163
322,2.5499999999999998,2.5499999999999998,2.5499999999999998,2.5499999999999998,2.5499999999999998,2.5499999999999998,2.5499999999999998,2.5499999999999514,2.5499999999973051,2.5499999998891609,2.5499999966058855,2.5499999225612267,2.549998681270186,2.5499831931239316,2.5498390835625702,2.5488364682897036,2.5435991514848872,2.5229178929236644,2.4604506257009078,2.3133166425384899,2.0350216630181071
323,2.5499999999999998,2.5499999999999998,2.5499999999999998,2.5499999999999998,2.5499999999999998,2.5499999999999998,2.5499999999999998,2.5499999999999474,2.5499999999970973,2.549999999881928,2.5499999964213433,2.5499999191072478,2.5499986339048255,2.5499827177574415,2.5498355961129255,2.5488177904977709,2.5435262187753049,2.5227103912199964,2.4600203202893671,2.3126671951396376,2.0343190255185291
324,2.5499999999999998,2.5499999999999998,2.5499999999999998,2.5499999999999998,2.5500000000000003,2.5499999999999998,2.5499999999999994,2.5499999999999425,2.5499999999968748,2.5499999998742706,2.5499999962279554,2.5499999155209752,2.5499985851302247,2.5499822318090506,2.5498320535497578,2.5487989191445477,2.543452853683533,2.5225023720379953,2.4595899934876519,2.3120186732128523,2.0336177450845847
325,2.5499999999999998,2.5499999999999998,2.5499999999999998,2.5499999999999998,2.5500000000000003,2.5499999999999998,2.5499999999999994,2.5499999999999372,2.5499999999966363,2.549999999866166,2.5499999960253565,2.5499999117982219,2.5499985349138181,2.5499817351136103,2.5498284553720385,2.5487798535549868,2.5433790568011396,2.5222938386104583,2.4591596481692495,2.3113710739390543,2.0329178153158973
326,2.5499999999999998,2.5499999999999998,2.5499999999999998,2.5499999999999998,2.5500000000000003,2.5499999999999998,2.5499999999999989,2.5499999999999314,2.5499999999963809,2.5499999998575928,2.5499999958131698,2.5499999079347,2.5499984832225326,2.5499812275047211,2.5498248010788549,2.5487605930616506,2.543304828729775,2.5220847941551172,2.4587292871740325,2.3107243945101623,2.032219229862128
327,2.5499999999999998,2.5499999999999998,2.5499999999999998,2.5499999999999998,2.5499999999999998,2.5499999999999998,2.5499999999999985,2.5499999999999248,2.5499999999961074,2.5499999998485263,2.5499999955910067,2.5499999039260306,2.5499984300228129,2.5499807088146831,2.5498210901691465,2.5487411370047601,2.5432301700823738,2.521875241874699,2.4582989133053728,2.3100786321293603,2.0315219824276451
328,2.5499999999999998,2.5499999999999998,2.5499999999999998,2.5499999999999998,2.5499999999999994,2.5499999999999998,2.5499999999999985,2.5499999999999177,2.5499999999958156,2.5499999998389411,2.5499999953584633,2.5499998997677089,2.5499983752805533,2.5499801788746783,2.5498173221425695,2.5487214847319848,2.5431550814792572,2.5216651849568419,2.4578685293394358,2.3094337840103343,2.0308260667575984
329,2.5499999999999998,2.5499999999999998,2.5499999999999998,2.5499999999999998,2.5499999999999998,2.5499999999999998,2.5499999999999989,2.549999999999911,2.5499999999955039,2.5499999998288114,2.5499999951151242,2.5499998954551399,2.5499983189611597,2.5499796375145878,2.5498134964986594,2.5487016355986643,2.5430795635518901,2.5214546265741364,2.4574381380162467,2.3087898473779718,2.0301314766508938
330,2.5499999999999998,2.5499999999999998,2.5499999999999998,2.5499999999999998,2.5499999999999998,2.5499999999999998,2.5499999999999994,2.549999999999903,2.5499999999951712,2.5499999998181098,2.5499999948605594,2.5499998909836159,2.5499982610295171,2.5499790845631045,2.5498096127373144,2.548681588967654,2.5430036169407506,2.5212435698841538,2.4570077420447065,2.3081468194680324,2.0294382059530074
331,2.5499999999999998,2.5499999999999998,2.5499999999999998,2.5499999999999998,2.5499999999999998,2.5499999999999998,2.5499999999999994,2.549999999999895,2.549999999994816,2.5499999998068072,2.5499999945943252,2.5499998863483206,2.5499982014499891,2.5499785198477176,2.5498056703587522,2.5486613442093562,2.5429272422954843,2.5210320180294103,2.4565773441022611,2.3075046975271274,2.0287462485564527
332,2.5499999999999998,2.5499999999999998,2.5499999999999998,2.5499999999999998,2.5500000000000003,2.5499999999999998,2.5499999999999989,2.5499999999998857,2.5499999999944372,2.5499999997948741,2.5499999943159644,2.5499998815443248,2.5499981401864162,2.5499779431947247,2.5498016688635596,2.5486409007017099,2.5428504402746892,2.5208199741373578,2.456146946835426,2.3068634788126654,2.0280555984000306
333,2.5499999999999998,2.5499999999999998,2.5499999999999998,2.5499999999999998,2.5500000000000003,2.5499999999999998,2.549999999999998,2.5499999999998759,2.5499999999940335,2.5499999997822793,2.5499999940250038,2.5499998765665866,2.5499980772021127,2.5499773544292528,2.5497976077527369,2.5486202578301258,2.5427732115457533,2.5206074413204913,2.4557165528600802,2.3062231605929355,2.0273662494683715
334,2.5499999999999998,2.5499999999999998,2.5499999999999998,2.5499999999999998,2.5500000000000003,2.5499999999999998,2.5499999999999976,2.5499999999998657,2.5499999999936023,2.5499999997689917,2.5499999937209554,2.5499998714099483,2.5499980124598642,2.5499767533752546,2.5497934865277134,2.5485994149875175,2.5426955567847553,2.5203944226762749,2.4552861647617616,2.3055837401470209,2.0266781957915425
335,2.5499999999999998,2.5499999999999998,2.5499999999999998,2.5499999999999998,2.5500000000000003,2.5499999999999998,2.5499999999999972,2.549999999999855,2.5499999999931431,2.5499999997549772,2.5499999934033157,2.5499998660691374,2.5499979459219264,2.5499761398555121,2.5497893046903779,2.5485783715742998,2.5426174766763308,2.5201809212871247,2.4548557850959907,2.3049452147647616,2.0259914314445915
336,2.5499999999999998,2.5499999999999998,2.5499999999999998,2.5499999999999998,2.5499999999999998,2.5499999999999998,2.5499999999999967,2.5499999999998435,2.5499999999926533,2.549999999740201,2.5499999930715656,2.549999860538763,2.5499978775500258,2.5499755136916584,2.5497850617430955,2.5485571269983049,2.5425389719136042,2.5199669402205722,2.4544254163883403,2.3043075817468042,2.025305950547613
337,2.5499999999999998,2.5499999999999998,2.5499999999999998,2.5499999999999998,2.5499999999999994,2.5499999999999998,2.5499999999999967,2.5499999999998306,2.5499999999921323,2.5499999997246259,2.5499999927251684,2.5499998548133149,2.5499978073053522,2.5499748747041839,2.5497807571887727,2.5485356806748127,2.5424600431979019,2.5197524825291628,2.4539950611351711,2.3036708384045324,2.0246217472645429
338,2.5499999999999998,2.5499999999999998,2.5499999999999998,2.5499999999999998,2.5499999999999998,2.5499999999999998,2.5499999999999972,2.5499999999998164,2.5499999999915772,2.5499999997082137,2.5499999923635719,2.5499998488871607,2.5499977351485565,2.5499742227124425,2.5497763905309045,2.5485140320265449,2.5423806912385398,2.5195375512504392,2.4535647218041352,2.3030349820600353,2.0239388158023828
339,2.5499999999999998,2.5499999999999998,2.5499999999999998,2.5499999999999998,2.5499999999999998,2.5499999999999998,2.5499999999999972,2.5499999999998009,2.549999999990987,2.5499999996909257,2.5499999919862075,2.5499998427545463,2.5499976610397552,2.5499735575346674,2.5497719612735494,2.5484921804835858,2.5423009167529447,2.5193221494071185,2.4531344008338207,2.302400010046088,2.0232571504120997
340,2.5499999999999998,2.5499999999999998,2.5499999999999998,2.5499999999999998,2.5499999999999998,2.5499999999999998,2.5499999999999972,2.5499999999997844,2.5499999999903591,2.5499999996727207,2.5499999915924891,2.5499998364095919,2.5499975849385228,2.5499728789879761,2.5497674689214,2.5484701254834041,2.5422207204663247,2.5191062800069997,2.4527041006345609,2.3017659197061402,2.0225767453872177
341,2.5499999999999998,2.5499999999999998,2.5499999999999998,2.5499999999999998,2.5499999999999998,2.5499999999999998,2.5499999999999958,2.5499999999997671,2.5499999999896912,2.5499999996535561,2.5499999911818128,2.5499998298462923,2.5499975068038885,2.5499721868883807,2.5497629129798312,2.548447866470851,2.542140103111469,2.5188899460429504,2.452273823588909,2.3011327083943041,2.0218975950630935
342,2.5499999999999998,2.5499999999999998,2.5499999999999998,2.5499999999999998,2.5499999999999994,2.5499999999999998,2.5499999999999945,2.5499999999997489,2.5499999999889811,2.5499999996333877,2.5499999907535558,2.5499998230585144,2.5499974265943388,2.5499714810508052,2.549758292954893,2.5484254028980717,2.5420590654287643,2.5186731504930719,2.4518435720515415,2.3005003734752654,2.0212196938173235
343,2.5499999999999998,2.5499999999999998,2.5499999999999998,2.5499999999999998,2.5499999999999994,2.5499999999999998,2.549999999999994,2.5499999999997289,2.5499999999882266,2.5499999996121683,2.5499999903070765,2.5499998160399966,2.5499973442678128,2.5499707612890901,2.5497536083533641,2.5484027342245326,2.5419776081659635,2.5184558963206247,2.4514133483498242,2.2998689123243072,2.020543036068827
344,2.5499999999999998,2.5499999999999998,2.5499999999999998,2.5499999999999994,2.5499999999999994,2.5499999999999998,2.5499999999999936,2.5499999999997072,2.549999999987425,2.5499999995898501,2.5499999898417158,2.5499998087843463,2.5499972597816991,2.5499700274159975,2.5497488586827912,2.5483798599170102,2.5418957320780238,2.5182381864740284,2.4509831547841991,2.2992383223272985,2.0198676162772968
345,2.5499999999999998,2.5499999999999998,2.5499999999999998,2.5499999999999994,2.5499999999999994,2.5499999999999998,2.549999999999994,2.5499999999996841,2.5499999999865737,2.5499999995663836,2.5499999893567935,2.5499998012850362,2.549997173092839,2.5499692792432365,2.5497440434515015,2.5483567794495126,2.5418134379270345,2.5180200238870003,2.4505529936283001,2.2986086008806157,2.0191934289430868
346,2.5499999999999998,2.5499999999999998,2.5499999999999998,2.5499999999999994,2.5499999999999994,2.5499999999999998,2.5499999999999936,2.5499999999996592,2.5499999999856704,2.5499999995417171,2.5499999888516105,2.5499997935354051,2.5499970841575212,2.5499685165814636,2.549739162168648,2.5483334923032936,2.5417307264820299,2.5178014114785068,2.450122867129414,2.2979797453911455,2.0185204686065825
347,2.5499999999999998,2.5499999999999998,2.5499999999999998,2.5499999999999998,2.5499999999999998,2.5499999999999998,2.5499999999999932,2.5499999999996326,2.5499999999847112,2.5499999995157965,2.5499999883254465,2.5499997855286569,2.5499969929314776,2.5499677392402904,2.5497342143442419,2.5483099979668431,2.5416475985188316,2.5175823521527656,2.4496927775088411,2.2973517532762662,2.0178487298477181
348,2.5499999999999998,2.5499999999999998,2.5499999999999998,2.5500000000000007,2.5500000000000007,2.5499999999999998,2.5499999999999923,2.5499999999996041,2.5499999999836942,2.5499999994885663,2.5499999877775621,2.5499997772578573,2.5499968993698885,2.5499669470283068,2.5497291994891609,2.5482862959358075,2.5415640548200167,2.5173628487993867,2.4492627269619325,2.2967246219637958,2.017178207285927
349,2.5499999999999998,2.5499999999999998,2.5499999999999998,2.5500000000000007,2.5500000000000007,2.5499999999999998,2.5499999999999914,2.5499999999995735,2.549999999982616,2.5499999994599687,2.5499999872071961,2.5499997687159306,2.5499968034273741,2.5499661397530842,2.5497241171151992,2.5482623857130045,2.5414800961746931,2.517142904293324,2.4488327176586222,2.2960983488919786,2.0165088955794097
350,2.5499999999999998,2.5499999999999998,2.5499999999999998,2.5500000000000003,2.5500000000000003,2.5499999999999998,2.5499999999999909,2.5499999999995406,2.5499999999814733,2.5499999994299434,2.5499999866135656,2.5499997598956625,2.5499967050579957,2.5499653172211834,2.5497189667351057,2.5482382668084056,2.5413957233783386,2.5169225214948834,2.4484027517438132,2.2954729315094617,2.0158407894246131
351,2.5499999999999998,2.5499999999999998,2.5499999999999998,2.5499999999999994,2.5499999999999994,2.5499999999999998,2.5499999999999905,2.5499999999995047,2.5499999999802627,2.5499999993984277,2.5499999859958655,2.5499997507896954,2.5499966042152584,2.5499644792381742,2.5497137478625747,2.5482139387390657,2.5413109372328266,2.5167017032498631,2.447972831337268,2.294848367275232,2.0151738835564519
352,2.5499999999999998,2.5499999999999998,2.5499999999999998,2.5499999999999989,2.5499999999999994,2.5499999999999998,2.5499999999999901,2.5499999999994669,2.5499999999789797,2.5499999993653568,2.5499999853532684,2.5499997413905264,2.5499965008521048,2.5499636256086404,2.5497084600123037,2.5481894010291253,2.5412257385461774,2.5164804523895135,2.4475429585342021,2.2942246536586151,2.014508172747445
353,2.5499999999999998,2.5499999999999998,2.5499999999999998,2.5499999999999994,2.5499999999999994,2.5499999999999994,2.5499999999999892,2.5499999999994269,2.5499999999776208,2.5499999993306632,2.5499999846849235,2.5499997316905074,2.5499963949209121,2.5499627561361917,2.5497031027000312,2.5481646532097981,2.5411401281323909,2.5162587717305489,2.4471131354056719,2.2936017881392554,2.0138436518071758
354,2.5499999999999998,2.5499999999999998,2.5499999999999998,2.5500000000000003,2.5500000000000003,2.5499999999999994,2.5499999999999887,2.5499999999993843,2.549999999976182,2.5499999992942781,2.5499999839899572,2.549999721681842,2.549996286373498,2.5499618706234788,2.5496976754425247,2.5481396948192967,2.5410541068114871,2.5160366640752834,2.4466833639984498,2.292979768207029,2.013180315582547
355,2.5499999999999998,2.5499999999999998,2.5499999999999998,2.5500000000000003,2.5500000000000003,2.5499999999999994,2.5499999999999874,2.5499999999993386,2.5499999999746596,2.5499999992561304,2.5499999832674711,2.5499997113565853,2.5499961751611155,2.5499609688722011,2.5496921777576378,2.5481145254028363,2.540967675409266,2.5158141322115988,2.4462536463355851,2.2923585913620514,2.0125181589569801
356,2.5499999999999998,2.5499999999999998,2.5499999999999998,2.5500000000000003,2.5500000000000003,2.5499999999999998,2.5499999999999856,2.5499999999992893,2.5499999999730494,2.5499999992161446,2.5499999825165438,2.5499997007066408,2.5499960612344483,2.5499600506831173,2.549686609164342,2.548089144512617,2.5408808347571519,2.5155911789129637,2.4458239844167635,2.2917382551146637,2.01185717684992
357,2.5499999999999998,2.5499999999999998,2.5499999999999998,2.5499999999999998,2.5499999999999994,2.5499999999999998,2.5499999999999838,2.5499999999992369,2.5499999999713463,2.5499999991742439,2.549999981736228,2.5499996897237596,2.5499959445436171,2.5499591158560628,2.5496809691827247,2.5480635517077519,2.5407935856922053,2.5153678069385577,2.4453943802182581,2.2911187569853455,2.011197364216931
358,2.5499999999999998,2.5499999999999998,2.5499999999999998,2.5499999999999998,2.5499999999999994,2.5500000000000003,2.5499999999999821,2.5499999999991809,2.5499999999695455,2.5499999991303475,2.5499999809255529,2.5499996783995393,2.5499958250381733,2.5499581641899569,2.5496752573340347,2.5480377465542681,2.5407059290569127,2.5151440190332526,2.4449648356934164,2.2905000945047149,2.0105387160490369
359,2.5499999999999998,2.5499999999999998,2.5499999999999998,2.5499999999999998,2.5499999999999994,2.5499999999999998,2.5499999999999807,2.549999999999121,2.5499999999676426,2.5499999990843718,2.5499999800835198,2.5499996667254208,2.5499957026670983,2.5499571954828122,2.5496694731407183,2.548011728625085,2.5406178656990392,2.5149198179276366,2.4445353527729932,2.2898822652135054,2.0098812273722788
360,2.5499999999999998,2.5499999999999998,2.5499999999999994,2.5500000000000003,2.5500000000000003,2.5499999999999998,2.5499999999999798,2.549999999999057,2.5499999999656322,2.5499999990362325,2.5499999792091059,2.5499996546926873,2.5499955773788048,2.5499562095317514,2.5496636161264266,2.5479854974999609,2.5405293964715785,2.5146952063381014,2.4441059333652539,2.289265266662512,2.0092248932475667
361,2.5499999999999998,2.5499999999999998,2.5499999999999998,2.5499999999999998,2.5499999999999998,2.5499999999999994,2.5499999999999781,2.5499999999989891,2.549999999963509,2.5499999989858391,2.5499999783012539,2.5499996422924367,2.5499954491209804,2.5499552061323483,2.5496576858141742,2.5479590527624278,2.5404405222309232,2.5144701869695405,2.4436765793612696,2.2886490964145709,2.0085697132388267
362,2.5499999999999998,2.5499999999999998,2.5499999999999998,2.5499999999999998,2.5499999999999998,2.5499999999999994,2.5499999999999763,2.5499999999989167,2.5499999999612664,2.5499999989331013,2.5499999773588935,2.5499996295156855,2.5499953178412196,2.5499541850813503,2.5496516817339216,2.5479323940120393,2.540351243843586,2.5142447625041728,2.4432472926142976,2.2880337520369864,2.0079156816609403
363,2.5499999999999998,2.5499999999999998,2.5499999999999998,2.5499999999999998,2.5499999999999998,2.5499999999999998,2.5499999999999745,2.5499999999988394,2.5499999999588989,2.5499999988779249,2.5499999763809154,2.5499996163532042,2.5499951834860419,2.5499531461725256,2.5496456034110744,2.5479055208457733,2.5402615621760805,2.5140189356194513,2.4428180749723518,2.2874192311118713,2.0072627924059261
364,2.5499999999999998,2.5499999999999998,2.5499999999999994,2.5499999999999998,2.5499999999999998,2.5499999999999994,2.5499999999999723,2.5499999999987564,2.5499999999564005,2.5499999988202093,2.5499999753661857,2.5499996027956344,2.5499950460015901,2.5499520891995746,2.5496394503743698,2.5478784328703648,2.5401714781010178,2.513792708975473,2.4423889282566544,2.2868055312298945,2.0066110401849793
365,2.5499999999999998,2.5499999999999998,2.5499999999999998,2.5499999999999998,2.5499999999999998,2.5499999999999989,2.5499999999999701,2.5499999999986689,2.5499999999537648,2.5499999987598536,2.5499999743135375,2.5499995888334346,2.5499949053333806,2.549951013955297,2.5496332221540463,2.5478511296999438,2.5400809924960601,2.5135660852167496,2.4419598542649754,2.2861926499927909,2.005960419979731
366,2.5499999999999998,2.5499999999999998,2.5499999999999998,2.5499999999999998,2.5499999999999998,2.5499999999999989,2.5499999999999678,2.5499999999985756,2.5499999999509848,2.549999998696753,2.5499999732217802,2.5499995744569168,2.5499947614264231,2.5499499202317537,2.5496269182814513,2.5478236109543522,2.5399901062429251,2.5133390669760622,2.4415308547771666,2.2855805850105737,2.0053109268655582
367,2.5499999999999998,2.5499999999999998,2.5499999999999998,2.5499999999999998,2.5499999999999998,2.5499999999999989,2.5499999999999656,2.5499999999984757,2.5499999999480543,2.5499999986307995,2.5499999720896924,2.5499995596562264,2.5499946142251599,2.5499488078201962,2.5496205382892949,2.5477958762600168,2.5398988202277661,2.5131116568723977,2.4411019315524665,2.284969333903117,2.0046625559988955
368,2.5499999999999998,2.5499999999999998,2.5500000000000003,2.5499999999999998,2.5499999999999998,2.5499999999999989,2.5499999999999621,2.54999999999837,2.5499999999449656,2.5499999985618813,2.5499999709160237,2.5499995444213388,2.5499944636734595,2.5499476765110809,2.5496140817116841,2.5477679252499574,2.5398071353410807,2.5128838575108881,2.4406730863295993,2.284358894300313,2.0040153026039151
369,2.5499999999999998,2.5499999999999998,2.5500000000000003,2.5499999999999998,2.5499999999999998,2.5499999999999989,2.5499999999999594,2.5499999999982572,2.5499999999417104,2.5499999984898811,2.5499999696994879,2.549999528742033,2.5499943097145352,2.5499465260939713,2.5496075480843534,2.547739757564687,2.539715052478198,2.5126556714808679,2.4402443208241196,2.2837492638436618,2.0033691619640455
370,2.5499999999999998,2.5499999999999998,2.5499999999999998,2.5499999999999998,2.5499999999999998,2.549999999999998,2.5499999999999563,2.5499999999981382,2.5499999999382807,2.5499999984146808,2.549999968438772,2.5499995126079407,2.5499941522911187,2.5499453563577803,2.5496009369442434,2.5477113728501939,2.5396225725379344,2.5124271013601422,2.439815636734747,2.2831404401832183,2.0027241294016744
371,2.5499999999999998,2.5499999999999998,2.5499999999999994,2.5499999999999998,2.5499999999999998,2.549999999999998,2.5499999999999527,2.5499999999980107,2.5499999999346694,2.5499999983361556,2.5499999671325275,2.5499994960085046,2.5499939913453131,2.5499441670905942,2.5495942478299112,2.5476827707595686,2.5395296964234735,2.5121981497115216,2.4393870357386094,2.2825324209803681,2.0020802002799392
372,2.5499999999999998,2.5499999999999998,2.5499999999999998,2.5499999999999998,2.5499999999999998,2.5499999999999994,2.5499999999999488,2.5499999999978753,2.5499999999308671,2.5499999982541781,2.5499999657793739,2.5499994789329929,2.5499938268186511,2.5499429580797388,2.5495874802813603,2.5476539509523706,2.5394364250420605,2.511968819084164,2.4389585194930232,2.2819252039066309,2.0014373700087993
373,2.5499999999999998,2.5499999999999998,2.5500000000000003,2.5499999999999998,2.5499999999999998,2.5499999999999989,2.5499999999999452,2.5499999999977314,2.5499999999268654,2.5499999981686177,2.5499999643778994,2.5499994613704917,2.5499936586520922,2.5499417291118207,2.5495806338401157,2.5476249130944875,2.5393427593046192,2.5117391120138013,2.4385300896363957,2.2813187866438156,2.0007956340258217
374,2.5499999999999998,2.5499999999999998,2.5500000000000003,2.5499999999999998,2.5499999999999998,2.5499999999999989,2.5499999999999412,2.5499999999975791,2.5499999999226541,2.5499999980793384,2.5499999629266559,2.5499994433099133,2.5499934867860308,2.5499404799727352,2.5495737080492153,2.5475956568581397,2.5392487001257789,2.5115090310227388,2.4381017477881577,2.2807131668836642,2.0001549878072145
375,2.5499999999999998,2.5499999999999998,2.5499999999999998,2.5499999999999998,2.5499999999999998,2.5499999999999989,2.5499999999999363,2.5499999999974166,2.5499999999182243,2.5499999979862005,2.5499999614241635,2.5499994247399904,2.549993311160287,2.549939210447655,2.5495667024532165,2.5475661819219111,2.539154248423896,2.5112785786197813,2.4376734955486694,2.2801083423280137,1.9995154268637774
376,2.5499999999999998,2.5499999999999998,2.5500000000000003,2.5499999999999998,2.5499999999999998,2.5499999999999985,2.5499999999999314,2.5499999999972447,2.5499999999135654,2.5499999978890582,2.5499999598689058,2.5499994056492681,2.5499931317141096,2.5499379203210717,2.5495596165982577,2.5475364879706257,2.5390594051207347,2.5110477573004233,2.4372453344999481,2.2795043106883259,1.9988769467391474
377,2.5499999999999998,2.5499999999999998,2.5499999999999998,2.5499999999999998,2.5499999999999998,2.5499999999999985,2.5499999999999261,2.5499999999970626,2.5499999999086671,2.5499999977877623,2.5499999582593311,2.5499993860261068,2.5499929483861705,2.5499366093768092,2.5495524500321136,2.5475065746953747,2.5389641711413766,2.510816569546757,2.4368172662057463,2.2789010696855838,1.9982395430080655
378,2.5499999999999998,2.5499999999999998,2.5499999999999998,2.5499999999999998,2.5499999999999998,2.5499999999999985,2.5499999999999203,2.549999999996869,2.5499999999035183,2.5499999976821606,2.5499999565938527,2.5499993658586866,2.5499927611145732,2.5499352773979749,2.5495452023040692,2.547476441793572,2.5388685474145958,2.5105850178274598,2.4363892922108796,2.2782986170507993,1.9976032112805326
379,2.5499999999999998,2.5499999999999998,2.5499999999999998,2.5499999999999998,2.5499999999999998,2.549999999999998,2.5499999999999146,2.5499999999966643,2.549999999898108,2.5499999975720931,2.5499999548708505,2.5499993451350043,2.549992569836848,2.5499339241669903,2.5495378729649842,2.5474460889688979,2.5387725348726313,2.5103531045978573,2.4359614140416852,2.2776969505247218,1.9969679471994877
380,2.5499999999999998,2.5499999999999998,2.5499999999999998,2.5499999999999998,2.5499999999999998,2.549999999999998,2.5499999999999079,2.5499999999964471,2.5499999998924245,2.5499999974573972,2.5499999530886583,2.5499993238428504,2.5499923744899506,2.5499325494657548,2.5495304615675991,2.5474155159309237,2.5386761344499296,2.5101208323003914,2.4355336332086348,2.2770960678563181,1.9963337464286821
381,2.5499999999999998,2.5499999999999998,2.5499999999999998,2.5499999999999998,2.5499999999999998,2.549999999999998,2.5499999999999008,2.5499999999962166,2.5499999998864551,2.5499999973379048,2.5499999512455842,2.5499993019698515,2.5499921750102659,2.5499311530753421,2.5495229676659781,2.547384722395817,2.5385793470854563,2.5098882033637162,2.4351059512014896,2.2764959668055433,1.9957006046749712
382,2.5499999999999998,2.5499999999999998,2.5500000000000003,2.5499999999999998,2.5499999999999998,2.5499999999999976,2.5499999999998932,2.5499999999959733,2.5499999998801877,2.5499999972134431,2.5499999493398899,2.5499992795034268,2.5499919713336081,2.5499297347763101,2.5495153908160453,2.5473537080855739,2.5384821737203773,2.5096552202037419,2.4346783694942817,2.2758966451406768,1.995068517667751
383,2.5499999999999998,2.5499999999999998,2.5500000000000003,2.5499999999999998,2.5499999999999998,2.5499999999999976,2.5499999999998857,2.5499999999957148,2.549999999873608,2.5499999970838321,2.5499999473697978,2.5499992564307954,2.5499917633952189,2.5499282943486534,2.5495077305754998,2.5473224727281214,2.5383846152983951,2.5094218852234977,2.4342508895445993,2.2752981006387283,1.9944374811622414
384,2.5499999999999998,2.5499999999999998,2.5500000000000003,2.5499999999999998,2.5499999999999998,2.5499999999999972,2.5499999999998781,2.5499999999954412,2.5499999998667029,2.5499999969488898,2.5499999453334987,2.5499992327390064,2.5499915511297671,2.549926831571582,2.5494999865034664,2.5472910160579381,2.5382866727674056,2.5091882008122344,2.4338235127899024,2.2747003310871974,1.9938074909518197
385,2.5499999999999998,2.5499999999999998,2.5500000000000003,2.5499999999999998,2.5499999999999998,2.5499999999999967,2.5499999999998693,2.5499999999951521,2.5499999998594585,2.5499999968084257,2.5499999432291323,2.5499992084148833,2.5499913344713616,2.5499253462239602,2.5494921581611423,2.5472593378147912,2.538188347076328,2.5089541693472999,2.4333962406547038,2.2741033342809542,1.9931785428482227
386,2.5499999999999998,2.5499999999999998,2.5500000000000003,2.5499999999999998,2.5499999999999998,2.5499999999999967,2.5499999999998595,2.5499999999948462,2.5499999998518597,2.5499999966622449,2.5499999410548067,2.5499991834450721,2.5499911133535345,2.5499238380838989,2.5494842451112185,2.5472274377449295,2.5380896391779957,2.5087197931923453,2.4329690745439505,2.273507108024948,1.9925506326975342
387,2.5499999999999998,2.5499999999999998,2.5499999999999998,2.5499999999999998,2.5499999999999998,2.5499999999999967,2.5499999999998484,2.5499999999945224,2.5499999998438914,2.549999996510147,2.5499999388085874,2.5499991578160226,2.5499908877092485,2.5499223069289383,2.5494762469181342,2.5471953156005469,2.5379905500278901,2.5084850746981338,2.4325420158459425,2.2729116501330857,1.9919237563738348
388,2.5499999999999998,2.5499999999999998,2.5499999999999994,2.5499999999999998,2.5499999999999998,2.5499999999999967,2.5499999999998368,2.54999999999418,2.5499999998355372,2.5499999963519255,2.5499999364884918,2.5499991315139647,2.5499906574709144,2.5499207525362406,2.5494681631483243,2.5471629711391959,2.537891080582813,2.5082500162034367,2.4321150659354021,2.2723169584272247,1.9912979097738022
389,2.5499999999999998,2.5499999999999998,2.5499999999999994,2.5499999999999998,2.5499999999999998,2.5499999999999963,2.5499999999998257,2.5499999999938185,2.549999999826781,2.5499999961873683,2.5499999340925013,2.5499991045249444,2.5499904225703629,2.5499191746822727,2.5494599933698101,2.5471304041247462,2.5377912318030513,2.5080146200335705,2.4316882261684589,2.2717230307388014,1.9906730888254343
390,2.5499999999999998,2.5499999999999998,2.5500000000000003,2.5499999999999998,2.5499999999999998,2.5499999999999954,2.5499999999998146,2.5499999999934366,2.5499999998176053,2.5499999960162563,2.5499999316185518,2.5499990768348004,2.5499901829388656,2.5499175731430137,2.5494517371524581,2.5470976143267672,2.5376910046510091,2.507778888501337,2.4312614978858211,2.2711298649079392,1.9900492894827306
391,2.5499999999999998,2.5499999999999998,2.5500000000000003,2.5499999999999998,2.5499999999999998,2.5499999999999954,2.5499999999998018,2.549999999993033,2.549999999807993,2.5499999958383657,2.5499999290645365,2.5499990484291688,2.5499899385071294,2.5499159476939215,2.5494433940679428,2.5470646015206211,2.5375904000914113,2.5075428239068831,2.4308348824122987,2.2705374587835618,1.9894265077264777
392,2.5499999999999998,2.5499999999999998,2.5499999999999998,2.5499999999999998,2.5499999999999994,2.5499999999999949,2.5499999999997871,2.5499999999926066,2.5499999997979259,2.5499999956534642,2.5499999264283035,2.5499990192934789,2.5499896892052987,2.5499142981099578,2.5494349636897824,2.5470313654873862,2.5374894190911079,2.5073064285378153,2.4304083810572652,2.2699458102231103,1.9888047395633537
393,2.5499999999999998,2.5499999999999998,2.5499999999999998,2.5499999999999998,2.5499999999999989,2.5499999999999945,2.5499999999997716,2.5499999999921568,2.5499999997873837,2.5499999954613153,2.5499999237076567,2.5499989894129529,2.5499894349629573,2.5499126241656009,2.5494264455933395,2.5469979060138241,2.5373880626190659,2.5070697046692483,2.4299819951146682,2.2693549170928118,1.9881839810259792
394,2.5499999999999998,2.5499999999999998,2.5499999999999998,2.5499999999999998,2.5499999999999989,2.549999999999994,2.5499999999997556,2.5499999999916816,2.5499999997763476,2.5499999952616736,2.5499999209003539,2.5499989587726031,2.5499891757091304,2.5499109256348573,2.5494178393558395,2.5469642228923441,2.5372863316462722,2.5068326545638593,2.4295557258632519,2.2687647772675428,1.987564228172527
395,2.5499999999999998,2.5499999999999998,2.5500000000000003,2.5499999999999998,2.5499999999999994,2.5499999999999936,2.5499999999997387,2.5499999999911802,2.5499999997647969,2.5499999950542884,2.5499999180041075,2.5499989273572345,2.549988911372282,2.5499092022912571,2.5494091445563751,2.5469303159210162,2.5371842271457208,2.5065952804718692,2.4291295745665926,2.2681753886306932,1.9869454770867301
396,2.5499999999999998,2.5499999999999998,2.5500000000000003,2.5499999999999998,2.5499999999999994,2.5499999999999932,2.5499999999997209,2.5499999999906513,2.5499999997527101,2.5499999948389016,2.5499999150165817,2.5499988951514423,2.549988641880319,2.5499074539078759,2.5494003607759126,2.5468961849034968,2.5370817500923506,2.5063575846311554,2.4287035424732486,2.2675867490743173,1.9863277238777457
397,2.5499999999999998,2.5499999999999998,2.5500000000000003,2.5499999999999998,2.5499999999999998,2.5499999999999927,2.5499999999997018,2.5499999999900931,2.549999999740066,2.5499999946152476,2.5499999119353931,2.549998862139609,2.5499883671605947,2.5499056802573463,2.5493914875973087,2.5468618296490018,2.5369789014629576,2.5061195692672951,2.4282776308169574,2.2669988564990344,1.9857109646797837
398,2.5499999999999998,2.5499999999999998,2.5500000000000003,2.5499999999999998,2.5499999999999998,2.5499999999999927,2.5499999999996814,2.5499999999895047,2.5499999997268428,2.5499999943830542,2.5499999087581111,2.5499988283059034,2.5499880871399041,2.5499038811118782,2.5493825246053499,2.5468272499722495,2.5368756822360163,2.5058812365936429,2.4278518408170404,2.266411708813874,1.98509519565121
399,2.5499999999999998,2.5499999999999998,2.5499999999999994,2.5499999999999998,2.5499999999999998,2.5499999999999923,2.5499999999996592,2.5499999999888843,2.5499999997130156,2.5499999941420417,2.5499999054822569,2.5499987936342809,2.5499878017444919,2.5499020562432571,2.5493734713867209,2.5467924456934568,2.5367720933917894,2.5056425888113516,2.4274261736781746,2.2658253039363814,1.9844804129754565
400,2.5499999999999998,2.5500000000000003,2.5499999999999994,2.5500000000000003,2.5499999999999998,2.5499999999999918,2.5499999999996361,2.549999999988231,2.5499999996985601,2.5499999938919231,2.5499999021053026,2.5499987581084804,2.5499875109000518,2.5499002054228592,2.5493643275300304,2.5467574166382896,2.5366681359122016,2.5054036281094363,2.4270006305906793,2.2652396397925432,1.9838666128604023
401,2.5499999999999998,2.5500000000000003,2.5499999999999994,2.5500000000000003,2.5499999999999994,2.5499999999999905,2.5499999999996117,2.5499999999875436,2.5499999996834508,2.5499999936324036,2.5499998986246704,2.5499987217120252,2.5499872145317246,2.549898328421671,2.549355092625849,2.5467221626378183,2.5365638107806747,2.5051643566648445,2.4265752127308735,2.2646547143167264,1.9832537915374642
402,2.5499999999999998,2.5500000000000003,2.5499999999999998,2.5500000000000003,2.5499999999999994,2.5499999999999887,2.549999999999585,2.5499999999868193,2.5499999996676621,2.5499999933631794,2.5499998950377303,2.5499986844282203,2.5499869125641044,2.549896425010294,2.549345766266685,2.5466866835284838,2.5364591189821826,2.504924776642512,2.4261499212609907,2.2640705254516602,1.9826419452622244
403,2.5499999999999998,2.5500000000000003,2.5500000000000003,2.5499999999999998,2.5499999999999989,2.5499999999999878,2.5499999999995575,2.5499999999860568,2.5499999996511682,2.5499999930839405,2.5499998913418018,2.549998646240152,2.5499866049212376,2.5498944949589579,2.5493363480470066,2.54665097915206,2.5363540615031432,2.504684890195418,2.425724757329407,2.2634870711483965,1.9820310703139465
404,2.5499999999999998,2.5499999999999998,2.5500000000000003,2.5499999999999998,2.5499999999999994,2.5499999999999874,2.5499999999995282,2.5499999999852534,2.5499999996339402,2.5499999927943668,2.549999887534153,2.549998607130687,2.5499862915266256,2.549892538037533,2.5493268375632674,2.5466150493556303,2.5362486393313266,2.5044446994646177,2.4252997220708563,2.2629043493662864,1.9814211629951304
405,2.5499999999999998,2.5499999999999994,2.5500000000000003,2.5499999999999994,2.5499999999999998,2.5499999999999869,2.5499999999994971,2.5499999999844079,2.5499999996159506,2.5499999924941319,2.5499998836119993,2.5499985670824694,2.5499859723032272,2.5498905540155459,2.5493172344138979,2.5465788939915286,2.5361428534558281,2.5042042065793404,2.4248748166065037,2.2623223580729457,1.9808122196315112
406,2.5499999999999998,2.5499999999999989,2.5500000000000003,2.5499999999999989,2.5499999999999998,2.5499999999999865,2.5499999999994638,2.5499999999835183,2.5499999995971687,2.5499999921828995,2.5499998795725034,2.5499985260779208,2.5499856471734614,2.5498885426621887,2.5493075381993235,2.5465425129173078,2.5360367048669912,2.5039634136570297,2.4244500420441293,2.2617410952442203,1.9802042365717698
407,2.5499999999999998,2.5499999999999994,2.5499999999999998,2.5499999999999994,2.5499999999999998,2.5499999999999856,2.5499999999994283,2.5499999999825826,2.549999999577564,2.5499999918603256,2.5499998754127731,2.5499984840992389,2.5499853160592054,2.5498865037463285,2.549297748521981,2.5465059059957174,2.5359301945563208,2.5037223228033834,2.424025399478313,2.2611605588641339,1.9795972101873007
408,2.5499999999999998,2.5499999999999998,2.5499999999999998,2.5499999999999998,2.5499999999999998,2.5499999999999843,2.5499999999993905,2.549999999981599,2.5499999995571052,2.5499999915260565,2.549999871129863,2.5499984411283974,2.5499849788817994,2.5498844370365217,2.5492878649863129,2.5464690730946504,2.535823323516476,2.5034809361124313,2.4236008899904813,2.2605807469248931,1.9789911368721032
409,2.5499999999999998,2.5500000000000003,2.5499999999999994,2.5500000000000003,2.5499999999999998,2.5499999999999829,2.549999999999351,2.5499999999805647,2.5499999995357592,2.5499999911797291,2.5499998667207708,2.5499983971471436,2.5499846355620499,2.5498823423010237,2.5492778871987816,2.5464320140871117,2.5357160927411853,2.5032392556665868,2.4231765146490969,2.2600016574268418,1.9783860130425193
410,2.5499999999999998,2.5499999999999998,2.5499999999999994,2.5500000000000003,2.5499999999999994,2.5499999999999812,2.5499999999993097,2.5499999999794771,2.5499999995134925,2.5499999908209725,2.5499998621824393,2.5499983521369978,2.5499842860202269,2.5498802193078052,2.5492678147678958,2.5463947288511801,2.5356085032251365,2.5029972835367018,2.4227522745098997,2.259423288378402,1.9777818351368792
411,2.5499999999999998,2.5499999999999989,2.5500000000000003,2.5499999999999998,2.5499999999999994,2.5499999999999798,2.5499999999992657,2.5499999999783345,2.5499999994902702,2.5499999904494053,2.549999857511756,2.5499983060792526,2.5499839301760705,2.5498780678245572,2.5492576473041915,2.5463572172699784,2.535500555964012,2.5027550217821166,2.4223281706158568,2.2588456377960631,1.9771785996156375
412,2.5499999999999998,2.5499999999999989,2.5500000000000003,2.5499999999999998,2.5499999999999994,2.5499999999999781,2.5499999999992191,2.5499999999771341,2.5499999994660563,2.549999990064638,2.5499998527055499,2.5499982589549721,2.5499835679487917,2.5498758876187062,2.5492473844202501,2.5463194792316335,2.5353922519543968,2.5025124724507206,2.4219042039973711,2.2582687037043443,1.976576302961053
413,2.5499999999999998,2.5499999999999994,2.5500000000000003,2.5499999999999998,2.5499999999999994,2.5499999999999763,2.5499999999991689,2.5499999999758733,2.5499999994408133,2.54999998966627,2.5499998477605925,2.549998210744989,2.5499831992570718,2.5498736784574287,2.5492370257307253,2.5462815146292321,2.535283592193657,2.5022696375790159,2.4214803756725507,2.2576924841357657,1.9759749416767229
414,2.5499999999999998,2.5499999999999998,2.5500000000000003,2.5499999999999998,2.5499999999999994,2.549999999999975,2.5499999999991156,2.54999999997455,2.5499999994145033,2.5499999892538914,2.5499998426735973,2.5499981614299063,2.5499828240190689,2.5498714401076548,2.5492265708523223,2.5462433233607955,2.5351745776799848,2.5020265191921633,2.4210566866471357,2.2571169771307917,1.9753745122878157
415,2.5499999999999998,2.5500000000000003,2.5499999999999998,2.5499999999999998,2.5499999999999994,2.5499999999999732,2.5499999999990601,2.5499999999731604,2.5499999993870865,2.5499999888270826,2.5499998374412178,2.5499981109900949,2.5499824421524204,2.5498691723360842,2.5492160194038149,2.5462049053292404,2.5350652094123109,2.5017831193040405,2.4206331379147006,2.256542180737807,1.9747750113407434
416,2.5499999999999998,2.5500000000000003,2.5499999999999994,2.5499999999999994,2.5499999999999989,2.5499999999999714,2.5499999999990015,2.5499999999717025,2.5499999993585223,2.5499999883854128,2.5499998320600477,2.5499980594056915,2.5499820535742383,2.5498668749091995,2.5492053710060709,2.5461662604423365,2.5349554883901919,2.5015394399173023,2.4202097304568984,2.2559680930131005,1.9741764354027667
417,2.5499999999999994,2.5500000000000003,2.5499999999999994,2.5499999999999994,2.5499999999999989,2.5499999999999696,2.5499999999989398,2.5499999999701726,2.5499999993287692,2.5499999879284414,2.5499998265266219,2.5499980066565997,2.5499816582011197,2.5498645475932733,2.5491946252820314,2.5461273886126756,2.53484541561384,2.501295483023434,2.419786465243428,2.2553947120208102,1.9735787810620904
418,2.5499999999999994,2.5500000000000003,2.5499999999999994,2.5499999999999994,2.5499999999999989,2.5499999999999674,2.5499999999988741,2.5499999999685672,2.5499999992977824,2.5499999874557169,2.5499998208374137,2.5499979527224887,2.5499812559491448,2.5498621901543803,2.5491837818567302,2.546088289757634,2.5347349920840405,2.5010512506028073,2.4193633432322197,2.2548220358328934,1.9729820449275903
419,2.5499999999999989,2.5499999999999998,2.5499999999999994,2.5499999999999998,2.5499999999999994,2.5499999999999647,2.5499999999988043,2.5499999999668832,2.5499999992655185,2.5499999869667769,2.5499998149888343,2.5499978975827902,2.54998084673388,2.5498598023584123,2.5491728403573122,2.5460489637993358,2.53462421880206,2.5008067446247382,2.4189403653696382,2.254250062529096,1.9723862236285317
420,2.5499999999999989,2.5499999999999998,2.5499999999999998,2.5499999999999998,2.5499999999999994,2.5499999999999625,2.5499999999987302,2.5499999999651179,2.5499999992319307,2.5499999864611476,2.5499998089772311,2.549997841216701,2.5499804304703786,2.5498573839710863,2.5491618004130245,2.5460094106646185,2.534513096769639,2.5005619670475423,2.4185175325905299,2.253678790196918,1.9717913138144962
421,2.5499999999999998,2.5499999999999998,2.5499999999999998,2.5499999999999998,2.5499999999999994,2.5499999999999603,2.5499999999986525,2.549999999963267,2.5499999991969711,2.5499999859383458,2.5499998027988768,2.5499977836030929,2.5499800070728225,2.5498549347568451,2.5491506616529884,2.5459696302825425,2.53440162698897,2.5003169198225375,2.4180948458228344,2.2531082169320156,1.9711973151434317
422,2.5499999999999998,2.5499999999999998,2.5499999999999998,2.5499999999999998,2.5499999999999985,2.5499999999999572,2.5499999999985699,2.5499999999613268,2.5499999991605926,2.5499999853978768,2.5499997964500198,2.5499977247208587,2.5499795764559865,2.5498524544833212,2.5491394237151765,2.5459296225942145,2.5342898104625262,2.5000716048780927,2.4176723059694814,2.2525383408366406,1.9706042237660699
423,2.5499999999999998,2.5499999999999998,2.5499999999999998,2.5499999999999998,2.5499999999999985,2.5499999999999541,2.5499999999984841,2.5499999999592946,2.5499999991227433,2.5499999848392312,2.5499997899268032,2.5499976645483877,2.5499791385330339,2.5498499429146753,2.5491280862330283,2.5458893875380464,2.5341776481931113,2.4998260241434496,2.4172499139357471,2.2519691600220506,1.9700120355396895
424,2.5499999999999998,2.5499999999999998,2.5499999999999998,2.5499999999999998,2.5499999999999985,2.5499999999999514,2.5499999999983918,2.5499999999571648,2.5499999990833708,2.5499999842618917,2.5499997832253203,2.5499976030639178,2.5499786932169797,2.5498473998159499,2.5491166488440786,2.5458489250592193,2.5340651411841919,2.4995801795344295,2.4168276706122511,2.2514006726055964,1.9694207468666851
425,2.5499999999999994,2.5499999999999998,2.5499999999999998,2.5499999999999998,2.5499999999999989,2.5499999999999479,2.5499999999982959,2.549999999954935,2.5499999990424231,2.5499999836653267,2.5499997763415978,2.5499975402454589,2.5499782404203946,2.5498448249522223,2.549105111188251,2.5458082351075286,2.5339522904388461,2.4993340729548734,2.4164055768780575,2.2508328767133858,1.9688303543176902
426,2.5499999999999998,2.5499999999999998,2.5499999999999998,2.5499999999999994,2.5499999999999985,2.5499999999999443,2.5499999999981942,2.5499999999525995,2.5499999989998439,2.5499999830489899,2.5499997692715852,2.5499974760707249,2.5499777800552303,2.5498422180883757,2.5490934729079378,2.5457673176381439,2.5338390969606195,2.4990877062963164,2.4159836335995366,2.2502657704801523,1.9682408545552297
427,2.5499999999999998,2.5499999999999998,2.5499999999999998,2.5499999999999994,2.5499999999999976,2.5499999999999403,2.5499999999980854,2.5499999999501544,2.5499999989555766,2.5499999824123281,2.5499997620111836,2.5499974105172591,2.5499773120330924,2.5498395789892294,2.5490817336470455,2.5457261726093705,2.5337255617531262,2.498841081442821,2.4155618416355589,2.2496993520460018,1.9676522442681046
428,2.5499999999999998,2.5499999999999998,2.5499999999999998,2.5499999999999998,2.5499999999999985,2.5499999999999368,2.5499999999979717,2.5499999999475951,2.5499999989095636,2.549999981754774,2.5499997545562256,2.5499973435623602,2.5499768362650932,2.5498369074195035,2.5490698930516138,2.5456847999839418,2.5336116858201101,2.4985942002679469,2.4151402018344452,2.2491336195586071,1.9670645201878687
429,2.5500000000000007,2.5499999999999998,2.5499999999999998,2.5499999999999998,2.5499999999999985,2.5499999999999328,2.5499999999978531,2.5499999999449172,2.5499999988617446,2.549999981075747,2.549999746902472,2.5499972751830722,2.5499763526618362,2.5498342031438366,2.5490579507699325,2.545643199729188,2.533497470165369,2.4983470646342467,2.4147187150335556,2.2485685711736689,1.9664776790837748
430,2.5499999999999998,2.5499999999999998,2.5499999999999998,2.5499999999999998,2.5499999999999976,2.5499999999999279,2.549999999997727,2.5499999999421146,2.5499999988120567,2.5499999803746518,2.5499997390455991,2.5499972053561328,2.549975861133313,2.549831465926788,2.5490459064530104,2.5456013718179298,2.533382915792687,2.498099676391095,2.4142973820572124,2.2480042050566511,1.9658917177611659
431,2.5500000000000003,2.5499999999999998,2.5499999999999998,2.5499999999999998,2.5499999999999972,2.549999999999923,2.5499999999975946,2.5499999999391836,2.549999998760438,2.5499999796508823,2.5499997309812339,2.5499971340581142,2.5499753615892002,2.5498286955328915,2.5490337597533004,2.5455593162258223,2.5332680237057654,2.4978520373810049,2.4138762037230617,2.2474405193782556,1.9653066330366986
432,2.5500000000000003,2.5499999999999998,2.5499999999999998,2.5499999999999998,2.549999999999998,2.5499999999999181,2.5499999999974539,2.549999999936118,2.5499999987068223,2.549999978903819,2.5499997227049263,2.5499970612653056,2.5499748539386111,2.5498258917266039,2.5490215103257552,2.5455170329335752,2.5331527949083088,2.4976041494343661,2.4134551808367402,2.2468775123180991,1.9647224217638031
433,2.5500000000000003,2.5499999999999998,2.5499999999999998,2.5499999999999998,2.549999999999998,2.5499999999999128,2.5499999999973064,2.5499999999329135,2.5499999986511424,2.5499999781328251,2.5499997142121478,2.5499969869537438,2.5499743380901836,2.5498230542723705,2.5490091578275353,2.5454745219261219,2.5330372304037923,2.4973560143712814,2.4130343141940123,2.2463151820637095,1.9641390808087029
434,2.5499999999999998,2.5499999999999998,2.5499999999999998,2.5499999999999994,2.549999999999998,2.5499999999999066,2.549999999997151,2.5499999999295633,2.5499999985933286,2.549999977337253,2.5499997054983043,2.5499969110992216,2.5499738139520778,2.5498201829345843,2.5489967019179431,2.5454317831926763,2.5329213311956362,2.4971076340015497,2.4126136045805078,2.2457535268101876,1.9635566070668247
435,2.5499999999999998,2.5499999999999998,2.5499999999999998,2.5499999999999994,2.5499999999999972,2.5499999999999003,2.549999999996988,2.5499999999260616,2.5499999985333099,2.5499999765164403,2.5499996965587282,2.5499968336772856,2.549973281431996,2.5498172774776555,2.5489841422584423,2.5453888167264824,2.5328050982869339,2.4968590101250832,2.4121930527724973,2.2451925447601169,1.9629749974467319
436,2.5499999999999998,2.5499999999999998,2.5499999999999998,2.5499999999999994,2.5499999999999963,2.5499999999998932,2.5499999999968161,2.5499999999224028,2.5499999984710127,2.5499999756697114,2.5499996873886777,2.5499967546632325,2.5499727404371653,2.5498143376659663,2.5489714785126751,2.5453456225250304,2.5326885326806199,2.4966101445314917,2.4117726595362567,2.2446322341236256,1.962394248881685
437,2.5499999999999998,2.5499999999999998,2.5499999999999998,2.5499999999999998,2.5499999999999963,2.549999999999887,2.549999999996635,2.5499999999185801,2.549999998406363,2.5499999747963744,2.5499996779833394,2.5499966740321156,2.5499721908743629,2.5498113632639234,2.5489587103464229,2.5453022005897723,2.5325716353792718,2.4963610390006332,2.411352425628869,2.2440725931179841,1.9618143583217074
438,2.5499999999999998,2.5499999999999998,2.5499999999999998,2.5500000000000003,2.5499999999999963,2.5499999999998804,2.5499999999964444,2.5499999999145877,2.5499999983392834,2.5499999738957237,2.5499996683378243,2.5499965917587346,2.5499716326498993,2.549808354035942,2.5489458374276648,2.5452585509262997,2.5324544073851714,2.4961116953022247,2.4109323517977623,2.2435136199678047,1.9612353227374673
439,2.5500000000000003,2.5499999999999998,2.5499999999999998,2.5499999999999998,2.5499999999999958,2.5499999999998724,2.5499999999962437,2.5499999999104177,2.5499999982696928,2.5499999729670368,2.5499996584471711,2.5499965078176423,2.5499710656696299,2.5498053097464597,2.5489328594265435,2.5452146735442223,2.5323368497002492,2.4958621151960974,2.4105124387810326,2.2429553129048436,1.9606571391183532
440,2.5500000000000003,2.5499999999999998,2.5499999999999998,2.5499999999999998,2.5499999999999958,2.5499999999998644,2.5499999999960328,2.5499999999060643,2.549999998197511,2.5499999720095787,2.5499996483063359,2.5499964221831317,2.5499704898389646,2.5498022301600169,2.5489197760154441,2.5451705684570172,2.5322189633257874,2.4956123004323287,2.4100926873079391,2.2423976701676263,1.9600798044701655
441,2.5500000000000003,2.5499999999999998,2.5499999999999998,2.5499999999999998,2.5499999999999958,2.5499999999998559,2.5499999999958116,2.5499999999015199,2.5499999981226531,2.549999971022598,2.5499996379102061,2.549996334829256,2.5499699050628428,2.5497991150410986,2.5489065868688705,2.5451262356823894,2.5321007492630088,2.4953622527508235,2.409673098097763,2.2418406900023498,1.9595033158202808
442,2.5499999999999998,2.5499999999999998,2.5499999999999998,2.5499999999999998,2.5499999999999949,2.5499999999998462,2.5499999999955794,2.5499999998967771,2.5499999980450334,2.5499999700053286,2.549999627253595,2.5499962457298166,2.5499693112457447,2.5497959641542209,2.5488932916635116,2.5450816752420744,2.5319822085127575,2.4951119738815546,2.4092536718604363,2.2412843706623717,1.9589276702148839
443,2.5499999999999994,2.5499999999999998,2.5499999999999998,2.5499999999999998,2.5499999999999945,2.5499999999998364,2.5499999999953351,2.5499999998918281,2.5499999979645636,2.549999968956985,2.5499996163312231,2.5499961548583467,2.5499687082917557,2.549792777264158,2.548879890078338,2.5450368871611513,2.5318633420746433,2.4948614655455366,2.4088344092985845,2.2407287104068585,1.9583528647108583
444,2.5499999999999994,2.5499999999999998,2.5499999999999998,2.5499999999999998,2.5499999999999945,2.5499999999998262,2.549999999995078,2.5499999998866651,2.5499999978811534,2.54999996787677,2.5499996051377467,2.5499960621881419,2.5499680961044628,2.5497895541355553,2.548866381794431,2.5449918714692013,2.531744150948497,2.4946107294531821,2.4084153111040711,2.2401737075030845,1.9577788963895231
445,2.5499999999999994,2.5499999999999998,2.5499999999999998,2.5499999999999998,2.5499999999999945,2.5499999999998151,2.5499999999948075,2.5499999998812792,2.5499999977947101,2.54999996676387,2.5499995936677458,2.549995967692245,2.5499674745870049,2.5497862945331202,2.5488527664950675,2.5449466281997295,2.5316246361336487,2.4943597673051219,2.4079963779597171,2.2396193602252943,1.9572057623498111
446,2.5499999999999994,2.5499999999999998,2.5499999999999998,2.5499999999999998,2.5499999999999945,2.5499999999998035,2.5499999999945242,2.5499999998756628,2.5499999977051364,2.5499999656174492,2.5499995819157024,2.5499958713434285,2.5499668436421676,2.5497829982219247,2.5488390438657853,2.5449011573891633,2.5315047986278252,2.4941085807937564,2.4075776105422149,2.2390656668530018,1.9566334596995389
447,2.5499999999999998,2.5499999999999998,2.5499999999999998,2.5499999999999998,2.549999999999994,2.5499999999997911,2.5499999999942267,2.5499999998698066,2.5499999976123342,2.5499999644366604,2.5499995698760354,2.5499957731142247,2.5499662031722212,2.5497796649668851,2.5488252135942657,2.5448554590785752,2.5313846394290525,2.4938571716006002,2.4071590095171187,2.2385126256739265,1.9560619855705947
448,2.5500000000000003,2.5499999999999998,2.5499999999999998,2.5499999999999994,2.5499999999999932,2.5499999999997782,2.5499999999939154,2.5499999998637022,2.5499999975162031,2.5499999632206403,2.5499995575430834,2.549995672976912,2.549965553079002,2.5497762945330185,2.5488112753703884,2.5448095333128351,2.5312641595347225,2.4936055413975895,2.4067405755413067,2.2379602349825563,1.9554913371115354
449,2.5500000000000003,2.5499999999999998,2.5499999999999998,2.5499999999999994,2.5499999999999927,2.5499999999997645,2.5499999999935881,2.5499999998573393,2.5499999974166396,2.549999961968501,2.5499995449110857,2.5499955709035005,2.549964893264014,2.5497728866857385,2.5487972288862584,2.5447633801395546,2.5311433599405322,2.4933536918487569,2.4063223092659607,2.2374084930786444,1.9549215114811906
450,2.5500000000000003,2.5499999999999998,2.5499999999999998,2.5499999999999994,2.5499999999999923,2.5499999999997502,2.5499999999932439,2.549999999850709,2.5499999973135377,2.5499999606793433,2.5499995319742159,2.5499954668657567,2.5499642236282498,2.5497694411903375,2.5487830738361565,2.5447169996109253,2.5310222416423418,2.4931016246073203,2.405904211331368,2.2368573982698523,1.9543525058600533
451,2.5499999999999998,2.5499999999999998,2.5499999999999998,2.5499999999999994,2.5499999999999914,2.5499999999997351,2.5499999999928828,2.5499999998438012,2.5499999972067893,2.5499999593522515,2.5499995187265658,2.5499953608351911,2.5499635440722779,2.549765957812236,2.5487688099165635,2.5446703917828244,2.5309008056352731,2.4928493413171,2.4054862823694507,2.2363069488704705,1.9537843174448171
452,2.5499999999999998,2.5499999999999998,2.5499999999999998,2.5499999999999994,2.5499999999999909,2.5499999999997187,2.549999999992504,2.5499999998366052,2.5499999970962812,2.5499999579862846,2.5499995051621291,2.5499952527830496,2.5499628544963269,2.5497624363172187,2.5487544368261612,2.5446235567139772,2.5307790529129051,2.4925968436138528,2.4050685230060669,2.2357571432004595,1.9532169434444397
453,2.5499999999999994,2.5499999999999998,2.5499999999999998,2.5499999999999994,2.5499999999999901,2.5499999999997018,2.5499999999921075,2.5499999998291107,2.5499999969818994,2.5499999565804892,2.5499994912748258,2.5499951426803271,2.5499621548001596,2.5497588764710812,2.5487399542658276,2.5445764944672193,2.5306569844684899,2.4923441331232641,2.404650933857535,2.2352079795869217,1.9526503810862039
454,2.5500000000000003,2.5499999999999998,2.5499999999999998,2.5499999999999989,2.5499999999999896,2.5499999999996836,2.5499999999916927,2.5499999998213068,2.549999996863527,2.5499999551338912,2.5499994770584893,2.5499950304977617,2.549961444883134,2.5497552780398012,2.548725361938637,2.5445292051088857,2.5305346012943684,2.4920912114619158,2.4042335155323094,2.2346594563634024,1.9520846276128414
455,2.5500000000000003,2.5499999999999998,2.5499999999999998,2.5499999999999989,2.5499999999999892,2.549999999999665,2.5499999999912575,2.5499999998131817,2.5499999967410427,2.5499999536454991,2.5499994625068703,2.5499949162058351,2.5499607246442015,2.5497516407895251,2.5487106595498563,2.5444816887088617,2.5304119043820301,2.4918380802372075,2.403816268630806,2.2341115718700868,1.9515196802828723
456,2.5500000000000003,2.5499999999999998,2.5499999999999998,2.5499999999999989,2.5499999999999883,2.549999999999645,2.549999999990801,2.549999999804724,2.5499999966143241,2.5499999521143017,2.5499994476136316,2.5499947997747712,2.5499599939819144,2.5497479644865972,2.548695846806952,2.5444339453404723,2.5302888947219904,2.4915847410475318,2.4033991937457584,2.2335643244534755,1.950955536369934
457,2.5499999999999998,2.5499999999999998,2.5499999999999998,2.5499999999999994,2.5499999999999874,2.5499999999996246,2.5499999999903222,2.5499999997959217,2.5499999964832445,2.5499999505392692,2.5499994323723496,2.5499946811745353,2.5499592527944226,2.5497442488975515,2.5486809234195875,2.5443859750805138,2.5301655733038286,2.4913311954822248,2.4029822914621022,2.2330177124665225,1.9503921931630079
458,2.5499999999999998,2.5499999999999998,2.5499999999999998,2.5499999999999998,2.5499999999999869,2.5499999999996028,2.5499999999898209,2.5499999997867624,2.5499999963476738,2.5499999489193499,2.5499994167765117,2.5499945603748357,2.5499585009794914,2.549740493789149,2.5486658890996141,2.5443377780091159,2.5300419411160795,2.491077445121781,2.4025655623573088,2.2324717342685449,1.9498296479657675
459,2.5499999999999994,2.5499999999999998,2.5499999999999998,2.5499999999999998,2.5499999999999861,2.5499999999995788,2.5499999999892964,2.5499999997772336,2.5499999962074793,2.5499999472534736,2.5499994008195181,2.5499944373451222,2.5499577384344878,2.5497366989283483,2.5486507435610832,2.5442893542098579,2.5299179991463134,2.4908234915376708,2.402149007001126,2.2319263882252693,1.9492678980971381
460,2.5499999999999998,2.5499999999999998,2.5499999999999998,2.5499999999999998,2.5499999999999852,2.5499999999995531,2.5499999999887475,2.5499999997673219,2.549999996062525,2.5499999455405504,2.5499993844946807,2.549994312054586,2.5499569650563911,2.5497328640823316,2.5486354865202392,2.5442407037696633,2.5297937483810515,2.4905693362925088,2.4017326259558405,2.231381672708757,1.9487069408907891
461,2.5499999999999998,2.5499999999999998,2.5499999999999994,2.5499999999999998,2.5499999999999843,2.549999999999526,2.5499999999881728,2.5499999997570133,2.5499999959126707,2.5499999437794698,2.5499993677952237,2.5499941844721619,2.5499561807417939,2.5497289890184995,2.5486201176955054,2.5441918267788255,2.5296691898058183,2.4903149809400196,2.4013164197761543,2.2308375860974214,1.9481467736954594
462,2.5499999999999998,2.5499999999999998,2.5499999999999994,2.5499999999999998,2.5499999999999834,2.549999999999498,2.5499999999875715,2.5499999997462943,2.5499999957577746,2.5499999419691015,2.5499993507142804,2.5499940545665241,2.5499553853869106,2.5497250735045029,2.5486046368075064,2.5441427233308942,2.5295443244049953,2.4900604270252065,2.4009003890095619,2.2302941267759326,1.9475873938741519
463,2.5499999999999994,2.5499999999999998,2.5499999999999994,2.5499999999999994,2.5499999999999816,2.5499999999994696,2.5499999999869423,2.5499999997351495,2.5499999955976898,2.5499999401082922,2.5499993332448931,2.549993922306089,2.5499545788875775,2.5497211173082395,2.548589043579053,2.5440933935226844,2.5294191531618511,2.4898056760843423,2.4004845341962846,2.2297512931352212,1.9470287988043247
464,2.5499999999999994,2.5499999999999998,2.5499999999999994,2.5499999999999994,2.5499999999999803,2.5499999999994398,2.5499999999862841,2.5499999997235645,2.549999995432267,2.5499999381958691,2.5499993153800156,2.5499937876590155,2.5499537611392529,2.5497171201978404,2.5485733377351334,2.5440438374543013,2.5292936770585963,2.4895507296449355,2.4000688558691623,2.2292090835724876,1.9464709858782856
465,2.5499999999999994,2.5499999999999998,2.5499999999999994,2.5499999999999994,2.549999999999979,2.5499999999994079,2.5499999999855953,2.5499999997115252,2.5499999952613521,2.5499999362306376,2.5499992971125085,2.5499936505932026,2.5499529320370269,2.5497130819417113,2.5485575190029275,2.5439940552290286,2.5291678970762379,2.4892955892258999,2.3996533545540104,2.2286674964911155,1.9459139525022906
466,2.5500000000000003,2.5499999999999998,2.5499999999999998,2.5499999999999994,2.5499999999999781,2.5499999999993745,2.5499999999848746,2.5499999996990161,2.5499999950847885,2.5499999342113813,2.5499992784351413,2.5499935110762912,2.5499520914756211,2.5497090023085263,2.548541587111798,2.5439440469533348,2.5290418141946067,2.4890402563375469,2.3992380307695695,2.2281265303006719,1.9453576960967807
467,2.5500000000000003,2.5499999999999998,2.5499999999999998,2.5499999999999994,2.5499999999999772,2.549999999999339,2.5499999999841214,2.549999999686019,2.5499999949024157,2.5499999321368629,2.54999925934059,2.5499933690756622,2.5499512393493946,2.5497048810672336,2.5485255417932784,2.5438938127368416,2.5289154293923528,2.4887847324816446,2.3988228850275548,2.2275861834168884,1.9448022140963765
468,2.5500000000000003,2.5499999999999998,2.5499999999999998,2.5499999999999994,2.5499999999999758,2.5499999999993017,2.5499999999833345,2.5499999996725173,2.5499999947140686,2.5499999300058227,2.5499992398214371,2.5499932245584387,2.5499503755523456,2.5497007179870668,2.5485093827810874,2.5438433526922952,2.5287887436468908,2.4885290191514513,2.39840791783277,2.2270464542616186,1.9442475039495841
469,2.5499999999999994,2.5499999999999998,2.5499999999999998,2.5499999999999985,2.5499999999999741,2.5499999999992617,2.549999999982512,2.5499999996584934,2.5499999945195784,2.5499999278169789,2.5499992198701724,2.5499930774914836,2.5499494999781147,2.5496965128375519,2.5484931098111185,2.5437926669355355,2.5286617579343886,2.4882731178317719,2.3979931296831696,2.2265073412628156,1.9436935631187506
470,2.5499999999999989,2.5499999999999998,2.5499999999999994,2.549999999999998,2.5499999999999723,2.54999999999922,2.5499999999816523,2.5499999996439304,2.5499999943187737,2.5499999255690251,2.5499991994791906,2.5499929278414024,2.5499486125199944,2.5496922653885195,2.5484767226214324,2.5437417555854474,2.5285344732297457,2.4880170299990367,2.3975785210699505,2.2259688428545088,1.9431403890798888
471,2.5499999999999985,2.5499999999999998,2.5499999999999994,2.549999999999998,2.5499999999999705,2.549999999999176,2.5499999999807543,2.5499999996288105,2.5499999941114782,2.5499999232606325,2.5499991786407925,2.5499927755745424,2.549947713070924,2.5496879754101056,2.5484602209522649,2.5436906187639572,2.528406890506564,2.4877607571213054,2.397164092477599,2.2254309574767728,1.9425879793226484
472,2.5499999999999994,2.5499999999999994,2.5499999999999994,2.5499999999999989,2.5499999999999683,2.5499999999991307,2.5499999999798164,2.549999999613116,2.549999993897512,2.5499999208904498,2.5499991573471821,2.549992620656989,2.5499468015234998,2.5496836426727665,2.5484436045460201,2.5436392565959891,2.5282790107371258,2.4875043006583346,2.3967498443839785,2.2248936835756998,1.9420363313501574
473,2.5499999999999998,2.5499999999999994,2.5499999999999994,2.5499999999999994,2.5499999999999656,2.5499999999990828,2.5499999999788368,2.5499999995968259,2.5499999936766895,2.5499999184571025,2.5499991355904679,2.5499924630545716,2.5499458777699773,2.5496792669472783,2.5484268731472595,2.543587669209443,2.5281508348923976,2.487247662061618,2.3963357772603486,2.2243570196033762,1.9414854426789774
474,2.5500000000000003,2.5499999999999998,2.5499999999999994,2.5499999999999994,2.5499999999999634,2.5499999999990322,2.549999999977814,2.5499999995799203,2.5499999934488224,2.5499999159591913,2.5499991133626612,2.5499923027328588,2.5499449417022735,2.5496748480047526,2.548410026502713,2.5435358567351556,2.5280223639419681,2.4869908427744467,2.3959218915715161,2.2238209640178526,1.9409353108388916
475,2.5499999999999998,2.5500000000000003,2.5499999999999998,2.5499999999999989,2.5499999999999621,2.5499999999989789,2.5499999999767464,2.5499999995623779,2.5499999932137167,2.5499999133952937,2.5499990906556764,2.549992139657161,2.5499439932119716,2.5496703856166429,2.5483930643612696,2.5434838193068727,2.527893598854043,2.4867338442319524,2.3955081877758699,2.2232855152831159,1.940385933372841
476,2.5499999999999998,2.5500000000000003,2.5499999999999998,2.5499999999999989,2.5499999999999603,2.5499999999989234,2.5499999999756318,2.5499999995441791,2.5499999929711761,2.5499999107639622,2.5499990674613295,2.5499919737925305,2.5499430321903245,2.5496658795547402,2.5483759864739643,2.54343155706125,2.5277645405954683,2.4864766678611137,2.3950946663253503,2.2227506718690622,1.9398373078370081
477,2.5499999999999998,2.5500000000000007,2.5499999999999998,2.5499999999999985,2.5499999999999581,2.5499999999988647,2.5499999999744687,2.5499999995253022,2.5499999927209993,2.5499999080637252,2.5499990437713373,2.5499918051037609,2.5499420585282588,2.549661329591197,2.5483587925939921,2.543379070137783,2.527635190131643,2.486219315080862,2.394681327665666,2.2222164322514724,1.9392894318004268
478,2.5500000000000003,2.5499999999999998,2.5499999999999998,2.5499999999999985,2.5499999999999554,2.5499999999988026,2.549999999973255,2.5499999995057254,2.5499999924629799,2.549999905293086,2.5499990195773194,2.5499916335553858,2.5499410721163795,2.5496567354985262,2.548341482476697,2.5433263586787951,2.5275055484265274,2.4859617873021005,2.3942681722362953,2.221682794911982,1.938742302845009
479,2.5500000000000003,2.5499999999999994,2.5499999999999998,2.5499999999999985,2.5499999999999519,2.5499999999987373,2.5499999999719889,2.5499999994854243,2.5499999921969074,2.549999902450522,2.5499989948707951,2.5499914591116846,2.5499400728449699,2.5496520970496053,2.5483240558795641,2.5432734228294231,2.5273756164426482,2.4857040859277317,2.3938552004705018,2.2211497583380568,1.93819591856554
480,2.5499999999999994,2.5499999999999998,2.5500000000000003,2.549999999999998,2.5499999999999492,2.5499999999986698,2.5499999999706691,2.5499999994643763,2.5499999919225655,2.5499998995344861,2.5499989696431853,2.5499912817366766,2.5499390606039993,2.549647414017687,2.5483065125622235,2.5432202627375804,2.5272453951410592,2.4854462123527163,2.3934424127954355,2.2206173210229645,1.9376502765695094
481,2.5499999999999998,2.5499999999999998,2.5499999999999998,2.549999999999998,2.5499999999999465,2.5499999999985983,2.5499999999692915,2.5499999994425577,2.5499999916397336,2.5499998965434005,2.5499989438857806,2.5499911013940015,2.5499380352827252,2.5496426861754036,2.5482888522846765,2.5431668785520154,2.5271148854806875,2.4851881679656849,2.3930298096350677,2.2200854814682649,1.9371053819836703
482,2.5499999999999998,2.5499999999999998,2.5499999999999998,2.549999999999998,2.5499999999999439,2.5499999999985232,2.5499999999678553,2.5499999994199429,2.5499999913481872,2.5499998934756749,2.5499989175898534,2.5499909180474076,2.5499369967713164,2.5496379132988256,2.5482710748144068,2.5431132704299366,2.5269840884206936,2.4849299541424288,2.3926173913986508,2.2195542381740245,1.9365612310772471
483,2.5499999999999998,2.5499999999999998,2.5499999999999998,2.5499999999999972,2.5499999999999399,2.5499999999984446,2.5499999999663601,2.549999999396507,2.5499999910476965,2.549999890329679,2.549998890746489,2.5499907316600079,2.5499359449583769,2.5496330951612896,2.5482531799155925,2.5430594385255469,2.5268530049172866,2.4846715722563952,2.3922051584984039,2.2190235896528012,1.9360178193448907
484,2.5499999999999998,2.5499999999999998,2.5499999999999998,2.5499999999999985,2.5499999999999359,2.549999999998362,2.5499999999647995,2.5499999993722233,2.5499999907380269,2.5499998871037612,2.5499988633467043,2.5499905421947981,2.5499348797326706,2.5496282315376493,2.5482351673564132,2.5430053829975403,2.5267216359253224,2.48441302367109,2.3917931113376389,2.2184935344209902,1.9354751436436435
485,2.5499999999999998,2.5499999999999998,2.5499999999999998,2.5499999999999976,2.5499999999999323,2.5499999999982759,2.5499999999631742,2.5499999993470652,2.5499999904189381,2.5499998837962399,2.5499988353814027,2.5499903496144962,2.5499338009826373,2.5496233222031774,2.5482170369072952,2.5429511040074533,2.5265899823980789,2.4841543097418861,2.391381250313493,2.2179640710009347,1.9349332012144997
486,2.5499999999999998,2.5499999999999998,2.5499999999999998,2.5499999999999972,2.5499999999999283,2.5499999999981853,2.5499999999614813,2.5499999993210043,2.5499999900901842,2.5499998804054114,2.5499988068413995,2.5499901538815921,2.5499327085964496,2.5496183669334958,2.5481987883405091,2.5428966017191224,2.5264580452875061,2.4838954318175048,2.3909695758180827,2.2174351979199098,1.9343919894217165
487,2.5499999999999998,2.5499999999999998,2.5499999999999998,2.5499999999999976,2.5499999999999252,2.5499999999980902,2.5499999999597165,2.5499999992940139,2.5499999897515169,2.5499998769295442,2.5499987777174038,2.5499899549583174,2.5499316024619856,2.5496133655046491,2.5481804214304513,2.5428418762989895,2.5263258255439598,2.4836363912389836,2.3905580882377939,2.216906913711008,1.9338515057334285
488,2.5499999999999998,2.5499999999999998,2.5499999999999998,2.5499999999999972,2.5499999999999194,2.5499999999979912,2.5499999999578797,2.5499999992660638,2.5499999894026812,2.5499998733668741,2.5499987480000077,2.5499897528066233,2.5499304824668192,2.5496083176931514,2.548161935953825,2.5427869279162909,2.5261933241160297,2.4833771893390661,2.3901467879528648,2.216379216913837,1.9333117476894446
489,2.5499999999999998,2.5499999999999998,2.5499999999999998,2.5499999999999967,2.5499999999999154,2.5499999999978868,2.5499999999559666,2.5499999992371238,2.5499999890434122,2.5499998697156143,2.5499987176797139,2.549989547388229,2.5499293484982641,2.5496032232759194,2.5481433316892619,2.54273175674258,2.5260605419508155,2.4831178274435666,2.3897356753384131,2.215852106073668,1.9327727128698073
490,2.5499999999999998,2.5499999999999998,2.5499999999999998,2.5499999999999967,2.5499999999999106,2.5499999999977776,2.549999999953974,2.5499999992071642,2.5499999886734459,2.5499998659739465,2.5499986867469095,2.5499893386645822,2.5499282004433383,2.5495980820303377,2.5481246084176243,2.5426763629520766,2.5259274799936797,2.4828583068703414,2.389324750763703,2.2153255797425362,1.9322343988899995
491,2.5499999999999998,2.5499999999999998,2.5499999999999998,2.5499999999999967,2.5499999999999048,2.549999999997663,2.5499999999518996,2.5499999991761531,2.5499999882925111,2.5499998621400235,2.5499986551918767,2.5499891265968753,2.5499270381887889,2.5495928937342338,2.5481057659218589,2.542620746721469,2.5257941391883443,2.482598628929825,2.3889140145925598,2.2147996364789049,1.9316968033967055
492,2.5499999999999998,2.5499999999999998,2.5499999999999998,2.5499999999999963,2.5499999999998995,2.5499999999975436,2.5499999999497414,2.5499999991440574,2.5499999879003292,2.5499998582119701,2.5499986230047922,2.5499889111460465,2.5499258616210922,2.5495876581658878,2.5480868039869966,2.5425649082298922,2.525660520476869,2.4823387949250564,2.3885034671834204,2.2142742748478175,1.9311599240577058
493,2.5499999999999998,2.5499999999999998,2.5499999999999998,2.5499999999999958,2.5499999999998937,2.5499999999974174,2.5499999999474952,2.5499999991108449,2.549999987496617,2.5499998541878832,2.5499985901757265,2.5499886922727835,2.5499246706264649,2.5495823751040381,2.5480677224001274,2.5425088476588731,2.5255266247996522,2.4820788061518071,2.3880931088894557,2.2137494934207722,1.93062375856288
494,2.5499999999999998,2.5499999999999998,2.5499999999999998,2.5499999999999954,2.549999999999887,2.549999999997286,2.5499999999451566,2.5499999990764812,2.5499999870810868,2.5499998500658276,2.5499985566946446,2.5499884699375222,2.5499234650908611,2.5495770443278873,2.5480485209504207,2.5424525651923395,2.5253924530953964,2.4818186638985313,2.3876829400585495,2.213225290775545,1.9300883046238304
495,2.5499999999999998,2.5499999999999998,2.5499999999999998,2.5499999999999954,2.5499999999998804,2.5499999999971483,2.5499999999427247,2.5499999990409314,2.5499999866534409,2.5499998458438404,2.5499985225513995,2.549988244100442,2.5499222448999808,2.5495716656171239,2.5480291994291222,2.5423960610165652,2.5252580063010646,2.4815583694464189,2.3872729610334043,2.2127016654957705,1.9295535599680953
496,2.5499999999999998,2.5499999999999998,2.5500000000000003,2.5499999999999954,2.5499999999998737,2.5499999999970044,2.5499999999401952,2.5499999990041591,2.5499999862133795,2.5499998415199276,2.5499984877357402,2.5499880147214711,2.5499210099392586,2.549566238751888,2.5480097576295462,2.542339335320241,2.5251232853519614,2.4812979240693473,2.3868631721514029,2.2121786161716352,1.9290195223464741
497,2.5499999999999998,2.5499999999999998,2.5500000000000003,2.5499999999999954,2.5499999999998666,2.5499999999968543,2.5499999999375649,2.5499999989661282,2.5499999857605959,2.549999837092066,2.5499984522373063,2.5499877817602847,2.5499197600938874,2.5495607635128184,2.5479901953470727,2.5422823882943479,2.5249882911816233,2.481037329034034,2.3864535737448747,2.2116561413988514,1.92848618952252
498,2.5499999999999998,2.5499999999999998,2.5500000000000003,2.5499999999999949,2.549999999999859,2.5499999999966971,2.5499999999348297,2.549999998926801,2.5499999852947761,2.5499998325582016,2.5499984160456277,2.5499875451763043,2.5499184952488121,2.549555239681049,2.547970512379151,2.542225220132162,2.524853024721823,2.4807765856000241,2.3860441661410747,2.2111342397787173,1.9279535592731787
499,2.5499999999999998,2.5499999999999998,2.5499999999999998,2.5499999999999936,2.5499999999998511,2.5499999999965324,2.5499999999319853,2.5499999988861393,2.5499999848156008,2.5499998279162499,2.5499983791501273,2.5499873049286994,2.5499172152887186,2.549549667038177,2.5479507085252937,2.5421678310293458,2.5247174869026496,2.4805156950195899,2.3856349496620068,2.2106129099188481,1.9274216293972628
500,2.5499999999999998,2.5499999999999998,2.5499999999999994,2.5499999999999932,2.5499999999998426,2.5499999999963605,2.5499999999290286,2.5499999988441031,2.5499999843227443,2.5499998231640926,2.5499983415401104,2.5499870609763917,2.5499159200980857,2.5495440453663591,2.5479307835870313,2.5421102211836049,2.5245816786522886,2.4802546585382443,2.3852259246251433,2.2100921504309428,1.9268903976955323
501,2.5499999999999998,2.5499999999999998,2.5499999999999994,2.5499999999999936,2.5499999999998342,2.5499999999961807,2.5499999999259559,2.5499999988006521,2.5499999838158751,2.5499998182995829,2.5499983032047808,2.5499868132780472,2.549914609561112,2.5495383744481854,2.5479107373679959,2.5420523907951633,2.5244456008973004,2.47999347739399,2.384817091342414,2.2095719599337098,1.9263598619944051
502,2.5499999999999998,2.5499999999999998,2.5499999999999994,2.549999999999994,2.5499999999998253,2.5499999999959924,2.5499999999227625,2.549999998755744,2.5499999832946529,2.5499998133205399,2.5499982641332246,2.5499865617920872,2.5499132835618177,2.5495326540668368,2.5478905696737861,2.5419943400661125,2.5243092545622807,2.4797321528183898,2.3844084501215908,2.2090523370492976,1.9258300201232403
503,2.5499999999999998,2.5499999999999998,2.5499999999999994,2.5499999999999936,2.5499999999998155,2.5499999999957956,2.5499999999194451,2.5499999987093362,2.5499999827587327,2.5499998082247535,2.5499982243144212,2.5499863064766766,2.5499119419839471,2.5495268840059446,2.5478702803121029,2.541936069201026,2.5241726405701619,2.4794706860355387,2.3840000012649831,2.2085332804064475,1.9253008699309639
504,2.5499999999999998,2.5499999999999998,2.5499999999999994,2.5499999999999932,2.5499999999998049,2.54999999999559,2.549999999915999,2.5499999986613853,2.5499999822077628,2.5499998030099782,2.5499981837372352,2.5499860472897362,2.549910584711049,2.5495210640497006,2.5478498690926346,2.5418775784064627,2.52403575984198,2.4792090782629046,2.3835917450704955,2.2080147886382049,1.9247724092762926
505,2.5499999999999998,2.5499999999999998,2.5499999999999994,2.5499999999999923,2.5499999999997942,2.5499999999953755,2.5499999999124192,2.5499999986118471,2.549999981641383,2.5499997976739373,2.5499981423904194,2.5499857841889373,2.5499092116264475,2.5495151939828204,2.5478293358270938,2.5418188678911258,2.5238986132969483,2.4789473307110539,2.383183681831281,2.2074968603826175,1.9242446360303498
506,2.5499999999999998,2.5499999999999998,2.5499999999999989,2.5499999999999909,2.5499999999997827,2.5499999999951521,2.5499999999087013,2.5499999985606747,2.5499999810592282,2.5499997922143214,2.5499981002626146,2.5499855171317019,2.5499078226132434,2.5495092735905418,2.5478086803292253,2.5417599378658915,2.5237612018524698,2.478685444583606,2.3827758118356912,2.2069794942829941,1.9237175480772484
507,2.5499999999999998,2.5499999999999998,2.5499999999999994,2.5499999999999901,2.5499999999997711,2.5499999999949181,2.5499999999048404,2.5499999985078219,2.5499999804609241,2.5499997866287853,2.549998057342346,2.5499852460752104,2.5499064175543564,2.5495033026586853,2.5477879024147336,2.5417007885435146,2.5236235264240028,2.4784234210777298,2.3823681353678992,2.206462688986925,1.9231911433108697
508,2.5499999999999998,2.5499999999999998,2.5499999999999994,2.5499999999999901,2.5499999999997582,2.5499999999946739,2.549999999900832,2.5499999984532402,2.5499999798460919,2.5499997809149555,2.5499980136180311,2.5499849709763853,2.5499049963324345,2.5494972809735272,2.5477670019014247,2.5416414201392064,2.5234855879253257,2.4781612613831681,2.3819606527066655,2.2059464431478704,1.922665419640694
509,2.5499999999999998,2.5499999999999998,2.5499999999999998,2.5499999999999905,2.5499999999997454,2.5499999999944181,2.5499999998966709,2.5499999983968813,2.549999979214344,2.5499997750704209,2.5499979690779702,2.5499846917919089,2.5499035588299535,2.5494912083219385,2.5477459786090528,2.5415818328700159,2.5233473872682555,2.4778989666832807,2.3815533641266566,2.2054307554236328,1.922140374985537
510,2.5499999999999998,2.5499999999999998,2.5500000000000003,2.5499999999999901,2.5499999999997316,2.5499999999941512,2.5499999998923522,2.5499999983386932,2.5499999785652849,2.5499997690927336,2.5499979237103445,2.5499844084782253,2.5499021049292345,2.549485084491407,2.5477248323592971,2.5415220269547212,2.5232089253625993,2.4776365381552234,2.3811462698986765,2.204915624476194,1.9216160072723401
511,2.5499999999999998,2.5499999999999998,2.5500000000000003,2.5499999999999892,2.5499999999997174,2.5499999999938732,2.5499999998878704,2.5499999982786252,2.5499999778985138,2.549999762979418,2.5499978775032313,2.5499841209915179,2.5499006345123059,2.5494789092698475,2.5477035629759683,2.5414620026146846,2.5230702031165397,2.4773739769685177,2.3807393702878512,2.2044010489734833,1.9210923144451659
512,2.5499999999999998,2.5499999999999998,2.5499999999999998,2.5499999999999874,2.5499999999997023,2.5499999999935827,2.5499999998832208,2.5499999982166242,2.5499999772136204,2.5499997567279613,2.5499978304445863,2.5499838292877341,2.54989914746105,2.5494726824458045,2.5476821702847858,2.5414017600729442,2.5229312214362292,2.4771112842865701,2.3803326655555472,2.2038870275876019,1.9205692944560155
513,2.5499999999999998,2.5499999999999998,2.5499999999999994,2.5499999999999865,2.5499999999996863,2.5499999999932799,2.5499999998783962,2.5499999981526353,2.5499999765101871,2.5499997503358109,2.5499977825222442,2.5499835333225866,2.5498976436572174,2.5494664038084696,2.5476606541133537,2.5413412995541331,2.5227919812257595,2.4768484612668162,2.3799261559595464,2.2033735589947647,1.9200469452643598
514,2.5499999999999998,2.5499999999999998,2.5499999999999989,2.5499999999999861,2.5499999999996699,2.5499999999929646,2.5499999998733918,2.5499999980866042,2.5499999757877894,2.5499997438003867,2.5499977337239357,2.5499832330515262,2.5498961229822625,2.5494600731474577,2.5476390142914194,2.5412806212854844,2.5226524833875952,2.4765855090590221,2.3795198417519261,2.2028606418769385,1.9195252648461432
515,2.5499999999999998,2.5499999999999998,2.5499999999999989,2.5499999999999861,2.5499999999996521,2.5499999999926355,2.5499999998682008,2.5499999980184738,2.5499999750459943,2.5499997371190699,2.5499976840372693,2.5499829284297721,2.5498945853175101,2.5494536902530331,2.5476172506506067,2.5412197254958127,2.5225127288221389,2.4763224288070069,2.3791137231811983,2.202348274920281,1.9190042511851844
516,2.5499999999999998,2.5499999999999998,2.5499999999999985,2.5499999999999852,2.5499999999996339,2.5499999999922927,2.5499999998628184,2.5499999979481855,2.5499999742843609,2.5499997302891995,2.5499976334497312,2.5499826194123103,2.5498930305441641,2.5494472549161151,2.547595363024405,2.5411586124154653,2.5223727184277207,2.4760592216487214,2.3787078004923932,2.2018364568151774,1.9184839022733764
517,2.5499999999999998,2.5499999999999998,2.5499999999999989,2.5499999999999843,2.5499999999996148,2.5499999999919343,2.549999999857238,2.5499999978756809,2.549999973502441,2.5499997233080878,2.5499975819487015,2.5499823059538675,2.5498914585431449,2.5494407669280719,2.5475733512484293,2.5410972822773048,2.5222324531009894,2.4757958887145906,2.378302073925044,2.2013251862573937,1.9179642161170745
518,2.5499999999999998,2.5499999999999998,2.5499999999999998,2.5499999999999829,2.5499999999995948,2.5499999999915608,2.5499999998514533,2.5499999978008989,2.5499999726997782,2.5499997161730072,2.5499975295214381,2.5499819880089389,2.5498898691952485,2.5494342260809195,2.5475512151601647,2.5410357353157589,2.5220919337365388,2.4755324311291189,2.3778965437151265,2.2008144619470182,1.9174451907311914
519,2.5499999999999998,2.5499999999999998,2.5499999999999998,2.5499999999999821,2.5499999999995739,2.5499999999911718,2.5499999998454563,2.5499999977237771,2.5499999718759052,2.5499997088811903,2.549997476155077,2.5499816655317895,2.5498882623811583,2.5494276321673368,2.5475289545989424,2.5409739717667494,2.5219511612268843,2.4752688500110183,2.3774912100952008,2.200304282588466,1.9169268241391511
520,2.5499999999999998,2.5499999999999998,2.5499999999999998,2.5499999999999812,2.5499999999995513,2.5499999999907668,2.5499999998392404,2.5499999976442522,2.54999997103035,2.5499997014298357,2.5499974218366424,2.5499813384764334,2.5498866379813232,2.5494209849805167,2.5475065694061425,2.5409119918684113,2.5218101364627326,2.4750051464719793,2.37708607329296,2.1997946468910863,1.9164091143764306
521,2.5499999999999998,2.5499999999999998,2.5499999999999994,2.5499999999999803,2.5499999999995278,2.5499999999903449,2.5499999998327989,2.5499999975622591,2.5499999701626299,2.5499996938161051,2.5499973665530375,2.5499810067966511,2.5498849958760532,2.5494142843142797,2.5474840594250345,2.5408497958605283,2.5216688603327735,2.4747413216176373,2.3766811335323608,2.1992855535687044,1.9158920594878399
522,2.5499999999999998,2.5499999999999998,2.5499999999999989,2.5499999999999794,2.5499999999995029,2.5499999999899052,2.5499999998261251,2.5499999974777308,2.549999969272255,2.5499996860371201,2.5499973102910478,2.5499806704459833,2.5498833359454971,2.5494075299630481,2.5474614245008107,2.5407873839846715,2.5215273337237378,2.474477376547334,2.37627639103333,2.1987770013397747,1.9153756575282987
523,2.5499999999999998,2.5499999999999998,2.5499999999999989,2.5499999999999776,2.5499999999994771,2.5499999999894465,2.5499999998192107,2.5499999973905996,2.5499999683587258,2.5499996780899674,2.5499972530373385,2.5499803293777372,2.5498816580696544,2.5494007217218613,2.5474386644805747,2.5407247564841189,2.5213855575203521,2.4742133123542538,2.3758718460119601,2.1982689889272238,1.914859906562193
524,2.5499999999999998,2.5499999999999998,2.5499999999999989,2.5499999999999754,2.5499999999994505,2.5499999999889686,2.5499999998120493,2.5499999973007959,2.5499999674215346,2.5499996699716929,2.5499971947784559,2.5499799835449832,2.5498799621283776,2.5493938593863761,2.5474157792133298,2.5406619136038593,2.5212435326053559,2.4739491301254208,2.3754674986804702,2.1977615150585259,1.9143448046636002
525,2.5499999999999998,2.5499999999999998,2.5499999999999989,2.5499999999999741,2.5499999999994225,2.5499999999884717,2.5499999998046317,2.5499999972082485,2.5499999664601636,2.5499996616793048,2.5499971355008273,2.5499796329005608,2.5498782480013831,2.5493869427528786,2.5473927685499618,2.540598855590523,2.5211012598594795,2.4736848309418158,2.3750633492473296,2.1972545784656345,1.9138303499159346
526,2.5499999999999998,2.5499999999999998,2.5499999999999994,2.5499999999999727,2.5499999999993932,2.5499999999879543,2.5499999997969502,2.5499999971128857,2.549999965474087,2.5499996532097722,2.5499970751907588,2.5499792773970724,2.5498765155682372,2.5493799716182695,2.547369632343266,2.5405355826924585,2.5209587401614564,2.473420415878242,2.3746593979171444,2.1967481778850408,1.9133165404122787
527,2.5499999999999998,2.5499999999999998,2.5499999999999998,2.5499999999999723,2.5499999999993626,2.5499999999874166,2.5499999997889971,2.5499999970146323,2.5499999644627702,2.5499996445600259,2.5499970138344366,2.5499789169868876,2.5498747647083713,2.5493729457800804,2.5473463704479165,2.540472095159652,2.5208159743880101,2.4731558860034721,2.3742556448907846,2.1962423120577057,1.912803374255063
528,2.5499999999999998,2.5499999999999998,2.5499999999999998,2.549999999999971,2.5499999999993306,2.5499999999868561,2.5499999997807632,2.5499999969134124,2.5499999634256687,2.5499996357269556,2.5499969514179277,2.5499785516221447,2.5498729953010777,2.5493658650364672,2.5473229827204698,2.5404083932437471,2.5206729634138618,2.4728912423802138,2.3738520903653417,2.1957369797290669,1.9122908495562203
529,2.5499999999999998,2.5499999999999998,2.5499999999999994,2.5499999999999696,2.5499999999992973,2.5499999999862721,2.5499999997722398,2.5499999968091482,2.5499999623622287,2.5499996267074128,2.5499968879271764,2.5499781812547511,2.5498712072255265,2.5493587291862321,2.5472994690193458,2.5403444771979546,2.5205297081116886,2.4726264860652543,2.3734487345343247,2.195232179649,1.9117789644366132
530,2.5499999999999998,2.5499999999999998,2.5499999999999989,2.5499999999999674,2.5499999999992622,2.5499999999856646,2.5499999997634175,2.5499999967017608,2.5499999612718871,2.5499996174982078,2.5499968233480059,2.5499778058363822,2.5498694003607567,2.549351538028811,2.5472758292048336,2.5402803472770987,2.5203862093521519,2.4723616181093928,2.3730455775875501,2.1947279105718236,1.9112677170264296
531,2.5499999999999998,2.5499999999999998,2.5499999999999985,2.5499999999999652,2.5499999999992253,2.5499999999850327,2.5499999997542884,2.5499999965911693,2.549999960154071,2.5499996080961131,2.5499967576661189,2.5499774253184859,2.5498675745856811,2.549344291364275,2.5472520631390858,2.5402160037376018,2.5202424680038962,2.4720966395574648,2.3726426197111619,2.1942241712562911,1.9107571054652008
532,2.5499999999999998,2.5499999999999998,2.5499999999999985,2.549999999999963,2.5499999999991867,2.5499999999843763,2.5499999997448417,2.549999996477291,2.549999959008197,2.5499995984978581,2.5499966908670961,2.5499770396522794,2.5498657297790963,2.5493369889933497,2.5472281706861009,2.5401514468374087,2.5200984849335102,2.4718315514484681,2.3722398610878028,2.1937209604655483,1.9102471279011881
533,2.5499999999999998,2.5499999999999998,2.5499999999999985,2.5499999999999616,2.5499999999991454,2.5499999999836946,2.5499999997350686,2.5499999963600413,2.5499999578336738,2.5499995887001332,2.5499966229363955,2.5499766487887534,2.5498638658196815,2.5493296307174074,2.5472041517117239,2.5400866768360113,2.5199542610055476,2.4715663548155273,2.3718373018965435,2.1932182769671389,1.9097377824917485
534,2.5499999999999998,2.5499999999999998,2.5499999999999985,2.5499999999999594,2.5499999999991028,2.5499999999829845,2.5499999997249585,2.5499999962393329,2.549999956629899,2.5499995786995853,2.5499965538593541,2.5499762526786718,2.5498619825860032,2.5493222163384699,2.5471800060836336,2.5400216939944178,2.5198097970825235,2.471301050685947,2.3714349423129395,2.192716119532979,1.9092290674032169
535,2.5499999999999998,2.5499999999999998,2.5499999999999985,2.5499999999999572,2.5499999999990592,2.5499999999822465,2.5499999997145015,2.5499999961150785,2.5499999553962605,2.5499995684928205,2.5499964836211864,2.5499758512725728,2.5498600799565181,2.5493147456592182,2.547155733671346,2.5399564985751342,2.5196650940248926,2.4710356400812388,2.3710327825090793,2.1922144869393505,1.9087209808106829
536,2.5499999999999998,2.5499999999999998,2.5499999999999976,2.549999999999955,2.5499999999990144,2.5499999999814782,2.5499999997036866,2.549999995987188,2.5499999541321361,2.5499995580764052,2.5499964122069829,2.5499754445207681,2.5498581578095783,2.5493072184829915,2.5471313343461972,2.5398910908421408,2.519520152691058,2.4707701240171689,2.3706308226536148,2.1917133779668774,1.9082135208980282
537,2.5499999999999998,2.5499999999999998,2.5499999999999976,2.5499999999999527,2.5499999999989669,2.5499999999806802,2.5499999996925031,2.5499999958555692,2.5499999528368931,2.5499995474468622,2.5499963396017118,2.5499750323733474,2.549856216023437,2.5492996346137917,2.547106807981335,2.5398254710608668,2.5193749739373628,2.4705045035038014,2.3702290629118052,2.1912127914005075,1.9077066858578127
538,2.5499999999999998,2.5499999999999998,2.5499999999999976,2.5499999999999501,2.5499999999989167,2.5499999999798511,2.5499999996809399,2.5499999957201283,2.5499999515098879,2.5499995366006725,2.5499962657902175,2.5499746147801754,2.5498542544762461,2.5492919938562886,2.5470821544517239,2.5397596394981878,2.5192295586180817,2.470238779545499,2.3698275034455327,2.1907127260295085,1.9072004738912454
539,2.5499999999999998,2.5499999999999998,2.5499999999999976,2.5499999999999465,2.5499999999988634,2.5499999999789895,2.5499999996689851,2.54999999558077,2.5499999501504673,2.5499995255342749,2.5499961907572213,2.5499741916908958,2.5498522730460649,2.5492842960158204,2.5470573736341264,2.5396935964223948,2.5190839075854208,2.4699729531409833,2.3694261444133509,2.1902131806474432,1.9066948832080863
540,2.5499999999999998,2.5499999999999998,2.5499999999999976,2.5499999999999439,2.5499999999988083,2.5499999999780942,2.5499999996566296,2.5499999954373953,2.549999948757967,2.5499995142440639,2.5499961144873216,2.5499737630549335,2.5498502716108611,2.5492765408983971,2.5470324654070979,2.5396273421031781,2.518938021689519,2.4697070252833604,2.3690249859705044,2.1897141540521465,1.9061899120266039
541,2.5499999999999998,2.5499999999999998,2.5499999999999972,2.5499999999999403,2.549999999998751,2.5499999999771648,2.5499999996438585,2.5499999952899035,2.5499999473317079,2.5499995027263669,2.5499960369648877,2.5499733288211384,2.549848250047607,2.549268728309007,2.5470074296489864,2.5395608768109788,2.5187919017808267,2.4694409969646922,2.3686240282718991,2.1892156450443059,1.9056855570614415
542,2.5499999999999998,2.5499999999999998,2.5499999999999976,2.5499999999999381,2.5499999999986911,2.5499999999761993,2.5499999996306602,2.549999995138196,2.5499999458710119,2.5499994909775383,2.5499959581744651,2.5499728889391626,2.5498462082358415,2.5492608580583025,2.5469822662458665,2.5394942008196884,2.5186455487010089,2.4691748691583424,2.3682232714604461,2.1887176524324632,1.9051818168311931
543,2.5499999999999998,2.5499999999999998,2.5499999999999972,2.5499999999999345,2.5499999999986285,2.5499999999751966,2.5499999996170226,2.5499999949821657,2.54999994437518,2.5499994789938247,2.5499958781001992,2.5499724433575057,2.5498441460525858,2.5492529299529867,2.5469569750798988,2.5394273144020434,2.5184989632948835,2.4689086428435085,2.367822715684254,2.1882201750278489,1.9046786900090746
544,2.5499999999999998,2.5499999999999998,2.5499999999999967,2.5499999999999305,2.5499999999985636,2.5499999999741561,2.549999999602933,2.5499999948217074,2.5499999428435003,2.5499994667714403,2.5499957967261646,2.5499719920246315,2.5498420633752867,2.5492449438014977,2.5469315560365797,2.5393602178335737,2.5183521464054861,2.4686423189925284,2.3674223610858678,2.1877232116435814,1.9041761749982851
545,2.5499999999999998,2.5499999999999998,2.5499999999999967,2.5499999999999265,2.5499999999984957,2.5499999999730747,2.549999999588378,2.5499999946567136,2.5499999412752561,2.5499994543065649,2.5499957140363461,2.5499715348888929,2.5498399600815316,2.5492368994132337,2.5469060090032478,2.5392929113905924,2.5182050988725542,2.4683758985711037,2.367022207804661,2.1872267610985339,1.9036742701578686
546,2.5499999999999998,2.5499999999999998,2.5499999999999963,2.5499999999999234,2.5499999999984246,2.5499999999719525,2.5499999995733438,2.5499999944870724,2.5499999396697182,2.549999441595332,2.5499956300146014,2.5499710718984279,2.5498378360488565,2.5492287965983538,2.5468803338690904,2.5392253953507256,2.5180578215335028,2.4681093825390925,2.3666222559767158,2.1867308222161341,1.903172973814339
547,2.5499999999999998,2.5499999999999998,2.5499999999999958,2.5499999999999194,2.5499999999983509,2.5499999999707872,2.5499999995578162,2.5499999943126705,2.5499999380261378,2.5499994286338143,2.5499955446446148,2.5499706030010683,2.5498356911546707,2.5492206351678877,2.5468545305256143,2.539157669993394,2.5179103152231597,2.4678427718493676,2.3662225057340072,2.1862353938250298,1.9026722842851271
548,2.5499999999999998,2.5499999999999994,2.5499999999999963,2.5499999999999154,2.5499999999982736,2.5499999999695788,2.5499999995417815,2.5499999941333948,2.549999936343768,2.5499994154180716,2.5499954579100339,2.5499701281445883,2.5498335252763686,2.5492124149330646,2.5468285988648072,2.5390897355983637,2.517762580775766,2.4675760674533107,2.3658229572076666,2.1857404747549944,1.9021721998900403
549,2.5499999999999998,2.5499999999999998,2.5499999999999958,2.5499999999999106,2.5499999999981924,2.5499999999683252,2.5499999995252249,2.5499999939491249,2.5499999346218369,2.5499994019440799,2.5499953697942797,2.5499696472763738,2.5498313382912254,2.5492041357063604,2.5468025387817872,2.5390215924476718,2.5176146190218032,2.4673092702926867,2.365423610523341,2.1852460638430409,1.9016727189504574
550,2.5499999999999998,2.5499999999999998,2.5499999999999958,2.5499999999999057,2.549999999998108,2.5499999999670244,2.5499999995081315,2.5499999937597435,2.549999932859575,2.5499993882078189,2.5499952802807777,2.5499691603438221,2.5498291300765303,2.5491957973002459,2.5467763501716196,2.5389532408232878,2.5174664307917727,2.4670423813094042,2.3650244658067936,2.1847521599260484,1.9011738397892175
551,2.5499999999999998,2.5499999999999994,2.5499999999999958,2.5499999999999012,2.549999999998021,2.5499999999656744,2.5499999994904861,2.5499999935651299,2.5499999310561927,2.5499993742051901,2.5499951893527437,2.5499686672939794,2.5498269005094727,2.5491873995283414,2.5467500329322172,2.5388846810092236,2.5173180169127276,2.4667754014366214,2.3646255231788214,2.1842587618474507,1.9006755607323722
552,2.5499999999999998,2.5499999999999994,2.5499999999999958,2.5499999999998963,2.5499999999979304,2.5499999999642742,2.5499999994722726,2.5499999933651578,2.5499999292108839,2.5499993599320367,2.5499950969932303,2.5499681680736201,2.549824649467185,2.5491789422051969,2.5467235869637288,2.5388159132910304,2.5171693782089379,2.4665083316006329,2.3642267827563956,2.1837658684557417,1.900177880113898
553,2.5499999999999998,2.5499999999999994,2.5499999999999954,2.5499999999998906,2.5499999999978349,2.5499999999628225,2.5499999994534757,2.5499999931597004,2.5499999273228382,2.5499993453841805,2.5499950031852348,2.549967662629431,2.5498223768267807,2.5491704251456695,2.5466970121670292,2.5387469379547536,2.5170205155037633,2.4662411727255162,2.3638282446552594,2.1832734786010737,1.8996807962706832
554,2.5499999999999998,2.5499999999999994,2.5499999999999949,2.5499999999998852,2.5499999999977359,2.549999999961317,2.5499999994340778,2.5499999929486288,2.5499999253912291,2.54999933055739,2.549994907911612,2.5499671509078685,2.5498200824653292,2.5491618481654177,2.5466703084448916,2.538677755287722,2.5168714296181887,2.4659739257295588,2.3634299089879494,2.1827815911379052,1.8991843075475434
555,2.5499999999999998,2.5499999999999994,2.5499999999999945,2.5499999999998795,2.5499999999976315,2.5499999999597565,2.5499999994140627,2.5499999927318098,2.5499999234152186,2.5499993154473839,2.5499948111550781,2.5499666328551505,2.5498177662598325,2.5491532110808794,2.5466434757020302,2.5386083655786638,2.5167221213708402,2.4657065915250507,2.3630317758635955,2.1822902049251454,1.8986884122913954
556,2.5499999999999998,2.5499999999999994,2.549999999999994,2.5499999999998733,2.5499999999975231,2.5499999999581391,2.5499999993934135,2.5499999925091106,2.549999921393955,2.5499993000498304,2.5499947128982177,2.5499661084173022,2.549815428087296,2.5491445137092361,2.5466165138447519,2.5385387691172379,2.5165725915782144,2.4654391710195327,2.3626338453888449,2.1817993188254396,1.8981931088628554
557,2.5499999999999998,2.5499999999999994,2.5499999999999936,2.5499999999998662,2.5499999999974108,2.5499999999564618,2.5499999993721119,2.5499999922803931,2.5499999193265737,2.5499992843603523,2.5499946131234923,2.5499655775401342,2.5498130678246511,2.5491357558683561,2.5465894227811248,2.5384689661944124,2.5164228410547111,2.465171665115081,2.3622361176672024,2.1813089317053835,1.897698395623344
558,2.5499999999999998,2.5499999999999998,2.5499999999999927,2.5499999999998586,2.549999999997294,2.5499999999547236,2.5499999993501401,2.5499999920455179,2.5499999172121983,2.549999268374525,2.5499945118132374,2.5499650401692615,2.5498106853488149,2.5491269373768297,2.5465622024208341,2.5383989571021681,2.5162728706126241,2.4649040747088899,2.3618385927995518,2.1808190424354268,1.897204270942769
559,2.5499999999999998,2.5499999999999998,2.5499999999999927,2.5499999999998515,2.5499999999971723,2.5499999999529228,2.54999999932748,2.5499999918043428,2.5499999150499386,2.5499992520878734,2.5499944089496642,2.5499644962501122,2.5498082805367033,2.549118058053963,2.5465348526751201,2.538328742133416,2.516122681062182,2.4646364006934935,2.3614412708843213,2.1803296498898201,1.89671073319996
560,2.5499999999999998,2.5499999999999989,2.5499999999999927,2.5499999999998448,2.5499999999970457,2.5499999999510568,2.549999999304112,2.5499999915567231,2.5499999128388922,2.5499992354958763,2.5499943045148523,2.549963945727888,2.5498058532651582,2.5491091177197887,2.546507373457064,2.5382583215824188,2.5159722732114074,2.4643686439557295,2.3610441520166776,2.1798407529468422,1.8962177807778451
561,2.5499999999999998,2.5499999999999985,2.5499999999999927,2.5499999999998373,2.5499999999969138,2.5499999999491241,2.5499999992800166,2.54999999130251,2.5499999105781419,2.5499992185939648,2.5499941984907601,2.5499633885476265,2.5498034034110661,2.5491001161950515,2.5464797646811319,2.5381876957441136,2.5158216478663351,2.4641008053783779,2.3606472362898034,2.1793523504885708,1.8957254120674378
562,2.5499999999999998,2.5499999999999989,2.5499999999999927,2.5499999999998293,2.5499999999967757,2.5499999999471221,2.5499999992551734,2.5499999910415538,2.5499999082667584,2.549999201377521,2.5499940908592169,2.5499628246541439,2.5498009308512457,2.5490910533012174,2.5464520262635997,2.5381168649147496,2.515670805830815,2.4638328858386394,2.3602505237937064,2.1788644414010134,1.8952336254661908
563,2.5499999999999998,2.5500000000000003,2.5499999999999918,2.5499999999998204,2.5499999999966323,2.5499999999450487,2.5499999992295628,2.5499999907737001,2.5499999059037988,2.549999183841877,2.5499939816019248,2.5499622539920686,2.5497984354625189,2.5490819288604825,2.5464241581223117,2.538045829391498,2.5155197479065956,2.4635648862090078,2.359854014615927,2.1783770245740848,1.8947424193783293
564,2.5499999999999998,2.5500000000000003,2.5499999999999914,2.5499999999998111,2.5499999999964831,2.5499999999429011,2.5499999992031643,2.5499999904987933,2.5499999034883056,2.5499991659823138,2.5499938707004586,2.5499616765058435,2.5497959171217195,2.5490727426957811,2.5463961601766787,2.5379745894724279,2.5153684748933065,2.4632968073572972,2.3594577088415765,2.1778900989016248,1.8942517922147335
565,2.5499999999999998,2.5499999999999994,2.5499999999999901,2.5499999999998018,2.5499999999963281,2.5499999999406771,2.5499999991759572,2.5499999902166741,2.5499999010193091,2.5499991477940673,2.5499937581362677,2.5499610921397018,2.5497933757056321,2.5490634946307504,2.5463680323478095,2.5379031454567897,2.5152169875884796,2.4630286501461183,2.3590616065528538,2.1774036632813356,1.8937617423932001
566,2.5499999999999998,2.5499999999999994,2.5499999999999892,2.5499999999997915,2.5499999999961669,2.5499999999383749,2.5499999991479179,2.5499999899271804,2.5499998984958232,2.5499991292723165,2.5499936438906694,2.5499605008377024,2.5497908110911016,2.5490541844898229,2.5463397745583176,2.5378314976445249,2.5150652867874377,2.4627604154336766,2.358665707829839,2.1769177166147617,1.8932722683384959
567,2.5499999999999998,2.5499999999999994,2.5499999999999883,2.5499999999997813,2.5499999999959995,2.5499999999359915,2.549999999119025,2.549999989630146,2.5499998959168497,2.5499991104121973,2.5499935279448578,2.5499599025436948,2.5497882231549052,2.5490448120981029,2.5463113867325196,2.5377596463368195,2.514913373283465,2.4624921040729357,2.3582700127496223,2.1764322578074013,1.8927833684819411
568,2.5499999999999998,2.5499999999999998,2.5499999999999883,2.5499999999997711,2.5499999999958249,2.549999999933525,2.5499999990892555,2.5499999893254044,2.5499998932813779,2.549999091208794,2.5499934102798991,2.5499592972013367,2.5497856117738258,2.549035377281438,2.546282868796327,2.5376875918357968,2.5147612478677064,2.4622237169120686,2.3578745213867829,2.1759472857686317,1.8922950412616935
569,2.5499999999999998,2.5499999999999998,2.5499999999999878,2.54999999999976,2.5499999999956433,2.5499999999309724,2.5499999990585867,2.5499999890127834,2.5499998905883774,2.5499990716571332,2.549993290876726,2.5499586847541238,2.5497829768247344,2.549025879866476,2.5462542206770791,2.5376153344441437,2.5146089113291197,2.4619552547951153,2.3574792338140007,2.17546279941141,1.8918072851229746
570,2.5499999999999998,2.5499999999999994,2.5499999999999874,2.5499999999997485,2.5499999999954546,2.5499999999283309,2.5499999990269946,2.5499999886921088,2.5499998878368086,2.5499990517521978,2.5499931697161493,2.5499580651453333,2.5497803181844163,2.5490163196805398,2.5462254423038786,2.5375428744658799,2.5144563644545936,2.4616867185606637,2.3570841501008064,2.1749787976528308,1.8913200985175738
571,2.5499999999999998,2.5499999999999985,2.5499999999999865,2.5499999999997365,2.5499999999952583,2.5499999999255971,2.5499999989944548,2.5499999883632039,2.5499998850256165,2.5499990314889205,2.5499930467788503,2.5499574383180552,2.5497776357296762,2.5490066965517024,2.5461965336073891,2.5374702122058936,2.5143036080288779,2.4614181090426439,2.3566892703143356,2.1744952794137875,1.8908334799041453
572,2.5499999999999998,2.549999999999998,2.5499999999999856,2.549999999999724,2.549999999995054,2.5499999999227696,2.5499999989609421,2.549999988025887,2.5499998821537271,2.5499990108621726,2.5499929220453805,2.5499568042152325,2.5497749293374303,2.5489970103088311,2.5461674945196098,2.537397347969514,2.5141506428345832,2.461149427071156,2.3562945945200502,2.1740122436185727,1.8903474277476731
573,2.5499999999999998,2.549999999999998,2.5499999999999852,2.5499999999997103,2.5499999999948422,2.5499999999198444,2.549999998926431,2.5499999876799739,2.5499998792200564,2.5499989898667832,2.5499927954961654,2.5499561627795821,2.5497721988845075,2.5489872607814847,2.546138324974343,2.537324282063425,2.5139974696522045,2.4608806734707356,2.3559001227802043,2.1735296891957017,1.8898619405203274
574,2.5499999999999998,2.5499999999999989,2.5499999999999843,2.5499999999996961,2.5499999999946219,2.5499999999168184,2.549999998890895,2.549999987325279,2.5499998762235041,2.5499989684975288,2.5499926671115021,2.5499555139536429,2.5497694442477687,2.5489774477999734,2.5461090249069125,2.5372510147951188,2.5138440892601066,2.4606118490613973,2.3555058551547674,2.1730476150774178,1.8893770167009412
575,2.5499999999999998,2.5499999999999994,2.5499999999999838,2.5499999999996814,2.5499999999943932,2.5499999999136898,2.5499999988543087,2.5499999869616099,2.5499998731629518,2.5499989467491262,2.5499925368715588,2.549954857679809,2.549766665304193,2.5489675711953961,2.5460795942539463,2.5371775464724893,2.5136905024345433,2.4603429546594189,2.3551117917020994,2.1725660201992576,1.8888926547740077
576,2.5499999999999998,2.5499999999999994,2.5499999999999829,2.5499999999996663,2.5499999999941552,2.5499999999104541,2.5499999988166451,2.5499999865887735,2.5499998700372704,2.5499989246162476,2.5499924047563769,2.5499541939002537,2.549763861930685,2.5489576307995567,2.5460500329538576,2.5371038774047316,2.51353670994963,2.4600739910756007,2.3547179324774445,2.1720849035009855,1.888408853231637
577,2.5499999999999998,2.5499999999999989,2.5499999999999825,2.5499999999996508,2.5499999999939078,2.5499999999071097,2.5499999987778756,2.5499999862065725,2.5499998668453139,2.5499989020935105,2.5499922707458684,2.5499535225569745,2.5497610340041907,2.5489476264450133,2.5460203409465549,2.5370300079018047,2.5133827125773598,2.4598049591163105,2.3543242775338324,2.1716042639260342,1.8879256105723747
578,2.5499999999999998,2.5499999999999985,2.5499999999999816,2.5499999999996348,2.5499999999936507,2.5499999999036516,2.549999998737972,2.5499999858148059,2.5499998635859176,2.5499988791754751,2.5499921348198193,2.5499528435918224,2.5497581814017631,2.5489375579651061,2.5459905181732774,2.536955938274128,2.5132285110876165,2.4595358595840637,2.3539308269225869,2.1711241004211219,1.8874429253003824
579,2.5499999999999998,2.549999999999998,2.5499999999999807,2.5499999999996175,2.5499999999933842,2.5499999999000766,2.5499999986969049,2.5499999854132698,2.549999860257905,2.5499988558566522,2.5499919969578859,2.5499521569464454,2.549755304000429,2.5489274251939009,2.545960564576931,2.5368816688332005,2.5130741062481508,2.4592666932763345,2.35353758069229,2.1706444119369976,1.886960795927032
580,2.5499999999999998,2.5499999999999985,2.5499999999999785,2.5499999999995993,2.5499999999931076,2.5499999998963805,2.5499999986546436,2.5499999850017558,2.5499998568600821,2.5499988321314988,2.5499918571395974,2.5499514625623219,2.5497524016772686,2.548917227966224,2.5459304801018861,2.5368071998912236,2.5129194988245942,2.4589974609862768,2.3531445388894112,2.1701651974279894,1.886479220969935
581,2.5499999999999998,2.5499999999999985,2.5499999999999767,2.5499999999995802,2.5499999999928202,2.5499999998925618,2.5499999986111601,2.5499999845800527,2.5499998533912396,2.5499988079944185,2.5499917153443552,2.5499507603807543,2.5497494743093987,2.5489069661176535,2.5459002646940179,2.5367325317611829,2.5127646895804565,2.4587281635025602,2.3527517015581663,2.1696864558520597,1.8859981989532
582,2.5499999999999998,2.5499999999999985,2.5499999999999754,2.5499999999995606,2.5499999999925218,2.549999999888616,2.5499999985664226,2.549999984147945,2.5499998498501508,2.5499987834397597,2.5499915715514314,2.5499500503428729,2.5497465217739879,2.5488966394845249,2.5458699183006765,2.53665766475679,2.5126096792771277,2.4584588016095013,2.3523590687406255,2.1692081861707968,1.8855177284072024
583,2.5499999999999998,2.5499999999999985,2.5499999999999754,2.5499999999995406,2.5499999999922114,2.5499999998845406,2.5499999985204007,2.5499999837052139,2.5499998462355746,2.5499987584618182,2.5499914257399716,2.5499493323896369,2.5497435439482485,2.5488862479039311,2.5458394408706981,2.5365825991924988,2.5124544686738766,2.4581893760870135,2.3519666404766761,2.1687303873493979,1.8850378078686831
584,2.5499999999999998,2.5499999999999985,2.549999999999975,2.5499999999995193,2.5499999999918899,2.5499999998803293,2.5499999984730604,2.5499999832516371,2.549999842546252,2.5499987330548333,2.549991277888993,2.54994860646184,2.5497405407094567,2.5488757912137241,2.5458088323543611,2.5365073353834431,2.5122990585278626,2.457919887710744,2.3515744168041355,2.1682530583565862,1.8845584358805743
585,2.5499999999999998,2.5499999999999985,2.5499999999999736,2.5499999999994971,2.5499999999915564,2.5499999998759786,2.5499999984243686,2.5499999827869884,2.5499998387809089,2.5499987072129908,2.5499911279773837,2.5499478725001024,2.549737511934933,2.5488652692525147,2.5457780927034301,2.5364318736454945,2.5121434495941197,2.4576503372519465,2.351182397758647,2.1677761981646979,1.8840796109921518
586,2.5499999999999998,2.549999999999998,2.5499999999999718,2.549999999999474,2.5499999999912109,2.549999999871484,2.5499999983742918,2.5499999823110371,2.5499998349382533,2.5499986809304205,2.5499909759839055,2.5499471304448784,2.5497344575020602,2.548854681859674,2.545747221871117,2.5363562142952056,2.5119876426255678,2.4573807254775994,2.3507905833737777,2.1672998057496011,1.8836013317588893
587,2.5499999999999998,2.5499999999999976,2.5499999999999705,2.54999999999945,2.5499999999908516,2.5499999998668423,2.5499999983227966,2.5499999818235497,2.5499998310169767,2.549998654201199,2.5499908218871914,2.5499463802364541,2.549731377288273,2.5488440288753287,2.5457162198120913,2.5362803576498378,2.5118316383730188,2.4571110531503617,2.3503989736809756,2.166823880090742,1.8831235967424629
588,2.5499999999999998,2.5499999999999976,2.5499999999999687,2.5499999999994247,2.549999999990479,2.5499999998620497,2.5499999982698474,2.5499999813242882,2.5499998270157542,2.5499986270193462,2.5499906656657472,2.5499456218149517,2.5497282711710758,2.5488333101403704,2.5456850864824538,2.5362043040272937,2.5116754375851653,2.4568413210286852,2.3500075687096778,2.1663484201710435,1.882646404510685
589,2.5499999999999998,2.549999999999998,2.549999999999967,2.5499999999993976,2.5499999999900917,2.5499999998571026,2.5499999982154087,2.5499999808130096,2.5499998229332426,2.5499985993788266,2.549990507297951,2.5499448551203301,2.549725139028038,2.5488225254964552,2.54565382183974,2.5361280537461361,2.5115190410085901,2.4565715298667881,2.3496163684872799,2.1658734249769371,1.8821697536374893
590,2.5499999999999998,2.549999999999998,2.5499999999999652,2.5499999999993701,2.5499999999896907,2.5499999998519942,2.5499999981594437,2.5499999802894688,2.5499998187680828,2.5499985712735489,2.5499903467620535,2.5499440800923847,2.5497219807367912,2.5488116747859939,2.5456224258429221,2.5360516071256027,2.5113624493877715,2.4563016804146338,2.3492253730391135,2.1653988934983777,1.8816936427029132
591,2.5499999999999998,2.549999999999998,2.5499999999999634,2.5499999999993412,2.5499999999892751,2.5499999998467211,2.5499999981019155,2.5499999797534154,2.5499998145188978,2.5499985426973657,2.5499901840361772,2.5499432966707505,2.5497187961750432,2.5488007578521663,2.5455908984523852,2.5359749644855425,2.5112056634650739,2.4560317734180415,2.3488345823885521,2.1649248247287649,1.8812180702930326
592,2.5499999999999998,2.549999999999998,2.5499999999999616,2.5499999999993119,2.5499999999888443,2.5499999998412775,2.5499999980427863,2.5499999792045949,2.5499998101842931,2.549998513644073,2.5499900190983182,2.5499425047949016,2.5497155852205724,2.5487897745389159,2.5455592396299278,2.5358981261464333,2.5110486839807571,2.4557618096186609,2.348443996556981,2.1644512176649631,1.8807430349999461
593,2.5499999999999998,2.549999999999998,2.5499999999999599,2.5499999999992808,2.549999999988398,2.5499999998356597,2.5499999979820163,2.5499999786427492,2.5499998057628566,2.5499984841074115,2.5499898519263438,2.5499417044041541,2.5497123477512336,2.5487787246909486,2.5455274493387532,2.5358210924293649,2.5108915116729791,2.4554917897540065,2.348053615563825,2.1639780713072665,1.8802685354217274
594,2.5499999999999994,2.5499999999999976,2.5499999999999581,2.5499999999992489,2.5499999999879348,2.5499999998298626,2.5499999979195653,2.5499999780676159,2.5499998012531586,2.5499984540810643,2.5499896824979937,2.5499408954376666,2.5497090836449612,2.5487676081537365,2.5454955275434652,2.5357438636560259,2.5107341472777907,2.4552217145574771,2.3476634394265714,2.1635053846594028,1.8797945701624084
595,2.5499999999999994,2.5499999999999976,2.5499999999999559,2.5499999999992151,2.5499999999874547,2.5499999998238811,2.5499999978553936,2.5499999774789277,2.549999796653752,2.5499984235586575,2.5499895107908812,2.5499400778344414,2.5497057927797697,2.5487564247735186,2.5454634742100573,2.5356664401486944,2.5105765915291434,2.454951584758382,2.3472734681607879,2.1630331567285057,1.8793211378319332
596,2.5499999999999994,2.5499999999999976,2.5499999999999536,2.54999999999918,2.5499999999869569,2.5499999998177096,2.5499999977894596,2.5499999768764137,2.5499997919631703,2.549998392533761,2.5499893367824935,2.5499392515333263,2.5497024750337611,2.5487451743972964,2.5454312893058995,2.5355888222302156,2.5104188451588918,2.4546814010819795,2.3468837017801536,2.1625613865250828,1.8788482370461173
597,2.5499999999999994,2.5499999999999972,2.549999999999951,2.5499999999991441,2.5499999999864413,2.5499999998113432,2.5499999977217227,2.549999976259798,2.5499997871799298,2.5499983609998869,2.5499891604501901,2.5499384164730166,2.5496991302851222,2.5487338568728406,2.545398972799743,2.5355110102240026,2.5102609088967909,2.4544111642494784,2.3464941402964641,2.1620900730630268,1.8783758664266275
598,2.5499999999999998,2.5499999999999972,2.5499999999999483,2.5499999999991059,2.5499999999859071,2.5499999998047751,2.5499999976521392,2.549999975628801,2.5499997823025287,2.5499983289504904,2.5499889817712034,2.5499375725920541,2.5496957584121311,2.5487224720486887,2.5453665246617052,2.5354330044540183,2.510102783470499,2.4541408749780742,2.3461047837196602,2.1616192153595812,1.8779040246009402
599,2.5500000000000003,2.5499999999999972,2.5499999999999456,2.5499999999990668,2.5499999999853538,2.5499999997980014,2.5499999975806644,2.5499999749831379,2.5499997773294454,2.5499982963789676,2.5499888007226379,2.5499367198288323,2.5496923592931577,2.548711019774148,2.5453339448632626,2.5353548052447672,2.5099444696055864,2.4538705339809685,2.3457156320578414,2.1611488124353322,1.877432710202311
600,2.5499999999999998,2.5499999999999972,2.5499999999999434,2.5499999999990259,2.5499999999847809,2.5499999997910159,2.5499999975072538,2.5499999743225183,2.5499997722591408,2.5499982632786553,2.5499886172814725,2.5499358581215943,2.5496889328066663,2.5486994998992931,2.5453012333772453,2.5352764129212813,2.5097859680255294,2.4536001419673958,2.3453266853172892,2.1606788633141898,1.8769619218697371
601,2.5499999999999994,2.5499999999999963,2.5499999999999408,2.5499999999989833,2.5499999999841876,2.5499999997838123,2.5499999974318639,2.5499999736466501,2.5499997670900552,2.5499982296428221,2.5499884314245085,2.5499349874082728,2.5496854788307974,2.5486879122740778,2.5452683901763828,2.5351978278073686,2.5096272794504517,2.4533296996428273,2.3449379435046938,2.1602093670272526,1.8764916371022649
602,2.5499999999999994,2.5499999999999967,2.5499999999999381,2.5499999999989384,2.5499999999835725,2.5499999997763849,2.5499999973544449,2.5499999729552347,2.5499997618206156,2.5499981954647173,2.5499882431285736,2.5499341076271449,2.5496819972450688,2.5486762567518984,2.5452354152390937,2.5351190502325593,2.5094684046021425,2.4530592077081836,2.3445494066183046,2.1597403225973548,1.8760218583171553
603,2.5499999999999994,2.5499999999999963,2.549999999999935,2.5499999999988914,2.5499999999829361,2.5499999997687266,2.5499999972749512,2.5499999722479689,2.5499997564492234,2.54999816073749,2.5499880523702134,2.5499332187158426,2.549678487927804,2.5486645331842239,2.5452023085407696,2.5350400805217017,2.5093093441966419,2.452788666861196,2.344161074661272,2.1592717290620658,1.8755525903298094
604,2.5499999999999994,2.5499999999999963,2.549999999999931,2.5499999999988439,2.5499999999822771,2.5499999997608325,2.5499999971933356,2.5499999715245449,2.5499997509742638,2.5499981254542434,2.5499878591259035,2.5499323206120295,2.549674950757888,2.5486527414242262,2.5451690700595981,2.5349609190018128,2.5091500989490041,2.4525180777953368,2.3437729476327527,2.1588035854585592,1.8750838339818141
605,2.5499999999999994,2.5499999999999954,2.5499999999999288,2.5499999999987941,2.5499999999815945,2.5499999997526954,2.5499999971095466,2.5499999707846506,2.549999745394103,2.5499980896080268,2.5499876633719905,2.549931413253224,2.5496713856142987,2.5486408813258068,2.5451356997750492,2.5348815660004056,2.5089906695723312,2.4522474412003823,2.3433850255302193,2.158335890827066,1.874615589224921
606,2.5499999999999994,2.5499999999999958,2.5499999999999252,2.5499999999987417,2.5499999999808889,2.5499999997443088,2.5499999970235359,2.5499999700279679,2.5499997397070859,2.549998053191826,2.549987465084699,2.5499304965768048,2.5496677923761197,2.5486289527436492,2.5451021976679074,2.5348020218454561,2.5088310567776233,2.4519767577622442,2.3429973083494229,2.1578686442109545,1.8741478555808857
607,2.5499999999999994,2.5499999999999954,2.5499999999999217,2.5499999999986884,2.5499999999801575,2.5499999997356673,2.5499999969352496,2.5499999692541748,2.5499997339115401,2.5499980161985678,2.5499872642401225,2.549929570520006,2.5496641709225552,2.5486169555332068,2.5450685637202732,2.5347222868653967,2.5086712612737871,2.4517060281629779,2.3426097960844019,2.1574018446564294,1.8736806323475572
608,2.5499999999999994,2.5499999999999954,2.5499999999999177,2.549999999998632,2.5499999999794012,2.5499999997267602,2.549999996844639,2.5499999684629442,2.5499997280057727,2.54999797862112,2.5499870608142308,2.5499286350199255,2.549660521132926,2.5486048895507145,2.5450347979155579,2.5346423613891065,2.5085112837676413,2.4514352530808057,2.342222488727502,2.1569354912119851,1.8732139186916763
609,2.5499999999999994,2.5499999999999949,2.5499999999999132,2.5499999999985739,2.5499999999786187,2.5499999997175853,2.5499999967516485,2.5499999676539438,2.5499997219880677,2.5499979404522897,2.5499868547828686,2.5499276900135217,2.5496568428866651,2.5485927546531704,2.5450009002384495,2.5345622457458972,2.5083511249639439,2.4511644331902116,2.3418353862694214,2.1564695829276106,1.8727477136989439
610,2.5499999999999989,2.5499999999999945,2.5499999999999092,2.5499999999985126,2.5499999999778091,2.5499999997081315,2.5499999966562252,2.5499999668268352,2.5499997158566945,2.5499979016848258,2.5499866461217544,2.5499267354376207,2.5496531360633292,2.5485805506983392,2.5449668706749105,2.5344819402654952,2.5081907855653993,2.4508935691619405,2.3414484886992191,2.1560041188540646,1.8722820163917646
611,2.5499999999999989,2.5499999999999945,2.5499999999999052,2.5499999999984495,2.5499999999769711,2.5499999996983918,2.5499999965583133,2.5499999659812773,2.5499997096098994,2.5499978623114159,2.5499864348064825,2.5499257712289123,2.5496494005425969,2.5485682775447569,2.5449327092121803,2.5344014452780463,2.5080302662726504,2.4506226616630045,2.3410617960043285,2.155539098042734,1.8718168257386485
612,2.5499999999999994,2.5499999999999936,2.5499999999999012,2.5499999999983838,2.5499999999761052,2.5499999996883611,2.5499999964578568,2.5499999651169212,2.5499997032459087,2.5499978223246869,2.5499862208125239,2.5499247973239547,2.549645636204271,2.5485559350517284,2.5448984158387651,2.5343207611140932,2.5078695677842737,2.4503517113567121,2.3406753081705753,2.1550745195453089,1.8713521406811937
613,2.5499999999999989,2.5499999999999932,2.5499999999998963,2.5499999999983158,2.5499999999752094,2.5499999996780298,2.5499999963547975,2.5499999642334137,2.5499996967629284,2.5499977817172068,2.549986004115222,2.5499238136591726,2.5496418429282826,2.5485435230793279,2.5448639905444317,2.5342398881045778,2.50770869079679,2.4500807189026732,2.3402890251821833,2.1546103824140479,1.870887960128558
614,2.5499999999999985,2.5499999999999936,2.5499999999998915,2.5499999999982457,2.5499999999742808,2.549999999667389,2.5499999962490776,2.5499999633303991,2.5499996901591429,2.5499977404814822,2.5499857846897971,2.5499228201708597,2.5496380205946929,2.5485310414884026,2.5448294333202028,2.5341588265808226,2.5075476360046611,2.4498096849568287,2.3399029470217982,2.1541466857016531,1.8704242829786404
615,2.5499999999999989,2.5499999999999927,2.5499999999998861,2.5499999999981724,2.5499999999733234,2.5499999996564324,2.5499999961406381,2.5499999624075103,2.5499996834327172,2.5499976986099573,2.5499855625113441,2.549921816795186,2.5496341690836943,2.548518490140566,2.5447947441583416,2.5340775768745165,2.5073864041003016,2.4495386101714876,2.3395170736705122,2.1536834284618784,1.8699611081167133
616,2.5499999999999989,2.5499999999999923,2.5499999999998813,2.5499999999980956,2.5499999999723335,2.5499999996451512,2.5499999960294182,2.5499999614643802,2.549999676581796,2.5499976560950182,2.5499853375548356,2.5499208034681873,2.5496302882756137,2.5485058688982023,2.5447599230523514,2.5339961393177162,2.5072249957740755,2.4492674951953268,2.3391314051078691,2.1532206097498339,1.8694984344137853
617,2.5499999999999985,2.5499999999999918,2.5499999999998755,2.5499999999980161,2.549999999971309,2.5499999996335365,2.5499999959153556,2.5499999605006334,2.5499996696045013,2.549997612928987,2.5499851097951201,2.5499197801257765,2.5496263780509172,2.5484931776244646,2.5447249699969658,2.5339145142428285,2.5070634117143031,2.4489963406734261,2.3387459413118861,2.1527582286223534,1.8690362607329543
618,2.5499999999999985,2.5499999999999914,2.5499999999998697,2.5499999999979339,2.5499999999702503,2.5499999996215803,2.5499999957983874,2.5499999595158913,2.5499996624989341,2.5499975691041254,2.5499848792069209,2.5499187467037436,2.5496224382902106,2.5484804161832773,2.5446898849881383,2.5338327019826004,2.5069016526072612,2.4487251472472908,2.3383606822590703,2.1522962841385032,1.8685745859305147
619,2.5499999999999985,2.5499999999999909,2.5499999999998639,2.5499999999978487,2.5499999999691552,2.5499999996092733,2.5499999956784496,2.5499999585097681,2.549999655263175,2.5499975246126336,2.5499846457648383,2.5499177031377505,2.5496184688742352,2.5484675844393312,2.5446546680230555,2.5337507028701309,2.5067397191371814,2.4484539155548228,2.3379756279243975,2.151834775358918,1.8681134088535987
620,2.5499999999999985,2.5499999999999905,2.5499999999998573,2.5499999999977598,2.5499999999680241,2.5499999995966065,2.5499999955554777,2.5499999574818712,2.5499996478952833,2.5499974794466516,2.5499844094433497,2.5499166493633405,2.5496144696838829,2.5484546822580847,2.5446193191000952,2.5336685172388194,2.5065776119862688,2.4481826462304337,2.3375907782813896,2.1513737013477736,1.8676527283518765
621,2.5499999999999985,2.5499999999999909,2.5499999999998502,2.5499999999976666,2.5499999999668557,2.5499999995835698,2.5499999954294053,2.5499999564318037,2.5499996403932967,2.5499974335982563,2.5499841702168093,2.5499155853159321,2.549610440600182,2.5484417095057665,2.544583838218863,2.5335861454224142,2.5064153318346838,2.4479113399049415,2.3372061333020442,2.1509130611708951,1.8671925432651966
622,2.549999999999998,2.5499999999999901,2.5499999999998431,2.5499999999975715,2.5499999999656477,2.5499999995701548,2.5499999953001637,2.549999955359163,2.5499996327552306,2.5499973870594608,2.5499839280594494,2.5499145109308308,2.5496063815043235,2.5484286660493733,2.5445482253801308,2.5335035877549297,2.506252879360567,2.4476399972057474,2.3368216929569519,2.1504528538983871,1.8667328524405327
623,2.549999999999998,2.5499999999999887,2.5499999999998364,2.5499999999974734,2.5499999999643999,2.5499999995563507,2.5499999951676839,2.5499999542635416,2.5499996249790788,2.5499973398222182,2.5499836829453777,2.5499134261432173,2.5496022922776334,2.54841555175667,2.5445124805858916,2.5334208445707191,2.5060902552400202,2.4473686187566792,2.3364374572151885,2.1499930786023191,1.8662736547167063
624,2.549999999999998,2.5499999999999883,2.5499999999998293,2.5499999999973708,2.5499999999631111,2.5499999995421483,2.549999995031897,2.5499999531445243,2.5499996170628116,2.5499972918784186,2.5499834348485804,2.5499123308881608,2.5495981728016028,2.5484023664961883,2.5444766038392892,2.5333379162043808,2.5059274601471375,2.4470972051781952,2.3360534260444421,2.1495337343591507,1.8658149489385851
625,2.549999999999998,2.5499999999999887,2.5499999999998217,2.5499999999972638,2.5499999999617793,2.5499999995275378,2.549999994892731,2.5499999520016909,2.5499996090043795,2.5499972432198899,2.5499831837429219,2.5499112251006109,2.549594022957868,2.5483891101372271,2.5444405951446734,2.5332548029908337,2.5057644947539766,2.4468257570872196,2.3356695994109131,2.1490748202478125,1.8653567339466943
626,2.549999999999998,2.5499999999999883,2.5499999999998137,2.5499999999971528,2.5499999999604035,2.549999999512508,2.5499999947501135,2.5499999508346143,2.5499996008017107,2.5499971938383972,2.549982929602145,2.5499101087154088,2.5495898426282317,2.5483757825498499,2.5444044545075317,2.5331715052652282,2.5056013597305919,2.446554275097343,2.3352859772794194,2.148616335351393,1.8648990085852362
627,2.549999999999998,2.5499999999999874,2.5499999999998053,2.5499999999970382,2.5499999999589829,2.5499999994970488,2.5499999946039709,2.5499999496428623,2.5499995924527092,2.5499971437256419,2.5499826723998704,2.5499089816672793,2.5495856316946499,2.5483623836048874,2.5443681819345345,2.5330880233630007,2.5054380557450173,2.4462827598186934,2.3349025596133313,2.1481582787560143,1.8644417716976933
628,2.549999999999998,2.5499999999999869,2.5499999999997964,2.5499999999969192,2.5499999999575165,2.5499999994811495,2.5499999944542266,2.549999948425997,2.5499995839552572,2.5499970928732623,2.5499824121095989,2.5499078438908431,2.5495813900392497,2.5483489131739367,2.5443317774334719,2.5330043576197965,2.5052745834632919,2.4460112118581079,2.3345193463746479,2.147700649551707,1.8639850221307235
629,2.5499999999999976,2.5499999999999861,2.5499999999997871,2.5499999999967962,2.549999999956003,2.5499999994647986,2.5499999943008049,2.5499999471835735,2.5499995753072158,2.5499970412728357,2.5499821487047059,2.5499066953205949,2.5495771175442967,2.5483353711293626,2.5442952410133621,2.5329205083716073,2.5051109435494094,2.4457396318188374,2.3341363375238697,2.1472434468314212,1.8635287587285834
630,2.5499999999999972,2.5499999999999852,2.5499999999997773,2.5499999999966687,2.5499999999544403,2.5499999994479849,2.549999994143628,2.5499999459151406,2.5499995665064206,2.5499969889158738,2.549981882158451,2.5499055358909359,2.5495728140922465,2.5483217573442891,2.5442585726842895,2.5328364759545661,2.5049471366653977,2.4454680203009929,2.3337535330201939,2.1467866696921845,1.8630729803412933
631,2.5499999999999972,2.5499999999999843,2.5499999999997676,2.5499999999965359,2.5499999999528269,2.5499999994306979,2.5499999939826163,2.5499999446202404,2.5499995575506853,2.5499969357938257,2.5499816124439709,2.5499043655361593,2.549568479565719,2.5483080716926061,2.5442217724574796,2.532752260705041,2.5047831634712816,2.4451963779013393,2.3333709328214214,2.1463303172346091,1.8626176858208758
632,2.5499999999999967,2.5499999999999829,2.5499999999997573,2.5499999999963978,2.5499999999511611,2.549999999412925,2.54999999381769,2.5499999432984097,2.5499995484378015,2.5499968818980787,2.5499813395342796,2.549903184190434,2.5495641138474752,2.5482943140489724,2.5441848403453764,2.532667862959733,2.5046190246250437,2.4449247052130771,2.3329885368838648,2.1458743885624316,1.8621628740173763
633,2.5499999999999967,2.5499999999999821,2.5499999999997471,2.5499999999962553,2.5499999999494425,2.5499999993946534,2.5499999936487656,2.5499999419491779,2.5499995391655363,2.5499968272199527,2.5499810634022761,2.5499019917878534,2.5495597168204935,2.5482804842888012,2.544147776361402,2.5325832830553754,2.5044547207827481,2.4446530028265188,2.3326063451626462,2.145418882783487,1.8617085437897642
634,2.5499999999999967,2.5499999999999816,2.549999999999736,2.5499999999961074,2.5499999999476683,2.5499999993758715,2.54999999347576,2.5499999405720692,2.5499995297316342,2.5499967717507066,2.5499807840207365,2.5499007882623892,2.549555288367896,2.5482665822882749,2.5441105805201851,2.5324985213290208,2.5042902525984214,2.4443812713284414,2.332224357611409,2.1449637990089676,1.8612546939961061
635,2.5499999999999972,2.5499999999999812,2.549999999999724,2.5499999999959546,2.5499999999458383,2.5499999993565661,2.549999993298588,2.5499999391666011,2.549999520133817,2.5499967154815346,2.5499805013623145,2.5498995735479033,2.5495508283729684,2.5482526079243395,2.5440732528375065,2.5324135781179673,2.5041256207240825,2.4441095113022526,2.3318425741823914,2.1445091363535811,1.8608013234959466
636,2.5499999999999972,2.5499999999999803,2.5499999999997121,2.5499999999957961,2.5499999999439495,2.5499999993367255,2.5499999931171637,2.5499999377322817,2.549999510369779,2.5499966584035652,2.5499802153995539,2.5498983475781936,2.5495463367192275,2.5482385610746872,2.5440357933300661,2.5323284537594777,2.5039608258098629,2.4438377233286204,2.3314609948267351,2.144054893935448,1.8603484311569147
637,2.5499999999999972,2.5499999999999794,2.5499999999996992,2.5499999999956318,2.5499999999420009,2.5499999993163365,2.549999992931399,2.5499999362686165,2.5499995004371954,2.5499966005078645,2.5499799261048701,2.5498971102869192,2.549541813290312,2.5482244416177879,2.54399820201585,2.5322431485912271,2.5037958685038166,2.4435659079844694,2.3310796194939893,2.143601070876429,1.859896015844851
638,2.5499999999999958,2.5499999999999776,2.5499999999996859,2.5499999999954617,2.5499999999399909,2.5499999992953861,2.5499999927412049,2.5499999347751023,2.5499994903337146,2.5499965417854344,2.5499796334505631,2.5498958616076544,2.549537257970059,2.5482102494328664,2.5439604789138794,2.5321576629509983,2.5036307494520496,2.4432940658436668,2.3306984481324564,2.1431476663017754,1.8594440764300584
639,2.5499999999999954,2.5499999999999763,2.5499999999996725,2.5499999999952858,2.549999999937917,2.5499999992738598,2.5499999925464896,2.5499999332512275,2.5499994800569614,2.5499964822272103,2.5499793374088182,2.5498946014739001,2.549532670642523,2.5481959843998974,2.5439226240441406,2.5320719971765979,2.5034654692987623,2.4430221974772164,2.3303174806893105,2.1426946793396753,1.8589926117876592
640,2.5499999999999949,2.549999999999975,2.5499999999996583,2.5499999999951033,2.5499999999357787,2.5499999992517433,2.5499999923471606,2.5499999316964761,2.5499994696045376,2.5499964218240656,2.5499790379516964,2.5498933298190285,2.5495280511918952,2.5481816463996272,2.5438846374278592,2.531986151606183,2.5033000286860974,2.4427503034525078,2.329936717110173,2.1422421091223955,1.8585416207937737
641,2.5499999999999945,2.5499999999999741,2.5499999999996437,2.5499999999949146,2.5499999999335738,2.5499999992290223,2.5499999921431242,2.5499999301103244,2.5499994589740198,2.5499963605668072,2.5499787350511443,2.5498920465763346,2.5495233995025766,2.5481672353135534,2.5438465190872499,2.5319001265779661,2.5031344282542776,2.4424783843339983,2.3295561573395136,2.1417899547851915,1.8580911023287365
642,2.5499999999999945,2.5499999999999732,2.5499999999996286,2.5499999999947192,2.5499999999313001,2.5499999992056837,2.5499999919342851,2.549999928492241,2.5499994481629589,2.549996298446175,2.5499784286789948,2.549890751679035,2.5495187154591763,2.5481527510239212,2.5438082690455226,2.5318139224302225,2.5029686686416035,2.4422064406831905,2.3291758013206447,2.1413382154663072,1.8576410552768237
643,2.5499999999999945,2.5499999999999718,2.549999999999613,2.5499999999945167,2.5499999999289562,2.5499999991817122,2.5499999917205454,2.5499999268416893,2.5499994371688839,2.5499962354528485,2.5499781188069561,2.5498894450602241,2.5495139989464515,2.5481381934137506,2.5437698873270942,2.5317275395015368,2.5028027504843355,2.4419344730580712,2.3287956489953561,2.1408868903080163,1.8571914785242825
644,2.5499999999999945,2.549999999999971,2.5499999999995966,2.5499999999943075,2.5499999999265395,2.5499999991570927,2.549999991501807,2.549999925158124,2.5499994259892969,2.5499961715774391,2.5499778054066238,2.5498881266529243,2.5495092498493759,2.5481235623668064,2.5437313739573439,2.5316409781305196,2.502636674416832,2.4416624820137591,2.3284157003043493,2.1404359784554385,1.8567423709615694
645,2.5499999999999945,2.5499999999999701,2.5499999999995793,2.5499999999940903,2.5499999999240481,2.549999999131809,2.5499999912779683,2.5499999234409914,2.5499994146216749,2.5499961068104926,2.5499774884494797,2.5498867963900862,2.5495044680531405,2.5481088577675979,2.543692728962617,2.5315542386558083,2.5024704410715479,2.4413904681025018,2.3280359551872452,2.1399854790565596,1.856293731483317
646,2.5499999999999945,2.5499999999999683,2.5499999999995611,2.5499999999938656,2.5499999999214804,2.5499999991058462,2.5499999910489279,2.5499999216897336,2.5499994030634721,2.5499960411424927,2.5499771679068823,2.5498854542045386,2.5494996534430832,2.5480940795014093,2.5436539523704624,2.5314673214163488,2.5023040510788959,2.4411184318730319,2.3276564135821185,2.1395353912633568,1.8558455589861991
647,2.5499999999999945,2.5499999999999665,2.549999999999542,2.5499999999936334,2.5499999999188336,2.549999999079188,2.5499999908145816,2.5499999199037831,2.5499993913121157,2.5499959745638545,2.5499768437500792,2.5498841000290442,2.5494948059047675,2.5480792274542647,2.5436150442093655,2.5313802267510814,2.5021375050674042,2.4408463738712904,2.3272770754260299,2.1390857142305388,1.8553978523712089
648,2.549999999999994,2.5499999999999647,2.5499999999995224,2.5499999999933927,2.549999999916106,2.5499999990518178,2.5499999905748236,2.5499999180825661,2.5499993793650066,2.5499959070649267,2.5499765159502061,2.5498827337962995,2.5494899253239813,2.5480643015129294,2.5435760045087497,2.5312929549989471,2.5019708036637138,2.4405742946404101,2.326897940655019,2.1386364471155801,1.8549506105435309
649,2.5499999999999936,2.549999999999963,2.5499999999995029,2.5499999999931435,2.549999999913295,2.5499999990237199,2.5499999903295469,2.5499999162255018,2.5499993672195234,2.5499958386359953,2.5499761844782758,2.5498813554388815,2.5494850115866621,2.5480493015649426,2.5435368332992323,2.5312055064991763,2.5018039474924287,2.4403021947200476,2.3265190092035897,2.1381875890798683,1.8545038324107386
650,2.5499999999999927,2.5499999999999612,2.5499999999994825,2.5499999999928864,2.5499999999103991,2.5499999989948763,2.5499999900786423,2.5499999143320005,2.5499993548730178,2.5499957692672792,2.5499758493051896,2.5498799648893051,2.5494800645789808,2.5480342274985803,2.543497530612342,2.5311178815909732,2.501636937176285,2.4400300746471193,2.3261402810052867,2.1377391392874285,1.8540575168845854
651,2.5499999999999923,2.5499999999999594,2.5499999999994611,2.5499999999926199,2.5499999999074148,2.5499999989652702,2.5499999898219992,2.5499999124014652,2.5499993423228133,2.5499956989489303,2.549975510401739,2.5498785620800235,2.5494750841873346,2.5480190792028563,2.5434580964805309,2.5310300806135242,2.5014697733361428,2.4397579349557774,2.3257617559926826,2.1372910969049639,1.8536116628808106
652,2.5499999999999918,2.5499999999999576,2.5499999999994385,2.5499999999923451,2.5499999999043408,2.5499999989348843,2.5499999895595047,2.5499999104332924,2.5499993295662118,2.5499956276710356,2.5499751677385931,2.5498771469433739,2.54947007029828,2.5480038565675565,2.5434185309374202,2.5309421039062774,2.5013024565908379,2.4394857761767623,2.3253834340968473,2.1368434611029934,1.8531662693180846
653,2.5499999999999918,2.5499999999999563,2.549999999999415,2.5499999999920604,2.549999999901174,2.5499999989036999,2.5499999892910448,2.5499999084268703,2.5499993166004868,2.5499955554236169,2.5499748212863103,2.5498757194116339,2.5494650227986053,2.5479885594832017,2.5433788340175396,2.5308539518086506,2.5011349875573416,2.4392135988380823,2.3250053152479109,2.1363962310546545,1.852721335118994
654,2.5499999999999914,2.5499999999999541,2.5499999999993905,2.5499999999917664,2.5499999998979126,2.5499999988716984,2.5499999890165026,2.5499999063815779,2.5499993034228843,2.5499954821966271,2.5499744710153416,2.5498742794170242,2.5494599415753307,2.5479731878410448,2.5433390057563199,2.5307656246600239,2.5009673668507664,2.4389414034650359,2.3246273993750872,2.1359494059356643,1.8522768592099366
655,2.5499999999999914,2.5499999999999523,2.5499999999993652,2.5499999999914622,2.5499999998945544,2.5499999988388611,2.5499999887357605,2.5499999042967869,2.5499992900306268,2.5499954079799556,2.5499741168960184,2.5498728268916646,2.5494548265156589,2.5479577415331018,2.5432990461902834,2.5306771227999496,2.5007995950842452,2.4386691905797124,2.3242496864062479,2.1355029849251985,1.8518328405207403
656,2.5499999999999909,2.5499999999999501,2.5499999999993395,2.5499999999911473,2.5499999998910958,2.5499999988051685,2.5499999884486977,2.5499999021718622,2.5499992764209094,2.5499953327634235,2.5499737588985618,2.5498713617676105,2.5494496775070155,2.5479422204521267,2.5432589553568876,2.5305884465679811,2.500631672869031,2.4383969607013989,2.323872176268269,2.1350569672051871,1.8513892779849241
657,2.5499999999999905,2.5499999999999479,2.5499999999993124,2.5499999999908223,2.5499999998875347,2.5499999987706023,2.5499999881551929,2.5499999000061613,2.5499992625909007,2.5499952565367869,2.5499733969930789,2.5498698839768443,2.5494444944370387,2.547926624491617,2.5432187332945606,2.5304995963037151,2.5004636008144736,2.4381247143464844,2.3234948688869541,2.1346113519604963,1.8509461705395709
658,2.5499999999999896,2.5499999999999452,2.5499999999992844,2.5499999999904865,2.5499999998838674,2.5499999987351418,2.5499999878551218,2.549999897799033,2.5499992485377434,2.5499951792897342,2.5499730311495674,2.5498683934512778,2.5494392771935872,2.5479109535458107,2.5431783800426859,2.5304105723467667,2.5002953795280316,2.4378524520285101,2.3231177641870708,2.1341661383787978,1.850503517125536
659,2.5499999999999887,2.5499999999999421,2.5499999999992546,2.5499999999901397,2.5499999998800913,2.5499999986987678,2.5499999875483588,2.5499998955498175,2.5499992342585527,2.5499951010118873,2.549972661337911,2.5498668901227544,2.5494340256647372,2.5478952075096863,2.543137895641598,2.5303213750367739,2.5001270096152712,2.4375801742581666,2.3227408620923526,2.1337213256506153,1.8500613166872921
660,2.5499999999999887,2.5499999999999399,2.5499999999992249,2.54999999998978,2.5499999998762051,2.5499999986614594,2.5499999872347767,2.5499998932578452,2.5499992197504158,2.5499950216928009,2.5499722875278832,2.5498653739230557,2.5494287397387905,2.5478793862789573,2.5430972801325602,2.5302320047133708,2.49995849167989,2.4373078815433549,2.3223641625255569,2.1332769129692322,1.8496195681729559
661,2.5499999999999883,2.5499999999999372,2.5499999999991934,2.5499999999894096,2.5499999998722052,2.5499999986231936,2.5499999869142433,2.5499998909224395,2.5499992050103808,2.549994941321915,2.5499719096889999,2.5498638447835105,2.5494234193034995,2.5478634897488894,2.5430565335564914,2.5301424617154873,2.4997898263241676,2.4370355743907481,2.3219876654103788,2.1328328995323385,1.8491782766027594
662,2.5499999999999874,2.5499999999999341,2.5499999999991614,2.5499999999890264,2.549999999868088,2.5499999985839508,2.5499999865866294,2.5499998885429189,2.5499991900355088,2.549994859888749,2.549971527791115,2.5498623026365301,2.5494180642491524,2.54784751781906,2.5430156559591275,2.5300527463841984,2.4996210141470505,2.4367632532993668,2.3216113706636352,2.1323892845357038,1.8487374398341967
663,2.5499999999999861,2.5499999999999319,2.5499999999991272,2.5499999999886303,2.5499999998638505,2.5499999985437101,2.5499999862518008,2.5499998861185889,2.5499991748227928,2.5499947773826075,2.5499711418035185,2.5498607474133133,2.5494126744639511,2.5478314703862188,2.5429746473832679,2.529962859058438,2.4994520557470303,2.4364909187702288,2.321235278207018,2.1319460671826347,1.848297055087897
664,2.5499999999999861,2.5499999999999288,2.5499999999990917,2.5499999999882204,2.5499999998594896,2.5499999985024457,2.5499999859096212,2.549999883648749,2.5499991593692126,2.5499946937927773,2.5499707516955419,2.5498591790453662,2.5494072498370586,2.5478153473489789,2.5429335078738928,2.5298728000779187,2.4992829517204718,2.4362185713002136,2.3208593879593256,2.1315032466772839,1.8478571206724084
665,2.5499999999999852,2.5499999999999252,2.5499999999990552,2.5499999999877989,2.5499999998550034,2.5499999984601387,2.5499999855599516,2.5499998811326874,2.5499991436717182,2.5499946091084769,2.5499703574364063,2.5498575974641557,2.5494017902579396,2.5477991486068166,2.5428922374769782,2.5297825697821965,2.4991137026614303,2.4359462113829493,2.3204836998383311,2.1310608222271297,1.8474176352077767
666,2.5499999999999847,2.5499999999999221,2.5499999999990179,2.5499999999873624,2.5499999998503866,2.5499999984167645,2.5499999852026529,2.5499998785696869,2.5499991277272338,2.5499945233188597,2.5499699589952303,2.5498560026010821,2.5493962956162384,2.5477828740598376,2.5428508362393289,2.5296921685108797,2.4989443091624182,2.4356738395097066,2.3201082137609452,2.1306187930419473,1.8469785974153958
667,2.5499999999999838,2.549999999999919,2.5499999999989789,2.5499999999869121,2.5499999998456371,2.5499999983722987,2.5499999848375818,2.5499998759590206,2.549999111532657,2.5499944364130154,2.5499695563410265,2.5498543943874852,2.5493907658018236,2.5477665236088574,2.5428093042086188,2.5296015966035501,2.4987747718141544,2.4354014561691231,2.3197329296431834,2.1301771583342148,1.8465400060821062
668,2.5499999999999829,2.549999999999915,2.5499999999989384,2.5499999999864462,2.5499999998407517,2.5499999983267179,2.5499999844645953,2.5499998732999525,2.5499990950848592,2.5499943483799634,2.5499691494426946,2.5498527727546487,2.5493852007048066,2.5477500971554501,2.5427676414334632,2.5295108543997493,2.4986050912054201,2.4351290618469972,2.3193578474001031,2.1297359173194512,1.8461018600474912
669,2.5499999999999825,2.5499999999999119,2.5499999999988963,2.5499999999859662,2.5499999998357259,2.5499999982799983,2.549999984083545,2.5499998705917362,2.5499990783806741,2.5499942592086424,2.5499687382690071,2.5498511376337869,2.5493796002155786,2.5477335946020623,2.5427258479635397,2.5294199422389712,2.4984352679227784,2.4348566570259051,2.3189829669456827,2.1292950692168762,1.8456641581872322
670,2.5499999999999816,2.5499999999999075,2.5499999999988523,2.5499999999854701,2.5499999998305567,2.5499999982321153,2.5499999836942839,2.5499998678336202,2.5499990614169175,2.5499941688879479,2.5499683227886663,2.5498494889560828,2.5493739642246855,2.5477170158516143,2.5426839238490966,2.5293288604606734,2.4982653025516051,2.4345842421866872,2.3186082881933254,2.1288546132478214,1.8452268993892402
671,2.5499999999999807,2.5499999999999035,2.5499999999988074,2.5499999999849581,2.5499999998252409,2.5499999981830421,2.5499999832966584,2.5499998650248394,2.5499990441903657,2.5499940774066716,2.5499679029702138,2.5498478266526359,2.549368292623031,2.5477003608081255,2.5426418691417214,2.5292376094042375,2.4980951956744768,2.4343118178061287,2.3182338110550971,2.1284145486386783,1.8447900825680927
672,2.5499999999999794,2.5499999999998995,2.5499999999987613,2.5499999999844296,2.5499999998197742,2.549999998132753,2.5499999828905175,2.5499998621646265,2.5499990266977903,2.5499939847536033,2.5499674787821864,2.5498461506545458,2.5493625853015307,2.5476836293756437,2.5425996838930307,2.5291461894090381,2.4979249478739018,2.4340393843609225,2.3178595354430382,2.1279748746159921,1.8443537066367768
673,2.5499999999999794,2.5499999999998955,2.5499999999987129,2.5499999999838843,2.5499999998141534,2.5499999980812236,2.5499999824757054,2.5499998592522006,2.5499990089359144,2.5499938909174169,2.5499670501929339,2.5498444608928201,2.5493568421515134,2.5476668214594747,2.5425573681561588,2.5290546008143524,2.4977545597292048,2.4337669423231549,2.317485461267677,2.1275355904120845,1.8439177705357361
674,2.5499999999999785,2.549999999999891,2.5499999999986627,2.5499999999833221,2.549999999808374,2.5499999980284258,2.5499999820520634,2.5499998562867696,2.5499989909014293,2.5499937958867065,2.5499666171706914,2.5498427572984137,2.5493510630645804,2.5476499369657439,2.542514921985215,2.5289628439593743,2.4975840318176354,2.4334944921619388,2.3171115884385904,2.1270966952629973,1.8434822732148963
675,2.5499999999999767,2.5499999999998861,2.5499999999986107,2.5499999999827412,2.5499999998024321,2.5499999979743331,2.5499999816194308,2.5499998532675368,2.5499989725910099,2.5499936996500301,2.5499661796836324,2.5498410398022537,2.5493452479324721,2.5476329758009806,2.542472345434784,2.5288709191832508,2.4974133647154249,2.4332220343449338,2.3167379168648941,2.1266581884064459,1.8430472136284992
676,2.5499999999999754,2.5499999999998808,2.5499999999985565,2.5499999999821421,2.5499999997963241,2.5499999979189161,2.5499999811776455,2.5499998501936934,2.5499989540012984,2.5499936021958689,2.5499657376998126,2.5498393083352142,2.5493393966471989,2.5476159378725072,2.5424296385603942,2.5287788268250453,2.4972425589967941,2.4329495693369276,2.3163644464547901,2.1262200690835629,1.8426125907397433
677,2.5499999999999741,2.5499999999998755,2.5499999999985006,2.5499999999815239,2.5499999997900451,2.5499999978621468,2.5499999807265414,2.5499998470644223,2.5499989351289059,2.5499935035126322,2.5499652911871773,2.549837562828118,2.5493335091010314,2.5475988230884323,2.5423868014185054,2.5286865672237426,2.4970716152339807,2.4326770975998606,2.3159911771155657,2.125782336538923,1.8421784035241568
678,2.5499999999999727,2.5499999999998697,2.5499999999984428,2.5499999999808858,2.5499999997835916,2.5499999978039987,2.549999980265953,2.5499998438788967,2.5499989159704128,2.5499934035886591,2.5499648401135646,2.5498358032117481,2.5493275851865014,2.5475816313575965,2.5423438340664157,2.5285941407182051,2.4969005339973758,2.4324046195930942,2.315618108753736,2.1253449900194865,1.8417446509572051
679,2.5499999999999714,2.5499999999998648,2.5499999999983829,2.5499999999802276,2.5499999997769587,2.5499999977444419,2.5499999797957096,2.5499998406362798,2.5499988965223723,2.549993302412223,2.5499643844467097,2.5498340294168349,2.549321624796371,2.5475643625895441,2.5423007365622756,2.5285015476472457,2.4967293158555863,2.4321321357734029,2.3152452412749644,2.124908028775657,1.8413113320286612
680,2.5499999999999705,2.549999999999859,2.5499999999983212,2.5499999999795491,2.5499999997701424,2.5499999976834449,2.549999979315638,2.5499998373357249,2.549998876781308,2.549993199971528,2.54996392415425,2.5498322413740828,2.5493156278236619,2.547547016694506,2.542257508964989,2.528408788349525,2.4965579613754953,2.4318596465952123,2.3148725745842578,2.1244714520592383,1.8408784457253529
681,2.5499999999999692,2.5499999999998528,2.5499999999982572,2.5499999999788492,2.5499999997631382,2.5499999976209784,2.5499999788255634,2.5499998339763765,2.5499988567437133,2.5499930962547093,2.5499634592037119,2.5498304390141393,2.549309594161639,2.5475295935834672,2.5422141513343761,2.5283158631636518,2.4963864711220753,2.4315871525101715,2.3145001085857051,2.1240352591258458,1.8404459910470348
682,2.5499999999999678,2.5499999999998466,2.5499999999981906,2.5499999999781275,2.5499999997559417,2.5499999975570113,2.5499999783253084,2.5499998305573688,2.549998836406052,2.5499929912498391,2.549962989562534,2.5498286222676287,2.5493035237038173,2.5475120931680642,2.5421706637309551,2.5282227724280677,2.4962148456586686,2.4313146539677364,2.314127843182809,2.1235994492321701,1.840013966993338
683,2.5499999999999665,2.54999999999984,2.5499999999981218,2.5499999999773832,2.5499999997485476,2.5499999974915122,2.5499999778146933,2.5499998270778264,2.5499988157647597,2.5499928849449183,2.5499625151980423,2.5498267910651253,2.5492974163439612,2.5474945153606785,2.5421270462161356,2.5281295164811484,2.4960430855467326,2.4310421514146516,2.3137557782781952,2.123164021638241,1.8395823725723488
684,2.5499999999999647,2.5499999999998333,2.5499999999980503,2.5499999999766163,2.5499999997409515,2.5499999974244503,2.5499999772935356,2.5499998235368646,2.5499987948162413,2.5499927773278812,2.5499620360774675,2.5498249453371753,2.5492912719760921,2.5474768600743749,2.5420832988520807,2.5280360956611152,2.4958711913460014,2.4307696452953103,2.3133839137738375,2.1227289756058512,1.8391512067956823
685,2.549999999999963,2.5499999999998266,2.5499999999979766,2.5499999999758254,2.5499999997331479,2.5499999973557919,2.5499999767616495,2.5499998199335892,2.5499987735568714,2.5499926683865954,2.5499615521679386,2.5498230850142858,2.5492850904944815,2.5474591272229254,2.5420394217017632,2.5279425103060786,2.495699163614431,2.4304971360516134,2.3130122495709573,2.1222943103991927,1.8387204686802401
686,2.5499999999999612,2.54999999999982,2.5499999999979006,2.5499999999750105,2.5499999997251321,2.5499999972855045,2.5499999762188477,2.5499998162670949,2.549998751982995,2.5499925581088574,2.549961063436486,2.5498212100269328,2.5492788717936641,2.5474413167208123,2.5419954148289419,2.5278487607540034,2.4955270029081933,2.4302246241230137,2.3126407855700846,2.121860025284696,1.8382901572472676
687,2.5499999999999594,2.5499999999998124,2.5499999999978216,2.5499999999741703,2.5499999997169001,2.5499999972135536,2.5499999756649387,2.5499998125364658,2.5499987300909259,2.549992446482396,2.5499605698500396,2.5498193203055606,2.5492726157684302,2.5474234284832189,2.5419512782981628,2.527754847342718,2.4953547097816946,2.4299521099465267,2.3122695216710518,2.1214261195309576,1.8378602715225085
688,2.5499999999999576,2.5499999999998044,2.5499999999977407,2.5499999999733043,2.5499999997084455,2.549999997139905,2.5499999750997304,2.5499998087407785,2.549998707876949,2.549992333494874,2.5499600713754274,2.5498174157805682,2.5492663223138123,2.5474054624260338,2.5419070121747986,2.5276607704099652,2.4951822847875618,2.4296795939566365,2.3118984577728896,2.1209925924091171,1.8374308105377892
689,2.5499999999999563,2.549999999999796,2.5499999999976568,2.5499999999724112,2.5499999996997631,2.5499999970645244,2.5499999745230264,2.5499998048790964,2.5499986853373184,2.5499922191338844,2.5499595679793812,2.5498154963823394,2.549259991325123,2.547387418465838,2.5418626165249418,2.5275665302932779,2.4950097284766839,2.4294070765855369,2.3115275937740747,2.1205594431920893,1.8370017733271811
690,2.5499999999999541,2.5499999999997871,2.5499999999975698,2.5499999999714915,2.5499999996908476,2.5499999969873763,2.5499999739346282,2.5499998009504736,2.5499986624682562,2.5499921033869519,2.5499590596285344,2.5498135620412303,2.5492536226979352,2.5473692965199146,2.5418180914154576,2.5274721273300358,2.4948370413981906,2.4291345582630148,2.3111569295724128,2.1201266711549214,1.8365731589288181
691,2.5499999999999519,2.5499999999997782,2.5499999999974792,2.5499999999705434,2.5499999996816931,2.5499999969084257,2.5499999733343346,2.5499997969539545,2.549998639265957,2.5499919862415337,2.549958546289417,2.5498116126875461,2.5492472163280611,2.5473510965062576,2.5417734369140614,2.527377561857552,2.4946642240994108,2.4288620394162712,2.3107864650648708,2.1196942755752723,1.8361449663874803
692,2.5499999999999496,2.5499999999997693,2.549999999997385,2.5499999999695664,2.5499999996722944,2.5499999968276348,2.5499999727219418,2.5499997928885727,2.5499986157265813,2.549991867685018,2.549958027928469,2.54980964825159,2.5492407721115975,2.5473328183435369,2.5417286530891334,2.5272828342128912,2.4944912771259902,2.4285895204703531,2.3104162001479547,2.1192622557324006,1.8357171947494646
693,2.5499999999999474,2.54999999999976,2.5499999999972882,2.5499999999685605,2.5499999996626457,2.5499999967449662,2.5499999720972415,2.5499997887533512,2.5499985918462582,2.5499917477047238,2.5499575045120326,2.5498076686636386,2.5492342899449092,2.5473144619511152,2.5416837400098045,2.5271879447329488,2.494318201021835,2.4283170018479567,2.3100461347175392,2.1188306109076023,1.8352898430647546
694,2.5499999999999456,2.5499999999997502,2.5499999999971883,2.5499999999675245,2.5499999996527412,2.5499999966603819,2.5499999714600246,2.5499997845473037,2.5499985676210901,2.5499916262879041,2.5499569760063454,2.5498056738539208,2.5492277697246002,2.5472960272490757,2.5416386977460643,2.5270928937545487,2.4941449963290294,2.4280444839691624,2.3096762686686572,2.1183993403847459,1.8348629103895309
695,2.5499999999999434,2.5499999999997405,2.5499999999970857,2.5499999999664573,2.5499999996425751,2.5499999965738436,2.5499999708100782,2.5499997802694314,2.5499985430471446,2.5499915034217415,2.5499564423775585,2.5498036637526664,2.5492212113475632,2.5472775141581616,2.5415935263685374,2.526997681614251,2.4939716635880145,2.4277719672519784,2.309306601895921,2.1179684434493447,1.834436395781929
696,2.5499999999999412,2.5499999999997298,2.5499999999969787,2.5499999999653582,2.5499999996321403,2.5499999964853126,2.5499999701471863,2.549999775918725,2.5499985181204576,2.5499913790933517,2.5499559035917274,2.5498016382900843,2.5492146147109591,2.5472589225998004,2.5415482259485787,2.5269023086484323,2.4937982033375081,2.4274994521121078,2.3089371342933438,2.1175379193889228,1.8340102983036963
697,2.5499999999999385,2.5499999999997187,2.5499999999968685,2.5499999999642258,2.5499999996214311,2.5499999963947482,2.5499999694711306,2.5499997714941647,2.5499984928370369,2.5499912532897815,2.5499553596148035,2.5497995973963388,2.5492079797121958,2.5472402524961426,2.541502796558389,2.5268067751933798,2.4936246161144107,2.4272269389626695,2.3085678657541342,2.1171077674933838,1.8335846170217698
698,2.5499999999999354,2.5499999999997072,2.5499999999967544,2.5499999999630596,2.5499999996104417,2.5499999963021107,2.5499999687816892,2.5499997669947208,2.5499984671928564,2.5499911259980097,2.5499548104126517,2.5497975410015976,2.5492013062489698,2.5472215037699919,2.541457238270791,2.5267110815851108,2.493450902453993,2.4269544282147395,2.3081987961710837,2.1166779870544441,1.8331593510056825
699,2.5499999999999323,2.5499999999996952,2.5499999999966367,2.5499999999618592,2.5499999995991645,2.5499999962073585,2.5499999680786378,2.5499997624193509,2.5499984411838574,2.5499909972049464,2.5499542559510444,2.5497954690360123,2.5491945942192484,2.5472026763448339,2.5414115511593223,2.5266152281594483,2.4932770628898182,2.426681920277125,2.3078299254364065,2.1162485773658433,1.8327344993285604
700,2.5499999999999297,2.5499999999996827,2.5499999999965151,2.5499999999606229,2.5499999995875942,2.5499999961104498,2.5499999673617482,2.5499997577670031,2.5499984148059536,2.5499908668974332,2.5499536961956499,2.5497933814296934,2.5491878435212509,2.5471837701448683,2.5413657352983439,2.5265192152521054,2.4931030979536479,2.426409415556106,2.3074612534415642,2.1158195377235107,1.8323100610680305
701,2.5499999999999265,2.5499999999996708,2.5499999999963894,2.5499999999593506,2.5499999995757228,2.5499999960113424,2.5499999666307902,2.5499997530366141,2.5499983880550228,2.5499907350622442,2.549953131112054,2.5497912781127567,2.5491810540534865,2.5471647850949442,2.5413197907628309,2.5264230431985197,2.4929290081756221,2.4261369144559377,2.3070927800775998,2.1153908674252988,1.8318860353045265
702,2.5499999999999234,2.5499999999996574,2.5499999999962597,2.5499999999580405,2.5499999995635441,2.5499999959099915,2.5499999658855295,2.5499997482271084,2.5499983609269119,2.5499906016860847,2.5499525606657487,2.5497891590153063,2.5491742257147392,2.5471457211205903,2.5412737176284614,2.5263267123339226,2.4927547940841834,2.425864417378639,2.3067245052350001,2.1149625657710849,1.831462421121985
703,2.5499999999999203,2.5499999999996437,2.5499999999961251,2.5499999999566927,2.5499999995510501,2.5499999958063539,2.5499999651257297,2.5499997433374015,2.5499983334174381,2.5499904667555926,2.5499519848221257,2.5497870240674083,2.5491673584040462,2.5471265781480414,2.5412275159717121,2.5262302229934188,2.4925804562059928,2.4255919247237547,2.3063564288035399,2.1145346320628549,1.8310392176086032
704,2.5499999999999172,2.5499999999996295,2.549999999995987,2.5499999999553054,2.5499999995382345,2.5499999957003849,2.5499999643511506,2.5499997383663957,2.5499983055223838,2.5499903302573363,2.5499514035464936,2.5497848731991399,2.54916045202074,2.5471073561041795,2.5411811858696627,2.5261335755118273,2.4924059950661008,2.4253194368888349,2.3059885506725832,2.1141070656045247,1.8306164238553133
705,2.5499999999999137,2.5499999999996148,2.549999999995844,2.5499999999538772,2.5499999995250899,2.5499999955920396,2.549999963561548,2.5499997333129816,2.5499982772374996,2.5499901921778161,2.5499508168040692,2.5497827063405674,2.5491535064644282,2.5470880549165593,2.5411347274000771,2.5260367702237483,2.4922314111878743,2.4250469542692303,2.3056208707309569,2.1136798657020144,1.8301940389564313
706,2.5499999999999097,2.5499999999995997,2.5499999999956962,2.5499999999524072,2.5499999995116092,2.5499999954812713,2.5499999627566763,2.5499997281760405,2.5499982485585058,2.5499900525034653,2.549950224559971,2.5497805234217239,2.5491465216349765,2.5470686745134383,2.5410881406415058,2.5259398074636437,2.492056705092911,2.4247744772578552,2.3052533888668076,2.11325303166335,1.8297720620104192
707,2.5499999999999057,2.5499999999995837,2.5499999999955438,2.5499999999508947,2.5499999994977842,2.5499999953680335,2.549999961936285,2.5499997229544409,2.5499982194810875,2.5499899112206479,2.5499496267792345,2.5497783243726579,2.5491394974325465,2.5470492148237143,2.5410414256730851,2.5258426875656776,2.4918818773012124,2.4245020062456679,2.3048861049678826,2.1128265627984506,1.8293504921184269
708,2.5499999999999012,2.5499999999995677,2.5499999999953862,2.5499999999493386,2.5499999994836071,2.5499999952522781,2.5499999611001214,2.5499997176470384,2.5499981900008977,2.5499897683156592,2.5499490234268087,2.5497761091234099,2.5491324337575803,2.5470296757769524,2.5409945825746214,2.5257454108637845,2.4917069283311082,2.4242295416214663,2.3045190189214124,2.1124004584192213,1.8289293283848984
709,2.5499999999998968,2.5499999999995508,2.5499999999952232,2.5499999999477372,2.5499999994690694,2.5499999951339563,2.5499999602479297,2.5499997122526792,2.5499981601135584,2.549989623774727,2.5499484144675413,2.5497738776039909,2.5491253305107797,2.5470100573034178,2.5409476114266911,2.5256479776917464,2.4915318586991746,2.4239570837716453,2.3041521306139736,2.1119747178396677,1.8285085699182499
710,2.5499999999998924,2.5499999999995331,2.5499999999950544,2.5499999999460901,2.5499999994541636,2.5499999950130192,2.5499999593794502,2.5499997067701972,2.5499981298146577,2.549989477584012,2.5499477998662021,2.5497716297444293,2.5491181875931446,2.5469903593340084,2.5409005123104413,2.5255503883830381,2.4913566689204054,2.4236846330806814,2.3037854399317546,2.1115493403756722,1.8280882158296206
711,2.5499999999998879,2.5499999999995149,2.5499999999948808,2.5499999999443959,2.549999999438882,2.5499999948894168,2.54999995849442,2.5499997011984128,2.5499980990997515,2.549989329729605,2.5499471795874729,2.54976936547475,2.549111004905956,2.5469705818002861,2.5408532853076742,2.5254526432708939,2.4911813595081398,2.4234121899309238,2.3034189467604453,2.1111243253450862,1.8276682652333831
712,2.549999999999883,2.5499999999994958,2.5499999999947018,2.5499999999426537,2.5499999994232163,2.5499999947630982,2.5499999575925725,2.5499996955361377,2.549998067964363,2.5499891801975303,2.5499465535959378,2.5497670847249529,2.5491037823507607,2.5469507246345064,2.5408059305009458,2.5253547426883816,2.4910059309739716,2.4231397547023619,2.3030526509851081,2.1106996720678413,1.8272487172476906
713,2.5499999999998781,2.5499999999994754,2.5499999999945171,2.5499999999408622,2.549999999407158,2.5499999946340117,2.5499999566736387,2.5499996897821684,2.5499980364039811,2.5499890289737426,2.5499459218561018,2.5497647874250542,2.5490965198294009,2.5469307877695568,2.5407584479733822,2.5252566869682647,2.4908303838279151,2.4228673277730643,2.3026865524904094,2.110275379865755,1.8268295709935145
714,2.5499999999998733,2.5499999999994549,2.5499999999943261,2.5499999999390193,2.5499999993906979,2.5499999945021052,2.5499999557373432,2.5499996839352916,2.5499980044140629,2.5499888760441296,2.5499452843323862,2.5497624735050755,2.5490892172440081,2.5469107711389762,2.5407108378087311,2.5251584764430395,2.490654718578361,2.4225949095190566,2.3023206511605547,2.1098514480625878,1.826410825594913
715,2.5499999999998675,2.5499999999994345,2.5499999999941299,2.5499999999371239,2.5499999993738265,2.5499999943673246,2.5499999547834094,2.5499996779942804,2.5499979719900305,2.5499887213945103,2.5499446409891187,2.5497601428950247,2.5490818744969861,2.5468906746769808,2.540663100091443,2.5250601114449993,2.4904789357319981,2.4223225003141216,2.30195494687919,2.1094278759841187,1.8259924801794269
716,2.5499999999998617,2.5499999999994132,2.5499999999939265,2.5499999999351752,2.549999999356535,2.5499999942296165,2.5499999538115574,2.5499996719578975,2.5499979391272745,2.549988565010636,2.5499439917905442,2.5497577955249153,2.5490744914910271,2.546870498318436,2.5406152349065856,2.524961592306167,2.4903030357938971,2.4220501005300119,2.3015894395295042,2.1090046629580619,1.8255745338776703
717,2.5499999999998559,2.549999999999391,2.5499999999937173,2.5499999999331715,2.5499999993388149,2.5499999940889255,2.549999952821504,2.5499996658248913,2.5499979058211517,2.5499884068781906,2.5499433367008235,2.5497554313247628,2.549067068129109,2.5468502419988615,2.5405672423398613,2.5248629193583065,2.4901270192674936,2.4217777105364093,2.3012241289942081,2.1085818083140828,1.8251569858234151
718,2.5499999999998506,2.5499999999993679,2.549999999993501,2.5499999999311118,2.5499999993206566,2.5499999939451965,2.5499999518129619,2.549999659594,2.5499978720669843,2.5499882469827893,2.5499426756840315,2.5497530502245875,2.5490596043144973,2.5468299056544264,2.5405191224775927,2.5247640929329198,2.489950886654595,2.4215053307009478,2.3008590151555532,2.1081593113837909,1.8247398351535198
719,2.5499999999998453,2.549999999999343,2.5499999999932781,2.5499999999289944,2.5499999993020506,2.5499999937983722,2.5499999507856401,2.549999653263948,2.5499978378600616,2.5499880853099803,2.5499420087041607,2.5497506521544158,2.5490520999507442,2.5468094892219484,2.5404708754067218,2.5246651133612397,2.4897746384553887,2.4212329613892227,2.3004940978953274,2.1077371715007294,1.8243230810079389
720,2.5499999999998395,2.5499999999993186,2.549999999993048,2.549999999926817,2.549999999282988,2.5499999936483944,2.5499999497392429,2.5499996468334469,2.5499978031956387,2.5499879218452435,2.5499413357251171,2.5497482370442826,2.5490445549416938,2.5467889926388869,2.5404225012147919,2.5245659809742227,2.4895982751684538,2.4209606029648274,2.300129377094875,2.1073153880003583,1.8239067225296566
721,2.549999999999832,2.5499999999992924,2.5499999999928109,2.5499999999245797,2.5499999992634574,2.5499999934952049,2.5499999486734715,2.5499996403011918,2.5499977680689194,2.5499877565739255,2.549940656710552,2.5497458048238268,2.5490369691907313,2.5467684158422657,2.5403739999888044,2.5244666961018321,2.4894217972909463,2.4206882557905329,2.2997648526369305,2.1068939602220844,1.8234907664724791
722,2.5499999999998249,2.5499999999992662,2.5499999999925667,2.5499999999222807,2.5499999992434494,2.5499999933387452,2.5499999475880255,2.5499996336658795,2.5499977324751297,2.5499875894815021,2.549939971624565,2.5497433554239062,2.5490293426037747,2.5467477587730221,2.5403253718198586,2.5243672590759134,2.489245205317776,2.4204159202234279,2.2994005243982243,2.1064728875012295,1.8230752106190331
723,2.5499999999998182,2.5499999999992382,2.5499999999923135,2.5499999999199177,2.549999999222953,2.5499999931789539,2.5499999464825969,2.5499996269261791,2.5499976964094029,2.5499874205531827,2.5499392804306349,2.5497408887741724,2.5490216750847834,2.5467270213694646,2.540276616796179,2.5242676702258966,2.4890684997428933,2.420143596622264,2.2990363922605841,2.1060521691810217,1.8226600519278038
724,2.5499999999998106,2.5499999999992093,2.5499999999920542,2.5499999999174898,2.5499999992019595,2.5499999930157706,2.5499999453568782,2.5499996200807535,2.5499976598668588,2.5499872497741767,2.5499385830923389,2.5497384048046854,2.549013966538745,2.5467062035716141,2.5402277350077331,2.5241679298816724,2.4888916810585102,2.4198712853426705,2.2986724561035601,2.1056318046045037,1.8222452887422846
725,2.5499999999998026,2.5499999999991796,2.5499999999917855,2.549999999914994,2.5499999991804558,2.5499999928491324,2.5499999442105543,2.5499996131282501,2.5499976228425822,2.5499870771296242,2.5499378795731773,2.5497359034455367,2.5490062168709815,2.5466853053201941,2.5401787265451112,2.5240680383727483,2.4887147497550024,2.4195989867380567,2.2983087158062578,2.1052117931169279,1.8218309197839184
726,2.5499999999997947,2.5499999999991489,2.5499999999915097,2.5499999999124308,2.549999999158433,2.5499999926789783,2.549999943043308,2.5499996060673062,2.5499975853316257,2.5499869026046009,2.5499371698365705,2.5497333846268178,2.5489984259870635,2.546664326556487,2.5401295914994408,2.5239679960284249,2.4885377063213956,2.4193267011601343,2.2979451712473828,2.1047921340651916,1.8214169438976133
727,2.5499999999997871,2.5499999999991179,2.5499999999912246,2.5499999999097978,2.5499999991358795,2.5499999925052408,2.5499999418548187,2.5499995988965436,2.5499975473290064,2.549986726184116,2.5499364538458571,2.5497308482786356,2.5489905937928636,2.5466432672224335,2.5400803299624521,2.5238678031777009,2.4883605512450764,2.4190544289585949,2.2975818223052036,2.1043728267982922,1.8210033600197544
728,2.5499999999997778,2.5499999999990846,2.5499999999909302,2.5499999999070915,2.5499999991127833,2.5499999923278565,2.5499999406447609,2.5499995916145739,2.5499975088297071,2.5499865478531047,2.5499357315642954,2.5497282943311106,2.5489827201945578,2.5466221272606262,2.5400309420264713,2.5237674601492666,2.4881832850117882,2.4187821704811201,2.2972186688575595,2.1039538706675156,1.8205901671458915
729,2.5499999999997693,2.5499999999990504,2.5499999999906273,2.5499999999043124,2.5499999990891338,2.5499999921467604,2.5499999394128046,2.5499995842199894,2.5499974698286683,2.5499863675964294,2.5499350029550509,2.5497257227143852,2.5489748050986645,2.5466009066143918,2.5399814277844883,2.5236669672714642,2.4880059081054409,2.4185099260731464,2.2968557107818097,2.1035352650269807,1.8201773643122436
730,2.5499999999997605,2.5499999999990153,2.5499999999903156,2.5499999999014573,2.5499999990649189,2.5499999919618848,2.5499999381586171,2.549999576711377,2.5499974303208091,2.5499861853989048,2.5499342679812385,2.5497231333586123,2.5489668484118977,2.5465796052274707,2.5399317873298686,2.5235663248724376,2.4878284210089072,2.4182376960788514,2.2964929479550453,2.1031170092326184,1.8197649505685276
731,2.5499999999997507,2.5499999999989797,2.549999999989994,2.5499999998985254,2.5499999990401268,2.5499999917731611,2.5499999368818629,2.5499995690873098,2.5499973903010136,2.5499860012452791,2.5499335266058947,2.5497205261939619,2.5489588500412652,2.5465582230442312,2.5398820207565405,2.5234655332800302,2.4876508242034943,2.4179654808405036,2.296130380253953,2.1026991026430211,1.8193529249886682
732,2.5499999999997405,2.5499999999989411,2.5499999999896628,2.549999999895515,2.5499999990147462,2.5499999915805214,2.5499999355821998,2.5499995613463433,2.5499973497641251,2.5499858151202202,2.5499327787919652,2.5497179011506281,2.5489508098941265,2.5465367600097899,2.5398321281591034,2.5233645928217188,2.4874731181686358,2.4176932806980931,2.2957680075547366,2.1022815446201246,1.8189412866692709
733,2.5499999999997298,2.5499999999989025,2.5499999999893213,2.5499999998924232,2.5499999989887638,2.5499999913838942,2.549999934259283,2.5499995534870203,2.5499973087049468,2.5499856270083217,2.5499320245023083,2.5497152581588258,2.5489427278781753,2.5465152160699609,2.5397821096327826,2.5232635038246345,2.4872953033820151,2.4174210959894951,2.2954058297331601,2.1018643345290484,1.8185300347208564
734,2.5499999999997187,2.5499999999988625,2.5499999999889695,2.549999999889248,2.5499999989621669,2.5499999911832094,2.5499999329127627,2.5499995455078728,2.5499972671182585,2.5499854368941279,2.5499312636997291,2.5497125971487877,2.5489346039013174,2.5464935911710036,2.5397319652731905,2.5231622666156821,2.4871173803202069,2.4171489270512505,2.2950438466647123,2.101447471736793,1.818119168260399
735,2.5499999999997076,2.5499999999988208,2.5499999999886076,2.5499999998859879,2.5499999989349438,2.5499999909783959,2.5499999315422852,2.5499995374074169,2.5499972249987994,2.5499852447621127,2.5499304963469491,2.5497099180507705,2.5489264378717817,2.5464718852598538,2.5396816951765406,2.5230608815214293,2.4869393494580936,2.4168767742178545,2.2946820582244554,2.1010309556133455,1.8177086864186929
736,2.5499999999996965,2.5499999999987781,2.549999999988235,2.5499999998826404,2.5499999989070807,2.5499999907693796,2.5499999301474934,2.5499995291841566,2.5499971823412735,2.5499850505966761,2.5499297224066098,2.5497072207950535,2.548918229698117,2.5464500982841085,2.5396312994396237,2.5229593488681008,2.4867612112689019,2.4166046378218193,2.2943204642870465,2.1006147855312642,1.8172985883345465
737,2.5499999999996845,2.5499999999987337,2.54999999998785,2.5499999998792044,2.5499999988785653,2.5499999905560848,2.5499999287280262,2.5499995208365798,2.5499971391403466,2.5499848543821519,2.5499289418412778,2.5497045053119414,2.5489099792891725,2.5464282301919861,2.5395807781597757,2.5228576689816005,2.4865829662243,2.4163325181937862,2.2939590647267578,2.1001989608656584,1.8168888731547952
738,2.5499999999996716,2.549999999998688,2.5499999999874534,2.549999999875677,2.5499999988493824,2.549999990338438,2.5499999272835163,2.5499995123631622,2.5499970953906534,2.5499846561028079,2.5499281546134478,2.5497017715317649,2.5489016865540903,2.5464062809323047,2.5395301314348493,2.5227558421875145,2.4864046147944592,2.4160604156626118,2.2935978594175053,2.0997834809936187,1.8164795400325517
739,2.5499999999996592,2.54999999999864,2.5499999999870457,2.5499999998720564,2.5499999988195197,2.5499999901163628,2.5499999258135926,2.5499995037623657,2.5499970510867911,2.5499844557428442,2.5499273606855404,2.5496990193848807,2.5488933514023135,2.5463842504545031,2.5394793593632357,2.5226538688111018,2.486226157447998,2.4157883305552992,2.2932368482328287,2.0993683452944905,1.8160705881266088
740,2.5499999999996459,2.5499999999985907,2.5499999999866261,2.5499999998683411,2.5499999987889628,2.5499999898897809,2.5499999243178806,2.5499994950326381,2.5499970062233221,2.5499842532863979,2.5499265600199044,2.5496962488016739,2.5488849737435819,2.5463621387086177,2.5394284620438361,2.5225517491772953,2.4860475946520348,2.4155162631970772,2.2928760310459193,2.0989535531493959,1.8156620166020436
741,2.5499999999996326,2.5499999999985405,2.549999999986194,2.5499999998645273,2.5499999987576993,2.5499999896586139,2.5499999227960024,2.5499994861724131,2.5499969607947728,2.54998404871754,2.5499257525788153,2.5496934597125578,2.5488765534879332,2.5463399456452902,2.5393774395760698,2.5224494836107025,2.4858689268721728,2.4152442139113757,2.2925154077296108,2.0985391039413925,1.81525382462892
742,2.5499999999996188,2.5499999999984886,2.5499999999857486,2.5499999998606131,2.5499999987257134,2.5499999894227816,2.549999921247573,2.5499994771801107,2.5499969147956354,2.5499838420202727,2.5499249383244793,2.5496906520479747,2.5488680905457071,2.5463176712157694,2.5393262920598696,2.522347072435593,2.4856901545724965,2.414972183019831,2.292154978156391,2.0981249970552698,1.8148460113828959
743,2.5499999999996037,2.5499999999984344,2.5499999999852903,2.5499999998565968,2.5499999986929884,2.5499999891822043,2.5499999196722056,2.5499994680541369,2.5499968682203664,2.5499836331785319,2.5499241172190312,2.5496878257383968,2.5488595848275422,2.5462953153719048,2.5392750195956793,2.5222445159759062,2.4855112782155846,2.4147001708422993,2.2917947421983995,2.0977112318775823,1.8144385760446691
744,2.5499999999995882,2.5499999999983789,2.5499999999848182,2.5499999998524756,2.5499999986595121,2.5499999889367984,2.5499999180695072,2.5499994587928829,2.549996821063385,2.549983422176191,2.549923289224536,2.5496849807143347,2.5488510362443866,2.5462728780661497,2.5392236222844344,2.5221418145552237,2.4853322982625006,2.4144281776968843,2.2914346997274659,2.0972978077963584,1.8140315177982627
745,2.5499999999995722,2.5499999999983216,2.5499999999843328,2.549999999848247,2.5499999986252688,2.5499999886864821,2.5499999164390807,2.549999449394726,2.549996773319076,2.5499832089970536,2.5499224543029873,2.5496821169063231,2.548842444707482,2.5462503592515624,2.5391721002275971,2.5220389684968092,2.4851532151727955,2.4141562038998781,2.2910748506150505,2.0968847242016273,1.8136248358340452
746,2.5499999999995553,2.5499999999982617,2.5499999999838336,2.5499999998439087,2.5499999985902422,2.5499999884311704,2.5499999147805248,2.5499994398580306,2.549996724981789,2.5499829936248584,2.5499216124163051,2.5496792342449246,2.5488338101283698,2.5462277588818059,2.5391204535271443,2.5219359781235973,2.4849740294045044,2.4138842497657795,2.2907151947322584,2.0964719804852701,1.813218529347886
747,2.5499999999995384,2.5499999999982004,2.5499999999833198,2.5499999998394585,2.5499999985544175,2.5499999881707773,2.549999913093433,2.5499994301811433,2.5499966760458359,2.5499827760432794,2.5499207635263486,2.549676332660757,2.5488251324189104,2.5462050769111237,2.5390686822854867,2.5218328437581241,2.4847947414142046,2.4136123156074651,2.2903557319499721,2.0960595760399752,1.8128125975351042
748,2.5499999999995211,2.5499999999981369,2.5499999999827905,2.5499999998348937,2.5499999985177784,2.5499999879052164,2.549999911377395,2.5499994203623992,2.5499966265054921,2.549982556235924,2.5499199075949011,2.5496734120844575,2.5488164114912553,2.5461823132943731,2.5390167866055786,2.5217295657226173,2.4846153516569367,2.4133404017359585,2.2899964621386784,2.0956475102605934,1.8124070395984357
749,2.5499999999995033,2.5499999999980707,2.5499999999822456,2.5499999998302112,2.5499999984803097,2.5499999876343993,2.5499999096319961,2.5499994104001185,2.5499965763550003,2.5499823341863328,2.549919044583675,2.5496704724466923,2.548807647257858,2.5461594679870156,2.5389647665908881,2.5216261443389731,2.4844358605862276,2.4130685084604933,2.2896373851685143,2.0952357825437766,1.8120018547458896
750,2.5499999999994847,2.5499999999980028,2.5499999999816851,2.5499999998254088,2.5499999984419941,2.5499999873582375,2.5499999078568156,2.5499994002926054,2.5499965255885626,2.5499821098779822,2.5499181744543291,2.5496675136781906,2.5487988396314902,2.5461365409450645,2.5389126223452663,2.5215225799286713,2.4842562686542125,2.4127966360888005,2.2892785009094649,2.0948243922867746,1.811597042183906
751,2.5499999999994651,2.549999999997933,2.5499999999811083,2.549999999820483,2.5499999984028143,2.5499999870766397,2.5499999060514291,2.5499993900381499,2.5499964742003489,2.5499818832942824,2.5499172971684438,2.5496645357097023,2.5487899885252201,2.5461135321251556,2.5388603539731132,2.521418872812879,2.4840765763114745,2.4125247849267404,2.2889198092311109,2.0944133388889168,1.8111926011257298
752,2.5499999999994443,2.5499999999978611,2.5499999999805145,2.549999999815431,2.5499999983627539,2.5499999867895147,2.5499999042154085,2.5499993796350284,2.5499964221844906,2.5499816544185774,2.5499164126875309,2.5496615384720087,2.5487810938524169,2.5460904414845258,2.5388079615793369,2.5213150233124253,2.4838967840070856,2.4122529552783973,2.2885613100026978,2.0940026217512315,1.8107885307892564
753,2.549999999999423,2.5499999999977869,2.5499999999799039,2.5499999998102507,2.5499999983217956,2.5499999864967688,2.5499999023483175,2.549999369081501,2.5499963695350827,2.5499814232341476,2.5499155209730491,2.5496585218959584,2.5487721555267657,2.5460672689809472,2.5387554452692034,2.5212110317477183,2.4837168921887653,2.4119811474464168,2.2882030030933453,2.0935922402755969,1.8103848303922434
754,2.5499999999994012,2.5499999999977101,2.5499999999792764,2.549999999804939,2.5499999982799211,2.549999986198308,2.5499999004497176,2.5499993583758136,2.5499963162461836,2.5499811897242073,2.549914621986384,2.5496554859124223,2.5487631734622518,2.5460440145728112,2.5387028051485192,2.5211068984388447,2.4835369013026853,2.411709361731591,2.2878448883717879,2.0931821938657009,1.8099814991577436
755,2.5499999999993794,2.5499999999976306,2.5499999999786311,2.5499999997994931,2.5499999982371127,2.5499999858940372,2.5499998985191654,2.5499993475161977,2.5499962623118173,2.5499809538719043,2.5499137156888514,2.5496524304523076,2.5487541475731637,2.546020678219107,2.5386500413235846,2.5210026237055438,2.4833568117935187,2.4114375984329661,2.2874869657064432,2.0927724819268074,1.8095785363127783
756,2.5499999999993563,2.5499999999975484,2.5499999999779677,2.5499999997939096,2.5499999981933525,2.5499999855838587,2.5499998965562121,2.5499993365008682,2.5499962077259677,2.5499807156603249,2.5499128020417152,2.5496493554465878,2.5487450777741043,2.5459972598793548,2.5385971539010543,2.520898207867134,2.4831766241045981,2.4111658578481596,2.2871292349656023,2.0923631038654298,1.8091759410857193
757,2.5499999999993328,2.5499999999974641,2.5499999999772851,2.5499999997881853,2.5499999981486221,2.5499999852676742,2.5499998945604032,2.549999325328026,2.5499961524825849,2.5499804750724886,2.5499118810061683,2.5496462608262651,2.5487359639799787,2.5459737595136858,2.5385441429881044,2.5207936512426019,2.4829963386777232,2.4108941402729758,2.2867716960172007,2.0919540590896437,1.8087737127091637
758,2.5499999999993079,2.5499999999973766,2.549999999976583,2.5499999997823171,2.5499999981029027,2.5499999849453849,2.5499998925312815,2.5499993139958574,2.5499960965755819,2.5499802320913489,2.549910952543335,2.5496431465223788,2.5487268061059964,2.5459501770828217,2.5384910086923917,2.5206889541505806,2.4828159559532126,2.4106224460015055,2.2864143487288748,2.0915453470090224,1.8083718504192485
759,2.5499999999992822,2.5499999999972869,2.5499999999758609,2.5499999997763019,2.5499999980561747,2.549999984616889,2.5499998904683818,2.5499993025025312,2.5499960399988333,2.5499799866997974,2.5499100166142923,2.5496400124660381,2.5487176040676816,2.5459265125480139,2.5384377511219216,2.5205841169092795,2.4826354763700453,2.4103507753264219,2.286057192968129,2.0911369670346036,1.8079703534538745
760,2.5499999999992555,2.5499999999971945,2.5499999999751188,2.5499999997701366,2.5499999980084191,2.5499999842820844,2.5499998883712354,2.5499992908462028,2.5499959827461791,2.5499797388806593,2.5499090731800447,2.5496368585883822,2.5487083577808622,2.5459027658711166,2.5383843703852058,2.5204791398365689,2.4824549003656884,2.4100791285386203,2.2857002286021375,2.090728918578892,1.8075692210547976
761,2.5499999999992276,2.549999999997099,2.5499999999743554,2.5499999997638185,2.549999997959616,2.549999983940868,2.5499998862393696,2.549999279025013,2.5499959248114217,2.5499794886166955,2.549908122201531,2.5496336848205927,2.5486990671616705,2.5458789370145696,2.5383308665912252,2.5203740232499574,2.4822742283761396,2.4098075059273105,2.2853434554977934,2.0903212010558656,1.8071684524671054
762,2.5499999999991991,2.5499999999970004,2.5499999999735707,2.5499999997573433,2.5499999979097447,2.5499999835931342,2.5499998840723044,2.5499992670370846,2.5499958661883255,2.5499792358906035,2.5499071636396433,2.5496304910939207,2.5486897321265554,2.5458550259413357,2.5382772398492977,2.5202687674665252,2.482093460836071,2.4095359077803042,2.2849868735218521,2.0899138138809845,1.8067680469375289
763,2.5499999999991698,2.5499999999968987,2.5499999999727647,2.5499999997507072,2.5499999978587864,2.5499999832387763,2.5499998818695566,2.5499992548805266,2.5499958068706188,2.5499789806850153,2.5499061974552042,2.5496272773396531,2.5486803525922701,2.5458310326149762,2.538223490269238,2.520163372803006,2.4819125981786532,2.4092643343836637,2.2846304825407597,2.0895067564711804,1.8063680037165109
764,2.5499999999991396,2.5499999999967935,2.5499999999719356,2.5499999997439065,2.5499999978067192,2.549999982877686,2.5499998796306369,2.549999242553433,2.5499957468519936,2.5499787229824986,2.5499052236089721,2.5496240434891191,2.5486709284758731,2.5458069569996322,2.5381696179613149,2.5200578395757662,2.4817316408356018,2.4089927860217943,2.2842742824206979,2.0891000282448613,1.8059683220576739
765,2.5499999999991085,2.5499999999966847,2.5499999999710843,2.5499999997369387,2.5499999977535222,2.5499999825097546,2.5499998773550501,2.5499992300538801,2.5499956861261026,2.5499784627655604,2.5499042420616593,2.5496207894737233,2.5486614596947397,2.5457827990599595,2.5381156230361253,2.51995216810074,2.4815505892373202,2.4087212629777301,2.2839182730277074,2.0886936286218822,1.8055690012162908
766,2.5499999999990761,2.5499999999965732,2.5499999999702085,2.5499999997298,2.5499999976991736,2.5499999821348713,2.5499998750422965,2.5499992173799293,2.5499956246865634,2.5499782000166413,2.5499032527739103,2.5496175152249063,2.5486519461665504,2.545758558761209,2.5380615056047477,2.5198463586935076,2.4813694438127225,2.408449765532783,2.2835624542275386,2.0882875570235866,1.8051700404511215
767,2.5499999999990424,2.5499999999964587,2.5499999999693084,2.5499999997224858,2.5499999976436514,2.549999981752924,2.5499998726918713,2.5499992045296271,2.5499955625269553,2.5499779347181173,2.5499022557063076,2.5496142206741559,2.5486423878092936,2.5457342360692046,2.5380072657787069,2.5197404116692765,2.4811882049892819,2.4081782939666305,2.283206825885689,2.0878818128727934,1.8047714390239455
768,2.5499999999990073,2.5499999999963405,2.5499999999683838,2.5499999997149936,2.549999997586935,2.5499999813637984,2.5499998703032638,2.5499991915010023,2.5499954996408207,2.5499776668523038,2.5499012508193899,2.5496109057530347,2.548632784541272,2.5457098309502801,2.5379529036698414,2.5196343273428177,2.481006873193174,2.4079068485576078,2.2828513878675163,2.0874763955937765,1.8043731961983698
769,2.5499999999989718,2.5499999999962184,2.5499999999674339,2.5499999997073184,2.5499999975290004,2.5499999809673795,2.5499998678759588,2.5499991782920701,2.549995436021665,2.5499773964014509,2.5499002380736298,2.5496075703931469,2.5486231362810958,2.5456853433713569,2.5378984193904626,2.5195281060285413,2.4808254488490977,2.4076354295823514,2.2824961400381008,2.0870713046122895,1.803975311241228
770,2.5499999999989345,2.5499999999960923,2.5499999999664582,2.5499999996994567,2.5499999974698264,2.5499999805635505,2.5499998654094349,2.5499991649008287,2.549995371662956,2.5499771233477442,2.5498992174294388,2.5496042145261453,2.548613442947683,2.5456607732999244,2.5378438130533132,2.5194217480404784,2.4806439323803238,2.4073640373158942,2.2821410822622838,2.0866665393555563,1.8035777834222309
771,2.5499999999988963,2.5499999999959622,2.5499999999654559,2.5499999996914045,2.5499999974093885,2.5499999801521933,2.5499998629031655,2.54999915132526,2.5499953065581242,2.5499768476733093,2.5498981888471834,2.5496008380837569,2.548603704460267,2.5456361207039833,2.5377890847714575,2.5193152536922283,2.4804623242088195,2.4070926720319119,2.2817862144047525,2.086262099252282,1.8031806120131455
772,2.5499999999988572,2.549999999995828,2.5499999999644261,2.5499999996831573,2.5499999973476632,2.5499999797331871,2.5499998603566181,2.5499991375633293,2.5499952407005608,2.5499765693602066,2.5498971522871714,2.54959744099776,2.548593920738389,2.545611385552101,2.5377342346583891,2.5192086232970086,2.4802806247551255,2.4068213340024784,2.2814315363299542,2.0858579837326396,1.8027837962885784
773,2.5499999999988163,2.5499999999956904,2.5499999999633678,2.5499999996747107,2.5499999972846257,2.5499999793064116,2.5499998577692544,2.5499991236129866,2.5499951740836222,2.5499762883904338,2.5498961077096522,2.5495940231999867,2.5485840917019016,2.5455865678133995,2.5376792628280076,2.5191018571676449,2.4800988344383823,2.4065500234981223,2.281077047902119,2.0854541922282754,1.8023873355258022
774,2.5499999999987746,2.5499999999955487,2.5499999999622811,2.5499999996660612,2.5499999972202532,2.5499999788717433,2.5499998551405323,2.5499991094721648,2.5499951067006257,2.5499760047459268,2.5498950550748232,2.5495905846223312,2.5485742172709673,2.5455616674575436,2.5376241693945936,2.5189949556165607,2.4799169536763577,2.406278740787875,2.2807227489852679,2.0850507241723117,1.8019912290046491
775,2.5499999999987306,2.5499999999954022,2.5499999999611651,2.5499999996572043,2.5499999971545217,2.5499999784290579,2.5499998524699024,2.549999095138781,2.5499950385448518,2.5499757184085587,2.5498939943428276,2.5495871251967475,2.5485642973660605,2.5455366844547407,2.5375689544728126,2.5188879189557767,2.4797349828854465,2.4060074861392722,2.2803686394432217,2.0846475789993448,1.801595476007458
776,2.5499999999986853,2.5499999999952516,2.5499999999600189,2.549999999648136,2.5499999970874065,2.5499999779782296,2.5499998497568108,2.5499990806107355,2.5499949696095427,2.5499754293601402,2.5498929254737561,2.5495836448552502,2.5485543319079671,2.5455116187757403,2.5375136181777105,2.5187807474969093,2.4795529224806705,2.4057362598183567,2.2800147191395981,2.0842447561454476,1.8012000758190738
777,2.5499999999986387,2.5499999999950962,2.5499999999588421,2.5499999996388514,2.5499999970188814,2.5499999775191302,2.5499998470006968,2.5499990658859129,2.5499948998879032,2.5499751375824187,2.5498918484276469,2.5495801435299188,2.5485443208177836,2.5454864703918272,2.5374581606247029,2.5186734415511669,2.4793707728756966,2.4054650620897089,2.279660987937818,2.0838422550481499,1.8008050277268086
778,2.5499999999985903,2.5499999999949359,2.5499999999576337,2.5499999996293456,2.5499999969489187,2.5499999770516304,2.5499998442009941,2.5499990509621808,2.5499948293730994,2.549974843057079,2.5498907631644863,2.5495766211528941,2.5485342640169195,2.5454612392748244,2.5374025819295825,2.5185660014293534,2.4791885344828257,2.4051938932164272,2.2793074457011029,2.0834400751464601,1.8004103310204542
779,2.549999999998541,2.5499999999947711,2.5499999999563934,2.5499999996196134,2.5499999968774927,2.5499999765755987,2.5499998413571316,2.549999035837391,2.5499947580582605,2.5499745457657457,2.5498896696442088,2.549573077656381,2.5485241614270953,2.5454359253970917,2.537346882208511,2.5184584274418627,2.4790062077129997,2.4049227534601432,2.2789540922924791,2.0830382158808618,1.8000159849922497
780,2.5499999999984904,2.5499999999946015,2.5499999999551197,2.5499999996096512,2.5499999968045777,2.5499999760909029,2.549999838468533,2.549999020509377,2.5499946859364782,2.5499742456899819,2.5498885678267,2.5495695129726488,2.5485140129703421,2.5454105287315216,2.5372910615780149,2.5183507198986788,2.4788237929758097,2.404651643081031,2.2786009275747805,2.0826366766932969,1.7996219889368763
781,2.5499999999984375,2.5499999999944261,2.5499999999538119,2.5499999995994536,2.549999996730147,2.5499999755974074,2.5499998355346114,2.5499990049759518,2.5499946130007878,2.5499739428112318,2.5498874576716486,2.5495659270337057,2.5485038185683844,2.5453850492505596,2.5372351201537402,2.5182428791082119,2.4786412906789645,2.404380562338448,2.2782479514126477,2.0822354570301704,1.7992283635187261
782,2.5499999999983829,2.5499999999942466,2.5499999999524694,2.5499999995890166,2.5499999966541731,2.5499999750949791,2.5499998325547817,2.5499989892349251,2.5499945392442407,2.5499736371110449,2.5498863391391295,2.5495623197726065,2.5484935781451239,2.5453594869301335,2.5371790580554379,2.5181349053819373,2.4784587012303763,2.4041095114883508,2.2778951636645202,2.0818345563303429,1.7988351042191075
783,2.5499999999983265,2.5499999999940615,2.5499999999510909,2.549999999578334,2.5499999965766285,2.5499999745834776,2.5499998295284469,2.5499989732840764,2.5499944646597954,2.5499733285707409,2.5498852121887263,2.5495586911214807,2.5484832916228939,2.5453338417437341,2.5371228753994779,2.5180267990274823,2.4782760250351346,2.4038384907872694,2.2775425641946563,2.0814339740430809,1.7984422041214381
784,2.5499999999982683,2.5499999999938701,2.5499999999496761,2.5499999995674014,2.5499999964974829,2.5499999740627644,2.5499998264550068,2.5499989571211721,2.5499943892403913,2.5499730171716375,2.5498840767801298,2.5495550410128729,2.5484729589249895,2.5453081136663873,2.537066572303821,2.5179185603531402,2.4780932624973864,2.403567500489558,2.2771901528651388,2.081033709616241,1.7980496603332206
785,2.5499999999982075,2.5499999999936742,2.5499999999482248,2.549999999556213,2.5499999964167093,2.5499999735326977,2.5499998233338528,2.5499989407439632,2.5499943129789302,2.5499727028949901,2.5498829328729764,2.5495513693793805,2.5484625799749936,2.5452823026736122,2.5370101488867696,2.5178101896668434,2.4779104140200539,2.4032965408482485,2.2768379295378631,2.0806337624990321,1.7976574708557149
786,2.5499999999981466,2.5499999999934713,2.549999999946734,2.549999999544764,2.5499999963342788,2.5499999729931346,2.5499998201643734,2.5499989241501821,2.5499942358682759,2.5499723857219907,2.5498817804268574,2.5495476761536779,2.548452154696808,2.5452564087414666,2.5369536052669819,2.51770168727609,2.4777274800046918,2.4030256121149174,2.2764858940745447,2.0802341321422708,1.7972656341442004
787,2.5499999999980822,2.549999999993263,2.5499999999452054,2.5499999995330489,2.5499999962501607,2.5499999724439313,2.5499998169459497,2.5499989073375451,2.5499941579012542,2.549972065633777,2.5498806194013159,2.5495439612685056,2.5484416830146484,2.5452304318465244,2.5368969415634561,2.5175930534879605,2.4775444608515356,2.4027547145397441,2.2761340463367188,2.0798348179985795,1.7968741488843905
788,2.5499999999980165,2.5499999999930494,2.5499999999436374,2.549999999521062,2.5499999961643254,2.5499999718849415,2.5499998136779549,2.549998890303752,2.5499940790706503,2.549971742611417,2.5498794497558492,2.5495402246566781,2.5484311648530484,2.545204371965887,2.5368401578955333,2.517484288609106,2.4773613569594781,2.4024838483714914,2.2757823861857402,2.0794358195229146,1.7964830139000123
789,2.5499999999979481,2.5499999999928278,2.5499999999420266,2.5499999995087985,2.5499999960767425,2.549999971316014,2.5499998103597581,2.5499988730464809,2.5499939993692142,2.5499714166359233,2.5498782714499066,2.5495364662510775,2.5484206001368483,2.5451782290771683,2.5367832543828901,2.5173753929457616,2.4771781687261072,2.4022130138575379,2.2754309134827975,2.079037136173175,1.7960922281085046
790,2.5499999999978784,2.5499999999926004,2.5499999999403751,2.5499999994962517,2.5499999959873811,2.5499999707370016,2.5499998069907237,2.5499988555633974,2.5499939187896556,2.5499710876882493,2.5498770844428935,2.5495326859846617,2.5484099887912008,2.5451520031584938,2.5367262311455323,2.5172663668037378,2.4769948965477067,2.4019422112438908,2.2750796280889012,2.0786387674109137,1.7957017904972692
791,2.5499999999978056,2.5499999999923677,2.5499999999386813,2.5499999994834166,2.5499999958962101,2.5499999701477511,2.5499998035702056,2.5499988378521499,2.5499938373246462,2.5499707557492841,2.5498758886941721,2.5495288837904617,2.5483993307415731,2.5451256941885023,2.5366690883037939,2.517157210488421,2.4768115408192517,2.4016714407751811,2.2747285298648947,2.0782407127015841,1.795311700113799
792,2.5499999999977305,2.5499999999921275,2.5499999999369432,2.5499999994702867,2.5499999958031969,2.549999969548109,2.5499998000975541,2.5499988199103658,2.5499937549668208,2.5499704207998595,2.5498746841630573,2.5495250596015802,2.5483886259137436,2.5450993021463431,2.5366118259783366,2.5170479243047716,2.4766281019344114,2.4014007026946724,2.2743776186714575,2.0778429715147726,1.7949219560415288
793,2.5499999999976541,2.5499999999918797,2.5499999999351592,2.5499999994568561,2.5499999957083102,2.5499999689379198,2.5499997965721137,2.5499988017356578,2.5499936717087754,2.5499700828207477,2.5498734708088211,2.5495212133511944,2.5483778742338017,2.5450728270116754,2.536554444290144,2.516938508557323,2.476444580285555,2.4011299972442655,2.2740268943690993,2.0774455433239818,1.7945325574077835
794,2.5499999999975747,2.5499999999916247,2.5499999999333309,2.5499999994431195,2.5499999956115156,2.5499999683170249,2.5499997929932223,2.5499987833256195,2.5499935875430659,2.5499697417926614,2.5498722485906953,2.549517344972561,2.5483670756281511,2.5450462687646627,2.5364969433605169,2.516828963550179,2.4762609762637608,2.4008593246645091,2.2736763568181653,2.0770484276068149,1.7941435033541091
795,2.5499999999974925,2.5499999999913632,2.5499999999314542,2.5499999994290703,2.5499999955127812,2.5499999676852658,2.5499997893602093,2.5499987646778259,2.5499935024622125,2.5499693976962514,2.5498710174678649,2.5495134543990061,2.5483562300235074,2.5450196273859769,2.5364393233110754,2.5167192895870145,2.4760772902588117,2.4005886851946099,2.2733260058788476,2.0766516238442798,1.7937547930450457
796,2.5499999999974077,2.5499999999910945,2.54999999992953,2.5499999994147018,2.5499999954120729,2.5499999670424809,2.5499997856723993,2.549998745789837,2.5499934164586948,2.54996905051211,2.5498697773994743,2.5495095415639377,2.5483453373468996,2.5449929028567917,2.5363815842637489,2.5166094869710731,2.475893522659204,2.4003180790724326,2.272975841411176,2.076255131520738,1.7933664256671269
797,2.5499999999973206,2.5499999999908169,2.5499999999275578,2.5499999994000078,2.5499999953093573,2.5499999663885058,2.5499997819291118,2.5499987266591955,2.5499933295249542,2.5499687002207718,2.5498685283446276,2.5495056064008423,2.5483343975256671,2.5449660951587805,2.5363237263407759,2.5164995560051659,2.4757096738521556,2.4000475065345168,2.2726258632750245,2.0758589501232367,1.7929784004210469
798,2.5499999999972309,2.5499999999905318,2.5499999999255345,2.5499999993849816,2.549999995204598,2.5499999657231762,2.5499997781296573,2.5499987072834229,2.5499932416533952,2.5499683468027126,2.5498672702623884,2.5495016488432816,2.5483234104874639,2.544939204274113,2.536265749664699,2.5163894969916698,2.4755257442236074,2.3997769678160812,2.2722760713301229,2.0754630791409974,1.7925907165214301
799,2.5499999999971386,2.5499999999902379,2.5499999999234593,2.5499999993696179,2.5499999950977599,2.5499999650463248,2.5499997742733416,2.5499986876600262,2.5499931528363828,2.5499679902383474,2.5498660031117768,2.5494976688248965,2.5483123761602555,2.5449122301854632,2.5362076543583725,2.5162793102325307,2.4753417341582136,2.3995064631510092,2.2719264654360409,2.0750675180665192,1.7922033732015159
800,2.5499999999970431,2.5499999999899359,2.5499999999213321,2.5499999993539086,2.5499999949888079,2.5499999643577818,2.5499997703594626,2.549998667786491,2.5499930630662431,2.5499676305080334,2.5498647268517747,2.5494936662794108,2.5483012944723185,2.5448851728759934,2.5361494405449374,2.5161689960292564,2.475157644039375,2.399235992771902,2.2715770454522195,2.0746722663928714,1.7918163696969316
801,2.5499999999969454,2.5499999999896263,2.5499999999191507,2.5499999993378468,2.5499999948777052,2.5499999636573758,2.5499997663873133,2.5499986476602867,2.5499929723352635,2.549967267592069,2.5498634414413233,2.5494896411406232,2.5482901653522423,2.5448580323293672,2.5360911083478475,2.5160585546829224,2.4749734742492051,2.398965556910023,2.2712278112379427,2.074277323616398,1.7914297052630914
802,2.5499999999968441,2.5499999999893079,2.5499999999169147,2.5499999993214262,2.5499999947644163,2.549999962944935,2.549999762356177,2.5499986272788653,2.5499928806356942,2.5499669014706954,2.5498621468393292,2.5494855933424203,2.5482789887289297,2.54483080852973,2.5360326578908321,2.5159479864941598,2.4747892251685779,2.3986951557953797,2.270878762652385,2.0738826892332263,1.7910433791532445
803,2.5499999999967393,2.5499999999889797,2.5499999999146219,2.5499999993046392,2.5499999946489038,2.5499999622202827,2.5499997582653324,2.5499986066396603,2.549992787959745,2.5499665321240936,2.5498608430046552,2.5494815228187653,2.5482677645315954,2.5448035014617276,2.5359740892979286,2.5158372917631682,2.4746048971770866,2.3984247896566493,2.2705298995545671,2.0734883627423537,1.7906573906378997
804,2.5499999999966314,2.5499999999886427,2.5499999999122722,2.5499999992874791,2.5499999945311282,2.549999961483242,2.5499997541140522,2.5499985857400862,2.5499926942995881,2.549966159532389,2.5498595298961306,2.5494774295037081,2.5482564926897648,2.5447761111104814,2.5359154026934427,2.5157264707897018,2.4744204906530936,2.3981544587212702,2.2701812218034219,2.0730943436424885,1.7902717389872072
805,2.5499999999965204,2.5499999999882963,2.5499999999098644,2.5499999992699385,2.5499999944110523,2.5499999607336332,2.5499997499016018,2.5499985645775398,2.5499925996473571,2.5499657836756473,2.549858207472544,2.5494733133313781,2.5482451731332776,2.5447486374616108,2.5358565982019834,2.5156155238730795,2.4742360059736881,2.3978841632153647,2.269832729257736,2.0727006314345631,1.7898864234838519
806,2.5499999999964063,2.5499999999879401,2.5499999999073961,2.5499999992520097,2.549999994288636,2.5499999599712746,2.5499997456272387,2.5499985431494001,2.549992503995147,2.5499654045338778,2.5498568756926523,2.549469174235993,2.5482338057922824,2.5447210805012053,2.5357976759484209,2.5155044513121738,2.4740514435147358,2.3976139033638266,2.2694844217762298,2.0723072256195039,1.78950144341307
807,2.5499999999962877,2.5499999999875747,2.5499999999048657,2.5499999992336848,2.5499999941638407,2.5499999591959823,2.5499997412902142,2.549998521453027,2.5499924073350133,2.5499650220870316,2.5498555345151717,2.5494650121518512,2.5482223905972416,2.5446934402158474,2.5357386360579199,2.515393253405418,2.4738668036508433,2.3973436793902558,2.2691362992174953,2.0719141256997897,1.789116798068747
808,2.5499999999961664,2.5499999999871985,2.5499999999022731,2.5499999992149567,2.5499999940366265,2.5499999584075717,2.5499997368897729,2.5499984994857621,2.5499923096589741,2.5499646363150048,2.5498541838987867,2.5494608270133434,2.5482109274789289,2.5446657165925859,2.5356794786558949,2.5152819304507958,2.4736820867554079,2.3970734915170477,2.2687883614400937,2.0715213311780407,1.7887324867473757
809,2.5499999999960417,2.5499999999868113,2.5499999998996157,2.5499999991958169,2.5499999939069529,2.5499999576058539,2.5499997324251522,2.5499984772449289,2.5499922109590067,2.5499642471976327,2.5498528238021407,2.5494566187549363,2.5481994163684303,2.5446379096189693,2.5356202038680729,2.5151704827458587,2.4734972932005421,2.3968033399652651,2.2684406083024071,2.0711288415586053,1.7883485087557025
810,2.5499999999959124,2.5499999999864138,2.549999999896893,2.5499999991762579,2.5499999937747786,2.5499999567906393,2.5499997278955826,2.5499984547278323,2.5499921112270525,2.5499638547146963,2.5498514541838477,2.5494523873111885,2.5481878571971426,2.5446100192830094,2.5355608118204231,2.5150589105877055,2.4733124233571613,2.3965332249547817,2.2680930396628076,2.0707366563460288,1.7879648634023544
811,2.5499999999957801,2.5499999999860052,2.5499999998941032,2.5499999991562716,2.549999993640061,2.5499999559617352,2.5499997233002878,2.549998431931757,2.5499920104550116,2.549963458845919,2.5498500750024897,2.5494481326167504,2.5481762498967733,2.5445820455731814,2.535501302639168,2.5149472142729841,2.4731274775949714,2.3962631467042681,2.2677456553796418,2.0703447750452479,1.7875815499987406
812,2.5499999999956433,2.549999999985586,2.5499999998912446,2.5499999991358497,2.549999993502758,2.5499999551189481,2.5499997186384844,2.5499984088539716,2.5499919086347469,2.5499630595709664,2.5498486862166065,2.5494438546063489,2.5481645943993438,2.5445539884784649,2.5354416764508416,2.5148353940979113,2.472942456282393,2.3959931054310561,2.2673984553110675,2.069953197162794,1.7871985678668061
813,2.549999999995503,2.5499999999851553,2.5499999998883167,2.5499999991149842,2.5499999933628272,2.5499999542620797,2.5499997139093815,2.5499983854917243,2.5499918057580815,2.5499626568694498,2.5498472877847145,2.5494395532148117,2.548152890637184,2.5445258479882775,2.5353819333821868,2.5147234503582392,2.4727573597866974,2.3957231013513711,2.2670514393153249,2.069561922205073,1.7868159163267276
814,2.5499999999953582,2.5499999999847121,2.5499999998853164,2.5499999990936666,2.5499999932202253,2.5499999533909321,2.5499997091121811,2.5499983618422455,2.5499917018168001,2.5499622507209252,2.5498458796652934,2.5494352283770523,2.5481411385429351,2.5444976240925143,2.53532207356022,2.5146113833492771,2.4725721884739187,2.3954531346801846,2.2667046072505683,2.0691709496793229,1.786433594704304
815,2.5499999999952099,2.5499999999842564,2.5499999998822429,2.549999999071888,2.5499999930749078,2.5499999525053036,2.5499997042460789,2.5499983379027471,2.5499915968026485,2.549961841104889,2.5498444618167873,2.5494308800280661,2.5481293380495522,2.5444693167815613,2.5352620971122457,2.5144991933658942,2.4723869427088352,2.3951832056311839,2.2663579589748299,2.0687802790937968,1.7860516023325033
816,2.5499999999950567,2.5499999999837888,2.5499999998790948,2.5499999990496391,2.5499999929268298,2.5499999516049914,2.5499996993102623,2.5499983136704198,2.5499914907073347,2.5499614280007861,2.5498430341976199,2.5494265081029548,2.5481174890902953,2.5444409260462222,2.5352020041657486,2.5143868807024905,2.4722016228551151,2.3949133144170123,2.2660114943462744,2.0683899099570171,1.785669938542285
817,2.5499999999948981,2.5499999999833083,2.5499999998758702,2.5499999990269115,2.549999992775946,2.5499999506897897,2.5499996943039123,2.5499982891424371,2.549991383522527,2.5499610113880031,2.5498415967661732,2.5494221125368983,2.5481055915987398,2.5444124518778031,2.535141794848522,2.5142744456530313,2.4720162292751411,2.3946434612489798,2.2656652132229,2.067999841778394,1.7852886026725465
818,2.5499999999947343,2.5499999999828149,2.549999999872568,2.549999999003695,2.5499999926222108,2.5499999497594912,2.5499996892262025,2.5499982643159531,2.5499912752398544,2.5499605912458705,2.5498401494808007,2.5494176932651689,2.5480936455087715,2.5443838942680697,2.5350814692886021,2.514161888511028,2.4718307623301015,2.3943736463372138,2.2653191154626926,2.0676100740679995,1.7849075940653165
819,2.5499999999945664,2.5499999999823082,2.5499999998691858,2.549999998979982,2.5499999924655774,2.5499999488138836,2.549999684076298,2.5499982391881035,2.5499911658509071,2.5499601675536674,2.5498386922998373,2.5494132502231466,2.5480816507545829,2.544355253209206,2.5350210276142082,2.5140492095695253,2.4716452223800727,2.3941038698907882,2.2649732009237247,2.0672206063367842,1.7845269120632445
820,2.5499999999943941,2.5499999999817873,2.5499999998657228,2.5499999989557627,2.5499999923059988,2.5499999478527555,2.5499996788533581,2.5499982137560049,2.5499910553472374,2.5499597402906136,2.549837225181574,2.5494087833462862,2.5480696072706812,2.5443265286939036,2.5349604699538717,2.5139364091211323,2.4714596097838397,2.3938341321174397,2.2646274694639255,2.0668314380961927,1.7841465560154985
821,2.5499999999942169,2.5499999999812522,2.5499999998621763,2.5499999989310278,2.5499999921434275,2.5499999468758916,2.5499996735565333,2.5499981880167537,2.5499909437203572,2.5499593094358763,2.5498357480842793,2.5494042925701446,2.5480575149918807,2.5442977207152881,2.5348997964363327,2.5138234874579983,2.4712739248990401,2.393564433223796,2.2642819209412535,2.0664425688585379,1.7837665252732946
822,2.5499999999940344,2.5499999999807033,2.5499999998585445,2.5499999989057671,2.5499999919778142,2.5499999458830751,2.5499996681849679,2.549998161967427,2.5499908309617418,2.5499588749685698,2.5498342609662008,2.549399777830379,2.5480453738533035,2.5442688292669176,2.5348390071905293,2.5137104448718079,2.4710881680821792,2.393294773415402,2.2639365552137001,2.0660539981370967,1.7833868191897433
823,2.5499999999938465,2.5499999999801402,2.5499999998548262,2.5499999988799718,2.5499999918091092,2.5499999448740858,2.5499996627377985,2.5499981356050836,2.5499907170628258,2.5499584368677501,2.5498327637855454,2.5493952390627284,2.5480331837903867,2.5442398543428451,2.534778102345701,2.513597281653809,2.4709023396884877,2.3930251528964877,2.2635913721391634,2.065665725445565,1.783007437123391
824,2.5499999999936529,2.5499999999795619,2.549999999851019,2.5499999988536306,2.5499999916372635,2.5499999438487011,2.549999657214153,2.5499981089267627,2.5499906020150056,2.5499579951124201,2.5498312565004975,2.5493906762030334,2.5480209447388731,2.5442107959375537,2.5347170820312823,2.5134839980947841,2.470716440072064,2.392755571870202,2.2632463715755637,2.0652777502985922,1.7826283784346948
825,2.5499999999934539,2.5499999999789678,2.5499999998471212,2.5499999988267334,2.5499999914622267,2.5499999428066964,2.5499996516131533,2.5499980819294841,2.5499904858096376,2.5499575496815328,2.5498297390692253,2.5493860891872417,2.5480086566348121,2.544181654045945,2.5346559463768932,2.5133705944850484,2.4705304695858943,2.3924860305386426,2.2629015533808476,2.0648900722118388,1.7822496424855689
826,2.5499999999932488,2.549999999978358,2.5499999998431311,2.5499999987992705,2.5499999912839479,2.5499999417478443,2.5499996459339127,2.5499980546102479,2.5499903684380412,2.5499571005539812,2.5498282114498547,2.5493814779513797,2.5479963194145689,2.5441524286634198,2.5345946955124536,2.5132570711144795,2.4703444285816887,2.392216529102591,2.2625569174128932,2.0645026907014112,1.7818712286433243
827,2.5499999999930383,2.5499999999777319,2.5499999998390468,2.5499999987712303,2.5499999911023754,2.5499999406719152,2.5499996401755376,2.5499980269660352,2.5499902498914953,2.5499566477086071,2.5498266736004931,2.5493768424315784,2.5479839330148129,2.5441231197857999,2.5345333295680699,2.5131434282724889,2.4701583174100428,2.3919470677617731,2.2622124635295924,2.0641156052844147,1.7814931362768955
828,2.5499999999928216,2.5499999999770893,2.5499999998348657,2.5499999987426039,2.5499999909174558,2.5499999395786777,2.5499996343371252,2.5499979989938066,2.5499901301612411,2.549956191124203,2.5498251254792321,2.5493721825640776,2.5479714973725209,2.5440937274093174,2.5344718486740194,2.5130296662480189,2.469972136420457,2.3916776467148897,2.261868191588853,2.0637288154790037,1.7811153647565594
829,2.5499999999925986,2.5499999999764293,2.549999999830586,2.5499999987133792,2.5499999907291362,2.5499999384678969,2.5499996284177668,2.5499979706905043,2.54999000923848,2.5499557307795016,2.5498235670441227,2.5493674982851977,2.5479590124249825,2.5440642515307021,2.534410252960877,2.5129157853295716,2.4697858859611599,2.3914082661593374,2.2615241014485381,2.0633423208038182,1.7807379134575549
830,2.5499999999923695,2.5499999999757517,2.549999999826206,2.5499999986835462,2.5499999905373625,2.5499999373393356,2.5499996224165451,2.5499979420530501,2.5499898871143749,2.5499552666531846,2.5498219982531993,2.5493627895313673,2.5479464781097931,2.5440346921470955,2.534348542559393,2.512801785805181,2.4695995663792805,2.3911389262914771,2.2611801929665165,2.0629561207785367,1.7803607817567404
831,2.5499999999921337,2.5499999999750567,2.5499999998217233,2.5499999986530932,2.5499999903420805,2.5499999361927541,2.549999616332534,2.5499979130783452,2.5499897637800504,2.5499547987238866,2.5498204190644818,2.5493580562391238,2.5479338943648524,2.5440050492560458,2.5342867176004833,2.5126876679624104,2.4694131780208592,2.3908696273066621,2.260836466000653,2.0625702149239382,1.7799839690325183
832,2.5499999999918908,2.5499999999743435,2.5499999998171363,2.5499999986220088,2.5499999901432351,2.5499999350279108,2.5499996101648015,2.5499978837632722,2.5499896392265908,2.5499543269701808,2.5498188294359516,2.5493532983450877,2.5479212611283741,2.5439753228555912,2.5342247782153495,2.5125734320883808,2.4692267212306818,2.3906003693989617,2.260492920408796,2.0621846027613135,1.7796074746675308
833,2.5499999999916407,2.5499999999736116,2.5499999998124423,2.5499999985902817,2.5499999899407704,2.5499999338445605,2.549999603912406,2.5499978541046948,2.549989513445043,2.549953851370593,2.549817229325575,2.5493485157859883,2.547908578338876,2.543945512944179,2.5341627245353631,2.5124590784697434,2.4690401963524429,2.3903311527614286,2.2601495560487828,2.0617992838130346,1.7792312980461806
834,2.549999999991384,2.5499999999728606,2.5499999998076386,2.5499999985579,2.5499999897346286,2.5499999326424549,2.5499995975743994,2.5499978240994552,2.5499893864264136,2.5499533719035981,2.5498156186913037,2.5493437084986663,2.5478958459351801,2.5439156195206585,2.534100556692056,2.512344607392679,2.4688536037287596,2.3900619775861189,2.2598063727784332,2.0614142576025993,1.7788554385545925
835,2.5499999999911203,2.5499999999720906,2.5499999998027234,2.5499999985248527,2.5499999895247525,2.5499999314213442,2.5499995911498252,2.5499977937443772,2.5499892581616712,2.5499528885476144,2.5498139974910545,2.5493388764200464,2.5478830638564216,2.5438856425843612,2.5340382748172336,2.5122300191429221,2.4686669437010083,2.3897928440638307,2.2594633704555687,2.0610295236540734,1.7784798955825643
836,2.5499999999908494,2.549999999971301,2.549999999797695,2.5499999984911268,2.5499999893110838,2.5499999301809759,2.5499995846377188,2.5499977630362634,2.5499891286417449,2.5499524012810109,2.5498123656827296,2.5493340194871648,2.547870232042039,2.5438555821350217,2.5339758790428664,2.5121153140057375,2.4684802166094815,2.3895237523843589,2.2591205489379886,2.0606450814926198,1.7781046685217279
837,2.5499999999905705,2.5499999999704901,2.5499999997925498,2.5499999984567103,2.5499999890935645,2.5499999289210944,2.5499995780371063,2.5499977319718954,2.5499889978575263,2.549951910082108,2.5498107232242191,2.549329137637169,2.5478573504317734,2.5438254381727727,2.5339133695010765,2.5120004922659191,2.4682934227934061,2.3892547027365176,2.2587779080834678,2.0602609306445334,1.7777297567654553
838,2.549999999990284,2.5499999999696579,2.5499999997872864,2.5499999984215913,2.5499999888721336,2.5499999276414416,2.5499995713470072,2.5499977005480363,2.5499888657998673,2.5499514149291684,2.5498090700733784,2.5493242308072936,2.5478444189656786,2.5437952106982227,2.5338507463242528,2.5118855542078107,2.4681065625907803,2.3889856953078845,2.2584354477497861,2.0598770706367509,1.7773551597104973
839,2.5499999999899887,2.5499999999688034,2.5499999997819023,2.5499999983857564,2.5499999886467313,2.5499999263417572,2.5499995645664328,2.5499976687614296,2.5499887324595805,2.5499509158004066,2.549807406188048,2.5493192989348836,2.5478314375841138,2.5437648997123881,2.5337880096449528,2.5117705001152881,2.4679196363385101,2.3887167302850192,2.2580931677947023,2.0594935009972626,1.7769808767555904
840,2.5499999999896867,2.5499999999679286,2.5499999997763947,2.5499999983491928,2.5499999884172961,2.5499999250217784,2.5499995576943868,2.5499976366087984,2.549988597827439,2.5499504126739896,2.5498057315260563,2.5493143419573965,2.5478184062277394,2.5437345052166798,2.5337251595958827,2.511655330271755,2.4677326443724432,2.3884478078535163,2.2577510680759447,2.0591102212551844,1.7766069073011739
841,2.5499999999893754,2.5499999999670311,2.5499999997707619,2.5499999983118888,2.5499999881837652,2.549999923681237,2.5499995507298596,2.5499976040868342,2.5499884618941504,2.5499499055279524,2.5498040460450251,2.5493093598120065,2.5478053248368502,2.5437040272119553,2.5336621963088057,2.5115400449592031,2.4675455870270118,2.3881789281986574,2.2574091484531342,2.0587272309432927,1.7762332323778569
842,2.5499999999890557,2.5499999999661109,2.5499999997649994,2.5499999982738299,2.5499999879460766,2.5499999223198646,2.5499995436718432,2.5499975711922382,2.5499883246504695,2.5499493943405143,2.5498023497031217,2.549304352437153,2.5477921933540695,2.5436734657024407,2.5335991199190895,2.5114246444619872,2.4673584646363462,2.387910091502321,2.2570674087801597,2.0583445295871288,1.7758598546788134
843,2.5499999999887262,2.5499999999651659,2.5499999997591067,2.5499999982350028,2.5499999877041666,2.5499999209373909,2.5499995365193122,2.5499975379216631,2.5499881860870226,2.5499488790896074,2.5498006424579187,2.5492993197702045,2.5477790117202863,2.5436428206898261,2.5335359305588927,2.5113091290612255,2.4671712775327221,2.3876412979477237,2.2567258489165893,2.0579621167213116,1.7754867789450874
844,2.5499999999883887,2.5499999999641978,2.54999999975308,2.5499999981953949,2.5499999874579693,2.5499999195335401,2.5499995292712385,2.5499975042717495,2.5499880461944304,2.5499483597531958,2.5497989242671775,2.5492942617490519,2.5477657798774,2.5436120921772134,2.5334726283616527,2.5111934990384164,2.4669840260474607,2.3873725477161902,2.2563844687200922,2.0575799918788986,1.7751140064839654
845,2.5499999999880414,2.5499999999632053,2.5499999997469165,2.5499999981549908,2.5499999872074222,2.5499999181080333,2.5499995219265816,2.5499974702391177,2.5499879049632721,2.5499478363091939,2.5497971950886384,2.5492891783116733,2.5477524977675841,2.5435812801680902,2.5334092134609909,2.5110777546746568,2.4667967105108981,2.3871038409881029,2.2560432680483027,2.0571981545938161,1.7747415378288247
846,2.5499999999876848,2.5499999999621865,2.549999999740614,2.549999998113778,2.5499999869524568,2.549999916660592,2.5499995144842953,2.5499974358203708,2.5499877623840912,2.5499473087354625,2.5497954548800221,2.5492840693961614,2.5477391653333297,2.5435503846663678,2.5333456859907049,2.5109618962505631,2.4666093312522333,2.3868351779427819,2.2557022467588306,2.0568166044009484,1.774369373129085
847,2.5499999999873184,2.5499999999611429,2.5499999997341694,2.5499999980717427,2.5499999866930061,2.5499999151909338,2.5499995069433234,2.5499974010120869,2.5499876184473891,2.5499467770098181,2.5497937035990388,2.549278934940717,2.5477257825174249,2.5435194056763568,2.533282046084758,2.5108459240462828,2.4664218885995957,2.3865665587585529,2.2553614047092672,2.0564353408358742,1.77399751234087
848,2.5499999999869418,2.5499999999600744,2.54999999972758,2.549999998028869,2.5499999864290044,2.549999913698771,2.5499994993026021,2.5499973658108255,2.5499874731436285,2.5499462411100242,2.5497919412033787,2.5492737748836465,2.5477123492629694,2.5434883432027839,2.533218293877284,2.5107298383414931,2.4662343828799997,2.3862979836127005,2.2550207417571748,2.0560543634345199,1.7736259552976457
849,2.5499999999865555,2.5499999999589762,2.5499999997208436,2.5499999979851427,2.5499999861603806,2.5499999121838135,2.5499994915610609,2.5499973302131269,2.5499873264632349,2.5499457010137965,2.5497901676507251,2.5492685891633737,2.5476988655133614,2.5434571972507811,2.5331544295025825,2.5106136394153973,2.4660468144193843,2.3860294526815116,2.2546802577600968,2.0556736717325772,1.7732547017620099
850,2.549999999986158,2.5499999999578518,2.5499999997139557,2.549999997940549,2.5499999858870672,2.5499999106457731,2.5499994837176145,2.5499972942155065,2.5499871783965959,2.5499451566987998,2.5497883828987384,2.5492633777184266,2.5476853312123047,2.5434259678258782,2.5330904530951126,2.5104973275467368,2.4658591835426145,2.3857609661402779,2.2543399525755445,2.0552932652649432,1.7728837514402465
851,2.5499999999857499,2.5499999999566993,2.5499999997069138,2.5499999978950725,2.5499999856089928,2.5499999090843524,2.5499994757711764,2.549997257814463,2.5499870289340585,2.5499446081426544,2.5497865869050731,2.5492581404874439,2.5476717463038008,2.5433946549340032,2.5330263647894942,2.5103809030137869,2.4656714905734831,2.3854925241633,2.2539998260610101,2.0549131435653201,1.7725131039972435
852,2.5499999999853311,2.5499999999555181,2.5499999996997156,2.5499999978486985,2.5499999853260862,2.5499999074992536,2.549999467720649,2.5499972210064756,2.5499868780659312,2.5499440553229311,2.5497847796273709,2.5492528774091747,2.5476581107321548,2.5433632585814836,2.5329621647205052,2.5102643660943547,2.4654837358347126,2.3852241269238887,2.2536598780739596,2.0545333061663293,1.7721427590568746
853,2.5499999999849003,2.5499999999543075,2.5499999996923579,2.5499999978014123,2.549999985038276,2.5499999058901763,2.5499994595649218,2.5499971837879971,2.5499867257824844,2.5499434982171496,2.549782961023257,2.5492475884224812,2.5476444244419731,2.5433317787750473,2.5328978530230768,2.5101477170657733,2.4652959196479558,2.3849557745943715,2.2533201084718275,2.0541537525993228,1.7717727162271708
854,2.549999999984458,2.5499999999530663,2.5499999996848377,2.5499999977531971,2.5499999847454884,2.5499999042568167,2.5499994513028814,2.549997146155464,2.5499865720739501,2.5499429368027848,2.5497811310503464,2.5492422734663358,2.5476306873781622,2.5433002155218145,2.5328334298322948,2.5100309562049095,2.4651080423338012,2.3846874673460929,2.2529805171120265,2.0537744823946951,1.7714029750891263
855,2.5499999999840055,2.5499999999517944,2.5499999996771501,2.5499999977040364,2.5499999844476506,2.5499999025988682,2.5499994429334034,2.5499971081052899,2.5499864169305235,2.5499423710572642,2.5497792896662439,2.5492369324798272,2.5476168994859321,2.5432685688292995,2.5327688952833967,2.5099140837881611,2.4649201042117741,2.3844192053494262,2.2526411038519405,2.0533954950818698,1.7710335352154332
856,2.5499999999835392,2.5499999999504914,2.5499999996692928,2.5499999976539147,2.5499999841446872,2.5499999009160206,2.5499994344553536,2.5499970696338683,2.5499862603423553,2.5499418009579653,2.5497774368285446,2.5492315654021511,2.5476030607107893,2.5432368387054081,2.5327042495117671,2.509797100091455,2.4647321056003464,2.3841509887737802,2.2523018685489267,2.0530167901899978,1.7706643961680766
857,2.5499999999830596,2.5499999999491565,2.5499999996612632,2.549999997602816,2.5499999838365213,2.5499998992079611,2.5499994258675893,2.5499970307375719,2.5499861022995627,2.5499412264822197,2.549775572494831,2.5492261721726188,2.5475891709985441,2.5432050251584384,2.5326394926529381,2.5096800053902482,2.4645440468169317,2.3838828177875953,2.2519628110603138,2.0526383672477415,1.7702955574947852
858,2.5499999999825689,2.5499999999477874,2.5499999996530578,2.5499999975507235,2.5499999835230782,2.5499998974743745,2.5499994171689613,2.5499969914127516,2.5499859427922251,2.5499406476073125,2.5497736966226774,2.5492207527306565,2.5475752302953056,2.5431731281970724,2.5325746248425842,2.5095627999595282,2.4643559281778984,2.3836146925583575,2.2516239312434001,2.0522602257840785,1.7699270187372398
859,2.5499999999820639,2.5499999999463854,2.5499999996446725,2.5499999974976193,2.5499999832042795,2.5499998957149397,2.5499994083583077,2.5499969516557379,2.5499857818103795,2.5499400643104826,2.5497718091696493,2.5492153070158041,2.5475612385474795,2.5431411478303771,2.5325096462165173,2.5094454840738103,2.4641677499985737,2.3833466132526118,2.2512852289554548,2.0518823653288853,1.7695587794313952
860,2.5499999999815466,2.5499999999449496,2.5499999996361034,2.5499999974434866,2.5499999828800473,2.5499998939293351,2.5499993994344607,2.5499969114628405,2.5499856193440276,2.5499394765689209,2.5497699100933002,2.5492098349677148,2.5475471957017746,2.543109084067813,2.5324445569107001,2.5093280580071418,2.4639795125932236,2.3830785800359271,2.2509467040537192,2.0515047854111685,1.7691908391001532
861,2.549999999981015,2.5499999999434784,2.5499999996273481,2.5499999973883085,2.5499999825503021,2.5499998921172362,2.5499993903962417,2.5499968708303475,2.5499854553831298,2.5499388843597734,2.5497679993511806,2.5492043365261581,2.5475331017051945,2.543076936919213,2.532379357061219,2.5092105220330985,2.4637912162750966,2.3828105930729633,2.2506083563953907,2.0511274855623829,1.7688231972706454
862,2.5499999999804697,2.5499999999419707,2.5499999996184033,2.5499999973320668,2.5499999822149637,2.549999890278313,2.5499993812424639,2.5499968297545252,2.5499852899176103,2.5499382876601375,2.5497660769008288,2.5491988116310162,2.5475189565050447,2.5430447063948018,2.5323140468043102,2.5090928764247851,2.4636028613563812,2.3825426525274076,2.250270185837643,2.0507504653133855,1.76845585345731
863,2.5499999999799101,2.5499999999404266,2.5499999996092648,2.5499999972747442,2.5499999818739507,2.5499998884122346,2.5499993719719316,2.5499967882316206,2.549985122937354,2.5499376864470675,2.549764142699777,2.5491932602222911,2.5475047600489256,2.5430123925051755,2.5322486262763313,2.5089751214548346,2.4634144481482529,2.3822747585620423,2.249932192237599,2.0503737241972266,1.7680888071775536
864,2.5499999999793355,2.5499999999388447,2.5499999995999278,2.5499999972163221,2.5499999815271797,2.5499998865186657,2.549999362583439,2.5499967462578557,2.5499849544322086,2.5499370806975712,2.5497621967055517,2.5491876822400998,2.5474905122847353,2.5429799952613115,2.5321830956137754,2.5088572573954098,2.4632259769608473,2.3820069113387072,2.2495943754523453,2.0499972617478011,1.7677220579442201
865,2.5499999999787462,2.5499999999372251,2.5499999995903893,2.5499999971567822,2.5499999811745684,2.5499998845972689,2.5499993530757723,2.5499967038294353,2.5499847843919818,2.54993647038861,2.5497602388756722,2.5491820776246743,2.547476213160671,2.5429475146745624,2.5321174549532648,2.5087392845182013,2.4630374481032762,2.3817391110183208,2.2492567353389195,2.0496210775002646,1.7673556052672537
866,2.5499999999781413,2.5499999999355665,2.5499999995806455,2.5499999970961058,2.5499999808160325,2.5499998826477013,2.5499993434477073,2.5499966609425413,2.5499846128064436,2.5499358554971026,2.5497582691676524,2.5491764463163662,2.5474618626252257,2.5429149507566522,2.5320517044315438,2.5086212030944295,2.4628488618836357,2.3814713577608937,2.2489192717543043,2.0492451709916319,1.7669894486571025
867,2.5499999999775209,2.5499999999338678,2.5499999995706917,2.5499999970342739,2.5499999804514872,2.5499998806696182,2.5499993336980116,2.549996617593334,2.5499844396653257,2.5499352359999197,2.5497562875389992,2.5491707882556418,2.5474474606271884,2.5428823035196837,2.5319858441854888,2.5085030133948418,2.4626602186089896,2.381203651725504,2.2485819845554378,2.0488695417598257,1.7666235876198793
868,2.5499999999768836,2.5499999999321279,2.5499999995605256,2.5499999969712679,2.5499999800808459,2.5499998786626712,2.549999323825443,2.5499965737779524,2.5499842649583218,2.5499346118738897,2.5497542939472173,2.5491651033830887,2.547433007115643,2.5428495729761225,2.5319198743520865,2.5083847156897146,2.462471518585406,2.3809359930703473,2.2482448735991771,2.0484941893448481,1.7662580216627231
869,2.5499999999762295,2.5499999999303462,2.5499999995501428,2.5499999969070672,2.549999979704022,2.5499998766265097,2.5499993138287507,2.549996529492514,2.5499840886750866,2.5499339830957948,2.5497522883498043,2.5491593916394106,2.5474185020399709,2.5428167591388107,2.5318537950684559,2.5082663102488527,2.4622827621179222,2.3806683819526908,2.247907938742336,2.0481191132878034,1.765892750289902
870,2.5499999999755589,2.5499999999285219,2.5499999995395379,2.5499999968416529,2.5499999793209263,2.5499998745607781,2.5499993037066724,2.5499964847331142,2.549983910805238,2.5499333496423762,2.5497502707042599,2.5491536529654342,2.5474039453498443,2.5427838620209409,2.5317876064718119,2.5081477973415884,2.4620939495106007,2.3804008185289458,2.2475711798416174,2.0477443131318167,1.7655277730072674
871,2.5499999999748715,2.5499999999266545,2.549999999528707,2.5499999967750049,2.5499999789314693,2.5499998724651194,2.549999293457939,2.5499964394958283,2.549983731338354,2.5499327114903259,2.5497482409680714,2.5491478873020976,2.5473893369952361,2.5427508816360995,2.5317213086995198,2.5080291772367831,2.4619050810664431,2.3801333029545546,2.2472345967537217,2.0473697884210109,1.7651630893161474
872,2.5499999999741658,2.5499999999247427,2.5499999995176466,2.5499999967071028,2.549999978535562,2.5499998703391711,2.5499992830812714,2.5499963937767092,2.5499835502639758,2.5499320686162945,2.5497461990987262,2.5491420945904628,2.5473746769264123,2.5427178179982266,2.5316549018890462,2.5079104502028264,2.4617161570874715,2.3798658353840993,2.2468981893352464,2.046995538701339,1.7647986987190003
873,2.549999999973442,2.5499999999227851,2.549999999506352,2.5499999966379256,2.549999978133112,2.5499998681825682,2.5499992725753793,2.5499963475717875,2.5499833675716062,2.5499314209968933,2.5497441450537162,2.5491362747717163,2.5473599650939254,2.5426846711215974,2.5315883861779374,2.5077916165076335,2.4615271778747601,2.3795984159713455,2.2465619574426494,2.0466215635207958,1.7644346007217406
874,2.5499999999726994,2.5499999999207814,2.549999999494819,2.5499999965674531,2.5499999777240272,2.5499998659949421,2.5499992619389649,2.5499963008770741,2.5499831832507094,2.5499307686086827,2.5497420787905183,2.5491304277871554,2.5473452014486333,2.5426514410208942,2.5315217617039036,2.5076726764186508,2.4613381437282986,2.3793310448690543,2.2462259009324095,2.0462478624283218,1.7640707948239784
875,2.5499999999719378,2.5499999999187297,2.5499999994830431,2.5499999964956634,2.5499999773082145,2.5499998637759207,2.5499992511707203,2.5499962536885565,2.5499829972907122,2.5499301114281838,2.5497400002666142,2.5491245535782014,2.5473303859416809,2.542618127711139,2.5314550286047428,2.5075536302028514,2.4611490549471209,2.3790637222291608,2.2458900196608811,2.0458744349747313,1.7637072805278733
876,2.5499999999711571,2.5499999999166301,2.5499999994710194,2.5499999964225357,2.5499999768855783,2.5499998615251296,2.5499992402693272,2.5499962060022008,2.5499828096810035,2.5499294494318776,2.549737909439493,2.5491186520864058,2.5473155185245004,2.5425847312076786,2.5313881870183179,2.507434478126735,2.4609599118293399,2.3787964482028134,2.2455543134842668,2.0455012807127395,1.7633440573396717
877,2.5499999999703569,2.5499999999144807,2.5499999994587434,2.5499999963480482,2.5499999764560233,2.54999985924219,2.549999229233459,2.5499961578139514,2.5499826204109333,2.5499287825961972,2.5497358062666273,2.5491127232534274,2.547300599148826,2.5425512515262692,2.5313212370826599,2.5073152204563316,2.4607707146719751,2.3785292229401511,2.2452187822587821,2.0451283991962903,1.7629811247599241
878,2.5499999999695366,2.5499999999122811,2.5499999994462099,2.5499999962721782,2.5499999760194534,2.549999856926719,2.5499992180617781,2.5499961091197316,2.5499824294698139,2.5499281108975347,2.549733690705497,2.5491067670210543,2.5472856277666813,2.5425176886829983,2.531254178935876,2.5071958574571971,2.4605814637711063,2.3782620465905038,2.2448834258405159,2.0447557899810311,1.7626184822918167
879,2.5499999999686951,2.54999999991003,2.5499999994334153,2.549999996194904,2.5499999755757701,2.54999985457833,2.549999206752938,2.5499960599154412,2.5499822368469216,2.5499274343122451,2.5497315627135908,2.5491007833312023,2.5472706043303699,2.5424840426942743,2.531187012716134,2.507076389394415,2.4603921594219007,2.377994919302429,2.2445482440854261,2.0443834526241198,1.7622561294414993
880,2.5499999999678318,2.5499999999077261,2.5499999994203542,2.549999996116203,2.5499999751248756,2.5499998521966347,2.5499991953055829,2.5499960101969603,2.549982042531493,2.5499267528166341,2.5497294222483835,2.5490947721258981,2.5472555287925021,2.5424503135769077,2.5311197385617636,2.5069568165325968,2.4602028019184456,2.3777278412234901,2.2442132368494412,2.0440113866844221,1.7618940657118074
881,2.5499999999669458,2.5499999999053684,2.5499999994070217,2.5499999960360511,2.5499999746666697,2.5499998497812388,2.549999183718346,2.5499959599601461,2.5499818465127264,2.5499260663869685,2.5497272692673554,2.5490887333472965,2.5472404011059724,2.5424165013480375,2.5310523566111636,2.5068371391358837,2.4600133915538964,2.3774608125004537,2.2438784039883819,2.0436395917222425,1.7615322906074971
882,2.5499999999660381,2.5499999999029561,2.5499999993934126,2.5499999959544266,2.5499999742010497,2.5499998473317467,2.5499991719898509,2.5499959092008324,2.5499816487797844,2.549925374999479,2.5497251037279987,2.5490826669376823,2.5472252212239579,2.5423826060251202,2.5309848670027937,2.5067173574679447,2.4598239286205028,2.3771938332793145,2.2435437453579694,2.0432680672990959,1.7611708036352065
883,2.5499999999651082,2.5499999999004879,2.5499999993795224,2.5499999958713051,2.5499999737279135,2.5499998448477572,2.5499991601187122,2.5499958579148334,2.5499814493217903,2.5499246786303473,2.5497229255877931,2.5490765728394531,2.547209989099938,2.5423486276260072,2.5309172698752627,2.506597471791975,2.4596344134094479,2.3769269037050993,2.2432092608138507,2.042896812978483,1.7608096043001511
884,2.5499999999641552,2.5499999998979623,2.5499999993653453,2.549999995786663,2.5499999732471577,2.5499998423288677,2.549999148103534,2.5499958060979404,2.5499812481278301,2.5499239772557165,2.5497207348042261,2.5490704509951341,2.5471947046876755,2.5423145661688737,2.5308495653672463,2.5064774823706997,2.4594448462109932,2.3766600239220441,2.2428749502115877,2.0425258283251697,1.7604486921089693
885,2.5499999999631786,2.5499999998953782,2.5499999993508764,2.549999995700476,2.5499999727586786,2.549999839774669,2.5499991359429108,2.5499957537459226,2.5499810451869527,2.5499232708516937,2.549718531334797,2.5490643013473826,2.5471793679412147,2.5422804216722086,2.5307817536174757,2.5063573894663693,2.4592552273144985,2.3763931940736231,2.2425408134066744,2.0421551129050282,1.7600880665698997
886,2.5499999999621772,2.5499999998927345,2.5499999993361109,2.5499999956127191,2.5499999722623699,2.5499998371847505,2.5499991236354274,2.5499957008545264,2.5499808404881681,2.5499225593943375,2.5497163151369935,2.5490581238389689,2.5471639788148996,2.5422461941548891,2.5307138347648235,2.5062371933407652,2.4590655570082722,2.3761264143023584,2.2422068502544965,2.0417846662859223,1.7597277271904643
887,2.5499999999611509,2.54999999989003,2.5499999993210425,2.5499999955233679,2.5499999717581252,2.5499998345586978,2.5499991111796576,2.5499956474194772,2.5499806340204505,2.5499218428596708,2.549714086168315,2.5490519184127924,2.5471485372633582,2.5422118836361136,2.530645808948226,2.5061168942551948,2.4588758355797076,2.3758596847499915,2.2418730606103749,2.0414144880369172,1.7593676734795511
888,2.5499999999600993,2.5499999998872638,2.5499999993056659,2.5499999954323966,2.5499999712458354,2.5499998318960904,2.5499990985741654,2.5499955934364777,2.5499804257727363,2.5499211212236794,2.549711844386271,2.549045685011885,2.5471330432414989,2.5421774901353871,2.5305776763066676,2.5059964924704969,2.4586860633153091,2.3755930055575121,2.2415394443295917,2.0410445777281714,1.7590079049477365
889,2.549999999959021,2.549999999884434,2.5499999992899753,2.5499999953397805,2.5499999707253913,2.5499998291965063,2.5499990858175048,2.5499955389012081,2.5499802157339229,2.5499203944623021,2.5497095897483635,2.5490394235793929,2.5471174967045283,2.5421430136725993,2.53050943697927,2.5058759882470358,2.4584962405005371,2.3753263768649719,2.2412060012672983,2.0406749349317352,1.7586484211050868
890,2.5499999999579162,2.5499999998815395,2.5499999992739655,2.5499999952454937,2.5499999701966822,2.5499998264595192,2.54999907290822,2.5499954838093268,2.5499800038928715,2.5499196625514422,2.5497073222121052,2.5490331340585937,2.5471018976079347,2.5421084542679555,2.5304410911052111,2.5057553818447054,2.4583063674199477,2.3750597988116522,2.2408727312786003,2.0403055592208332,1.7582892214631005
891,2.5499999999567842,2.5499999998785792,2.5499999992576305,2.5499999951495091,2.5499999696595967,2.5499998236846997,2.5499990598448452,2.5499954281564712,2.5499797902384067,2.5499189254669679,2.5497050417350215,2.5490268163928969,2.5470862459074821,2.5420738119419624,2.5303726388237129,2.5056346735229287,2.4581164443572177,2.3747932715360944,2.2405396342185862,2.0399364501697566,1.7579303055349367
892,2.5499999999556242,2.5499999998755514,2.5499999992409648,2.5499999950518011,2.5499999691140216,2.549999820871613,2.549999046625905,2.5499953719382544,2.5499795747593144,2.5499181831847006,2.5497027482746311,2.549020470525829,2.5470705415592363,2.5420390867155076,2.5303040802741283,2.505513863540656,2.4579264715949893,2.374526795175913,2.2402067099422021,2.0395676073546127,1.7575716728335529
893,2.5499999999544354,2.5499999998724547,2.5499999992239624,2.5499999949523424,2.5499999685598427,2.5499998180198218,2.5499990332499123,2.5499953151502694,2.5499793574443439,2.5499174356804253,2.549700441788465,2.5490140964010464,2.5470547845195401,2.5420042786097881,2.530235415595862,2.5053929521563667,2.4577364494150102,2.3742603698679638,2.2398739583043694,2.0391990303526453,1.7572133228733056
894,2.5499999999532181,2.5499999998692884,2.5499999992066167,2.5499999948511056,2.5499999679969441,2.5499998151288836,2.5499990197153699,2.5499952577880833,2.5499791382822079,2.5499166829298927,2.5496981222340693,2.5490076939623392,2.5470389747450151,2.541969387646299,2.5301666449283555,2.5052719396280723,2.4575463780981566,2.3739939957483718,2.2395413791600087,2.0388307187421146,1.7568552551700449
895,2.5499999999519711,2.5499999998660505,2.5499999991889228,2.5499999947480632,2.5499999674252094,2.549999812198354,2.5499990060207707,2.549995199847245,2.5499789172615803,2.5499159249088095,2.5496957895689838,2.5490012631536145,2.5470231121925786,2.5419344138469095,2.5300977684111774,2.5051508262133093,2.4573562579242809,2.3737276729523482,2.2392089723638962,2.0384626721030514,1.7564974692398261
896,2.5499999999506944,2.5499999998627398,2.5499999991708733,2.5499999946431871,2.5499999668445201,2.5499998092277822,2.5499989921645985,2.5499951413232775,2.5499786943711,2.5499151615928444,2.5496934437507606,2.5489948039189128,2.5470071968194268,2.5418993572337971,2.5300287861839439,2.5050296121691447,2.4571660891723472,2.3734614016143527,2.2388767377707928,2.0380948900165983,1.7561399645999858
897,2.5499999999493861,2.549999999859355,2.5499999991524622,2.5499999945364489,2.5499999662547572,2.5499998062167153,2.5499989781453238,2.5499950822116841,2.5499784695993668,2.5499143929576351,2.5496910847369678,2.5489883162024078,2.5469912285830314,2.5418642178294339,2.5299596983863077,2.5049082977521775,2.4569758721204535,2.3731951818681156,2.2385446752354747,2.0377273720648885,1.7557827407692026
898,2.5499999999480463,2.5499999998558933,2.5499999991336835,2.5499999944278198,2.5499999656558008,2.5499998031646958,2.5499989639614098,2.549995022507944,2.549978242934944,2.5499136189787754,2.5496887124851733,2.5489817999483941,2.5469752074411556,2.5418289956566467,2.5298905051580221,2.5047868832185332,2.4567856070457159,2.3729290138465067,2.2382127846126059,2.0373601178316236,1.755425797266831
899,2.5499999999466731,2.5499999998523544,2.5499999991145303,2.5499999943172713,2.5499999650475291,2.5499998000712623,2.5499989496113069,2.549994962207514,2.5499780143663586,2.549912839631824,2.5496863269529557,2.5489752551012992,2.5469591333518422,2.5417936907385705,2.5298212066388932,2.504665368823868,2.4565952942243547,2.3726628976816344,2.237881065756834,2.036993126901641,1.755069133613395
900,2.5499999999452676,2.5499999998487368,2.5499999990949962,2.5499999942047737,2.5499999644298166,2.5499997969359489,2.5499989350934564,2.5499949013058303,2.5499777838821029,2.5499120548923,2.5496839280979064,2.5489686816056736,2.5469430062734153,2.5417583030986632,2.529751802968792,2.5045437548233673,2.456404933931668,2.3723968335048107,2.2375495185227647,2.0366263988610673,1.7547127493303563
901,2.549999999943827,2.549999999845038,2.5499999990750744,2.5499999940902969,2.5499999638025401,2.5499997937582859,2.5499989204062872,2.5499948397982961,2.549977551470604,2.5499112647356221,2.5496815158774604,2.5489620794058614,2.5469268261638542,2.5417228327597265,2.5296822942864261,2.5044220414706029,2.4562145264415269,2.3721308214472128,2.2372181427669906,2.0362599333002311,1.7543566116925076
902,2.549999999942353,2.5499999998412579,2.5499999990547582,2.5499999939738101,2.5499999631655745,2.5499997905378011,2.5499989055482226,2.5499947776803169,2.5499773171203257,2.5499104691373704,2.5496790902495543,2.5489554484473649,2.5469105929832998,2.5416872797477859,2.5296126807342234,2.5043002290221219,2.4560240720285105,2.3718648616373827,2.2368869383400662,2.0358937298014257,1.7540007259785968
903,2.5499999999408436,2.5499999998373934,2.5499999990340418,2.549999993855284,2.5499999625187928,2.5499997872740159,2.5499988905176694,2.5499947149472528,2.5499770808196245,2.5499096680728899,2.5496766511716453,2.5489487886747795,2.5468943066902812,2.5416516440862535,2.5295429624509809,2.504178317730533,2.4558335709646677,2.3715989542049591,2.2365559050985682,2.0355277879574274,1.7536451011017842
904,2.5499999999392977,2.5499999998334428,2.5499999990129147,2.5499999937346871,2.5499999618620635,2.5499997839664483,2.5499988753130274,2.5499946515944476,2.5499768425568434,2.5499088615175558,2.5496741986013678,2.5489421000331864,2.5468779672442508,2.5416159257998499,2.5294731395768082,2.5040563078491567,2.4556430235216973,2.3713330992781754,2.2362250428969963,2.0351621073590578,1.7532897399181326
905,2.549999999937715,2.5499999998294065,2.5499999989913738,2.5499999936119875,2.5499999611952604,2.5499997806146126,2.5499988599326824,2.5499945876172232,2.5499766023202901,2.5499080494467061,2.5496717324963631,2.5489353824677852,2.5468615746049243,2.5415801249135881,2.5294032122518471,2.5039341996308351,2.4554524299704146,2.3710672969845246,2.2358943515898573,2.034796687598301,1.7529346439070106
906,2.5499999999360949,2.5499999998252814,2.5499999989694091,2.5499999934871549,2.5499999605182508,2.5499997772180203,2.549998844375013,2.5499945230108794,2.5499763600982321,2.5499072318356482,2.549669252814291,2.5489286359239114,2.5468451287323082,2.5415442414527964,2.5293331806162986,2.5038119933279397,2.4552617905807259,2.3708015474507249,2.2355638310316466,2.0344315282681653,1.7525798138885937
907,2.5499999999344358,2.5499999998210638,2.5499999989470163,2.5499999933601543,2.5499999598309016,2.5499997737761744,2.5499988286383859,2.5499944577706914,2.5499761158789056,2.5499064086596448,2.5496667595128173,2.5489218603470327,2.5468286295866784,2.5415082754431122,2.5292630448104112,2.5036896891923708,2.4550711056216468,2.3705358508027379,2.2352334810768437,2.0340666289623264,1.7522252503362983
908,2.5499999999327381,2.5499999998167544,2.5499999989241844,2.5499999932309567,2.549999959133078,2.5499997702885793,2.5499988127211557,2.5499943918919157,2.5499758696505062,2.5499055798939332,2.5496642525496243,2.5489150556827465,2.5468120771285951,2.5414722269104755,2.5291928049744805,2.5035672874755597,2.4548803753613022,2.3702702071657682,2.2349033015799296,2.033701989274368,1.751870953529127
909,2.5499999999309986,2.5499999998123517,2.5499999989009092,2.5499999930995263,2.5499999584246464,2.5499997667547305,2.5499987966216686,2.5499943253697794,2.5499756214011935,2.5499047455137083,2.5496617318824062,2.5489082218767827,2.5467954713188932,2.5414360958811346,2.5291224612488494,2.5034447884284692,2.4546896000669398,2.3700046166642781,2.2345732923953783,2.0333376087967645,1.7515169236007373
910,2.54999999992922,2.5499999998078513,2.5499999988771802,2.5499999929658301,2.5499999577054702,2.5499997631741218,2.5499987803382567,2.5499942581994941,2.5499753711190931,2.5499039054941326,2.5496591974688734,2.5489013588750011,2.5467788121186818,2.5413998823816333,2.5290520137739083,2.5033221923015989,2.4544987800049269,2.3697390794219824,2.2342434533776654,2.0329734871200946,1.7511631605742408
911,2.5499999999273983,2.5499999998032545,2.5499999988529916,2.5499999928298362,2.5499999569754093,2.549999759546242,2.5499987638692452,2.5499941903762444,2.5499751187922932,2.5499030598103376,2.5496566492667472,2.5488944666233952,2.546762099489349,2.541363586438822,2.5289814626900844,2.5031994993449773,2.4543079154407508,2.3694735955618511,2.2339137843812722,2.0326096238324407,1.7508096643962126
912,2.5499999999255336,2.5499999997985574,2.5499999988283344,2.5499999926915078,2.5499999562343243,2.5499997558705756,2.5499987472129453,2.5499941218951929,2.5499748644088456,2.5499022084374157,2.5496540872337659,2.5488875450680895,2.5467453333925545,2.5413272080798466,2.528910808137852,2.5030767098081679,2.4541170066390232,2.3692081652061159,2.2335842852606849,2.0322460185190625,1.750456434959264
913,2.5499999999236258,2.5499999997937581,2.5499999988032012,2.549999992550811,2.5499999554820745,2.5499997521466029,2.5499987303676575,2.5499940527514795,2.549974607956766,2.5499013513504281,2.5496515113276814,2.5488805941553414,2.5467285137902347,2.5412907473321522,2.528840050257724,2.5029538239402647,2.4539260538634831,2.3689427884762702,2.2332549558703993,2.0318826707624598,1.7501034721089139
914,2.5499999999216736,2.5499999997888545,2.5499999987775834,2.549999992407713,2.5499999547185177,2.5499997483738013,2.5499987133316719,2.5499939829402218,2.5499743494240334,2.5499004885244023,2.5496489215062605,2.5488736138315415,2.5467116406446006,2.5412542042234816,2.5287691891902515,2.5028308419898955,2.4537350573770023,2.3686774654930773,2.2329257960649227,2.0315195801424548,1.7497507756614223
915,2.5499999999196761,2.5499999997838456,2.5499999987514732,2.5499999922621739,2.5499999539435088,2.5499997445516405,2.5499986961032706,2.5499939124565145,2.5499740887985922,2.5498996199343305,2.5496463177272908,2.5488666040432131,2.5466947139181375,2.5412175787818723,2.5286982250760208,2.5027077642052218,2.453544017441585,2.368412196376569,2.2325968056987797,2.0311567462369355,1.7493983454017892
916,2.5499999999176315,2.5499999997787293,2.549999998724862,2.5499999921141612,2.5499999531569029,2.5499997406795885,2.5499986786807192,2.5499938412954273,2.5499738260683507,2.5498987455551729,2.549643699948569,2.5488595647370129,2.5466777335736017,2.5411808710356509,2.5286271580556554,2.5025845908339397,2.4533529343183749,2.3681469812460523,2.2322679846265121,2.0307941686223341,1.749046181090175
917,2.5499999999155394,2.5499999997735023,2.5499999986977415,2.5499999919636367,2.5499999523585526,2.5499997367571074,2.5499986610622751,2.549993769452009,2.5499735612211802,2.5498978653618565,2.5496410681279129,2.5488524958597307,2.5466606995740242,2.5411440810134409,2.5285559882698134,2.5024613221232794,2.4531618082676512,2.367881820220108,2.2319393327026784,2.0304318468735421,1.7486942824625218
918,2.5499999999133989,2.5499999997681639,2.5499999986701036,2.5499999918105654,2.5499999515483105,2.5499997327836574,2.5499986432461847,2.5499936969212866,2.5499732942449178,2.5498969793292772,2.549638422223155,2.548845397358289,2.5466436118827089,2.5411072087441546,2.5284847158591859,2.5023379583200041,2.4529706395488353,2.3676167134165977,2.2316108497818563,2.0300697805649328,1.7483426492400223
919,2.5499999999112091,2.5499999997627114,2.5499999986419386,2.5499999916549081,2.5499999507260256,2.5499997287586913,2.5499986252306828,2.5499936236982617,2.5499730251273638,2.5498960874322947,2.5496357621921475,2.548838269179746,2.5466264704632282,2.5410702542569914,2.5284133409644904,2.5022144996704112,2.4527794284204978,2.3673516609526706,2.231282535718647,2.0297079692710804,1.7479912811330156
920,2.5499999999089691,2.5499999997571421,2.549999998613238,2.5499999914966267,2.5499999498915451,2.5499997246816588,2.5499986070139919,2.5499935497779131,2.5499727538562822,2.5498951896457385,2.5496330879927598,2.5488311112712911,2.5466092752794274,2.5410332175814405,2.528341863726479,2.502090946420334,2.4525881751403502,2.3670866629447538,2.2309543903676694,2.0293464125658711,1.747640177834048
921,2.5499999999066771,2.5499999997514542,2.5499999985839934,2.5499999913356843,2.5499999490447172,2.549999720552004,2.5499985885943248,2.5499934751551989,2.5499724804194019,2.5498942859444083,2.549630399582878,2.5488239235802532,2.5465920262954227,2.5409960987472742,2.5282702842859273,2.501967298815142,2.4523968799652636,2.3668217195085743,2.2306264135835621,2.0289851100248644,1.74728933903265
922,2.5499999999043323,2.5499999997456446,2.5499999985541955,2.5499999911720423,2.5499999481853877,2.5499997163691681,2.5499985699698837,2.5499933998250515,2.5499722048044173,2.54989337630307,2.5496276969204077,2.5488167060540916,2.5465747234756004,2.5409588977845519,2.5281986027836409,2.5018435570997393,2.4522055431512557,2.3665568307591442,2.2302986052209786,2.0286240612235229,1.7469387644038104
923,2.5499999999019334,2.5499999997397129,2.5499999985238349,2.5499999910056612,2.5499999473133999,2.5499997121325872,2.5499985511388576,2.549993323782382,2.5499719269989876,2.549892460696455,2.5496249799632751,2.5488094586404002,2.5465573667846155,2.5409216147236142,2.5281268193604478,2.5017197215185649,2.4520141649535052,2.3662919968107783,2.2299709651345845,2.0282632657390867,1.746588453617542
924,2.5499999998994798,2.549999999733656,2.5499999984929018,2.5499999908365014,2.5499999464285961,2.5499997078416929,2.549998532099425,2.5499932470220781,2.549971646990735,2.5498915390992689,2.549622248669424,2.5488021812869102,2.5465399561873907,2.5408842495950799,2.5280549341571974,2.5015957923155958,2.4518227456263544,2.3660272177770945,2.2296434931790445,2.027902723150214,1.7462384063372658
925,2.5499999998969707,2.5499999997274707,2.549999998461387,2.5499999906645221,2.5499999455308169,2.5499997034959123,2.5499985128497524,2.549993169539003,2.5499713647672464,2.5498906114861826,2.5496195029968178,2.5487948739414845,2.5465224916491191,2.5408468024298529,2.5279829473147668,2.5014717697343452,2.4516312854232964,2.3657624937710025,2.2293161892090425,2.0275424330362841,1.7458886222167587
926,2.5499999998944047,2.5499999997211553,2.5499999984292807,2.5499999904896828,2.5499999446199006,2.5499996990946676,2.5499984933879962,2.5499930913279991,2.5499710803160744,2.5498896778318376,2.5496167429034404,2.548787536552124,2.5465049731352605,2.5408092732591152,2.5279108589740518,2.501347654017863,2.4514397845969929,2.3654978249047214,2.2289890530792507,2.0271823949784671,1.7455391009054544
927,2.5499999998917806,2.5499999997147071,2.549999998396574,2.5499999903119428,2.5499999436956853,2.5499996946373749,2.5499984737123005,2.5499930123838848,2.5499707936247362,2.549888738110845,2.5496139683472983,2.5487801690669656,2.546487400611543,2.5407716621143202,2.5278386692759613,2.5012234454087356,2.4512482433992813,2.36523321128979,2.2286620846443204,2.0268226085602992,1.7451898420511474
928,2.5499999998890965,2.5499999997081235,2.5499999983632571,2.5499999901312611,2.5499999427580073,2.549999690123447,2.5499984538207983,2.5499929327014557,2.5499705046807133,2.5498877922977838,2.5496111792864147,2.5487727714342796,2.5464697740439628,2.5407339690272082,2.5277663783614357,2.5010991441490869,2.451056662081148,2.3649686530370344,2.2283352837589256,2.0264630733657887,1.7448408452905722
929,2.5499999998863516,2.5499999997014018,2.5499999983293189,2.5499999899475942,2.5499999418067003,2.5499996855522937,2.5499984337116097,2.5499928522754827,2.5499702134714539,2.5498868403672064,2.5496083756788397,2.5487653436024749,2.5464520933987771,2.5406961940297772,2.5276939863714136,2.5009747504805806,2.4508650408927872,2.3647041502566353,2.2280086502776539,2.0261037889825855,1.7444921102667412
930,2.549999999883545,2.5499999996945406,2.5499999982947492,2.5499999897609005,2.5499999408415976,2.5499996809233183,2.5499984133828448,2.5499927711007153,2.5499699199843699,2.5498858822936321,2.5496055574826384,2.5487578855200934,2.5464343586425162,2.5406583371543161,2.5276214934468673,2.5008502646444146,2.4506733800835296,2.3644397030580491,2.2276821840551406,2.0257447549986622,1.7441436366099272
931,2.5499999998806748,2.549999999687536,2.5499999982595387,2.5499999895711367,2.5499999398625293,2.5499996762359194,2.549998392832602,2.5499926891718792,2.5499696242068377,2.5498849180515522,2.5496027246559048,2.5487503971358159,2.5464165697419676,2.5406203984333695,2.5275488997287661,2.5007256868813315,2.4504816799019173,2.3641753115500923,2.2273558849459185,2.0253859710049604,1.7437954239543649
932,2.5499999998777407,2.5499999996803862,2.5499999982236754,2.549999989378259,2.5499999388693242,2.5499996714894904,2.5499983720589685,2.5499926064836758,2.5499693261262002,2.5498839476154282,2.549599877156751,2.5487428783984569,2.5463987266641879,2.5405823778997596,2.5274762053581012,2.5006010174316091,2.4502899405956544,2.3639109758408861,2.22702975280452,2.0250274365940286,1.7434474719287885
933,2.5499999998747405,2.549999999673088,2.5499999981871495,2.5499999891822243,2.5499999378618101,2.5499996666834215,2.5499983510600193,2.5499925230307858,2.5499690257297645,2.549882970959692,2.5495970149433123,2.5487353292569699,2.5463808293764973,2.5405442755865772,2.5274034104758729,2.5004762565350642,2.4500981624116323,2.3636466960378808,2.2267037874854285,2.0246691513603059,1.74309978015962
934,2.5499999998716736,2.5499999996656384,2.5499999981499513,2.5499999889829867,2.5499999368398143,2.5499996618170968,2.5499983298338167,2.5499924388078652,2.5499687230048034,2.5498819880587487,2.5495941379737501,2.5487277496604452,2.5463628778464762,2.5405060915271722,2.527330515223086,2.5003514044310564,2.4499063455959429,2.363382472247876,2.2263779888430477,2.0243111149003306,1.7427523482730287
935,2.5499999998685379,2.5499999996580351,2.5499999981120696,2.5499999887805016,2.5499999358031609,2.5499996568898955,2.5499983083784121,2.549992353809547,2.5499684179385551,2.5498809988869722,2.5495912462062451,2.5487201395581089,2.5463448720419741,2.5404678257551709,2.5272575197407638,2.5002264613584821,2.4497144903938453,2.3631183045769797,2.2260523567317732,2.0239533268124599,1.7424051758908838
936,2.5499999998653329,2.5499999996502751,2.549999998073492,2.5499999885747227,2.5499999347516709,2.5499996519011927,2.5499982866918458,2.5499922680304401,2.5499681105182246,2.5498800034187123,2.5495883395990089,2.5487124988993251,2.5463268119310913,2.5404294783044437,2.5271844241699135,2.5001014275557836,2.4495225970498282,2.3628541931306857,2.2257268910058761,2.0235957866968297,1.7420582626370185
937,2.5499999998620564,2.5499999996423561,2.5499999980342083,2.5499999883656046,2.5499999336851662,2.5499996468503592,2.5499982647721451,2.5499921814651305,2.5499678007309803,2.5498790016282857,2.5495854181102695,2.5487048276335944,2.5463086974822033,2.540391049209151,2.5271112286515764,2.4999763032609379,2.4493306658075245,2.3625901380137662,2.2254015915196512,2.0232384941557124,1.7417116081293289
938,2.5499999998587075,2.5499999996342746,2.5499999979942065,2.5499999881530995,2.5499999326034661,2.5499996417367594,2.5499982426173258,2.5499920941081817,2.5499674885639578,2.5498779934899827,2.5495824816982808,2.5486971257105537,2.5462905286639441,2.5403525385037078,2.5270379333267918,2.4998510887114627,2.4491386969097761,2.3623261393303521,2.2250764581273126,2.0228814487931901,1.7413652119855367
939,2.5499999998552845,2.5499999996260274,2.549999997953476,2.5499999879371615,2.5499999315063873,2.549999636559753,2.5499982202253939,2.5499920059541346,2.5499671740042578,2.54987697897807,2.5495795303213304,2.5486893930799819,2.5462723054451946,2.5403139462227595,2.5269645383365735,2.4997257841444287,2.4489466905986825,2.362062197183989,2.224751490682948,2.0225246502148675,1.7410190738268545
940,2.5499999998517855,2.5499999996176115,2.5499999979120043,2.5499999877177428,2.5499999303937453,2.5499996313186948,2.5499981975943413,2.5499919169975049,2.5499668570389464,2.5498759580667802,2.5495765639377197,2.5486816296917905,2.546254027795114,2.5402752724012525,2.5268910438219776,2.4996003897964343,2.448754647115464,2.3617983116774774,2.2244266890406688,2.0221680980286516,1.7406731932671999
941,2.5499999998482097,2.5499999996090237,2.5499999978697794,2.5499999874947945,2.5499999292653546,2.5499996260129358,2.5499981747221492,2.5499918272327875,2.5499665376550555,2.5498749307303212,2.5495735825057788,2.5486738354960297,2.5462356956831167,2.5402365170743781,2.5268174499240477,2.4994749059036252,2.4485625667005673,2.3615344829129969,2.2241020530545001,2.021811791844121,1.7403275699214986
942,2.5499999998445553,2.5499999996002618,2.5499999978267898,2.5499999872682673,2.5499999281210268,2.5499996206418216,2.5499981516067853,2.5499917366544498,2.5499662158395848,2.5498738969428794,2.549570585983874,2.5486660104428926,2.5462173090788602,2.5401976802775463,2.5267437567837945,2.4993493327017,2.4483704495937144,2.3612707109921605,2.2237775825783692,2.0214557312721015,1.7399822034087049
943,2.5499999998408209,2.5499999995913223,2.5499999977830239,2.5499999870381118,2.549999926960572,2.5499996152046922,2.5499981282462061,2.5499916452569393,2.549965891579498,2.5498728566786064,2.5495675743303838,2.5486581544827049,2.5461988679522807,2.5401587620464725,2.5266699645422714,2.499223670425887,2.4481782960337464,2.3610069960158353,2.2234532774661857,2.0210999159258964,1.7396370933410867
944,2.5499999998370058,2.5499999995822016,2.5499999977384684,2.5499999868042775,2.5499999257837991,2.5499996097008832,2.5499981046383571,2.5499915530346797,2.5499655648617252,2.5498718099116302,2.549564547503719,2.5486502675659319,2.5461803722735667,2.5401197624171097,2.5265960733405151,2.4990979193109606,2.4479861062587434,2.3607433380842804,2.2231291375717879,2.0207443454203093,1.7392922393322601
945,2.5499999998331067,2.549999999572897,2.5499999976931118,2.5499999865667142,2.5499999245905154,2.5499996041297246,2.5499980807811702,2.549991459982071,2.5499652356731644,2.5498707566160594,2.5495615054623264,2.5486423496431811,2.5461618220131492,2.5400806814256276,2.5265220833195241,2.4989720795912533,2.4477938805060675,2.3604797372971928,2.2228051627489753,2.0203890193710952,1.7389476409987494
946,2.5499999998291223,2.5499999995634046,2.5499999976469403,2.5499999863253713,2.5499999233805251,2.5499995984905413,2.5499980566725675,2.5499913660934892,2.5499649040006771,2.5498696967659678,2.5495584481646669,2.5486344006651933,2.546143217141736,2.5400415191084935,2.5264479946203355,2.4988461515006248,2.4476016190122087,2.3602161937535384,2.2224813528514678,2.0200339373966343,1.7386032979525283
947,2.5499999998250518,2.5499999995537217,2.5499999975999423,2.5499999860801958,2.5499999221536318,2.5499995927826533,2.5499980323104574,2.5499912713632886,2.5499645698310931,2.5498686303354052,2.5495553755692337,2.5486264205828508,2.546124557630284,2.5400022755024105,2.5263738073839677,2.4987201352724857,2.4474093220129038,2.3599527075516797,2.2221577077329431,2.0196790991166305,1.7382592098065714
948,2.5499999998208929,2.5499999995438438,2.5499999975521037,2.5499999858311369,2.5499999209096362,2.5499995870053751,2.5499980076927344,2.5499911757857987,2.5499642331512091,2.549867557298402,2.5495522876345564,2.5486184093471764,2.5461058434499928,2.5399629506442953,2.5262995217513988,2.4985940311398012,2.4472169897431724,2.3596892787894226,2.2218342272470997,2.0193245041515673,1.7379153761756692
949,2.5499999998166438,2.5499999995337679,2.549999997503412,2.5499999855781406,2.5499999196483372,2.5499995811580165,2.5499979828172838,2.5499910793553262,2.5499638939477864,2.5498664776289561,2.5495491843191824,2.5486103669093283,2.5460870745723359,2.5399235445713559,2.5262251378636389,2.4984678393350692,2.4470246224371763,2.3594259075638551,2.2215109112475058,2.01897015212454,1.7375717966718374
950,2.5499999998123033,2.5499999995234908,2.5499999974538534,2.5499999853211532,2.5499999183695321,2.5499995752398821,2.549997957681978,2.5499909820661539,2.5499635522075534,2.5498653913010423,2.5495460655816906,2.5486022932206045,2.5460682509690349,2.5398840573210326,2.526150655861676,2.4983415600903376,2.4468322203283299,2.359162593971468,2.221187759587719,2.0186160426598523,1.7372284709077768
951,2.5499999998078695,2.5499999995130085,2.5499999974034147,2.5499999850601212,2.5499999170730172,2.5499995692502719,2.5499979322846773,2.5499908839125411,2.5499632079172074,2.5498642982886164,2.5495429313806968,2.5485941882324465,2.5460493726120519,2.539844488930977,2.526076075886456,2.4982151936372134,2.446639783649339,2.3588993381081975,2.2208647721213621,2.0182621753825387,1.7368853984976673
952,2.5499999998033402,2.5499999995023184,2.5499999973520819,2.5499999847949888,2.549999915758586,2.5499995631884795,2.5499979066232288,2.5499907848887244,2.5499628610634093,2.549863198565602,2.5495397816748366,2.5485860518964305,2.5460304394736206,2.5398048394391264,2.5260013980789524,2.4980887402068346,2.4464473126320581,2.3586361400692764,2.2205419487019018,2.017908549920103,1.7365425790536966
953,2.5499999997987142,2.5499999994914169,2.5499999972998411,2.5499999845257011,2.5499999144260297,2.5499995570537952,2.5499978806954693,2.5499906849889169,2.549962511632788,2.5498620921059012,2.5495366164227784,2.5485778841642732,2.5460114515262222,2.5397651088836466,2.5259266225801125,2.4979622000298911,2.4462548075076018,2.3583729999493466,2.2202192891828205,2.0175551659011903,1.7362000121887136
954,2.5499999997939886,2.5499999994802982,2.5499999972466787,2.5499999842522025,2.5499999130751387,2.5499995508455005,2.5499978544992192,2.5499905842073081,2.5499621596119413,2.5498609788833972,2.5495334355832275,2.5485696849878328,2.5459924087425767,2.539725297302911,2.5258517495308381,2.4978355733366322,2.4460622685063815,2.3581099178425031,2.2198967934176945,2.0172020229551797,1.7358576975170783
955,2.5499999997891627,2.5499999994689593,2.5499999971925806,2.5499999839744358,2.5499999117057017,2.5499995445628749,2.549997828032291,2.5499904825380639,2.5499618049874311,2.5498598588719412,2.5495302391149108,2.5485614543191035,2.5459733110956742,2.5396854047355744,2.5257767790720544,2.4977088603568411,2.4458696958579682,2.3578468938421451,2.2195744612599397,2.0168491207137391,1.7355156346514846
956,2.5499999997842338,2.5499999994573956,2.5499999971375322,2.5499999836923442,2.5499999103175042,2.5499995382051912,2.5499978012924829,2.549990379975327,2.5499614477457868,2.5498587320453647,2.5495270269765884,2.5485531921102225,2.5459541585587497,2.5396454312205168,2.5257017113446576,2.4975820613198545,2.4456770897911979,2.3575839280410893,2.2192522925630089,2.0164964588096366,1.7351738232053779
957,2.5499999997792004,2.5499999994456055,2.5499999970815179,2.5499999834058693,2.5499999089103293,2.549999531771717,2.5499977742775801,2.549990276513217,2.5499610878735086,2.5498575983774803,2.5495237991270598,2.5485448983134673,2.545934951105274,2.539605376796819,2.5256265464894962,2.4974551764545705,2.4454844505342153,2.3573210205316104,2.2189302871804721,2.016144036876359,1.7348322627936572
958,2.5499999997740601,2.5499999994335836,2.549999997024524,2.5499999831149527,2.5499999074839592,2.5499995252617147,2.5499977469853574,2.5499901721458289,2.5499607253570593,2.5498564578420702,2.5495205555251452,2.548536572881253,2.5459156887089867,2.5395652415038423,2.5255512846474373,2.4973282059894215,2.4452917783143286,2.3570581714052974,2.2186084449657435,2.0157918545495361,1.7344909530299342
959,2.549999999768811,2.5499999994213272,2.5499999969665339,2.5499999828195352,2.5499999060381739,2.5499995186744417,2.5499977194135761,2.5499900668672355,2.5499603601828706,2.5498553104128958,2.5495172961296992,2.5485282157661353,2.5458963713438729,2.5395250253811716,2.5254759259593174,2.4972011501523936,2.4450990733581128,2.3567953807531561,2.2182867657722789,2.0154399114659118,1.7341498935285069
960,2.5499999997634504,2.54999999940883,2.5499999969075349,2.5499999825195583,2.5499999045727533,2.5499995120091494,2.5499976915599838,2.5499899606714864,2.5499599923373433,2.5498541560636983,2.5495140208996148,2.5485198269208111,2.5458769989841592,2.5394847284686017,2.5254004705659359,2.4970740091710293,2.4449063358914329,2.3565326486656359,2.2179652494536248,2.0150882072631284,1.733809083904668
961,2.5499999997579783,2.5499999993960882,2.5499999968475109,2.5499999822149593,2.5499999030874712,2.5499995052650823,2.5499976634223138,2.5499898535525936,2.5499596218068104,2.5498529947681137,2.5495107297936204,2.5485114062977341,2.5458575716036567,2.5394443508051965,2.5253249186069229,2.4969467832714316,2.4447135661390473,2.3562699752332987,2.2176438958652782,2.0147367415829125,1.733468551507598
962,2.5499999997523903,2.5499999993830991,2.5499999967864451,2.5499999819056778,2.5499999015821029,2.5499994984414842,2.549997634998296,2.5499897455045839,2.5499592485776734,2.5498518265000079,2.549507422771061,2.5485029538506536,2.5458380891784209,2.5394038924331617,2.5252492702253377,2.4968194726822435,2.44452076432604,2.3560073605439524,2.2173227048568966,2.0143855140599749,1.7331282909860588
963,2.5499999997466851,2.5499999993698572,2.5499999967243223,2.5499999815916534,2.5499999000564206,2.5499994915375885,2.5499976062856389,2.5499896365214232,2.5499588726362017,2.5498506512329691,2.549504099790727,2.548494469532296,2.5458185516827458,2.5393633533920013,2.5251735255607413,2.4966920776286416,2.4443279306756596,2.3557448046869753,2.2170016762840472,2.0140345243387054,1.7327882938931034
964,2.5499999997408596,2.5499999993563591,2.5499999966611262,2.5499999812728213,2.5499998985101922,2.5499994845526244,2.5499975772820407,2.5499895265970665,2.5499584939686657,2.5498494689406503,2.5495007608116436,2.5484859532959265,2.5457989590918619,2.5393227337224489,2.5250976847538524,2.4965645983363878,2.4441350654107898,2.3554823077504228,2.2166808100003279,2.0136837720617629,1.7324485569888441
965,2.5499999997349141,2.5499999993425995,2.5499999965968407,2.5499999809491207,2.5499998969431874,2.5499994774858181,2.5499975479851864,2.5499894157254461,2.5499581125613031,2.5498482795966835,2.549497405792867,2.5484774050949399,2.5457793113812239,2.5392820334654425,2.5250217479453463,2.4964370350307896,2.4439421687535892,2.355219869821787,2.2163601058594073,2.0133332568730151,1.7321090782074904
966,2.5499999997288434,2.5499999993285742,2.5499999965314499,2.5499999806204854,2.5499998953551724,2.5499994703363851,2.5499975183927504,2.5499893039004697,2.5499577284003205,2.5498470831746811,2.5494940346934869,2.5484688248828764,2.5457596085265379,2.5392412526621437,2.5249457152758672,2.49630938793671,2.4437492409254844,2.3549574909879754,2.2160395637149963,2.0129829784176052,1.7317698560508956
967,2.5499999997226475,2.5499999993142777,2.5499999964649369,2.5499999802868532,2.5499998937459103,2.5499994631035419,2.5499974885023926,2.5499891911160231,2.5499573414718926,2.5498458796482319,2.549490647472628,2.5484602126134166,2.5457398505037556,2.5392003913539409,2.5248695868860334,2.4961816572785578,2.4435562821471595,2.3546951713353113,2.2157191834208541,2.0126329363422362,1.7314308893238601
968,2.5499999997163219,2.5499999992997071,2.5499999963972844,2.5499999799481565,2.5499998921151623,2.549999455786494,2.5499974583117617,2.5499890773659657,2.5499569517621627,2.5498446689909051,2.5494872440894532,2.5484515682403814,2.545720037289072,2.5391594495824443,2.524793362916427,2.4960538432803014,2.4433632926385749,2.3544329109495341,2.2153989648307975,2.0122831302957298,1.7310921770105534
969,2.5499999997098661,2.5499999992848568,2.5499999963284767,2.549999979604332,2.5499998904626882,2.5499994483844439,2.5499974278184911,2.5499889626441359,2.5499565592572391,2.5498434511762498,2.5494838245031546,2.5484428917177375,2.5457001688589269,2.5391184273894813,2.5247170435076001,2.4959259461654626,2.4431702726189601,2.3541707099158153,2.2150789077986959,2.0119335599298154,1.7307537182113575
970,2.5499999997032767,2.5499999992697213,2.5499999962584949,2.5499999792553112,2.5499998887882458,2.5499994408965874,2.5499973970202041,2.5499888469443479,2.5499561639432011,2.5498422261777955,2.5494803886729658,2.5484341829995856,2.5456802451899985,2.5390773248170979,2.5246406288000705,2.4957979661571206,2.4429772223068311,2.3539085683187548,2.2147590121784875,2.0115842249000289,1.7304155121164415
971,2.5499999996965514,2.5499999992542972,2.5499999961873221,2.5499999789010261,2.5499998870915901,2.5499994333221152,2.5499973659145105,2.5499887302603934,2.5499557658060992,2.5498409939690525,2.5494769365581553,2.5484254420401702,2.5456602662592083,2.5390361419075567,2.5245641189343209,2.4956699034779115,2.4427841419199834,2.3536464862423818,2.2144392778241726,2.0112351248658262,1.7300775579942489
972,2.5499999996896872,2.5499999992385791,2.5499999961149404,2.5499999785414116,2.5499998853724737,2.5499994256602116,2.5499973344990066,2.5499886125860378,2.5499553648319457,2.5498397545235081,2.5494734681180229,2.5484166687938772,2.5456402320437213,2.5389948787033365,2.5244875140507999,2.4955417583500323,2.4425910316754891,2.3533844637701602,2.2141197045898231,2.0108862594911154,1.7297398551607814
973,2.5499999996826825,2.5499999992225622,2.5499999960413327,2.5499999781763956,2.5499998836306492,2.5499994179100582,2.5499973027712759,2.5499884939150261,2.549954961006728,2.5498385078146355,2.5494699833119108,2.5484078632152354,2.5456201425209377,2.5389535352471322,2.5244108142899182,2.495413530995231,2.4423978917897071,2.353122500984985,2.2138002923295841,2.0105376284441929,1.7294024029677173
974,2.5499999996755345,2.5499999992062405,2.5499999959664805,2.5499999778059106,2.549999881865864,2.5499994100708263,2.5499972707288903,2.5499883742410789,2.5499545543163986,2.549837253815884,2.549466482099195,2.548399025258913,2.5455999976685031,2.538912111581848,2.5243340197920494,2.4952852216348194,2.4422047224782824,2.3528605979691921,2.2134810408976797,2.0101892313974212,1.7290652008003717
975,2.5499999996682403,2.5499999991896098,2.5499999958903641,2.5499999774298869,2.5499998800778649,2.5499994021416827,2.5499972383694072,2.5499882535578928,2.5499541447468794,2.5498359925006868,2.5494629644392894,2.5483901548797192,2.5455797974643009,2.5388706077506029,2.524257130697527,2.4951568304896643,2.4420115239561486,2.352598754804557,2.2131619501484163,2.0098410680270589,1.7287282480695945
976,2.5499999996607969,2.5499999991726647,2.5499999958129664,2.5499999770482518,2.5499998782663962,2.5499993941217909,2.5499972056903712,2.5499881318591413,2.5499537322840622,2.5498347238424586,2.5494594302916469,2.548381252032605,2.5455595418864512,2.5388290237967275,2.5241801471466463,2.4950283577801926,2.4418182964375328,2.352336971572297,2.2128430199361833,2.0094931380125027,1.728391544207625
977,2.5499999996532017,2.5499999991553994,2.5499999957342685,2.5499999766609349,2.5499998764312002,2.549999386010307,2.5499971726893151,2.5499880091384735,2.5499533169138067,2.5498334478145939,2.5494558796157554,2.5483723166726637,2.5455392309133145,2.5387873597637589,2.5241030692796604,2.4948998037263954,2.4416250401359538,2.352075248353076,2.2125242501154649,2.0091454410357792,1.7280550886658925
978,2.5499999996454528,2.5499999991378086,2.5499999956542516,2.5499999762678627,2.549999874572018,2.5499993778063814,2.5499971393637595,2.5499878853895157,2.5499528986219415,2.5498321643904704,2.5494523123711419,2.5483633487551294,2.5455188645234879,2.5387456156954458,2.5240258972367831,2.494771168547818,2.4414317552642246,2.3518135852270015,2.212205640540831,2.0087979767821662,1.7277188809176345
979,2.5499999996375471,2.5499999991198878,2.5499999955728949,2.5499999758689618,2.549999872688586,2.5499993695091585,2.5499971057112085,2.5499877606058723,2.5499524773942666,2.5498308735434483,2.5494487285173726,2.5483543482353781,2.5454984426958065,2.5387037916357404,2.5239486311581829,2.4946424524635695,2.4412384420344595,2.3515519822736359,2.2118871910669586,2.0084507449382105,1.7273829204436724
980,2.549999999629482,2.5499999991016309,2.5499999954901789,2.5499999754641589,2.5499998707806406,2.5499993611177767,2.5499970717291562,2.5499876347811221,2.5499520532165487,2.5498295752468687,2.5494451280140518,2.5483453150689277,2.5454779654093418,2.538661887628805,2.5238712711839857,2.4945136556923186,2.4410451006580693,2.3512904395719896,2.2115689015486208,2.0081037451928956,1.7270472067422784
981,2.549999999621253,2.5499999990830324,2.5499999954060857,2.5499999750533795,2.5499998688479133,2.5499993526313682,2.5499970374150824,2.5499875079088219,2.5499516260745265,2.5498282694740562,2.5494415108208224,2.5483362492114363,2.5454574326433987,2.5386199037190038,2.5237938174542744,2.4943847784523001,2.4408517313457683,2.3510289572005303,2.2112507718407013,2.0077569772360753,1.7267117393173126
982,2.5499999996128579,2.5499999990640871,2.5499999953205941,2.5499999746365485,2.5499998668901367,2.54999934404906,2.5499970027664545,2.5499873799825039,2.5499511959539056,2.5498269561983182,2.5494378768973673,2.5483271506187055,2.545436844377519,2.5385778399509045,2.5237162701090838,2.4942558209613073,2.4406583343075772,2.3507675352371837,2.2109328017982075,2.0074104407588553,1.7263765176838832
983,2.549999999604295,2.5499999990447879,2.549999995233684,2.5499999742135881,2.5499998649070394,2.5499993353699728,2.5499969677807264,2.5499872509956774,2.549950762840361,2.5498256353929443,2.5494342262034095,2.5483180192466781,2.5454162005914802,2.5385356963692778,2.5236386292884037,2.4941267834366978,2.4404649097528197,2.3505061737593325,2.2106149912762616,2.0070641354534304,1.7260415413654087
984,2.5499999995955602,2.5499999990251294,2.5499999951453347,2.5499999737844221,2.5499998628983476,2.5499993265932215,2.5499969324553389,2.5499871209418274,2.5499503267195398,2.5498243070312099,2.5494305586987109,2.5483088550514377,2.5453955012652925,2.538493473019094,2.523560895132174,2.4939976660953933,2.4402714578901361,2.3502448728438283,2.2102973401301331,2.0067180610121174,1.7257068098914434
985,2.5499999995866514,2.5499999990051068,2.5499999950555243,2.5499999733489718,2.5499998608637848,2.5499993177179152,2.5499968967877193,2.5499869898144163,2.5499498875770592,2.5498229710863711,2.5494268743430721,2.5482996579892099,2.5453747463791996,2.5384511699455259,2.5234830677802891,2.4938684691538788,2.4400779789274711,2.3499836325669787,2.2099798482152089,2.0063722171285092,1.7253723228010454
986,2.5499999995775635,2.5499999989847129,2.5499999949642338,2.5499999729071599,2.5499998588030732,2.5499993087431565,2.5499968607752823,2.5499868576068843,2.5499494453985028,2.5498216275316699,2.5494231730963377,2.5482904280163643,2.5453539359136745,2.5384087871939363,2.5234051473725891,2.4937391928282069,2.4398844730720941,2.3497224530045764,2.2096625153870781,2.006026603495596,1.7250380796357518
987,2.5499999995682945,2.5499999989639424,2.5499999948714414,2.5499999724589064,2.5499998567159317,2.5499992996680434,2.549996824415429,2.5499867243126468,2.5499490001694269,2.5498202763403297,2.5494194549183891,2.5482811650894099,2.5453330698494288,2.5383663248098993,2.523327134048873,2.4936098373339899,2.4396909405305705,2.3494613342318575,2.2093453415014057,2.0056812198081175,1.7247040799489251
988,2.5499999995588407,2.5499999989427891,2.5499999947771252,2.5499999720041311,2.5499998546020768,2.549999290491666,2.5499967877055476,2.549986589925096,2.5499485518753575,2.549818917485561,2.5494157197691516,2.5482718691649993,2.545312148167401,2.5383237828391749,2.5232490279488804,2.4934804028864099,2.4394973815087995,2.3492002763235513,2.2090283264140864,2.0053360657600772,1.7243703232947669
989,2.5499999995491995,2.5499999989212463,2.5499999946812633,2.5499999715427522,2.5499998524612244,2.549999281213108,2.5499967506430128,2.5499864544375983,2.5499481005017901,2.5498175509405572,2.5494119676085925,2.5482625401999246,2.5452911708487633,2.5382811613277205,2.523170829212301,2.4933508897002161,2.4393037962119979,2.3489392793538588,2.2087114699811838,2.0049911410456813,1.7240368092326703
990,2.5499999995393683,2.5499999988993074,2.5499999945838332,2.5499999710746875,2.5499998502930867,2.5499992718314486,2.5499967132251871,2.5499863178434996,2.5499476460341901,2.5498161766784961,2.5494081983967161,2.5482531781511222,2.5452701378749207,2.5382384603216961,2.5230925379787781,2.4932212979897188,2.4391101848446883,2.3486783433964398,2.2083947720588761,2.0046464453601485,1.7237035373311558
991,2.5499999995293425,2.5499999988769666,2.5499999944848137,2.5499999705998548,2.5499998480973725,2.5499992623457604,2.549996675449417,2.549986180136123,2.5499471884579958,2.5498147946725425,2.5494044120935744,2.5482437829756703,2.5452490492274968,2.5381956798674348,2.5230141543878863,2.4930916279688051,2.438916547610753,2.3484174685244743,2.2080782325036821,2.004301978397153,1.7233705071539651
992,2.5499999995191187,2.5499999988542177,2.5499999943841805,2.5499999701181713,2.5499998458737889,2.5499992527551099,2.5499966373130372,2.5499860413087667,2.5499467277586123,2.549813404895843,2.5494006086592553,2.5482343546307882,2.5452279048883573,2.5381528200114816,2.5229356785791617,2.4929618798509208,2.4387228847133611,2.3481566548105817,2.2077618511721631,2.0039577398518813,1.7230377182774252
993,2.5499999995086937,2.549999998831054,2.5499999942819125,2.5499999696295514,2.5499998436220421,2.5499992430585574,2.5499965988133697,2.5499859013547064,2.5499462639214188,2.5498120073215325,2.5493967880538935,2.5482248930738374,2.5452067048395892,2.5381098808005613,2.5228571106920752,2.4928320538490856,2.4385291963550344,2.3478959023268913,2.2074456279211789,2.0036137294188512,1.7227051702770348
994,2.5499999994980644,2.5499999988074675,2.5499999941779854,2.5499999691339106,2.5499998413418345,2.5499992332551566,2.549996559947723,2.5499857602671918,2.5499457969317625,2.5498106019227316,2.5493929502376664,2.5482153982623212,2.5451854490635082,2.538066862281585,2.5227784508660416,2.4927021501758877,2.4383354827376271,2.3476352111450249,2.2071295626078169,2.0032699467924746,1.72237286273104
995,2.5499999994872264,2.5499999987834516,2.5499999940723774,2.5499999686311621,2.5499998390328669,2.5499992233439559,2.5499965207133917,2.5499856180394525,2.5499453267749632,2.5498091886725436,2.5493890951707914,2.5482058701538861,2.5451641375426619,2.5380237645016637,2.5226996992404254,2.4925721690434814,2.4381417440623054,2.3473745813360671,2.206813655089304,2.002926391667557,1.7220407952241765
996,2.5499999994761766,2.5499999987590005,2.5499999939650628,2.5499999681212193,2.5499998366948358,2.5499992133239955,2.5499964811076565,2.5499854746646937,2.5499448534363101,2.5498077675440634,2.5493852228135339,2.5481963087063182,2.5451427702598148,2.5379805875080774,2.5226208559545182,2.4924421106636001,2.4379479805296045,2.3471140129706431,2.2064979052232179,2.0025830637386979,1.7217089673403494
997,2.549999999464911,2.5499999987341067,2.5499999938560185,2.5499999676039939,2.5499998343274362,2.5499992031943104,2.549996441127786,2.5499853301360971,2.5499443769010637,2.5498063385103671,2.5493813331261985,2.5481867138775476,2.5451213471979672,2.5379373313483109,2.5225419211475679,2.4923119752475391,2.4377541923393622,2.3468535061188263,2.2061823128672535,2.002239962700604,1.7213773786697697
998,2.5499999994534255,2.5499999987087638,2.5499999937452196,2.5499999670793971,2.5499998319303607,2.5499991929539303,2.5499964007710338,2.5499851844468209,2.5499438971544568,2.5498049015445194,2.5493774260691353,2.5481770856256465,2.5450998683403396,2.5378939960700198,2.5224628949587533,2.4921817630061698,2.4375603796907792,2.3465930608502199,2.2058668778794068,2.0018970882480787,1.7210460288035312
999,2.5499999994417175,2.5499999986829636,2.5499999936326421,2.5499999665473401,2.5499998295033,2.5499991826018786,2.5499963600346414,2.5499850375899991,2.5499434141816932,2.549803456619574,2.549373501602739,2.5481674239088292,2.5450783336703759,2.5378505817210435,2.522383777527192,2.4920514741499367,2.4373665427823981,2.3463326772339279,2.2055516001179161,2.0015544400759921,1.7207149173353125
1000,2.5499999994297826,2.5499999986566992,2.5499999935182616,2.5499999660077317,2.5499998270459416,2.5499991721371713,2.5499963189158352,2.5499848895587438,2.5499429279679466,2.549802003708566,2.5493695596874453,2.5481577286854518,2.5450567431717532,2.5378070883494188,2.5223045689919514,2.4919211088888487,2.4371726818120751,2.3460723553385225,2.2052364794411945,2.0012120178791495,1.7203840438634737
1001,2.5499999994176168,2.5499999986299637,2.5499999934020523,2.549999965460481,2.5499998245579709,2.5499991615588185,2.5499962774118292,2.5499847403461438,2.5499424384983631,2.5498005427845229,2.5493656002837382,2.5481479999140109,2.5450350968283635,2.5377635160033485,2.5222252694920244,2.4917906674324963,2.4369787969770429,2.3458120952321213,2.2049215157079587,2.0008698213525919,1.7200534079866256
1002,2.5499999994052156,2.5499999986027486,2.549999993283989,2.5499999649054947,2.5499998220390698,2.5499991508658231,2.5499962355198238,2.549984589945264,2.5499419457580599,2.5497990738204588,2.5493616233521479,2.5481382375531467,2.5450133946243216,2.5377198647312116,2.5221458791663398,2.4916601499900448,2.436784888473885,2.345551896982355,2.2046067087771779,2.0005278501914723,1.7197230093054159
1003,2.549999999392575,2.5499999985750463,2.5499999931640462,2.5499999643426805,2.5499998194889195,2.5499991400571824,2.5499961932370061,2.5499844383491457,2.5499414497321253,2.5497975967893729,2.5493576288532434,2.5481284415616416,2.5449916365439749,2.5376761345815888,2.5220663981537772,2.4915295567702218,2.4365909564984944,2.3452917606563162,2.2042920585080052,2.0001861040908513,1.7193928474253211
1004,2.5499999993796911,2.5499999985468498,2.5499999930421979,2.5499999637719442,2.5499998169071967,2.549999129131888,2.5499961505605482,2.5499842855508077,2.5499409504056207,2.5497961116642545,2.549353616747644,2.5481186118984192,2.5449698225718822,2.5376323256032185,2.5219868265931371,2.4913988879813425,2.4363970012461555,2.3450316863206617,2.2039775647598874,1.9998445827461337,1.7190629219515428
1005,2.5499999993665603,2.5499999985181514,2.5499999929184169,2.5499999631931902,2.5499998142935758,2.5499991180889232,2.5499961074876096,2.549984131543245,2.549940447763579,2.5497946184180833,2.5493495869960152,2.5481087485225453,2.5449479526928216,2.5375884378450122,2.5219071646231517,2.4912681438312974,2.4362030229115095,2.3447716740415725,2.2036632273925267,1.9995032858528925,1.7187332324909623
1006,2.5499999993531786,2.5499999984889428,2.5499999927926775,2.5499999626063228,2.5499998116477292,2.5499991069272667,2.5499960640153363,2.5499839763194303,2.5499399417910036,2.5497931170238219,2.549345539559063,2.5480988513932283,2.5449260268918055,2.5375444713560813,2.5218274123825042,2.491137324527541,2.4360090216885117,2.3445117238846924,2.2033490462658336,1.9991622131065894,1.7184037786548194
1007,2.549999999339541,2.5499999984592159,2.5499999926649517,2.5499999620112455,2.5499998089693268,2.5499990956458896,2.5499960201408602,2.5499838198723115,2.5499394324728715,2.5497916074544253,2.5493414743975444,2.5480889204698181,2.5449040451540541,2.5375004261856891,2.5217475700097953,2.4910064302771153,2.4358149977705139,2.3442518359152413,2.2030350212399816,1.9988213642031547,1.7180745600543346
1008,2.5499999993256433,2.5499999984289627,2.5499999925352137,2.5499999614078597,2.5499998062580351,2.5499990842437565,2.5499959758612993,2.5499836621948146,2.5499389197941311,2.5497900896828392,2.5493373914722648,2.5480789557118069,2.5448820074650058,2.5374563023832706,2.5216676376435552,2.4908754612866408,2.4356209513502316,2.3439920101979719,2.2027211521753904,1.998480738838756,1.7177455763023093
1009,2.5499999993114808,2.5499999983981754,2.5499999924034356,2.5499999607960668,2.549999803513519,2.5499990727198258,2.5499959311737594,2.5499835032798419,2.5499384037397026,2.5497885636819926,2.5493332907440682,2.5480689570788289,2.5448599138103303,2.5374120999984555,2.5215876154222614,2.4907444177623037,2.4354268826197023,2.3437322467971078,2.2024074389327217,1.9981403367094372,1.7174168270150176
1010,2.5499999992970492,2.5499999983668449,2.5499999922695888,2.549999960175767,2.5499998007354399,2.5499990610730499,2.5499958860753305,2.5499833431202723,2.5499378842944798,2.5497870294248086,2.5493291721738527,2.5480589245306597,2.5448377641759041,2.5373678190810245,2.5215075034843095,2.4906132999098807,2.4352327917703631,2.343472545776458,2.2020938813728606,1.9978001575118089,1.7170883118091969
1011,2.5499999992823441,2.5499999983349637,2.5499999921336456,2.5499999595468599,2.5499997979234568,2.5499990493023734,2.5499958405630889,2.5499831817089622,2.5499373614433285,2.5497854868842005,2.5493250357225627,2.5480488580272165,2.5448155585478207,2.5373234596809264,2.5214273019680209,2.4904821079347275,2.4350386789930218,2.3432129071993706,2.2017804793569278,1.9974602009427791,1.7167600303031338
1012,2.5499999992673601,2.549999998302523,2.5499999919955769,2.5499999589092437,2.5499997950772264,2.5499990374067352,2.5499957946340994,2.5499830190387436,2.5499368351710863,2.5497839360330672,2.5493208813511865,2.5480387575285595,2.5447932969124021,2.5372790218483012,2.5213470110116623,2.4903508420417682,2.4348445444778148,2.3429533311286761,2.2014672327463085,1.997120466699166,1.7164319821178939
1013,2.5499999992520932,2.5499999982695138,2.5499999918553544,2.5499999582628159,2.5499997921964019,2.5499990253850675,2.5499957482854105,2.5499828551024266,2.5499363054625639,2.5497823768443002,2.5493167090207618,2.5480286229948903,2.5447709792561759,2.5372345056334353,2.5212666307534142,2.4902195024355165,2.4346503884142838,2.3426938176267962,2.2011541414025819,1.9967809544783945,1.7161041668752348
1014,2.5499999992365394,2.5499999982359274,2.5499999917129488,2.549999957607473,2.5499997892806339,2.5499990132362949,2.549995701514058,2.5499826898927971,2.549935772302546,2.5497808092907825,2.5493125186923766,2.5480184543865514,2.5447486055658839,2.5371899110867813,2.5211861613313835,2.4900880893200688,2.4344562109913479,2.342434366755703,2.2008412051875514,1.9964416639782316,1.7157765841983821
1015,2.5499999992206934,2.5499999982017547,2.5499999915683311,2.5499999569431102,2.5499997863295709,2.5499990009593372,2.5499956543170632,2.549982523402619,2.5499352356757869,2.5497792333453839,2.5493083103271621,2.5480082516640281,2.544726175828496,2.5371452382589781,2.5211056028836181,2.4899566028990914,2.4342620123972596,2.3421749785768577,2.2005284239632927,1.9961025948964293,1.715449233712999
1016,2.5499999992045499,2.5499999981669865,2.5499999914214708,2.5499999562696223,2.5499997833428587,2.5499989885531065,2.5499956066914353,2.5499823556246324,2.5499346955670168,2.5497776489809678,2.5493040838863013,2.547998014787948,2.5447036900311848,2.5371004872008105,2.521024955548079,2.4898250433758431,2.434067792819683,2.3419156531513217,2.2002157975920564,1.9957637469313514,1.7151221150454437
1017,2.5499999991881039,2.5499999981316144,2.5499999912723377,2.5499999555869022,2.5499997803201393,2.5499989760165063,2.5499955586341683,2.5499821865515551,2.5499341519609393,2.5497760561703897,2.5492998393310269,2.5479877437190797,2.5446811481613349,2.5370556579632244,2.5209442194626508,2.489693410953167,2.4338735524456654,2.3416563905397156,2.1999033259363046,1.9954251197817372,1.7147952278234329
1018,2.5499999991713502,2.5499999980956281,2.549999991120901,2.5499999548948415,2.5499997772610534,2.5499989633484361,2.5499955101422422,2.5499820161760804,2.5499336048422285,2.5497744548864918,2.5492955766226162,2.547977438418334,2.5446585502065582,2.53701075059735,2.5208633947651573,2.4895617058334762,2.4336792914615937,2.3413971908021574,2.1995910088587736,1.9950867131463925,1.7144685716769317
1019,2.5499999991542843,2.5499999980590187,2.5499999909671303,2.5499999541933325,2.5499997741652383,2.549998950547788,2.5499954612126237,2.5499818444908797,2.5499330541955327,2.5497728451021096,2.5492912957223965,2.5479670988467631,2.5446358961546718,2.5369657651544681,2.5207824815933382,2.4894299282187742,2.433485010053257,2.341138053998352,2.199278846222382,1.9947485267246321,1.7141421462368753
1020,2.5499999991369018,2.5499999980217769,2.5499999908109952,2.5499999534822657,2.5499997710323261,2.5499989376134478,2.549995411842263,2.5499816714886006,2.5499325000054758,2.5497712267900723,2.5492869965917486,2.5479567249655597,2.5446131859937005,2.5369207016860083,2.5207014800848486,2.4892980783106538,2.4332907084058504,2.340878980187596,2.1989668378902274,1.9944105602162963,1.7138159511351192
1021,2.5499999991191955,2.549999997983893,2.5499999906524629,2.5499999527615298,2.5499997678619497,2.5499989245442909,2.5499953620280951,2.5499814971618511,2.5499319422566078,2.5497695999230929,2.549282679191875,2.5479463167356373,2.5445904197111973,2.5368755602426205,2.5206203903762119,2.4891661563094392,2.4330963867037236,2.3406199694295116,2.1986549837274816,1.9940728133241861,1.713490010731058
1022,2.5499999991011602,2.5499999979453571,2.5499999904915018,2.5499999520310141,2.5499997646537396,2.5499989113391921,2.5499953117670557,2.5499813215032674,2.5499313809335886,2.549767964474198,2.5492783434847071,2.5479358741193212,2.5445675972969894,2.5368303408779616,2.5205392126070629,2.4890341624176076,2.4329020451312746,2.3403610217809421,2.1983432835939376,1.9937352857434705,1.7131643202289282
1023,2.5499999990827926,2.5499999979061596,2.5499999903280797,2.5499999512906038,2.5499997614073191,2.5499988979970145,2.549995261056047,2.5499811445054115,2.5499308160209169,2.5497663204160834,2.5492739894315402,2.5479253970777989,2.5445447187390364,2.536785043642976,2.5204579469137411,2.4889020968346265,2.4327076838716146,2.3401021373006534,2.1980317373552278,1.993397977177783,1.7128388720813668
1024,2.5499999990640854,2.5499999978662902,2.5499999901621644,2.5499999505401876,2.5499997581223122,2.5499988845166159,2.5499952098919678,2.5499809661608395,2.5499302475031085,2.5497646677215449,2.5492696169939579,2.5479148855728386,2.5445217840262231,2.5367396685897488,2.5203765934336078,2.4887699597604365,2.4325133031074757,2.3398433160461756,2.1977203448752465,1.9930608873284321,1.7125136633767244
1025,2.5499999990450335,2.5499999978257386,2.5499999899937231,2.5499999497796484,2.5499997547983382,2.5499988708968475,2.5499951582716989,2.5499807864620836,2.5499296753646554,2.5497630063633729,2.5492652261335849,2.5479043395663346,2.5444987931476204,2.5366942157705004,2.520295152303929,2.4886377513945668,2.432318903021002,2.3395845580746437,2.197409106018104,1.9927240158971975,1.7121886922482896
1026,2.5499999990256321,2.5499999977844956,2.5499999898227208,2.5499999490088729,2.5499997514350152,2.5499988571365528,2.5499951061921111,2.5499806054016556,2.5499290995900221,2.5497613363143499,2.5492608168121023,2.5478937590203334,2.5444757460925183,2.5366486852376062,2.5202136236618875,2.4885054719361239,2.432124483793717,2.3393258634427578,2.1970980206481063,1.9923873625864112,1.7118639573458752
1027,2.5499999990058737,2.5499999977425492,2.5499999896491259,2.5499999482277413,2.5499997480319569,2.5499988432345684,2.5499950536500555,2.5499804229720424,2.5499285201636495,2.5497596575472516,2.5492563889912381,2.5478831438970144,2.54445264285041,2.5366030770435981,2.5201320076445883,2.4883731215838103,2.4319300456065505,2.339067232206804,2.1967870886297396,1.9920509270991869,1.711539457584365
1028,2.5499999989857542,2.5499999976998895,2.5499999894729029,2.5499999474361372,2.5499997445887752,2.5499988291897244,2.5499950006423751,2.5499802391657069,2.5499279370699499,2.5497579700348449,2.5492519426327749,2.5478724941587054,2.5444294834110002,2.5365573912411601,2.5200503043890485,2.4882407005359055,2.4317355886398211,2.338808664422642,2.1964763098276783,1.9917147091399534,1.7112151920411189
1029,2.5499999989652671,2.549999997656506,2.5499999892940184,2.5499999466339407,2.5499997411050792,2.5499988150008455,2.549994947165894,2.549980053975093,2.5499273502933089,2.5497562737498951,2.5492474776985437,2.5478618097678742,2.5444062677641979,2.5365116278831277,2.5199685140322052,2.4881082089902873,2.43154111307325,2.3385501601457244,2.1961656841067754,1.991378708415154,1.7108911598981578
1030,2.5499999989444064,2.5499999976123884,2.5499999891124365,2.5499999458210318,2.5499997375804733,2.5499988006667458,2.5499948932174239,2.5499798673926177,2.5499267598180935,2.5497545686651559,2.54924299415043,2.5478510906871272,2.5443829959001194,2.5364657870224829,2.5198866367109121,2.4879756471444203,2.4313466190859696,2.3382917194310902,2.1958552113320629,1.9910429246339814,1.7105673604183191
1031,2.5499999989231656,2.5499999975675247,2.5499999889281222,2.5499999449972899,2.5499997340145604,2.5499987861862348,2.5499948387937632,2.5499796794106762,2.5499261656286381,2.5497528547533777,2.5492384919503706,2.5478403368792129,2.5443596678090854,2.5364198687123598,2.5198046725619356,2.4878430151953612,2.4311521068565152,2.338033342333373,2.195544891368745,1.9907073575087666,1.7102437929297407
1032,2.5499999989015389,2.5499999975219039,2.5499999887410403,2.5499999441625909,2.5499997304069399,2.5499987715581147,2.5499947838916959,2.5499794900216428,2.5499255677092543,2.5497511319873056,2.5492339710603513,2.5478295483070199,2.5443362834816208,2.5363738730060379,2.5197226217219595,2.4877103133397611,2.430957576562832,2.3377750289068007,2.1952347240821992,1.9903720067552226,1.7099204568032678
1033,2.549999998879521,2.5499999974755148,2.5499999885511553,2.5499999433168123,2.5499997267572088,2.5499987567811808,2.5499947285079916,2.5499792992178674,2.5499249660442285,2.5497494003396795,2.5492294314424129,2.5478187249335789,2.5443128429084543,2.536327799956946,2.5196404843275833,2.4875775417738626,2.4307630283822723,2.3375167792051954,2.194924709337974,1.9900368720922865,1.7095973514565617
1034,2.5499999988571034,2.5499999974283476,2.5499999883584294,2.5499999424598303,2.5499997230649609,2.5499987418542207,2.5499946726394045,2.5499791069916777,2.5499243606178235,2.5497476597832311,2.5492248730586473,2.5478078667220614,2.5442893460805203,2.5362816496186591,2.5195582605153168,2.4874447006934983,2.4305684624915984,2.3372585932819807,2.1946148470017843,1.9897019532423375,1.7092744763246197
1035,2.5499999988342825,2.5499999973803886,2.5499999881628272,2.5499999415915169,2.5499997193297861,2.5499987267760154,2.549994616282675,2.5499789133353774,2.5499237514142745,2.5497459102906919,2.5492202958712009,2.5477969736357795,2.5442657929889547,2.5362354220448946,2.5194759504215849,2.4873117902940978,2.4303738790669915,2.3370004711901817,2.1943051369395103,1.9893672499305701,1.7089518308672946
1036,2.5499999988110509,2.5499999973316267,2.5499999879643105,2.5499999407117455,2.5499997155512721,2.5499987115453382,2.549994559434531,2.549978718241249,2.5499231384177947,2.5497441518347839,2.5492156998422719,2.5477860456381869,2.5442421836250957,2.5361891172895152,2.5193935541827228,2.4871788107706818,2.4301792782840455,2.3367424129824275,2.1939955790171943,1.9890327618847725,1.7086294145672278
1037,2.5499999987874009,2.5499999972820508,2.5499999877628432,2.5499999398203896,2.5499997117290056,2.549998696160956,2.5499945020916859,2.5499785217015534,2.54992252161257,2.5497423843882272,2.549211084934111,2.5477750826928758,2.5442185179804824,2.5361427354065271,2.5193110719349785,2.4870457623178672,2.4299846603177699,2.3364844187109539,2.1936861731010393,1.9886984888348112,1.708307226922934
1038,2.5499999987633259,2.5499999972316485,2.5499999875583859,2.5499999389173196,2.5499997078625651,2.5499986806216279,2.5499944442508364,2.5499783237085247,2.5499219009827638,2.5497406079237352,2.5492064511090224,2.5477640847635814,2.5441947960468578,2.5360962764500776,2.5192285038145115,2.4869126451298671,2.4297900253425984,2.3362264884276085,2.1933769190574113,1.9883644305122388,1.7079852674484906
1039,2.5499999987388198,2.5499999971804077,2.5499999873509003,2.5499999380024048,2.5499997039515301,2.5499986649261062,2.5499943859086676,2.5499781242543782,2.5499212765125132,2.5497388224140192,2.5492017983293649,2.547753051814178,2.5441710178161645,2.5360497404744571,2.519145849957392,2.4867794594004895,2.429595373532381,2.3359686221838465,2.1930678167528352,1.9880305866506813,1.7076635356744529
1040,2.5499999987138757,2.5499999971283156,2.5499999871403478,2.5499999370755124,2.5499996999954768,2.5499986490731357,2.5499943270618481,2.5499779233313049,2.5499206481859322,2.5497370278317861,2.5491971265575493,2.5477419838086797,2.5441471832805416,2.5360031275340913,2.5190631104996002,2.4866462053231393,2.4294007050603943,2.3357108200307413,2.1927588660539938,1.9876969569843081,1.7073420311380569
1041,2.5499999986884876,2.5499999970753606,2.5499999869266898,2.5499999361365102,2.5499996959939764,2.5499986330614544,2.5499942677070337,2.5499777209314747,2.5499200159871092,2.5497352241497384,2.5491924357560416,2.5477308807112427,2.544123292432332,2.5359564376835508,2.5189802855770256,2.4865128830908181,2.4292060200993371,2.3354530820189772,2.1924500668277331,1.9873635412489006,1.7070207533910775
1042,2.5499999986626465,2.5499999970215304,2.5499999867098864,2.5499999351852649,2.5499996919465984,2.5499986168897926,2.5499942078408657,2.5499775170470329,2.5499193799001105,2.5497334113405756,2.5491877258873625,2.5477197424861635,2.5440993452640766,2.5359096709775404,2.518897375325464,2.4863794928961269,2.4290113188213378,2.3351954081988637,2.1921414189410586,1.9870303391802542,1.7066997019887253
1043,2.5499999986363466,2.5499999969668115,2.5499999864898983,2.5499999342216415,2.5499996878529081,2.5499986005568736,2.5499941474599699,2.5499773116701037,2.5499187399089767,2.5497315893769925,2.5491829969140851,2.5477085690978782,2.5440753417685125,2.5358628274709041,2.5188143798806228,2.4862460349312632,2.4288166013979531,2.3349377986203264,2.1918329222611428,1.9866973505151728,1.7063788764977958
1044,2.5499999986095805,2.5499999969111906,2.5499999862666836,2.5499999332455028,2.549999683712469,2.5499985840614134,2.5499940865609609,2.5499771047927862,2.5499180959977248,2.5497297582316829,2.5491782487988388,2.5476973605109623,2.5440512819385752,2.5358159072186206,2.5187312993781155,2.4861125093880232,2.4286218680001705,2.3346802533329165,2.1915245766553229,1.986364574990384,1.7060582764893244
1045,2.5499999985823409,2.5499999968546549,2.5499999860402021,2.549999932256712,2.5499996795248405,2.5499985674021204,2.5499940251404349,2.5499768964071605,2.5499174481503482,2.5497279178773358,2.5491734815043068,2.5476861166901319,2.5440271657673974,2.535768910275805,2.5186481339534628,2.4859789164578054,2.4284271187984103,2.3344227723858109,2.1912163819911101,1.9860320123430573,1.7057379015425789
1046,2.5499999985546205,2.5499999967971925,2.5499999858104121,2.5499999312551291,2.5499996752895808,2.5499985505776963,2.5499939631949764,2.5499766865052833,2.5499167963508169,2.5497260682866401,2.5491686949932268,2.547674837600244,2.5440029932483088,2.5357218366977059,2.5185648837420898,2.4858452563316087,2.4282323539625259,2.3341653558278144,2.190908338136186,1.9856996623103571,1.7054177512423188
1047,2.549999998526411,2.5499999967387885,2.5499999855772728,2.5499999302406153,2.5499996710062418,2.5499985335868347,2.5499939007211538,2.549976475079188,2.5499161405830773,2.5497242094322794,2.5491638892283941,2.5476635232062939,2.5439787643748315,2.5356746865397017,2.5184815488793286,2.4857115292000316,2.4280375736618178,2.3339080037073674,2.1906004449584344,1.9853675246292266,1.7050978251774684
1048,2.5499999984977055,2.5499999966794298,2.5499999853407416,2.5499999292130298,2.5499996666743732,2.549998516428222,2.5499938377155225,2.5499762621208859,2.5499154808310514,2.5497223412869356,2.5491590641726551,2.5476521734734181,2.5439544791406865,2.535627459857309,2.5183981295004179,2.485577735253274,2.4278427780650116,2.3336507160725328,2.1902927023258973,1.9850355990370248,1.704778122944556
1049,2.549999998468496,2.5499999966191025,2.5499999851007762,2.5499999281722299,2.5499996622935224,2.5499984991005369,2.5499937741746219,2.5499760476223656,2.5499148170786374,2.549720463823288,2.5491542197889148,2.5476407883668926,2.5439301375397911,2.5355801567061778,2.5183146257405031,2.4854438746811356,2.42764796734027,2.3333934929710005,2.1899851101067953,1.9847038852712495,1.7044586441460738
1050,2.5499999984387749,2.5499999965577933,2.5499999848573323,2.5499999271180713,2.5499996578632333,2.5499984816024521,2.549993710094979,2.5499758315755932,2.5499141493097133,2.5497185770140174,2.5491493560401337,2.5476293678521311,2.5439057395662483,2.535532777142075,2.5182310377346249,2.4853099476730272,2.427453141655223,2.3331363344501277,2.1896776681696069,1.9843723830681503,1.7041393883821423
1051,2.5499999984085342,2.549999996495488,2.5499999846103667,2.5499999260504094,2.5499996533830469,2.5499984639326319,2.5499936454731054,2.5499756139725136,2.54991347750813,2.5497166808317981,2.5491444728893269,2.5476179118946907,2.543881285214364,2.5354853212209161,2.5181473656177391,2.4851759544179517,2.4272583011769111,2.3328792405568692,2.1893703763829242,1.9840410921651364,1.7038203552653932
1052,2.5499999983777655,2.5499999964321725,2.549999984359836,2.5499999249690979,2.5499996488524994,2.5499984460897327,2.5499935803054981,2.5499753948050472,2.5499128016577184,2.5497147752493059,2.5491395702995656,2.5476064204602644,2.5438567744786331,2.5354377889987338,2.5180636095246989,2.4850418951045228,2.4270634460718385,2.3326222113378425,2.1890632346155883,1.9837100122987947,1.7035015444078647
1053,2.5499999983464612,2.5499999963678319,2.5499999841056962,2.5499999238739894,2.549999644271125,2.5499984280724046,2.549993514588639,2.5499751740650951,2.549912121742286,2.5497128602392167,2.5491346482339803,2.5475948935146859,2.5438322073537387,2.5353901805316861,2.5179797695902568,2.484907769920961,2.4268685765059694,2.3323652468393181,2.1887562427366709,1.9833791432051733,1.7031829554226539
1054,2.5499999983146129,2.5499999963024518,2.5499999838479019,2.5499999227649353,2.5499996396384543,2.5499984098792887,2.5499934483189977,2.549974951744534,2.5499114377456156,2.5497109357742014,2.5491297066557537,2.5475833310239295,2.5438075838345648,2.5353424958760704,2.5178958459490755,2.4847735790550831,2.4266736926446848,2.3321083471071771,2.1884494006153847,1.9830484846208134,1.7028645879320468
1055,2.5499999982822121,2.5499999962360178,2.5499999835864076,2.5499999216417852,2.5499996349540144,2.5499983915090203,2.5499933814930258,2.5499747278352194,2.549910749651469,2.5497090018269333,2.5491247455281276,2.5475717329541054,2.5437829039161741,2.5352947350882928,2.5178118387357102,2.4846393226943246,2.4264787946528545,2.3318515121869856,2.1881427081212346,1.9827180362815633,1.7025464415557119
1056,2.5499999982492501,2.5499999961685145,2.5499999833211677,2.549999920504388,2.54999963021733,2.5499983729602254,2.5499933141071631,2.5499745023289835,2.5499100574435851,2.5497070583700823,2.5491197648143991,2.547560099271466,2.5437581675938294,2.5352468982248966,2.5177277480846225,2.484505001025719,2.4262838826947792,2.3315947421239347,2.1878361651238953,1.9823877979232329,1.702228515919241
1057,2.5499999982157187,2.5499999960999276,2.5499999830521358,2.5499999193525906,2.5499996254279216,2.5499983542315232,2.5499932461578338,2.5499742752176378,2.54990936110568,2.5497051053763187,2.5491147644779231,2.5475484299424012,2.543733374862982,2.5351989853425492,2.5176435741301759,2.4843706142359059,2.4260889569342101,2.3313380369628596,2.1875297714932529,1.9820577692814816,1.7019108106515433
1058,2.5499999981816086,2.5499999960302406,2.5499999827792652,2.5499999181862401,2.5499996205853064,2.5499983353215261,2.5499931776414488,2.5499740464929701,2.5499086606214489,2.5497031428183168,2.5491097444821134,2.5475367249334391,2.5437085257192642,2.5351509964980292,2.5175593170066253,2.484236162511142,2.4258940175343882,2.3310813967482824,2.1872235270994675,1.9817279500919169,1.7015933253813242
1059,2.5499999981469119,2.5499999959594386,2.5499999825025093,2.5499999170051812,2.5499996156889986,2.5499983162288378,2.5499931085544034,2.5499738161467467,2.5499079559745632,2.5497011706687456,2.5491047047904378,2.5475249842112486,2.5436836201585091,2.5351029317482525,2.5174749768481353,2.4841016460372813,2.4256990646579748,2.330824821524339,2.1869174318128644,1.9813983400898061,1.7012760597430265
1060,2.5499999981116193,2.5499999958875059,2.5499999822218196,2.5499999158092574,2.5499996107385088,2.5499982969520549,2.5499930388930787,2.5499735841707118,2.5499072471486723,2.5496991889002767,2.5490996453664243,2.5475132077426355,2.5436586581767293,2.5350547911502477,2.5173905537887631,2.4839670649997942,2.425504098467115,2.3305683113348445,2.1866114855040149,1.9810689390104901,1.7009590133718735
1061,2.5499999980757213,2.549999995814427,2.5499999819371477,2.5499999145983101,2.5499996057333441,2.5499982774897658,2.5499929686538398,2.5499733505565882,2.549906534127405,2.5496971974855827,2.5490945661736579,2.5475013954945438,2.5436336397701229,2.5350065747611592,2.5173060479624616,2.4838324195837633,2.4253091191234226,2.3303118662232789,2.1863056880437193,1.9807397465892755,1.7006421859051051
1062,2.5499999980392092,2.549999995740186,2.5499999816484458,2.5499999133721802,2.5499996006730079,2.5499982578405525,2.5499928978330395,2.5499731152960763,2.5499058168943654,2.5496951963973329,2.5490894671757807,2.5474895474340582,2.5436085649350857,2.5349582826382679,2.5172214595030926,2.4836977099738706,2.4251141267879435,2.3300554862327472,2.1860000393029786,1.9804107625610807,1.7003255769842547
1063,2.5499999980020736,2.5499999956647663,2.549999981355664,2.5499999121307075,2.5499995955570007,2.549998238002988,2.5499928264270144,2.5499728783808533,2.5499050954331381,2.5496931856082021,2.5490843483364927,2.5474776635284004,2.5435834336681915,2.5349099148389596,2.5171367885444056,2.4835629363544176,2.424919121621218,2.3297991714060471,2.1856945391530243,1.9800819866610304,1.7000091862513242
1064,2.5499999979643051,2.5499999955881512,2.5499999810587526,2.5499999108737303,2.5499995903848203,2.549998217975638,2.5499927544320866,2.5499726398025766,2.5499043697272876,2.5496911650908651,2.5490792096195545,2.5474657437449291,2.5435582459661967,2.5348614714207329,2.5170520352200469,2.4834280989093216,2.4247241037832636,2.3295429217856469,2.1853891874653115,1.979753418624286,1.6996930133498727
1065,2.5499999979258945,2.5499999955103245,2.5499999807576623,2.5499999096010852,2.5499995851559598,2.5499981977570614,2.5499926818445644,2.5499723995528805,2.5499036397603536,2.5496891348179953,2.5490740509887813,2.5474537880511439,2.5435330018260554,2.5348129524412242,2.516967199663569,2.4832931978220976,2.4245290734335274,2.3292867374136401,2.1850839841115106,1.9794250581856168,1.6993770579277714
1066,2.5499999978868315,2.5499999954312691,2.5499999804523421,2.5499999083126079,2.5499995798699095,2.5499981773458078,2.5499926086607414,2.5499721576233769,2.5499029055158551,2.5496870947622692,2.549068872408049,2.5474417964146805,2.5435077012448954,2.5347643579581689,2.5168822820084107,2.4831582332758853,2.4243340307309609,2.3290306183318212,2.1847789289635036,1.9790969050800955,1.6990613196330073
1067,2.5499999978471068,2.5499999953509689,2.5499999801427404,2.5499999070081314,2.5499995745261557,2.5499981567404202,2.5499925348768953,2.5499719140056567,2.5499021669772919,2.5496850448963664,2.5490636738412937,2.5474297688033118,2.5434823442200267,2.5347156880294137,2.5167972823879046,2.4830232054534411,2.4241389758339982,2.3287745645816629,2.1844740218933842,1.9787689590429003,1.6987457981148708
1068,2.5499999978067103,2.5499999952694057,2.5499999798288053,2.5499999056874882,2.5499995691241808,2.5499981359394335,2.5499924604892903,2.5499716686912888,2.5499014241281399,2.5496829851929643,2.5490584552525068,2.5474177051849511,2.5434569307489547,2.5346669427129398,2.5167122009352894,2.4828881145371215,2.4239439089005081,2.3285185762042677,2.1841692627734801,1.9784412198088404,1.6984304930265388
1069,2.5499999977656316,2.5499999951865622,2.5499999795104853,2.5499999043505106,2.5499995636634654,2.5499981149413746,2.5499923854941757,2.5499714216718199,2.5499006769518551,2.5496809156247462,2.549053216605742,2.5474056055276466,2.5434314608293569,2.5346181220668256,2.5166270377836897,2.4827529607089089,2.4237488300878689,2.3282626532404453,2.1838646514763029,1.9781136871131113,1.6981154040214552
1070,2.5499999977238614,2.5499999951024215,2.549999979187727,2.5499999029970279,2.5499995581434844,2.5499980937447631,2.5499923098877866,2.5499711729387746,2.5498999254318742,2.5496788361643983,2.5490479578651115,2.547393469799585,2.5434059344590905,2.5345692261492583,2.5165417930661214,2.4826177441504047,2.4235537395529483,2.32800679573069,2.1835601878745634,1.9777863606910826,1.6978005307543518
1071,2.5499999976813896,2.5499999950169654,2.5499999788604772,2.5499999016268693,2.5499995525637118,2.5499980723481102,2.5499922336663423,2.5499709224836562,2.5498991695516096,2.5496767467846047,2.5490426789947849,2.5473812979690917,2.5433803516362072,2.5345202550185557,2.5164564669155047,2.4824824650428123,2.4233586374520533,2.3277510037151319,2.1832558718412205,1.9774592402777922,1.6974858728831184
1072,2.5499999976382051,2.5499999949301757,2.5499999785286827,2.5499999002398606,2.5499995469236159,2.5499980507499189,2.5499921568260486,2.5499706702979466,2.5498984092944559,2.5496746474580556,2.5490373799589934,2.5473690900046275,2.5433547123589295,2.5344712087331311,2.5163710594646447,2.4823471235669623,2.4231635239410054,2.3274952772336115,2.1829517032493926,1.9771323256087252,1.6971714300662215
1073,2.5499999975942971,2.5499999948420347,2.5499999781922895,2.5499998988358281,2.5499995412226624,2.5499980289486857,2.5499920793630957,2.5499704163731063,2.5498976446437869,2.5496725381574445,2.5490320607220283,2.5473568458747904,2.5433290166256586,2.5344220873515044,2.5162855708462373,2.4822117199033067,2.4229683991751201,2.3272396163256617,2.1826476819723832,1.9768056164195942,1.6968572019634316
1074,2.5499999975496546,2.5499999947525231,2.5499999778512423,2.5499998974145952,2.5499995354603131,2.5499980069428982,2.5499920012736594,2.5499701607005729,2.5498968755829541,2.5496704188554644,2.5490267212482376,2.5473445655483182,2.5433032644349871,2.5343728909323229,2.5162000011928805,2.4820762542319015,2.4227732633091592,2.3269840210304551,2.18234380788375,1.9764791124458461,1.6965431882371089
1075,2.5499999975042673,2.5499999946616225,2.549999977505486,2.5499998959759855,2.5499995296360258,2.5499979847310366,2.5499919225539007,2.549969903271764,2.5498961020952899,2.5496682895248139,2.5490213615020321,2.5473322489940831,2.5432774557856757,2.5343236195343271,2.5161143506370562,2.4819407267324323,2.4225781164974038,2.3267284913868829,2.1820400808571896,1.9761528134234032,1.6962293885503357
1076,2.5499999974581251,2.5499999945693146,2.5499999771549637,2.5499998945198197,2.5499995237492552,2.5499979623115716,2.5499918431999653,2.5499696440780744,2.5498953241641069,2.5496661501381972,2.5490159814478837,2.5473198961810932,2.5432515906766628,2.5342742732163619,2.5160286193111356,2.4818051375842085,2.4223829588936323,2.3264730274335319,2.1817365007665721,1.9758267190884531,1.6959158025674455
1077,2.549999997411216,2.5499999944755798,2.5499999767996191,2.5499998930459173,2.5499995177994523,2.5499979396829677,2.5499917632079852,2.5499693831108776,2.5498945417726953,2.5496640006683164,2.5490105810503212,2.5473075070784961,2.543225669107076,2.5342248520373958,2.5159428073473911,2.4816694869661444,2.4221877906510767,2.3262176292086361,2.1814330674860192,1.975500829177004,1.6956024299550658
1078,2.5499999973635292,2.549999994380399,2.5499999764393952,2.5499998915540973,2.5499995117860643,2.5499979168436817,2.5499916825740772,2.549969120361526,2.549893754904327,2.5496618410878811,2.5490051602739356,2.5472950816555748,2.543199691076214,2.534175356056493,2.5158569148779777,2.4815337750567839,2.4219926119224877,2.3259622967501468,2.1811297808897878,1.9751751434255023,1.6952892703806512
1079,2.5499999973150529,2.5499999942837532,2.5499999760742353,2.5499998900441754,2.5499995057085361,2.5499978937921619,2.5499916012943435,2.5499688558213496,2.5498929635422565,2.5496596713696058,2.5489997190833802,2.5472826198817478,2.5431736565835479,2.5341257853328156,2.5157709420349397,2.4813980020342954,2.4217974228601227,2.3257070300957232,2.1808266408522901,1.9748496615707209,1.694976323512744
1080,2.5499999972657759,2.549999994185622,2.5499999757040812,2.5499998885159676,2.5499994995663076,2.5499978705268482,2.5499915193648723,2.5499685894816579,2.5498921676697148,2.5496574914862054,2.5489942574433657,2.5472701217265707,2.5431475656287352,2.5340761399256455,2.5156848889502164,2.4812621680764599,2.4216022236157055,2.3254518292826836,2.1805236472481688,1.9745243833494079,1.6946635890218349
1081,2.5499999972156857,2.5499999940859861,2.5499999753288733,2.5499998869692888,2.5499994933588126,2.5499978470461691,2.5499914367817262,2.5499683213337168,2.549891367269856,2.5496553014102776,2.5489887753184135,2.5472575871592906,2.543121418210911,2.5340264198934497,2.5155987557546684,2.4811262733599682,2.4214070143403776,2.3251966943488758,2.1802207999539522,1.9741993085012326,1.6943510231960852
1082,2.5499999971647722,2.5499999939848235,2.5499999749485527,2.5499998854039498,2.5499994870854876,2.5499978233485541,2.5499913535409804,2.549968051368837,2.5498905623259893,2.5496531011148003,2.5489832726738637,2.5472450161506264,2.5430952143314545,2.5339766252975182,2.5155125425819396,2.4809903180633062,2.4212117951850987,2.3249416253294219,2.1799180988410454,1.9738744367586563,1.6940386334556734
1083,2.5499999971130216,2.5499999938821158,2.5499999745630602,2.5499998838197624,2.5499994807457589,2.549997799432417,2.5499912696386686,2.5499677795782407,2.5498897528212288,2.5496508905723787,2.5489777494743593,2.5472324086700939,2.543068953989851,2.5339267561965189,2.5154262495626605,2.4808543023623959,2.4210165662999983,2.3246866222615612,2.1796155437863374,1.9735497678617935,1.6937264320969125
1084,2.5499999970604224,2.5499999937778419,2.5499999741723354,2.5499998822165355,2.5499994743390531,2.5499977752961658,2.5499911850708199,2.5499675059531528,2.5498889387387313,2.549648669755749,2.5489722056848567,2.5472197646877941,2.543042637186455,2.5338768126501381,2.5153398768283282,2.4807182264335261,2.4208213278348234,2.3244316851814242,2.1793131346650951,1.9732253015485548,1.6934144232895381
1085,2.5499999970069638,2.5499999936719804,2.5499999737763153,2.5499998805940765,2.5499994678647893,2.5499977509381999,2.5499910998334485,2.5499672304847762,2.549888120061631,2.5496464386376525,2.548966641270376,2.5472070841739618,2.543016263921789,2.5338267947181579,2.515253424510318,2.4805820904526037,2.4206260799388297,2.3241768141248533,2.1790108713527481,1.9729010375571252,1.6931026093202384
1086,2.5499999969526308,2.5499999935645099,2.5499999733749394,2.5499998789521925,2.5499994613223893,2.5499977263569109,2.5499910139225515,2.549966953164291,2.5498872967730444,2.5496441971908341,2.5489610561959957,2.5471943670989656,2.5429898341965491,2.5337767024604543,2.5151668927398974,2.4804458945951651,2.4204308227607774,2.3239220091273882,2.1787087537248793,1.9725769756258258,1.6927909916062263
1087,2.5499999968974132,2.5499999934554101,2.549999972968148,2.5499998772906873,2.5499994547112634,2.5499977015506823,2.5499909273341128,2.5499666739828579,2.5498864688560667,2.5496419453880468,2.5489554504268588,2.5471816134333136,2.5429633480116052,2.53372653593701,2.5150802816482174,2.4803096390363653,2.42023555644893,2.3236672702242789,2.1784067816572228,1.972253115492711,1.6924795711079732
1088,2.5499999968412967,2.5499999933446595,2.5499999725558751,2.5499998756093656,2.5499994480308237,2.5499976765178896,2.5499908400641029,2.5499663929316161,2.5498856362937783,2.5496396832020496,2.5489498239281683,2.5471688231476453,2.5429368053679999,2.5336762952078984,2.5149935913663168,2.4801733239509933,2.4200402811510675,2.3234125974504845,2.178104955025665,1.9719294568946,1.6921683485157499
1089,2.5499999967842686,2.5499999932322335,2.5499999721380586,2.5499998739080256,2.5499994412804767,2.5499976512569016,2.5499907521084721,2.5499661100016824,2.5498847990692375,2.5496374106056043,2.5489441766651901,2.547155996212739,2.5429102062669453,2.5336259803332934,2.5149068220251176,2.4800369495134631,2.419844997014482,2.3231579908406732,2.1778032737062332,1.9716059995659727,1.6918573243108295
1090,2.5499999967263185,2.5499999931181141,2.5499999717146338,2.5499998721864712,2.549999434459624,2.5499976257660739,2.5499906634631628,2.5499658251841546,2.5498839571654877,2.5496351275714799,2.5489385086032526,2.5471431325995031,2.5428835507098211,2.5335755913734643,2.5148199737554333,2.4799005158978198,2.4196497041859799,2.322903450429227,2.1775017375751,1.9712827432379139,1.691546498831894
1091,2.5499999966674292,2.5499999930022756,2.549999971285537,2.5499998704444984,2.5499994275676654,2.5499976000437607,2.5499905741240982,2.5499655384701092,2.5498831105655477,2.5496328340724546,2.5489328197077481,2.5471302322789842,2.5428568386981829,2.5335251283887747,2.5147330466879572,2.4797640232777347,2.4194544028118812,2.3226489762502402,2.1772003465085801,1.9709596876371944,1.6912358723212548
1092,2.5499999966075895,2.5499999928846981,2.5499999708507031,2.5499998686819061,2.5499994206039935,2.5499975740883025,2.5499904840871883,2.5499652498505996,2.5498822592524233,2.5496305300813091,2.5489271099441271,2.5471172952223644,2.5428300702337507,2.5334745914396817,2.5146460409532696,2.4796274718265137,2.419259093038026,2.3223945683375256,2.1768991003831228,1.9706368324858303,1.6909254449478333
1093,2.5499999965467857,2.5499999927653567,2.5499999704100658,2.5499998668984873,2.5499994135680022,2.5499975478980348,2.5499903933483279,2.54996495931666,2.5498814032091022,2.5496282155708334,2.5489213792779064,2.5471043214009561,2.5428032453184173,2.5334239805867398,2.5145589566818352,2.4794908617170877,2.419063775009771,2.3221402267246103,2.1765979990753164,1.9703141775011523,1.6906152168193933
1094,2.5499999964850035,2.5499999926442292,2.5499999699635585,2.5499998650940374,2.5499994064590776,2.5499975214712829,2.5499903019033963,2.5499646668593035,2.54988054241855,2.5496258905138229,2.5489156276746643,2.5470913107862105,2.5427763639542396,2.5333732958905917,2.5144717940040029,2.4793541931220235,2.4188684488719985,2.321885951444743,2.1762970424618788,1.9699917223963228,1.6903051879956799
1095,2.5499999964222293,2.5499999925212911,2.5499999695111146,2.5499998632683476,2.5499993992766035,2.5499974948063655,2.5499902097482581,2.5499643724695225,2.549879676863716,2.5496235548830808,2.5489098551000415,2.5470782633497113,2.5427494261434451,2.5333225374119746,2.5143845530500051,2.4792174662135174,2.418673114769109,2.3216317425308901,2.1759962304196616,1.9696694668804409,1.6899953584886283
1096,2.5499999963584505,2.5499999923965215,2.5499999690526667,2.5499998614212078,2.5499993920199575,2.5499974679015907,2.5499901168787651,2.5499640761382878,2.5498788065275337,2.5496212086514176,2.5489040615197416,2.5470651790631735,2.5427224318884276,2.5332717052117162,2.5142972339499563,2.4790806811633979,2.4184777728450282,2.3213776000157411,2.1756955628256427,1.9693474106593931,1.6896857282805118
1097,2.5499999962936521,2.5499999922698944,2.5499999685881458,2.5499998595524076,2.5499993846885167,2.549997440755261,2.5499900232907495,2.5499637778565494,2.549877931392917,2.5496188517916503,2.5488982468995323,2.5470520578984508,2.5426953811917485,2.5332207993507363,2.5142098368338566,2.4789438381431297,2.4182824232432085,2.3211235239317092,2.175395039556923,1.9690255534367282,1.6893762973307651
1098,2.5499999962278186,2.5499999921413852,2.5499999681174836,2.5499998576617346,2.5499993772816523,2.5499974133656695,2.549989928980033,2.5499634776152376,2.5498770514427616,2.5496164842766036,2.5488924112052445,2.5470388998275282,2.5426682740561328,2.5331698198900425,2.5141223618315873,2.4788069373238089,2.4180870661066294,2.3208695143109317,2.1750946604907289,1.9687038949135656,1.6890670655703957
1099,2.5499999961609361,2.5499999920109717,2.54999996764061,2.549999855748974,2.5499993697987322,2.5499973857311002,2.5499898339424218,2.5499631754052605,2.5498761666599461,2.5496141060791113,2.548886554402773,2.5470257048225249,2.5426411104844728,2.5331187668907313,2.5140348090729119,2.4786699788761655,2.4178917015777999,2.3206155711852716,2.1747944255044027,1.9683824347899082,1.6887580329158405
1100,2.54999999609299,2.5499999918786274,2.5499999671574543,2.5499998538139086,2.5499993622391193,2.5499973578498301,2.5499897381737062,2.5499628712175069,2.5498752770273336,2.5496117171720134,2.5488806764580727,2.5470124728556924,2.5426138904798243,2.5330676404139876,2.5139471786874767,2.4785329629705668,2.4176963297987606,2.3203616945863224,2.1744943344753924,1.9680611727651578,1.6884491992655759
1101,2.5499999960239657,2.5499999917443281,2.5499999666679467,2.5499998518563216,2.5499993546021735,2.5499973297201262,2.5499896416696615,2.5499625650428439,2.5498743825277681,2.5496093175281591,2.5488747773371654,2.546999203899416,2.5425866140454088,2.5330164405210849,2.513859470804809,2.4783958897770155,2.4175009509110845,2.3201078845454068,2.1741943872812506,1.9677401085384216,1.6881405645034175
1102,2.5499999959538484,2.5499999916080478,2.5499999661720159,2.5499998498759937,2.5499993468872506,2.5499973013402473,2.5499895444260479,2.5499622568721185,2.5498734831440748,2.5496069071204057,2.5488688570061364,2.5469858979262154,2.5425592811846109,2.5329651672733822,2.5137716855543171,2.4782587594651515,2.417305565055877,2.3198541410935762,2.1738945837996364,1.967419241808225,1.6878321284971221
1103,2.5499999958826232,2.5499999914697615,2.5499999656695893,2.5499998478727028,2.5499993390937021,2.5499972727084446,2.549989446438611,2.5499619466961572,2.5498725788590648,2.5496044859216185,2.5488629154311346,2.5469725549087419,2.5425318919009778,2.5329138207323254,2.5136838230652905,2.4781215722042513,2.4171101723737811,2.3196004642616148,2.1735949239082855,1.9670985722740051,1.6875238911058683
1104,2.5499999958102739,2.5499999913294449,2.5499999651605929,2.5499998458462261,2.5499993312208757,2.5499972438229626,2.5499893477030824,2.5499616345057672,2.5498716696555306,2.549602053904672,2.548856952578372,2.5469591748197797,2.5425044461982211,2.5328624009594445,2.5135958834668997,2.477984328163227,2.4169147730049754,2.3193468540800382,2.1732954074850279,1.9667780996353972,1.6872158521763918
1105,2.5499999957367852,2.5499999911870708,2.5499999646449538,2.5499998437963387,2.549999323268116,2.5499972146820338,2.5499892482151778,2.5499613202917328,2.5498707555162494,2.5495996110424497,2.5488509684141256,2.5469457576322467,2.5424769440802124,2.5328109080163546,2.5135078668881952,2.477847027510633,2.4167193670891791,2.3190933105790994,2.1729960344077486,1.9664578235933541,1.6869080115487793
1106,2.5499999956621404,2.5499999910426125,2.5499999641225983,2.5499998417228165,2.549999315234762,2.5499971852838841,2.5499891479705985,2.5499610040448184,2.5498698364239805,2.549597157307844,2.5488449629047349,2.5469323033191928,2.5424493855509853,2.5327593419647552,2.5134197734581081,2.4777096704146597,2.4165239547656516,2.3188398337887879,2.172696804554402,1.9661377438498733,1.6866003690549694
1107,2.5499999955863242,2.5499999908960436,2.5499999635934514,2.5499998396254302,2.549999307120149,2.5499971556267309,2.5499890469650306,2.5499606857557686,2.5498689123614673,2.549594692673756,2.5488389360166059,2.5469188118537995,2.5424217706147352,2.5327077028664275,2.5133316033054487,2.47757225704314,2.4163285361731948,2.3185864237388292,2.1723977178029767,1.9658178601083014,1.6862929245201801
1108,2.5499999955093204,2.5499999907473372,2.5499999630574384,2.5499998375039494,2.5499992989236078,2.5499971257087828,2.5499889451941442,2.5499603654153087,2.5498679833114348,2.5495922171130965,2.548832887716209,2.5469052832093819,2.5423940992758176,2.5326559907832356,2.5132433565589052,2.477434787563547,2.416133111450153,2.3183330804586868,2.172098774031503,1.9654981720735305,1.6859856777639524
1109,2.5499999954311132,2.5499999905964659,2.549999962514482,2.5499998353581428,2.5499992906444655,2.5499970955282398,2.5499888426535966,2.5499600430141416,2.5498670492565938,2.549589730598786,2.5488268179700779,2.5468917173593857,2.5423663715387468,2.532604205777123,2.5131550333470467,2.4772972621429936,2.4159376807344173,2.3180798039775659,2.1717999731180271,1.9651786794518409,1.6856786285996597
1110,2.5499999953516865,2.5499999904434039,2.5499999619645055,2.5499998331877776,2.5499992822820476,2.5499970650832942,2.5499887393390295,2.5499597185429512,2.549866110179638,2.5495872331037539,2.5488207267448111,2.5468781142773911,2.5423385874081981,2.5325523479101171,2.5130666337983216,2.4771596809482359,2.4157422441634275,2.317826594324413,2.1715013149406097,1.9648593819512135,1.68537177683586
1111,2.5499999952710226,2.5499999902881219,2.5499999614074307,2.5499998309926184,2.5499992738356716,2.5499970343721285,2.5499886352460686,2.5499593919924006,2.5498651660632459,2.5495847246009413,2.5488146140070729,2.5468644739371067,2.5423107468890023,2.5325004172443215,2.5129781580410535,2.4770220441456736,2.4155468018741733,2.3175734515279185,2.1712027993772804,1.9645402792812658,1.685065122277396
1112,2.5499999951891046,2.5499999901305919,2.5499999608431798,2.5499998287724295,2.5499992653046526,2.5499970033929178,2.5499885303703254,2.5499590633531337,2.5498642168900787,2.5495822050632984,2.5488084797235917,2.546850796312373,2.5422828499861509,2.5324484138419225,2.5128896062034456,2.4768843519013481,2.4153513540031915,2.3173203756165126,2.1709044263060928,1.9642213711531649,1.6847586647235355
1113,2.5499999951059147,2.5499999899707859,2.5499999602716734,2.5499998265269723,2.5499992566883019,2.5499969721438278,2.5499884247073967,2.5499587326157731,2.5498632626427824,2.549579674463784,2.5488023238611599,2.5468370813771637,2.542254896704796,2.5323963377651881,2.5128009784135821,2.4767466043809407,2.4151559006865622,2.3170673666183652,2.1706061956051359,1.9639026572794884,1.6844524039672777
1114,2.5499999950214369,2.5499999898086751,2.549999959692832,2.5499998242560049,2.5499992479859253,2.5499969406230156,2.549988318252864,2.5499583997709219,2.5498623033039869,2.5495771327753705,2.5487961463866382,2.546823329105584,2.542226887050238,2.5323441890764524,2.5127122747994184,2.4766088017497889,2.4149604420599426,2.3168144245614104,2.1703081071523007,1.9635841373752121,1.6841463398056737
1115,2.549999994935654,2.5499999896442311,2.5499999591065756,2.5499998219592865,2.549999239196826,2.5499969088286294,2.5499882110022938,2.5499580648091631,2.5498613388563069,2.5495745799710381,2.5487899472669495,2.5468095394718691,2.5421988210279434,2.5322919678381397,2.512623495488794,2.4764709441728616,2.4147649782585159,2.3165615494733065,2.1700101608256377,1.9632658111562855,1.6838404720240512
1116,2.5499999948485486,2.5499999894774241,2.5499999585128235,2.5499998196365725,2.5499992303203025,2.5499968767588101,2.5499881029512377,2.5499577277210594,2.5498603692823405,2.5495720160237787,2.548783726469082,2.5467957124503866,2.5421706986435306,2.5322396741127471,2.5125346406094216,2.47633303181478,2.4145695094170354,2.3163087413814698,2.1697123565030667,1.9629476783406492,1.6835348004087505
1117,2.5499999947601006,2.5499999893082248,2.549999957911492,2.5499998172876182,2.5499992213556482,2.5499968444116896,2.5499879940952326,2.5499573884971536,2.5498593945646726,2.5495694409065965,2.5487774839600918,2.5467818480156303,2.5421425199027707,2.5321873079628392,2.5124457102888886,2.4761950648398159,2.4143740356698249,2.3160560003130737,2.1694146940623846,1.9626297386481351,1.6832293247467995
1118,2.5499999946702934,2.549999989136603,2.5499999573024992,2.5499998149121761,2.5499992123021533,2.5499968117853911,2.5499878844298003,2.5499570471279682,2.54985841468587,2.5495668545925039,2.5487712197070973,2.5467679461422299,2.5421142848115967,2.5321348694510699,2.5123567046546635,2.476057043411878,2.4141785571507399,2.3158033262950224,2.1691171733814785,1.9623119917999878,1.6829240448165741
1119,2.5499999945791081,2.5499999889625284,2.5499999566857618,2.5499998125099959,2.5499992031591034,2.5499967788780276,2.5499877739504475,2.5499567036040074,2.5498574296284868,2.549564257054528,2.5487649336772855,2.5467540068049419,2.5420859933760878,2.5320823586401535,2.5122676238340862,2.4759189676945348,2.4139830739932253,2.3155507193539906,2.1688197943380478,1.9619944375191032,1.6826189603998731
1120,2.5499999944865257,2.5499999887859714,2.5499999560611966,2.549999810080827,2.5499991939257804,2.5499967456877055,2.5499876626526667,2.5499563579157543,2.5498564393750609,2.5495616482657057,2.548758625837908,2.5467400299786562,2.5420576456024802,2.5320297755928856,2.5121784679543753,2.4757808378509969,2.4137875863302738,2.3152981795163945,2.1685225568097835,1.961677075530107,1.6823140712741895
1121,2.5499999943925284,2.5499999886069,2.5499999554287185,2.5499998076244164,2.5499991846014618,2.5499967122125211,2.5499875505319345,2.5499560100536716,2.5498554439081147,2.5495590281990848,2.5487522961562807,2.5467260156383915,2.5420292414971675,2.5319771203721366,2.5120892371426247,2.4756426540441208,2.4135920942944344,2.3150457068083981,2.1682254606743352,1.9613599055592583,1.6820093772141609
1122,2.5499999942970972,2.5499999884252844,2.5499999547882406,2.5499998051405086,2.5499991751854187,2.5499966784505621,2.5499874375837126,2.5499556600082038,2.5498544432101578,2.5495563968277271,2.5487459445997884,2.5467119637592934,2.5420007810666863,2.5319243930408386,2.5119999315258004,2.4755044164364244,2.4133965980178509,2.3147933012559361,2.1679285058092157,1.9610429273338852,1.6817048779961608
1123,2.5499999942002129,2.5499999882410922,2.5499999541396772,2.549999802628848,2.5499991656769203,2.5499966443999083,2.5499873238034492,2.5499553077697739,2.5498534372636823,2.5495537541247035,2.5487395711358798,2.5466978743166422,2.5419722643177365,2.5318715936620091,2.5119105512307485,2.4753661251900629,2.4132010976322005,2.3145409628846791,2.1676316920919372,1.960726140583434,1.6814005733915345
1124,2.5499999941018565,2.5499999880542923,2.5499999534829416,2.5499998000891755,2.5499991560752311,2.5499966100586295,2.5499872091865754,2.5499549533287871,2.5498524260511677,2.5495511000630988,2.5487331757320701,2.5466837472858441,2.541943691257162,2.531818722298727,2.5118210963841854,2.4752277804668514,2.4130055932687497,2.3142886917200611,2.1673350193999221,1.9604095450384185,1.6810964631720722
1125,2.5499999940020079,2.5499999878648518,2.5499999528179451,2.5499997975212301,2.5499991463796112,2.5499965754247884,2.5499870937285083,2.5499545966756285,2.5498514095550791,2.5495484346160109,2.5487267583559419,2.5466695826424353,2.5419150618919568,2.5317657790141386,2.5117315671127027,2.4750893824282589,2.4128100850583416,2.3140364877872748,2.1670384876105251,1.9600931404306523,1.6807925471087908
1126,2.5499999939006468,2.5499999876727393,2.5499999521446002,2.5499997949247502,2.5499991365893169,2.5499965404964375,2.5499869774246502,2.5499542378006628,2.549850387757866,2.549545757756547,2.5487203189751417,2.5466553803620831,2.5418863762292747,2.5317127638714729,2.5116419635427691,2.4749509312353952,2.4126145731313615,2.3137843511112561,2.1667420966010451,1.9597769264939622,1.6804888249692096
1127,2.5499999937977531,2.5499999874779209,2.5499999514628167,2.5499997922994706,2.5499991267035984,2.5499965052716216,2.5499868602703883,2.5499538766942358,2.5498493606419643,2.54954306945783,2.548713857557384,2.546641140420582,2.5418576342764112,2.5316596769340181,2.5115522858007249,2.4748124270490326,2.4124190576177917,2.3135322817167072,2.1664458462487248,1.9594609029630603,1.6801852965216391
1128,2.5499999936933073,2.5499999872803638,2.5499999507725044,2.5499997896451263,2.5499991167217022,2.5499964697483755,2.5499867422610958,2.5499535133466735,2.549848328189797,2.5495403696929957,2.5487073740704509,2.5466268627938549,2.5418288360408097,2.5316065182651259,2.5114625340127814,2.4746738700296014,2.4122235386471953,2.313280279628092,2.1661497364307505,1.9591450695738213,1.6798819615341278
1129,2.5499999935872886,2.5499999870800347,2.5499999500735719,2.549999786961449,2.549999106642872,2.5499964339247265,2.5499866233921291,2.5499531477482824,2.5498472903837706,2.5495376584351899,2.5487008684821872,2.546612547457956,2.5417999815300729,2.5315532879282321,2.5113727083050308,2.4745352603371717,2.4120280163486805,2.3130283448696169,2.1658537670242315,1.958829426064137,1.6795788197712258
1130,2.5499999934796764,2.5499999868768994,2.5499999493659282,2.5499997842481683,2.5499990964663448,2.5499963977986915,2.5499865036588312,2.5499527798893498,2.5498462472062786,2.5495349356575736,2.5486943407605085,2.5465981943890657,2.5417710707519436,2.5314999859868266,2.5112828088034314,2.4743965981314804,2.4118324908509572,2.3127764774652566,2.1655579379062542,1.9585139721726326,1.6792758709986582
1131,2.5499999933704496,2.5499999866709246,2.5499999486494804,2.5499997815050119,2.5499990861913551,2.5499963613682803,2.5499863830565292,2.5499524097601451,2.5498451986397033,2.5495322013333226,2.5486877908733963,2.5465838035634922,2.5417421037143084,2.5314466125044608,2.5111928356338145,2.4742578835719238,2.411636962282325,2.3125246774387489,2.1652622489538698,1.9581987076389835,1.6789731149821596
1132,2.5499999932595867,2.5499999864620753,2.5499999479241353,2.5499997787317059,2.5499990758171318,2.5499963246314925,2.549986261580536,2.5499520373509155,2.5498441446664093,2.5495294554356223,2.548681218788897,2.5465693749576754,2.5417130804252146,2.5313931675447692,2.5111027889218893,2.47411911681754,2.4114414307706293,2.3122729448135764,2.1649667000440282,1.9578836322048132,1.6786705514844433
1133,2.5499999931470669,2.5499999862503171,2.5499999471897992,2.5499997759279749,2.5499990653429001,2.5499962875863189,2.5499861392261489,2.5499516626518908,2.5498430852687499,2.5495266979376749,2.5486746244751255,2.5465549085481802,2.5416840008928459,2.5313396511714372,2.5110126687932346,2.4739802980270351,2.4112458964433219,2.3120212796129898,2.1646712910536965,1.9575687456123831,1.678368180269258
1134,2.5499999930328676,2.5499999860356142,2.5499999464463765,2.5499997730935409,2.5499990547678801,2.5499962502307416,2.5499860159886509,2.549951285653282,2.5498420204290659,2.5495239288126963,2.5486680079002642,2.5465404043116968,2.5416548651255297,2.5312860634482113,2.5109224753732984,2.4738414273587779,2.4110503594274482,2.311769681860004,2.1643760218598294,1.9572540476049187,1.6780660011003621
1135,2.5499999929169674,2.5499999858179314,2.5499999456937723,2.5499997702281241,2.5499990440912872,2.5499962125627342,2.5499858918633094,2.5499509063452797,2.5498409501296826,2.5495211480339131,2.5486613690325597,2.54652586222505,2.5416256731317519,2.5312324044389167,2.5108322087874071,2.4737025049707806,2.4108548198496047,2.3115181515773822,2.1640808923392645,1.9569395379274777,1.6777640137392995
1136,2.5499999927993442,2.5499999855972328,2.5499999449318889,2.5499997673314438,2.5499990333123339,2.5499961745802611,2.5499857668453774,2.5499505247180556,2.5498398743529127,2.5495183555745689,2.5486547078403285,2.5465112822651865,2.5415964249201353,2.5311786742074323,2.5107418691607548,2.4735635310207247,2.4106592778359954,2.3112666887876534,2.1637859023688817,1.9566252163257722,1.6774622179481962
1137,2.5499999926799757,2.5499999853734816,2.5499999441606289,2.5499997644032146,2.5499990224302262,2.5499961362812775,2.5499856409300921,2.5499501407617631,2.549838793081058,2.5495155514079224,2.5486480242919551,2.5464966644091804,2.5415671204994412,2.5311248728176929,2.5106514566184046,2.4734245056659558,2.410463733512425,2.3110152935131105,2.1634910518255843,1.956311082546335,1.6771606134892978
1138,2.5499999925588392,2.5499999851466417,2.5499999433798939,2.5499997614431513,2.5499990114441671,2.5499960976637301,2.5499855141126773,2.5499497544665366,2.5498377062964042,2.5495127355072444,2.5486413183558887,2.5464820086342352,2.5415377598785862,2.5310710003337054,2.5105609712852948,2.4732854290634725,2.4102681870042653,2.3107639657758012,2.1631963405861896,1.95599713633718,1.6768592001236946
1139,2.5499999924359118,2.5499999849166759,2.5499999425895843,2.5499997584509662,2.5499990003533544,2.5499960587255561,2.5499853863883408,2.5499493658224903,2.5498366139812267,2.5495099078458212,2.5486345900006477,2.5464673149176806,2.5415083430666252,2.5310170568195343,2.510470413286233,2.4731463013699351,2.4100726384364854,2.3105127055975365,2.1629017685275338,1.9556833774472044,1.6765579776124444
1140,2.5499999923111702,2.5499999846835468,2.5499999417896033,2.5499997554263683,2.5499989891569812,2.5499960194646847,2.549985257752275,2.549948974819721,2.5498355161177844,2.5495070683969523,2.5486278391948169,2.5464525832369729,2.5414788700727589,2.5309630423393066,2.5103797827459018,2.4730071227416643,2.4098770879336389,2.3102615129998854,2.1626073355264448,1.955369805626417,1.6762569457160512
1141,2.5499999921845902,2.5499999844472172,2.5499999409798466,2.5499997523690672,2.5499989778542358,2.5499959798790313,2.5499851281996468,2.5499485814482763,2.5498344126882597,2.5495042171338094,2.5486210659067718,2.5464378135692298,2.5414493409056429,2.5309089569563437,2.5102890797879733,2.4728678933340418,2.4096815356198733,2.3100103880050096,2.1623130414614629,1.9550564206279373,1.6759561539222327
1142,2.5499999920561498,2.549999984207648,2.5499999401602138,2.5499997492787694,2.5499989664443046,2.5499959399665135,2.5499849977256432,2.5499481856982733,2.5498333036750274,2.5495013540300149,2.5486142701057894,2.5464230058930908,2.5414197555761313,2.5308548007366136,2.5101983045386205,2.4727286133039348,2.409485981618968,2.3097593306323465,2.162018886206087,1.9547432221989474,1.6756555931022521
1143,2.5499999919258243,2.5499999839648018,2.5499999393306028,2.5499997461551778,2.5499989549263651,2.5499958997250296,2.5499848663253997,2.5499477875597218,2.549832189060242,2.5494984790587685,2.5486074517603785,2.5464081601859241,2.5413901140931605,2.5308005737435502,2.5101074571212538,2.4725892828060485,2.4092904260542536,2.3095083409035824,2.161724869638888,1.9544302100944879,1.6753552485586534
1144,2.5499999917935892,2.5499999837186391,2.54999993849091,2.5499997429979948,2.5499989432995935,2.5499958591524723,2.5499847339940493,2.5499473870226446,2.5498310688261157,2.5494955921934332,2.5486006108393959,2.5463932764256918,2.5413604164664982,2.5307462760415156,2.5100165376600367,2.4724499019953625,2.4090948690486784,2.3092574188393322,2.1614309916367618,1.9541173840682309,1.6750551148863939
1145,2.5499999916594205,2.54999998346912,2.5499999376410303,2.5499997398069207,2.5499989315631608,2.5499958182467237,2.5499846007267135,2.5499469840770415,2.5498299429548483,2.5494926934073856,2.5485937473117661,2.5463783545904786,2.5413306627060486,2.5306919076949241,2.5099255462789976,2.4723104710265207,2.4088993107247849,2.3090065644599802,2.1611372520766321,1.9538047438747765,1.6747551888659638
1146,2.5499999915232934,2.5499999832162055,2.5499999367808597,2.5499997365816527,2.5499989197162312,2.5499957770056589,2.5499844665184921,2.5499465787128992,2.5498288114286285,2.5494897826740162,2.5485868611464801,2.5463633946584978,2.5413008528218581,2.5306374687682514,2.5098344831020372,2.4721709900538347,2.4087037512047167,2.3087557777856653,2.1608436508354574,1.9534922892697708,1.6744554682683355
1147,2.5499999913851821,2.5499999829598572,2.5499999359102925,2.5499997333218873,2.5499989077579679,2.5499957354271428,2.5499843313644752,2.5499461709201792,2.5498276742296309,2.5494868599667373,2.5485799523126,2.5463483966080873,2.5412709868241135,2.5305829593260234,2.509743348252925,2.4720314592312804,2.4085081906102177,2.3085050588362956,2.1605501877902316,1.9531800200103733,1.6741559513686921
1148,2.5499999912450626,2.5499999827000317,2.5499999350292208,2.5499997300273178,2.5499988956875259,2.5499956935090324,2.549984195259738,2.5499457606888316,2.5498265313400208,2.5494839252589703,2.5485730207792514,2.5463333604177105,2.5412410647231374,2.5305283794328264,2.5096521418552977,2.471891878712499,2.4083126290626349,2.3082544076315346,2.1602568628179908,1.9528679358563097,1.6738566367749617
1149,2.5499999911029092,2.5499999824366895,2.5499999341375372,2.5499997266976351,2.549998883504057,2.5499956512491737,2.5499840581993376,2.5499453480087837,2.5498253827419504,2.5494809785241586,2.5485660665156313,2.5463182860659535,2.5412110865293926,2.5304737291532979,2.5095608640326623,2.4717522486508048,2.408117066682919,2.308003824190815,2.1599636757958192,1.9525560365710288,1.6735575233347011
1150,2.5499999909586952,2.5499999821697896,2.5499999332351337,2.5499997233325296,2.5499988712067094,2.5499956086454056,2.5499839201783177,2.5499449328699431,2.549824228417561,2.549478019735758,2.5485590894910053,2.54630317353153,2.5411810522534806,2.5304190085521303,2.5094695149083965,2.4716125691991775,2.4079215035916293,2.3077533085333317,2.1596706266008505,1.9522443219230061,1.6732586100539315
1151,2.5499999908123963,2.54999998189929,2.5499999323218998,2.5499997199316877,2.5499988587946256,2.5499955656955553,2.5499837811917083,2.5499445152622031,2.5498230683489811,2.5494750488672393,2.5485520896747045,2.5462880227932776,2.5411509619061392,2.5303642176940708,2.509378094605744,2.4714728405102679,2.4077259399089308,2.3075028606780439,2.1593777151102747,1.9519327916867808,1.6729598960479637
1152,2.5499999906639834,2.5499999816251488,2.5499999313977257,2.5499997164947965,2.5499988462669432,2.549995522397444,2.5499836412345229,2.5499440951754369,2.5498219025183295,2.5494720658920964,2.5485450670361312,2.546272833830157,2.5411208154982412,2.5303093566439183,2.5092866032478174,2.4713330627363956,2.4075303757545936,2.3072524806436734,2.1590849412013444,1.9516214456434147,1.6726613805206847
1153,2.5499999905134323,2.5499999813473235,2.5499999304624996,2.5499997130215371,2.5499988336227948,2.5499954787488814,2.5499835003017619,2.5499436725994977,2.5498207309077143,2.549469070783835,2.5485380215447546,2.5462576066212539,2.5410906130407991,2.5302544254665236,2.5091950409575983,2.4711932360295514,2.4073348112480022,2.3070021684487072,2.1587923047513771,1.9513102835803344,1.6723630627468036
1154,2.5499999903607162,2.5499999810657714,2.5499999295161091,2.5499997095115896,2.5499988208613096,2.5499954347476685,2.549983358388408,2.5499432475242223,2.5498195534992307,2.5494660635159776,2.5485309531701117,2.5462423411457791,2.5410603545449599,2.530199424226788,2.5091034078579368,2.4710533605413962,2.407139246508148,2.3067519241113974,2.1584998056377569,1.9509993052911028,1.6720649420675493
1155,2.5499999902058046,2.5499999807804494,2.5499999285584418,2.5499997059646367,2.5499988079816114,2.5499953903915991,2.5499832154894317,2.5499428199394312,2.5498183702749624,2.5494630440620658,2.5485238618818102,2.5462270373830664,2.5410300400220045,2.5301443529896694,2.5090117040715487,2.4709134364232646,2.4069436816536349,2.3065017476497633,2.1582074437379406,1.9506885105748271,1.6717670178674258
1156,2.5499999900486738,2.5499999804913127,2.5499999275893837,2.5499997023803513,2.5499987949828187,2.549995345678453,2.549983071599788,2.5499423898349223,2.5498171812169863,2.5494600123956568,2.5485167476495256,2.5462116953125724,2.540999669483349,2.5300892118201688,2.5089199297210207,2.470773463826164,2.406748116802683,2.3062516390815864,2.1579152189294675,1.9503778992353549,1.6714692895663612
1157,2.5499999898892955,2.5499999801983173,2.5499999266088187,2.549999698758409,2.549998781864045,2.5499953006060059,2.5499829267144167,2.5499419572004784,2.5498159863073648,2.5494569684903259,2.5485096104430016,2.5461963149138778,2.5409692429405455,2.5300340007833411,2.5088280849288043,2.4706334429007741,2.4065525520731241,2.3060015984244173,2.1576231310899554,1.9500674710809272,1.6711717566205295
1158,2.5499999897276395,2.5499999799014201,2.5499999256166306,2.5499996950984816,2.5499987686244001,2.5499952551720231,2.549982780828242,2.5499415220258643,2.5498147855281488,2.549453912319668,2.5485024502320486,2.5461808961666867,2.5409387604052789,2.5299787199442916,2.5087361698172188,2.4704933737974475,2.4063569875824058,2.3057516256955726,2.1573311800971111,1.9497572259231339,1.6708744185096698
1159,2.5499999895636796,2.5499999796005755,2.5499999246127047,2.5499996914002399,2.5499987552629899,2.5499952093742584,2.5499826339361742,2.5499410843008259,2.5498135788613832,2.5494508438572905,2.5484952669865497,2.5461654390508279,2.5409082218893664,2.5299233693681695,2.5086441845084528,2.4703532566662134,2.4061614234475925,2.3055017209121345,2.1570393658287386,1.9494471635761144,1.6705772747383194
1160,2.5499999893973859,2.5499999792957375,2.5499999235969213,2.5499996876633504,2.5499987417789121,2.549995163210458,2.5499824860331088,2.5499406440150914,2.5498123662890984,2.5494477630768224,2.5484880606764553,2.5461499435462494,2.5408776274047584,2.5298679491201765,2.5085521291245594,2.4702130916567762,2.4059658597853701,2.3052518840909566,2.1567476881627496,1.9491372838555181,1.6702803248297595
1161,2.5499999892287293,2.5499999789868606,2.5499999225691621,2.5499996838874801,2.5499987281712615,2.5499951166783585,2.5499823371139274,2.5499402011583707,2.5498111477933176,2.5494446699519089,2.5484808312717853,2.5461344096330243,2.5408469769635378,2.5298124592655604,2.5084600037874605,2.4700728789185162,2.4057702967120402,2.3050021152486591,2.1564561469771459,1.9488275865803546,1.6699835683340076
1162,2.5499999890576817,2.5499999786738985,2.5499999215293068,2.5499996800722915,2.5499987144391301,2.5499950697756879,2.5499821871734936,2.5499397557203576,2.5498099233560509,2.5494415644562158,2.5484735787426267,2.5461188372913477,2.5408162705779196,2.5297568998696156,2.5083678086189423,2.4699326186004891,2.4055747343435274,2.3047524144016296,2.1561647421500778,1.9485180715686909,1.6696870048069206
1163,2.5499999888842124,2.5499999783568046,2.5499999204772346,2.5499996762174457,2.5499987005816025,2.5499950225001635,2.549982036206659,2.5499393076907269,2.5498086929592998,2.5494384465634257,2.5484663030591364,2.546103226501538,2.5407855082602495,2.5297012709976845,2.5082755437406599,2.4697923108514264,2.4053791727953744,2.3045027815660255,2.1558734735597898,1.9482087386415072,1.6693906338295936
1164,2.5499999887082927,2.5499999780355309,2.5499999194128247,2.5499996723226017,2.5499986865977577,2.5499949748494948,2.5499818842082589,2.5499388570591348,2.5498074565850577,2.5494353162472376,2.5484590041915407,2.5460875772440339,2.5407546900230038,2.5296455727151521,2.5081832092741347,2.4696519558197432,2.4051836121827526,2.3042532167577767,2.1555823410847079,1.9478995876179357,1.6690944549842559
1165,2.5499999885298918,2.5499999777100308,2.5499999183359541,2.5499996683874162,2.5499986724866721,2.5499949268213817,2.5499817311731148,2.5499384038152213,2.5498062142153053,2.549432173481371,2.5484516821101342,2.5460718894993972,2.5407238158787901,2.5295898050874523,2.5080908053407538,2.4695115536535277,2.4049880526204506,2.3040037199925818,2.1552913446033752,1.9475906183189753,1.6687984678733778
1166,2.5499999883489788,2.549999977380256,2.549999917246498,2.5499996644115437,2.5499986582474161,2.5499948784135138,2.5499815770960343,2.5499379479486075,2.5498049658320134,2.5494290182395645,2.5484443367852827,2.5460561632483105,2.5406928858403441,2.5295339681800608,2.5079983320617694,2.4693711045005498,2.4047924942228898,2.3037542912859137,2.1550004839945403,1.9472818305639292,1.6685026721022391
1167,2.549999988165522,2.5499999770461579,2.549999916144333,2.5499996603946355,2.5499986438790558,2.5499948296235719,2.5499814219718084,2.5499374894488986,2.549803711417145,2.5494258504955738,2.5484369681874197,2.5460403984715785,2.5406618999205324,2.5294780620584989,2.5079057895583001,2.4692306085082585,2.4045969371041118,2.303504930653014,2.1547097591371025,1.9469732241728062,1.6682070672903508
1168,2.549999987979493,2.5499999767076877,2.5499999150293342,2.549999656336341,2.5499986293806507,2.5499947804492282,2.5499812657952137,2.5499370283056821,2.5498024509526545,2.5494226702231741,2.5484295762870479,2.5460245951501275,2.5406308581323476,2.5294220867883306,2.5078131779513311,2.4690900658237842,2.4044013813777907,2.3032556381088982,2.154419169910188,1.9466647989644095,1.6679116530627334
1169,2.549999987790859,2.5499999763647958,2.5499999139013738,2.5499996522363082,2.549998614751257,2.549994730888145,2.5499811085610116,2.5499365645085272,2.5498011844204851,2.5494194773961603,2.5484221610547402,2.5460087532650033,2.540599760488913,2.5293660424351621,2.5077204973617131,2.4689494765939393,2.4042058271572286,2.3030064136683586,2.1541287161931386,1.9463565547571717,1.6676164290527715
1170,2.5499999875995876,2.5499999760174319,2.5499999127603239,2.5499996480941829,2.5499985999899262,2.5499946809379739,2.5499809502639499,2.5499360980469854,2.5497999118025705,2.5494162719883482,2.5484147224611364,2.5459928727973744,2.5405686070034781,2.5293099290646435,2.507627747910163,2.4688088409652167,2.4040102745553562,2.3027572573459598,2.1538383978655045,1.9460484913688894,1.6673213949017254
1171,2.5499999874056476,2.5499999756655458,2.5499999116060557,2.5499996439096071,2.5499985850957043,2.549994630596359,2.5499807908987608,2.5499356289105912,2.5497986330808362,2.5494130539735695,2.5484072604769485,2.5459769537285299,2.5405373976894232,2.5292537467424681,2.5075349297172624,2.4686681590837902,2.4038147236847318,2.3025081691560381,2.153548214807024,1.9457406086170357,1.6670265502599513
1172,2.5499999872090062,2.549999975309087,2.5499999104384399,2.5499996396822215,2.5499985700676318,2.5499945798609347,2.5499806304601624,2.5499351570888629,2.5497973482371994,2.5494098233256763,2.5483997750729577,2.5459609960398768,2.5405061325602483,2.5291974955343659,2.5074420429034565,2.4685274310955223,2.4036191746575559,2.3022591491127149,2.153258166897825,1.9454329063172373,1.6667318947769234
1173,2.5499999870096306,2.5499999749480047,2.5499999092573464,2.5499996354116643,2.5499985549047435,2.5499945287293255,2.549980468942858,2.5499346825713003,2.5497960572535661,2.5494065800185401,2.5483922662200138,2.5459449997129466,2.5404748116295881,2.5291411755061146,2.5073490875890583,2.4683866571459498,2.4034236275856475,2.302010197229877,2.1529682540181114,1.945125384285505,1.6664374281166712
1174,2.5499999868074879,2.5499999745822457,2.5499999080626425,2.5499996310975712,2.5499985396060714,2.5499944771991472,2.5499803063415349,2.5499342053473861,2.549794760111836,2.5494033240260539,2.5483847338890371,2.5459289647293875,2.5404434349111971,2.5290847867235255,2.5072560638942445,2.4682458373803038,2.4032280825804748,2.3017613135211996,2.1526784760485222,1.9448180423360666,1.6661431499408934
1175,2.5499999866025447,2.5499999742117589,2.5499999068541963,2.5499996267395759,2.5499985241706411,2.5499944252680047,2.5499801426508664,2.5499337254065866,2.5497934567938989,2.5494000553221303,2.548377178051016,2.5459128910709681,2.5404120024189569,2.5290283292524527,2.5071629719390573,2.4681049719434958,2.4030325397531342,2.3015124980001325,2.1523888328699128,1.9445108802825348,1.6658490599189508
1176,2.5499999863947669,2.5499999738364911,2.5499999056318732,2.5499996223373094,2.5499985085974739,2.5499943729334955,2.5499799778655108,2.5499332427383501,2.5497921472816349,2.5493967738807002,2.5483695986770103,2.5458967787195781,2.540380514166876,2.5289718031587904,2.5070698118434036,2.4679640609801208,2.4028369992143559,2.301263750679901,2.1520993243633946,1.9442038979378296,1.6655551577262269
1177,2.5499999861841212,2.5499999734563881,2.5499999043955386,2.5499996178904003,2.5499984928855848,2.5499943201932052,2.5499798119801147,2.5499327573321091,2.5497908315569182,2.5493934796757163,2.5483619957381474,2.5458806276572252,2.5403489701690813,2.5289152085084661,2.5069765837270532,2.4678231046344687,2.402641461074519,2.3010150715735231,2.1518099504105055,1.9438970951136798,1.6652614430372621
1178,2.549999985970572,2.5499999730713969,2.5499999031450566,2.5499996133984739,2.5499984770339852,2.5499942670447115,2.5499796449893068,2.5499322691772783,2.549789509601613,2.5493901726811492,2.548354369205625,2.545864437866038,2.5403173704398307,2.5288585453674535,2.5068832877096425,2.4676821030505063,2.4024459254436259,2.3007664606937834,2.1515207108929428,1.9435904716211552,1.6649679155361428
1179,2.5499999857540847,2.5499999726814635,2.549999901880291,2.5499996088611558,2.5499984610416804,2.5499942134855837,2.5499794768877009,2.5499317782632556,2.549788181397576,2.5493868528709935,2.5483467190507127,2.5458482093282622,2.5402857149934994,2.5288018138017558,2.5067899239106715,2.4675410563718962,2.402250392431335,2.3005179180532656,2.151231605692836,1.9432840272706289,1.6646745749064087
1180,2.5499999855346247,2.5499999722865332,2.5499999006011027,2.5499996042780668,2.5499984449076711,2.5499941595133793,2.5499793076698958,2.5499312845794218,2.5497868469266556,2.5493835202192625,2.5483390452447483,2.5458319420262634,2.5402540038445891,2.528745013877419,2.5066964924495045,2.467399964741984,2.4020548621469353,2.3002694436643258,2.1509426346925689,1.9429777618715158,1.6643814208373831
1181,2.5499999853121564,2.5499999718865514,2.5499998993073532,2.5499995996488267,2.5499984286309525,2.5499941051256481,2.5499791373304772,2.5499307881151405,2.5497855061706916,2.5493801746999898,2.5483313477591394,2.5458156359425255,2.5402222370077228,2.5286881456605235,2.5066029934453713,2.4672588283038071,2.4018593346993602,2.3000210375391106,2.1506537977748525,1.9426716752325868,1.6640884530212698
1182,2.5499999850866439,2.5499999714814612,2.549999897998902,2.5499995949730505,2.549998412210515,2.549994050319929,2.5499789658640175,2.5499302888597617,2.5497841591115171,2.5493768162872312,2.5483236265653635,2.5457992910596499,2.5401904144976415,2.5286312092171803,2.5065094270173622,2.4671176472000953,2.4016638101971948,2.2997726996895613,2.1503650948227633,1.9423657671621497,1.6637956711516899
1183,2.5499999848580512,2.5499999710712067,2.5499998966756077,2.5499995902503532,2.549998395645344,2.549993995093752,2.5499787932650717,2.5499297868026143,2.5497828057309553,2.5493734449550622,2.5483158816349678,2.5457829073603584,2.5401585363292156,2.5285742046135469,2.5064157932844351,2.4669764215732597,2.4014682887486494,2.2995244301273856,2.150076525719625,1.9420600374672776,1.663503074928826
1184,2.5499999846263419,2.549999970655731,2.549999895337328,2.549999585480347,2.5499983789344194,2.5499939394446383,2.5499786195281806,2.549929281933013,2.5497814460108237,2.5493700606775791,2.5483081129395697,2.5457664848274901,2.5401266025174327,2.5285171319158093,2.5063220923654104,2.4668351515654074,2.4012727704615915,2.2992762288640947,2.1497880903491224,1.9417544859547169,1.663210664053651
1185,2.5499999843914787,2.5499999702349769,2.5499998939839199,2.5499995806626408,2.5499983620767162,2.5499938833700986,2.5499784446478722,2.5499287742402563,2.5497800799329338,2.5493666634289021,2.5483003204508576,2.545750023444,2.5400946130773949,2.5284599911901835,2.5062283243789714,2.4666938373183451,2.4010772554435449,2.2990280959110034,2.1494997885952913,1.9414491124309405,1.6629184382276569
1186,2.5499999841534233,2.5499999698088862,2.5499998926152387,2.5499995757968419,2.5499983450712045,2.549993826867635,2.5499782686186583,2.5499282637136234,2.5497787074790859,2.5493632531831683,2.5482925041405884,2.5457335231929652,2.5400625680243358,2.5284027825029307,2.5061344894436668,2.466552478973556,2.4008817438016563,2.2987800312791866,2.1492116203424385,1.9411439167010767,1.6626263971594317
1187,2.5499999839121394,2.5499999693774011,2.5499998912311392,2.5499995708825547,2.5499983279168488,2.5499937699347388,2.5499780914350354,2.5499277503423801,2.549777328631075,2.5493598299145388,2.5482846639805894,2.5457169840575768,2.5400304673736027,2.5283455059203384,2.5060405876779077,2.4664110766722231,2.4006862356427336,2.298532034979532,2.1489235854752127,1.940838898570129,1.6623345405575134
1188,2.5499999836675884,2.5499999689404627,2.5499998898314744,2.5499995659193808,2.5499983106126081,2.549993712568893,2.5499779130914866,2.549927234115775,2.5497759433706881,2.5493563935971988,2.5482767999427591,2.5457004060211399,2.5399983111406543,2.5282881615087214,2.5059466191999675,2.4662696305552334,2.4004907310732495,2.2982841070227402,2.1486356838785889,1.9405340578429984,1.6620428681305117
1189,2.5499999834197324,2.5499999684980121,2.5499998884160964,2.5499995609069193,2.5499982931574361,2.5499936547675697,2.5499777335824803,2.5499267150230396,2.5497745516797048,2.5493529442053497,2.548268911999064,2.5456837890670836,2.5399660993410822,2.5282307493344391,2.5058525841279851,2.466128140763149,2.4002952301992977,2.2980362474192697,2.1483479154378555,1.9402293943232265,1.6617513795935412
1190,2.5499999831685329,2.5499999680499887,2.5499998869848559,2.5499995558447677,2.549998275550283,2.5499935965282328,2.5499775529024697,2.549926193053389,2.5497731535398982,2.549349481713219,2.5482610001215433,2.54566713317895,2.539933831990588,2.5281732694638772,2.5057584825799624,2.4659866074362364,2.400099733126638,2.2977884561793984,2.1480602800386026,1.9399249078143848,1.6614600746616635
1191,2.5499999829139499,2.5499999675963321,2.5499998855376029,2.5499995507325202,2.5499982577900924,2.5499935378483358,2.5499773710458946,2.5499256681960234,2.5497717489330376,2.5493460060950568,2.5482530642823047,2.5456504383403966,2.5399015091049861,2.5281157219634451,2.5056643146737625,2.4658450307144668,2.3999042399606973,2.2975407333132236,2.1477727775667037,1.9396205981200685,1.6611689530503226
1192,2.549999982655943,2.5499999671369813,2.549999884074186,2.549999545569769,2.5499982398758023,2.5499934787253231,2.5499771880071789,2.5499251404401253,2.5497703378408807,2.5493425173251318,2.5482451044535268,2.5456337045352013,2.5398691307002195,2.5280581068995973,2.5055700805271139,2.465703410737488,2.3997087508065271,2.2972930788306041,2.1474854079083969,1.9393164650425798,1.6608780144800444
1193,2.5499999823944735,2.5499999666718747,2.5499998825944532,2.5499995403561035,2.5499982218063462,2.5499934191566287,2.5499770037807332,2.5499246097748625,2.5497689202451812,2.5493390153777375,2.5482371206074577,2.5456169317472552,2.5398366967923418,2.5280004243388112,2.505475780257608,2.4655617476446556,2.3995132657688489,2.2970454927412227,2.1471981709501744,1.9390125083843517,1.6605872586717199
1194,2.549999982129501,2.54999996620095,2.5499998810982509,2.5499995350911098,2.5499982035806514,2.5499933591396777,2.5499768183609524,2.5499240761893853,2.5497674961276862,2.5493355002271887,2.5482291127164163,2.5456001199605627,2.5398042073975167,2.5279426743475852,2.5053814139826951,2.4654200415750287,2.3993177849520517,2.2967979750545893,2.1469110665787681,1.9387087279479167,1.6602966853469752
1195,2.5499999818609846,2.5499999657241452,2.5499998795854246,2.5499995297743725,2.5499981851976417,2.5499932986718847,2.5499766317422181,2.5499235396728284,2.5497660654701342,2.5493319718478227,2.5482210807527919,2.5455832691592502,2.5397716625320363,2.5278848569924639,2.505286981819693,2.4652782926673491,2.3991223084601554,2.2965505257799776,2.14662409468131,1.9384051235346478,1.6600062942313358
1196,2.5499999815888836,2.5499999652413972,2.5499998780558184,2.5499995244054734,2.5499981666562341,2.5499932377506567,2.5499764439188959,2.549923000214311,2.5497646282542599,2.5493284302139987,2.5482130246890433,2.545566379327556,2.5397390622123006,2.5278269723400122,2.5051924838857804,2.4651365010600643,2.3989268363968494,2.2963031449264917,2.1463372551451472,1.9381016949461012,1.6597160850509494
1197,2.5499999813131562,2.549999964752641,2.5499998765092746,2.5499995189839915,2.5499981479553404,2.5499931763733885,2.5499762548853386,2.5499224578029365,2.5497631844617916,2.5493248753001025,2.5482049444977015,2.5455494504498319,2.5397064064548189,2.5277690204568186,2.5050979202979975,2.4649946668913305,2.3987313688654974,2.2960558325030695,2.146050547857838,1.9377984419839731,1.6594260575327597
1198,2.5499999810337601,2.5499999642578133,2.5499998749456352,2.549999513509503,2.549998129093868,2.5499931145374677,2.5499760646358829,2.549921912427791,2.5497617340744494,2.5493213070805383,2.5481968401513662,2.5455324825105499,2.5396736952762273,2.5277110014095108,2.5050032911732489,2.4648527902989863,2.3985359059690929,2.2958085885184154,2.1457639727073454,1.9374953644489652,1.6591362114070134
1199,2.5499999807506541,2.5499999637568491,2.5499998733647411,2.5499995079815827,2.5499981100707179,2.5499930522402705,2.5499758731648514,2.5499213640779455,2.5497602770739483,2.5493177255297339,2.5481887116227075,2.545515475494295,2.539640928693272,2.5276529152647411,2.5049085966283022,2.464710871420575,2.3983404478102996,2.2955614129810602,2.1454775295818562,1.9371924621418324,1.658846546404938
1200,2.5499999804637938,2.5499999632496828,2.5499998717664321,2.549999502399801,2.5499980908847864,2.5499929894791631,2.5499756804665528,2.5499208127424575,2.5497588134419997,2.5493141306221427,2.5481805588844666,2.5454984293857637,2.5396081067228069,2.5275947620891785,2.5048138367797854,2.464568910393349,2.3981449944914588,2.2953143058993777,2.1451912183697321,1.9368897348635619,1.658557062258323
1201,2.549999980173137,2.5499999627362482,2.5499998701505464,2.5499994967637263,2.5499980715349615,2.5499929262514982,2.5499754865352666,2.549920258410328,2.5497573431602243,2.5493105223320738,2.5481723819091546,2.5454813441692856,2.5395752293811187,2.5275365419487072,2.5047190117433962,2.4644269073537552,2.3979495461146336,2.2950672672823949,2.1449050389612245,1.9365871824170011,1.6582677041643279
1202,2.5499999798786406,2.5499999622164791,2.5499998685169207,2.5499994910729264,2.549998052020134,2.549992862554634,2.5499752913653015,2.5499197010706576,2.549755866210484,2.5493069006343583,2.5481641806702537,2.5454642198307553,2.5395422966866521,2.5274782549116952,2.5046241216370766,2.4642848624394587,2.3977541027813443,2.2948202971364147,2.1446189912420253,1.9362848045982479,1.6579784815988434
1203,2.5499999795802593,2.549999961690308,2.5499998668653907,2.5499994853269636,2.5499980323391807,2.5499927983859045,2.5499750949509083,2.5499191407124164,2.5497543825743914,2.5493032655033523,2.5481559551404165,2.54544705635473,2.5395093086559211,2.5274199010440745,2.5045291665762446,2.464142775786303,2.3975586645929776,2.2945733954701,2.1443330751028986,1.9359826012098083,1.6576894101561979
1204,2.5499999792779495,2.5499999611576656,2.549999865195792,2.5499994795253991,2.5499980124909767,2.5499927337426369,2.5499748972863374,2.5499185773245974,2.549752892233633,2.5492996169136002,2.5481477052926649,2.5454298537263651,2.5394762653062291,2.5273614804126248,2.5044341466769811,2.4640006475303502,2.3973632316505245,2.2943265622910927,2.1440472904332197,1.9356805720519583,1.657400495248408
1205,2.5499999789716665,2.549999960618488,2.5499998635079577,2.5499994736677905,2.5499979924743914,2.5499926686221484,2.5499746983658262,2.5499180108961803,2.5497513951698889,2.5492959548396747,2.5481394311000938,2.5454126119309297,2.539443166654995,2.5273029930841493,2.5043390620552239,2.4638584778073613,2.3971678040546385,2.2940797976068579,2.143761637122596,1.9353787169248899,1.6571117398750164
1206,2.5499999786613641,2.5499999600726997,2.5499998618017186,2.5499994677536941,2.5499979722882884,2.5499926030217499,2.5499744981835946,2.5499174414161248,2.5497498913648378,2.5492922792561656,2.5481311325358642,2.5453953309538058,2.5394100127197454,2.5272444391254747,2.5042439128267766,2.4637162667528054,2.3969723819056399,2.2938331014246907,2.1434761150608557,1.9350770356285747,1.6568231459614453
1207,2.5499999783469982,2.5499999595202372,2.5499998600769076,2.5499994617826625,2.549997951931525,2.5499925369387406,2.5499742967338519,2.5499168688733809,2.5497483808001493,2.5492885901376914,2.5481228095732136,2.545378010780488,2.5393768035181195,2.5271858186034519,2.5041486991073016,2.4635740145018512,2.3967769653035198,2.2935864737517111,2.143190724138047,1.9347755279622747,1.6565347148803928
1208,2.5499999780285223,2.5499999589610263,2.5499998583333543,2.5499994557542451,2.5499979314029555,2.5499924703704084,2.5499740940107904,2.5499162932568762,2.5497468634574925,2.549284887458894,2.548114462185445,2.5453606513965865,2.5393435390678625,2.5271271315849551,2.5040534210123244,2.4634317211893788,2.3965815543479385,2.2933399145948732,2.1429054642444245,1.9344741937234162,1.6562464476348777
1209,2.5499999777058884,2.5499999583949982,2.549999856570885,2.549999449667991,2.5499979107014275,2.5499924033140342,2.5499738900085882,2.5499157145555311,2.5497453393185272,2.5492811711944383,2.5481060903459349,2.5453432527878204,2.5393102193868309,2.5270683781368817,2.5039580786572326,2.4632893869499708,2.3963861491382255,2.2930934239609599,2.1426203352704536,1.9341730327063602,1.6559583449673845
1210,2.5499999773790507,2.5499999578220809,2.5499998547893292,2.5499994435234417,2.5499978898257813,2.5499923357668881,2.5499736847214107,2.5499151327582461,2.5497438083649087,2.5492774413190151,2.548097694028129,2.5453258149400249,2.5392768444929921,2.5270095583261485,2.5038626721572745,2.4631470119179202,2.3961907497733823,2.2928470018565932,2.1423353371067968,1.9338720447009359,1.6556704074530901
1211,2.5499999770479622,2.5499999572422016,2.5499998529885128,2.5499994373201442,2.5499978687748546,2.5499922677262297,2.5499734781434085,2.5499145478539047,2.5497422705782911,2.5492736978073367,2.5480892732055436,2.545308337839145,2.5392434144044169,2.5269506722196962,2.5037672016275625,2.4630045962272256,2.3959953563520857,2.2926006482882246,2.1420504696443139,1.9335712294913374,1.6553826355468284
1212,2.5499999767125745,2.5499999566552893,2.5499998511682596,2.5499994310576337,2.5499978475474792,2.54999219918931,2.5499732702687163,2.5499139598313816,2.5497407259403233,2.5492699406341446,2.5480808278517668,2.5452908214712382,2.5392099291392882,2.526891719884488,2.5036716671830672,2.4628621400115946,2.395799968972685,2.2923543632621475,2.141765732774056,1.9332705868556339,1.6550950296057834
1213,2.5499999763728383,2.5499999560612694,2.549999849328394,2.5499994247354483,2.5499978261424792,2.5499921301533686,2.5499730610914568,2.549913368679531,2.5497391744326459,2.5492661697742012,2.5480723579404554,2.5452732658224764,2.5391763887158953,2.5268327013875056,2.5035760689386239,2.4627196434044443,2.3956045877332013,2.2921081467844915,2.14148112638726,1.9329701165658555,1.6548075899048069
1214,2.5499999760287064,2.549999955460069,2.549999847468738,2.5499994183531216,2.5499978045586746,2.5499920606156374,2.5499728506057373,2.5499127743871934,2.5497376160368979,2.5492623852022946,2.5480638634453396,2.5452556708791398,2.5391427931526334,2.5267736167957522,2.5034804070089276,2.4625771065388995,2.3954092127313351,2.2918619988612279,2.1411966503753419,1.9326698183883857,1.6545203166581421
1215,2.5499999756801297,2.549999954851613,2.5499998455891117,2.5499994119101856,2.5499977827948799,2.5499919905733379,2.5499726388056496,2.5499121769431965,2.549736050734714,2.5492585868932371,2.5480553443402179,2.5452380366276213,2.5391091424680052,2.5267144661762493,2.5033846815085359,2.4624345295477958,2.3952138440644624,2.2916159194981693,2.1409123046298983,1.9323696920843587,1.6542332100250574
1216,2.5499999753270566,2.5499999542358265,2.5499998436893359,2.5499994054061679,2.5499977608499047,2.5499919200236802,2.5499724256852723,2.5499115763363527,2.5497344785077249,2.5492547748218675,2.5480468005989598,2.5452203630544252,2.5390754366806192,2.5266552495960397,2.5032888925518675,2.4622919125636806,2.3950184818296369,2.2913699087009718,2.1406280890426967,1.9320697374103835,1.6539462701292151
1217,2.5499999749694386,2.5499999536126325,2.5499998417692278,2.5499993988405927,2.5499977387225528,2.5499918489638671,2.5499722112386722,2.5499109725554554,2.5497328993375579,2.5492509489630488,2.548038232195506,2.5452026501461669,2.5390416758091883,2.5265959671221871,2.5031930402531994,2.4621492557188107,2.3948231261235895,2.2911239664751366,2.1403440035056702,1.9317699541195024,1.6536594970614968
1218,2.5499999746072239,2.5499999529819557,2.5499998398286055,2.5499993922129858,2.5499977164116197,2.5499917773910892,2.5499719954598983,2.5499103655892901,2.5497313132058324,2.5492471092916715,2.5480296391038677,2.5451848978895733,2.5390078598725339,2.5265366188217686,2.503097124726676,2.4620065591451574,2.3946277770427336,2.2908780928260102,2.14006004791091,1.931470341961991,1.65337289088206
1219,2.5499999742403623,2.5499999523437196,2.5499998378672841,2.5499993855228658,2.5499976939158988,2.5499917053025287,2.5499717783429854,2.5499097554266226,2.5497297200941689,2.5492432557826477,2.5480210212981271,2.5451671062714802,2.5389739888895781,2.5264772047618833,2.5030011460862993,2.4618638229744025,2.3944324346831629,2.2906322877587901,2.1397762221506573,1.9311709006863826,1.6530864516273809
1220,2.5499999738688035,2.549999951697846,2.5499998358850795,2.5499993787697486,2.5499976712341779,2.5499916326953596,2.5499715598819557,2.549909142056205,2.5497281199841826,2.5492393884109164,2.5480123787524365,2.5451492752788343,2.5389400628793504,2.5264177250096469,2.5029051044459334,2.4617210473379396,2.3942370991406507,2.2903865512785191,2.1394925261173121,1.930871630038516,1.6528001793054024
1221,2.549999973492493,2.5499999510442555,2.5499998338818028,2.5499993719531502,2.5499976483652365,2.5499915595667417,2.5499713400708188,2.5499085254667757,2.5497265128574829,2.549235507151443,2.548003711441019,2.5451314048986928,2.5389060818609823,2.5263581796321928,2.5028089999193028,2.4615782323668793,2.3940417705106563,2.2901408833900923,2.1392089597033928,1.9305725297649419,1.652514073914026
1222,2.5499999731113787,2.5499999503828694,2.5499998318572663,2.5499993650725816,2.5499976253078507,2.5499914859138286,2.549971118903569,2.5499079056470588,2.5497248986956773,2.5492316119792178,2.5479950193381691,2.5451134951182239,2.538872045853712,2.5262985686966721,2.5027128326199932,2.4614353781920428,2.3938464488883193,2.2898952840982543,2.13892552280157,1.9302735996097911,1.6522281354236719
1223,2.5499999727254088,2.5499999497136083,2.5499998298112811,2.5499993581275517,2.54999760206079,2.549991411733763,2.5499708963741825,2.5499072825857643,2.5497232774803722,2.5492277028692567,2.5479863024182512,2.5450955459247036,2.5388379548768749,2.5262388922702486,2.5026166026614529,2.4612924849439697,2.3936511343684663,2.2896497534076063,2.1386422153045976,1.9299748393193412,1.6519423638019959
1224,2.5499999723345295,2.5499999490363927,2.5499998277436555,2.5499993511175658,2.5499975786228184,2.5499913370236773,2.5499706724766247,2.5499066562715864,2.5497216491931671,2.549223779796602,2.5479775606557014,2.5450775573055187,2.5388038089499139,2.5261791504201061,2.5025203101569908,2.4611495527529117,2.3934558270456088,2.2894042913226014,2.13835903710536,1.92967624863875,1.6516567589956659
1225,2.5499999719386861,2.54999994835114,2.5499998256541989,2.5499993440421282,2.5499975549926939,2.5499912617806952,2.5499704472048501,2.5499060266932059,2.5497200138156608,2.549219842736322,2.5479687940250235,2.5450595292481655,2.5387696080923718,2.526119343213443,2.502423955219776,2.4610065817488382,2.3932605270139469,2.2891588978475474,2.1380759880968103,1.9293778273151361,1.6513713209461829
1226,2.5499999715378241,2.5499999476577693,2.5499998235427173,2.5499993369007385,2.5499975311691698,2.5499911860019293,2.5499702205527943,2.549905393839289,2.5497183713294467,2.5492158916635117,2.5479600025007962,2.5450414617402477,2.5387353523238945,2.5260594707174726,2.5023275379628398,2.4608635720614354,2.3930652343673682,2.2889135729866106,2.1377930681719799,1.9290795750960403,1.6510860495818009
1227,2.5499999711318897,2.5499999469561985,2.5499998214090143,2.5499993296928936,2.5499975071509944,2.5499911096844818,2.5499699925143786,2.5499047576984872,2.5497167217161154,2.5492119265532902,2.5479511860576673,2.5450233547694783,2.5387010416642286,2.5259995329994229,2.5022310584990741,2.4607205238201053,2.3928699491994476,2.2886683167438142,2.1375102772239676,1.9287814917303439,1.6508009448220646
1228,2.5499999707208274,2.5499999462463436,2.549999819252895,2.5499993224180888,2.5499974829369076,2.5499910328254485,2.5499697630835141,2.5499041182594402,2.5497150649572582,2.5492079473808049,2.5479423446703535,2.5450052083236803,2.5386666761332188,2.5259395301265335,2.502134516941231,2.4605774371539706,2.3926746716034546,2.2884231291230432,2.1372276151458474,1.9284835769689346,1.650516006581529
1229,2.5499999703045804,2.5499999455281208,2.5499998170741605,2.5499993150758145,2.5499974585256457,2.5499909554219116,2.5499695322540945,2.5499034755107712,2.5497134010344609,2.5492039541212281,2.5479334783136456,2.5449870223907842,2.5386322557508145,2.5258794621660621,2.5020379134019257,2.4604343121918681,2.3924794016723423,2.2881780101280356,2.1369450818308362,1.9281858305629116,1.6502312347605923
1230,2.5499999698830931,2.5499999448014461,2.5499998148726122,2.5499993076655607,2.5499974339159381,2.5499908774709446,2.5499693000200008,2.5499028294410904,2.5497117299293057,2.5491999467497606,2.5479245869624023,2.5449687969588286,2.5385977805370632,2.525819329185278,2.5019412479936327,2.460291149062356,2.3922841394987611,2.287932959762395,2.1366626771720827,1.9278882522658107,1.6499466292575633
1231,2.5499999694563069,2.5499999440662342,2.5499998126480508,2.5499993001868115,2.5499974091065094,2.5499907989696116,2.5499690663751005,2.5499021800389934,2.5497100516233733,2.5491959252416283,2.5479156705915535,2.5449505320159598,2.5385632505121114,2.5257591312514633,2.501844520828687,2.4601479478937121,2.3920888851750548,2.2876879780295862,2.1363804010627421,1.9275908418328325,1.6496621899643544
1232,2.5499999690241646,2.5499999433223994,2.5499998104002741,2.5499992926390505,2.5499973840960783,2.5499907199149656,2.549968831313246,2.5499015272930623,2.5497083660982409,2.549191889572084,2.5479067291761006,2.5449322275504338,2.5385286656962069,2.5256988684319159,2.501747732019286,2.4600047088139312,2.3918936387932548,2.2874430649329316,2.1360982533960224,1.9272935990202664,1.6493779167634899
1233,2.5499999685866097,2.5499999425698552,2.5499998081290789,2.5499992850217579,2.549997358883358,2.5499906403040518,2.5499685948282766,2.5499008711918658,2.549706673335487,2.5491878397164074,2.5478977626911155,2.544913883550612,2.5384940261096922,2.5256385407939401,2.5016508816774872,2.4598614319507339,2.3916984004450992,2.2871982204756285,2.1358162340649569,1.9269965235873086,1.6490938095401009
1234,2.5499999681435837,2.5499999418085144,2.5499998058342603,2.5499992773344111,2.5499973334670556,2.5499905601339039,2.5499683569140168,2.549900211723958,2.5497049733166839,2.5491837756499045,2.5478887711117406,2.5448955000049653,2.5384593317730118,2.5255781484048581,2.501553969915209,2.4597181174315557,2.3915031702220078,2.2869534446607247,2.1355343429627185,1.9266996152938427,1.6488098681661163
1235,2.5499999676950269,2.5499999410382883,2.549999803515612,2.5499992695764835,2.5499973078458718,2.5499904794015458,2.5499681175642777,2.5498995488778804,2.5497032660234038,2.5491796973479106,2.5478797544131893,2.5448770769020674,2.5384245827067056,2.5255176913319977,2.5014569968442308,2.4595747653835613,2.3913079482151134,2.2867087374911463,2.1352525799822346,1.9264028739023833,1.6485260925176013
1236,2.5499999672408795,2.5499999402590876,2.5499998011729272,2.5499992617474452,2.5499972820185022,2.5499903981039926,2.5499678767728566,2.54989888264216,2.5497015514372152,2.5491756047857859,2.5478707125707452,2.5448586142306029,2.5383897789314136,2.5254571696427024,2.5013599625761929,2.4594313759336308,2.3911127345152345,2.2864640989696752,2.1349709450165277,1.9261062991768005,1.6482424824605943
1237,2.5499999667810811,2.5499999394708239,2.5499997988059966,2.549999253846766,2.5499972559836364,2.5499903162382478,2.5499676345335369,2.5498982130053101,2.5496998295396862,2.5491714979389184,2.5478616455597636,2.5448401119793611,2.5383549204678708,2.5253965834043246,2.5012628672225965,2.4592879492083708,2.3909175292128944,2.2862195290989642,2.1346894379584676,1.925809890882817,1.647959037860399
1238,2.5499999663155712,2.5499999386734067,2.5499997964146099,2.5499992458739098,2.5499972297399585,2.5499902338013056,2.5499673908400866,2.5498975399558312,2.5496981003123826,2.5491673767827243,2.5478525533556686,2.5448215701372394,2.5383200073369072,2.5253359326842255,2.5011657108948042,2.4591444853341113,2.3907223323983176,2.2859750278815363,2.1344080587008376,1.9255136487879276,1.6476757585792428
1239,2.5499999658442887,2.5499999378667457,2.5499997939985559,2.5499992378283398,2.5499972032861464,2.5499901507901512,2.5499671456862623,2.5498968634822097,2.5496963637368677,2.549163241292645,2.5478434359339568,2.5448029886932408,2.5382850395594523,2.5252752175497788,2.5010684937040382,2.459000984436905,2.3905271441614251,2.2857305953197771,2.1341268071363855,1.9252175726613279,1.6473926444747773
1240,2.5499999653671721,2.5499999370507482,2.5499997915576209,2.5499992297095138,2.5499971766208729,2.549990067201759,2.5499668990658053,2.5498961835729186,2.5496946197947055,2.5491590914441531,2.5478342932701943,2.5447843676364714,2.5382500171565257,2.5252144380683621,2.5009712157613815,2.458857446642535,2.3903319645918533,2.2854862314159474,2.1338456831576837,1.9249216622736154,1.6471096954048494
1241,2.5499999648841598,2.5499999362253223,2.5499997890915904,2.5499992215168881,2.5499971497428051,2.5499899830330941,2.5499666509724426,2.5498955002164179,2.5496928684674551,2.5491549272127445,2.5478251253400188,2.5447657069561482,2.5382149401492509,2.5251535943073713,2.5008738771777792,2.4587138720764985,2.3901367937789209,2.285241936172167,2.1335646866573326,1.9246259173975391,1.6468269112200868
1242,2.5499999643951883,2.5499999353903755,2.5499997866002486,2.5499992132499165,2.5499971226506029,2.5499898982811109,2.5499664013998888,2.5498948134011532,2.5496911097366768,2.5491507485739451,2.5478159321191383,2.5447470066415918,2.5381798085588416,2.5250926863342058,2.5007764780640365,2.4585702608640241,2.3899416318116611,2.2849977095904284,2.1332838175277882,1.9243303378072418,1.6465442917706468
1243,2.549999963900194,2.5499999345458129,2.5499997840833775,2.5499992049080484,2.5499970953429205,2.5499898129427541,2.5499661503418438,2.5498941231155601,2.5496893435839283,2.5491465555033104,2.5478067135833307,2.5447282666822248,2.5381446224066013,2.5250317142162682,2.500679018530819,2.458426613130074,2.3897464787788278,2.2847535516726021,2.1330030756613296,1.9240349232780147,1.6462618369081217
1244,2.5499999633991131,2.5499999336915398,2.5499997815407585,2.5499991964907318,2.5499970678184067,2.5499897270149585,2.5499658977919943,2.5498934293480566,2.5496875699907657,2.5491423479764204,2.547797469708446,2.5447094870675806,2.5381093817139386,2.52497067802098,2.5005814986886534,2.458282928999322,2.3895513347688522,2.2845094624204152,2.1327224609502635,1.9237396735874794,1.645979546475802
1245,2.549999962891881,2.5499999328274616,2.5499997789721713,2.5499991879974098,2.5499970400757053,2.5499896404946489,2.5499656437440121,2.5498927320870499,2.5496857889387443,2.5491381259688848,2.5477882004704036,2.5446906677872954,2.5380740865023497,2.5249095778157646,2.5004839186479271,2.4581392085961773,2.3893561998698871,2.2842654418354704,2.1324419732867477,1.9234445885144171,1.6456974203177843
1246,2.5499999623784331,2.5499999319534807,2.5499997763773941,2.5499991794275232,2.5499970121134528,2.5499895533787407,2.5499653881915565,2.549892031320935,2.549684000409421,2.5491338894563418,2.5477789058451936,2.5446718088311044,2.5380387367934172,2.5248484136680469,2.5003862785188891,2.4579954520447869,2.3891610741698091,2.2840214899192479,2.1321616125627907,1.9231496678385109,1.6454154582801479
1247,2.5499999618587039,2.5499999310695007,2.5499997737562023,2.5499991707805103,2.549996983930281,2.5499894656641384,2.5499651311282725,2.549891327038091,2.5496822043843475,2.5491296384144571,2.547769585808878,2.544652910188856,2.5380033326088287,2.5247871856452684,2.5002885784116473,2.457851659469009,2.3889659577561755,2.2837776066730879,2.1318813786703736,1.9228549113418736,1.6451336602013684
1248,2.549999961332627,2.5499999301754239,2.5499997711083719,2.5499991620558058,2.5499969555248154,2.5499893773477376,2.549964872547791,2.5498906192268866,2.5496804008450771,2.5491253728189238,2.5477602403375874,2.5446339718504989,2.5379678739703597,2.5247258938148738,2.5001908184361725,2.4577078309924372,2.3887708507162664,2.2835337920982037,2.1316012715013617,1.9225603188075568,1.6448520259209303
1249,2.5499999608001351,2.549999929271153,2.5499997684336768,2.5499991532528412,2.5499969268956746,2.5499892884264224,2.5499646124437301,2.5498899078756776,2.5496785897731629,2.5491210926454659,2.5477508694075244,2.5446149938060834,2.5379323608998701,2.5246645382443056,2.5000929987022951,2.4575639667384057,2.3885757531370917,2.2832900461956842,2.1313212909475325,1.9222658900193208,1.6445705552795664
1250,2.5499999602611618,2.5499999283565877,2.5499997657318882,2.549999144371045,2.5499968980414724,2.5499891988970687,2.549964350809693,2.549889192972806,2.5496767711501547,2.549116797869833,2.5477414729949612,2.5445959760457693,2.5378967934193231,2.5246031190010245,2.4999951193197059,2.4574200668299619,2.388380665105343,2.2830463689664824,2.1310414369005568,1.9219716247633547,1.6442892481124318
1251,2.5499999597156382,2.549999927431629,2.5499997630027771,2.5499991354098435,2.5499968689608159,2.5499891087565416,2.5499640876392706,2.5498884745066004,2.5496749449576042,2.5491124884678045,2.5477320510762413,2.5445769185598164,2.5378611715507686,2.5245416361524904,2.4998971803979577,2.4572761313898912,2.3881855867074395,2.2828027604114243,2.1307617092520403,1.9216775228266163,1.6440081042552217
1252,2.5499999591634963,2.5499999264961741,2.549999760246112,2.5499991263686574,2.5499968396523069,2.5499890180016962,2.5499638229260397,2.5498877524653798,2.5496731111770634,2.5491081644151912,2.5477226036277791,2.5445578213385853,2.5378254953163406,2.5244800897661639,2.499799182046464,2.4571321605407199,2.3879905180295298,2.2825592205312057,2.1304821078935627,1.9213835839966675,1.6437271235441273
1253,2.5499999586046664,2.5499999255501224,2.5499997574616611,2.5499991172469074,2.5499968101145409,2.5499889266293776,2.5499635566635637,2.5498870268374469,2.5496712697900801,2.5491038256878289,2.5477131306260588,2.5445386843725455,2.537789764738275,2.5244184799095182,2.4997011243744973,2.4569881544046894,2.3877954591574504,2.282315749326393,2.1302026327165358,1.9210898080633765,1.6434463058114679
1254,2.5499999580390793,2.5499999245933709,2.5499997546491899,2.549999108044009,2.5499967803461074,2.5499888346364212,2.5499632888453911,2.5498862976110934,2.5496694207782054,2.5490994722615827,2.5477036320476354,2.5445195076522662,2.5377539798388922,2.5243568066500277,2.499603007491193,2.4568441131037813,2.3876004101767667,2.2820723467974218,2.1299232836123552,1.920796194817278,1.6431656508897678
1255,2.5499999574666647,2.5499999236258168,2.5499997518084627,2.549999098759375,2.5499967503455903,2.549988742019651,2.5499630194650593,2.5498855647745984,2.5496675641229904,2.5490951041123493,2.5476941078691331,2.544500291168418,2.537718140640596,2.5242950700551643,2.4995048315055461,2.4567000367597194,2.3874053711727763,2.2818290129445935,2.12964406047243,1.9205027440494749,1.6428851586118307
1256,2.5499999568873526,2.549999922647356,2.5499997489392423,2.5499990893924154,2.5499967201115674,2.5499886487758832,2.5499627485160894,2.5498848283162281,2.5496656998059839,2.549090721216051,2.5476845580672483,2.5444810349117781,2.5376822471658902,2.5242332701924131,2.4994065965264123,2.4565559254939444,2.3872103422304676,2.2815857477680845,2.1293649631879785,1.9202094555531841,1.6426048288074089
1257,2.5499999563010705,2.5499999216578835,2.5499997460412902,2.5499990799425367,2.5499966896426098,2.5499885549019221,2.5499624759919906,2.5498840882242364,2.5496638278087356,2.5490863235486412,2.547674982618747,2.5444617388732231,2.537646299437363,2.5241714071292591,2.4993083026625085,2.456411779427639,2.3870153234345617,2.2813425512679379,2.1290859916502356,1.9199163291222392,1.6423246613064388
1258,2.5499999557077464,2.5499999206572936,2.5499997431143653,2.5499990704091422,2.5499966589372836,2.5499884603945642,2.5499622018862587,2.5498833444868669,2.5496619481127962,2.5490819110861027,2.5476653815004657,2.5444424030437296,2.5376102974776846,2.5241094809331823,2.4992099500224136,2.4562675986817286,2.3868203148695146,2.28109942344406,2.1288071457504794,1.9196233645510086,1.642044655939227
1259,2.5499999551073076,2.5499999196454795,2.5499997401582268,2.5499990607916323,2.5499966279941475,2.5499883652505941,2.5499619261923749,2.5498825970923482,2.5496600606997153,2.5490774838044459,2.5476557546893122,2.5444230274143806,2.5375742413096245,2.5240474916716771,2.4991115387145655,2.4561233833768585,2.3866253166194769,2.2808563642962327,2.1285284253797956,1.919330561635787,1.6417648125334123
1260,2.5499999544996803,2.5499999186223334,2.5499997371726306,2.5499990510894044,2.5499965968117553,2.5499882694667875,2.5499616489038073,2.5498818460288977,2.5496581655510431,2.549073041679712,2.5476461021622634,2.5444036119763607,2.5375381309560368,2.5239854394122365,2.4990130688472649,2.4559791336334142,2.3864303287683271,2.2806133738241057,2.1282498304292758,1.9190379201736241,1.6414851309165253
1261,2.5499999538847904,2.5499999175877486,2.5499997341573319,2.5499990413018505,2.5499965653886525,2.5499881730399001,2.5499613700139898,2.5498810912846706,2.5496562626482291,2.5490685846877765,2.5476364238960323,2.5443841567204371,2.5375019664391623,2.5239233242215486,2.4989145405279363,2.4558348495711053,2.3862353513998356,2.2803704520280723,2.1279713607916992,1.9187454399639448,1.6412056265465478
1262,2.5499999532625637,2.5499999165416147,2.5499997311120843,2.549999031428364,2.5499965337233843,2.5499880759667048,2.5499610895164078,2.5498803328479602,2.5496543519730319,2.5490641128051328,2.5476267198684108,2.5443646616390314,2.5374657477834224,2.5238611461687186,2.4988159538660821,2.4556905313106454,2.386040384597035,2.280127598905731,2.1276930163549341,1.9184531208014384,1.640926296450981
1263,2.5499999526329264,2.5499999154838227,2.5499997280366382,2.5499990214683312,2.5499965018144861,2.5499879782439381,2.5499608074044668,2.5498795707068971,2.549652433506898,2.5490596260077107,2.5476169900562446,2.544345126723099,2.5374294750112187,2.5237989053204148,2.4987173089688253,2.4555461789711956,2.385845428443135,2.279884814457239,2.1274147970117108,1.9181609624878631,1.6406471359199823
1264,2.5499999519958005,2.5499999144142613,2.5499997249307462,2.5499990114211362,2.5499964696604831,2.5499878798683349,2.5499605236715808,2.5498788048496519,2.5496505072313833,2.5490551242716717,2.5476072344367964,2.5443255519642354,2.5373931481457546,2.5237366017441478,2.4986186059439217,2.4554017926720992,2.3856504830209166,2.279642098681697,2.1271367026530812,1.9178689648237151,1.6403681431462924
1265,2.5499999513511109,2.5499999133328184,2.5499997217941544,2.5499990012861593,2.5499964372599022,2.54998778083662,2.5499602383111517,2.5498780352643791,2.5496485731280396,2.5490506075732067,2.5475974529873966,2.5443059373541304,2.5373567672103197,2.5236742355074102,2.4985198448989738,2.4552573725324316,2.3854555484128888,2.2793994515780778,2.1268587331701228,1.9175771276104014,1.6400893170327888
1266,2.5499999506987798,2.5499999122393828,2.5499997186266108,2.5499989910627785,2.549996404611258,2.5499876811455109,2.5499599513165676,2.5498772619392267,2.5496466311784252,2.5490460758885316,2.5475876456854429,2.5442862828845665,2.5373203322282762,2.5236118066776987,2.4984210259414503,2.4551129186710168,2.3852606247013006,2.2791568731452339,2.1265808884539252,1.9172854506501937,1.6398106567587054
1267,2.5499999500387283,2.5499999111338396,2.5499997154278615,2.5499989807503685,2.5499963717130623,2.5499875807917087,2.5499596626812049,2.5498764848623274,2.5496446813640925,2.5490415291938984,2.5475778125084032,2.5442665885474316,2.5372838432230775,2.5235493153225073,2.4983221491786769,2.454968431206408,2.38506571196812,2.278914363381872,2.1263031683955882,1.9169939337464224,1.6395321616904839
1268,2.5499999493708803,2.549999910016076,2.5499997121976485,2.5499989703483004,2.5499963385638207,2.5499874797719118,2.5499593723984226,2.5498757040218023,2.5496427236666013,2.5490369674655851,2.5475679534338185,2.5442468543347125,2.5372473002182625,2.5234867615093268,2.4982232147178438,2.4548239102569056,2.3848708102950469,2.2786719222865699,2.126025572886229,1.9167025767036461,1.6392538312957066
1269,2.549999948695155,2.5499999088859768,2.5499997089357143,2.5499989598559423,2.5499963051620305,2.549987378082804,2.5499590804615697,2.5498749194057639,2.5496407580675089,2.5490323906798986,2.5475580684392982,2.5442270802384961,2.5372107032374505,2.5234241453056523,2.4981242226659965,2.4546793559405433,2.3846759197635112,2.2784295498577629,2.125748101816991,1.9164113793280755,1.6389756651140028
1270,2.5499999480114734,2.5499999077434254,2.5499997056418002,2.5499989492726591,2.5499962715061848,2.5499872757210618,2.5499587868639813,2.549874131002309,2.549638784548375,2.5490277988131829,2.5475481575025216,2.5442072662509698,2.53717405230435,2.5233614667789754,2.4980251731300429,2.4545347683750962,2.3844810404546695,2.2781872460937529,2.1254707550790477,1.9161203414279502,1.6386976627289704
1271,2.5499999473197543,2.5499999065883046,2.5499997023156435,2.5499989385978097,2.5499962375947698,2.549987172683347,2.5499584915989781,2.5498733387995247,2.5496368030907619,2.549023191841806,2.5475382206012416,2.5441874123644199,2.5371373474427483,2.5232987259967823,2.4979260662167539,2.4543901476780858,2.3842861724494151,2.2779450109927044,2.1251935325636069,1.9158294628138579,1.6384198237595906
1272,2.5499999466199172,2.5499999054204987,2.5499996989569818,2.549998927830754,2.5499962034262662,2.5499870689663173,2.5499581946598688,2.5498725427854865,2.5496348136762306,2.5490185697421688,2.5475282577132763,2.5441675185712298,2.5371005886765174,2.523235923026562,2.4978269020327613,2.4542454939667739,2.3840913158283739,2.2777028445526488,2.1249164341619164,1.9155387432988809,1.6381421478540277
1273,2.5499999459118809,2.5499999042398867,2.5499996955655506,2.5499989169708455,2.5499961689991477,2.5499869645666169,2.5499578960399489,2.5498717429482594,2.5496328162863469,2.549013932490702,2.5475182688165177,2.5441475848638828,2.5370637760296111,2.5231730579357978,2.497727680684557,2.4541008073581656,2.383896470671909,2.2774607467714789,2.124639459765274,1.9152481826985173,1.6378646346822645
1274,2.5499999451955628,2.5499999030463503,2.5499996921410841,2.5499989060174375,2.5499961343118818,2.5499868594808821,2.5499575957325011,2.5498709392758951,2.5496308109026762,2.5490092800638675,2.5475082538889251,2.5441276112349596,2.5370269095260647,2.5231101307919723,2.497628402278496,2.4539560879690097,2.383701637060117,2.2772187176469521,2.1243626092650216,1.9149577808306177,1.6375872839385592
1275,2.5499999444708781,2.5499999018397679,2.5499996886833132,2.549998894969876,2.5499960993629305,2.5499867537057344,2.5499572937307922,2.5498701317564358,2.5496287975067857,2.5490046124381567,2.5474982129085291,2.5441075976771415,2.5369899891899954,2.5230471416625622,2.497529066920793,2.4538113359158031,2.3835068150728294,2.276976757176687,2.124085882552559,1.9146675375152153,1.6373100953261035
1276,2.5499999437377441,2.5499999006200196,2.5499996851919682,2.5499988838275063,2.5499960641507493,2.5499866472377906,2.549956990028079,2.5498693203779106,2.5496267760802462,2.5489999295900923,2.5474881458534298,2.5440875441832058,2.5369530150456026,2.5229840906150431,2.4974296747175244,2.4536665513147833,2.383312004789615,2.2767348653581658,2.1238092795193446,1.914377452574261,1.6370330685621903
1277,2.5499999429960778,2.5499998993869841,2.5499996816667791,2.5499988725896694,2.5499960286737866,2.5499865400736557,2.5499566846176038,2.5498685051283392,2.5496247466046298,2.5489952314962285,2.5474780527017966,2.5440674507460277,2.5369159871171658,2.5229209777168866,2.4973302257746282,2.4535217342819311,2.3831172062897803,2.2764930421887333,2.1235328000568989,1.9140875258316792,1.6367562033736474
1278,2.5499999422457917,2.5499998981405363,2.5499996781074716,2.5499988612557032,2.5499959929304863,2.5499864322099244,2.5499563774925971,2.5498676859957299,2.5496227090615098,2.54899051813315,2.5474679334318719,2.5440473173585803,2.5368789054290466,2.5228578030355591,2.4972307201979032,2.4533768849329785,2.3829224196523726,2.2762512876655969,2.1232564440568229,1.9137977571124338,1.6364794994918268
1279,2.5499999414868006,2.5499998968805517,2.5499996745137703,2.549998849824942,2.5499959569192856,2.5499863236431817,2.5499560686462752,2.5498668629680794,2.5496206634324627,2.5489857894774715,2.5474577880219655,2.5440271440139357,2.5368417700056858,2.5227945666385234,2.4971311580930098,2.4532320033833996,2.3827276449561743,2.2760096017858262,2.122980211410777,1.9135081462434058,1.636202956660388
1280,2.5499999407190184,2.5499998956069065,2.5499996708853989,2.5499988382967165,2.5499959206386142,2.5499862143700014,2.5499557580718402,2.5498660360333729,2.5496186096990661,2.5489810455058413,2.547447616450456,2.5440069307052604,2.5368045808716015,2.5227312685932359,2.4970315395654694,2.453087089748418,2.3825328822797105,2.2757679845463543,2.1227041020105131,1.9132186930519022,1.6359265746258476
1281,2.5499999399423574,2.5499998943194755,2.549999667222079,2.5499988266703553,2.5499958840868961,2.5499861043869485,2.5499554457624827,2.5498652051795858,2.5496165478429011,2.5489762861949359,2.547437418695794,2.5439866774258197,2.5367673380513946,2.5226679089671493,2.4969318647206649,2.4529421441430044,2.382338131701248,2.2755264359439766,2.1224281157478675,1.9129293973663357,1.635650353141783
1282,2.5499999391567303,2.5499998930181298,2.5499996635235322,2.5499988149451815,2.5499958472625504,2.5499859936905782,2.5499551317113811,2.5498643703946819,2.5496144778455512,2.5489715115214646,2.5474271947364993,2.5439663841689755,2.5367300415697445,2.522604487827711,2.4968321336638422,2.4527971666818771,2.3821433932987959,2.2752849559753501,2.1221522525147645,1.9126402590158418,1.635374291966982
1283,2.5499999383620482,2.5499998917027433,2.5499996597894765,2.5499988031205172,2.5499958101639879,2.5499858822774342,2.5499548159116996,2.5498635316666145,2.5496123996886007,2.5489667214621665,2.5474169445511614,2.5439460509281857,2.5366926914514085,2.5225410052423629,2.4967323465001074,2.4526521574795002,2.3819486671501005,2.2750435446369948,2.1218765122032042,1.91235127783089,1.6350983908674681
1284,2.549999937558221,2.5499998903731869,2.5499996560196272,2.5499987911956792,2.5499957727896141,2.5499857701440516,2.5499544983565894,2.5498626889833256,2.5496103133536403,2.5489619159938148,2.5474066681184389,2.5439256776970036,2.5366552877212212,2.5224774612785383,2.4966325033344274,2.4525071166500934,2.3817539533326606,2.2748022019252958,2.1216008947053377,1.9120624536409645,1.6348226496064566
1285,2.549999936745158,2.5499998890293298,2.5499996522136983,2.5499987791699819,2.5499957351378284,2.5499856572869541,2.5499541790391898,2.549861842332747,2.54960821882226,2.5489570950932117,2.5473963654170606,2.5439052644690801,2.5366178304040981,2.5224138560036682,2.496532604271632,2.4523620443076184,2.3815592519237079,2.2745609278364989,2.1213253999133541,1.9117737862778197,1.6345470679593341
1286,2.5499999359227696,2.5499998876710426,2.5499996483714038,2.5499987670427351,2.5499956972070241,2.5499855437026566,2.5499538579526253,2.5498609917028001,2.5496061160760535,2.5489522587371916,2.5473860364258254,2.5438848112381618,2.5365803195250289,2.5223501894851736,2.4964326494164122,2.4522169405657941,2.3813645630002291,2.2743197223667133,2.1210500277196247,1.9114852755719416,1.6342716456969404
1287,2.5499999350909639,2.5499998862981932,2.5499996444924546,2.5499987548132457,2.5499956589955874,2.549985429387664,2.5499535350900091,2.5498601370813954,2.5496040050966187,2.5489474069026206,2.5473756811236017,2.5438643179980915,2.5365427551090849,2.5222864617904706,2.4963326388733207,2.4520718055380857,2.3811698866389497,2.2740785855119099,2.1207747780165991,1.9111969213548399,1.6339963825965107
1288,2.5499999342496489,2.5499998849106489,2.5499996405765608,2.5499987424808177,2.5499956205018988,2.5499853143384703,2.5499532104444405,2.5498592784564322,2.5496018858655547,2.5489425395663963,2.5473652994893268,2.5438437847428061,2.5365051371814107,2.5222226729869681,2.4962325727467718,2.4519266393377097,2.380975222916343,2.2738375172679244,2.1204996506968543,1.9109087234582929,1.6337212784382005
1289,2.5499999333987304,2.549999883508276,2.5499996366234297,2.5499987300447509,2.5499955817243323,2.5499851985515596,2.549952884009008,2.5498584158158013,2.5495997583644652,2.5489376567054483,2.5473548915020077,2.5438232114663371,2.5364674657672266,2.5221588231420631,2.4961324511410417,2.4517814420776376,2.3807805719086352,2.2735965176304584,2.1202246456531477,1.910620681713489,1.6334463330011459
1290,2.5499999325381157,2.5499998820909395,2.5499996326327667,2.5499987175043421,2.5499955426612551,2.5499850820234058,2.5499525557767861,2.5498575491473807,2.5495976225749559,2.5489327582967372,2.5473444571407207,2.5438025981628121,2.5364297408918333,2.5220949123231513,2.4960322741602674,2.4516362138705867,2.3805859336917909,2.2733555865950725,2.1199497627782984,1.9103327959526477,1.633171546070687
1291,2.5499999316677093,2.5499998806585045,2.5499996286042763,2.549998704858885,2.5499955033110284,2.5499849647504735,2.5499522257408351,2.5498566784390397,2.5495954784786372,2.5489278443172569,2.547333996384614,2.5437819448264536,2.5363919625806006,2.5220309405976145,2.4959320419084503,2.4514909548290378,2.3803913083415345,2.2731147241571983,2.1196750019653705,1.9100450660072863,1.6328969174307784
1292,2.5499999307874175,2.5499998792108349,2.5499996245376595,2.5499986921076689,2.5499954636720075,2.5499848467292168,2.5499518938942036,2.549855803678637,2.5495933260571215,2.5489229147440322,2.547323509212903,2.5437612514515791,2.5363541308589799,2.5219669080328302,2.4958317544894517,2.4513456650652161,2.3801966959333289,2.2728739303121257,2.1194003631074869,1.9097574917095681,1.6326224468698343
1293,2.5499999298971421,2.5499998777477924,2.5499996204326174,2.5499986792499794,2.5499954237425402,2.5499847279560797,2.5499515602299279,2.5498549248540203,2.5495911652920253,2.54891796955412,2.5473129956048726,2.5437405180325978,2.5363162457524946,2.5219028146961642,2.4957314120069958,2.451200344691105,2.3800020965423956,2.2726332050550146,2.1191258460979916,1.9094700728914353,1.6323481341764758
1294,2.5499999289967872,2.5499998762692391,2.5499996162888494,2.5499986662850986,2.5499953835209697,2.5499846084274971,2.5499512247410321,2.5498540419530289,2.5495889961649691,2.5489130087246097,2.5473024555398753,2.5437197445640143,2.5362783072867421,2.5218386606549723,2.4956310145646676,2.4510549938184436,2.3798075102437046,2.2723925483808887,2.1188514508303808,1.909182809384907,1.6320739791411984
1295,2.5499999280862551,2.5499998747750348,2.5499996121060517,2.5499986532123065,2.549995343005631,2.5499844881398928,2.5499508874205259,2.5498531549634902,2.5495868186575765,2.5489080322326214,2.5472918889973366,2.5436989310404301,2.5362403154873987,2.5217744459766065,2.4955305622659147,2.4509096125587182,2.3796129371119696,2.2721519602846341,2.11857717719825,1.9088957010222722,1.6317999815576609
1296,2.5499999271654468,2.5499998732650395,2.5499996078839193,2.5499986400308781,2.549995302194854,2.5499843670896798,2.5499505482614078,2.5498522638732219,2.5495846327514742,2.5489030400553094,2.5472812959567488,2.5436780774565357,2.5362022703802096,2.5217101707284035,2.4954300552140469,2.4507642010231789,2.379418377221667,2.2719114407610084,2.1183030250954435,1.9086087476356206,1.6315261412189019
1297,2.5499999262342645,2.5499998717391112,2.5499996036221444,2.5499986267400856,2.5499952610869618,2.5499842452732628,2.5499502072566629,2.549851368670033,2.549582438428295,2.5488980321698604,2.5472706763976758,2.5436571838071171,2.5361641719909929,2.5216458349776909,2.4953294935122372,2.4506187593228317,2.3792238306470255,2.271670989804635,2.1180289944159774,1.9083219490570817,1.6312524579194103
1298,2.5499999252926075,2.5499998701971078,2.5499995993204188,2.5499986133391976,2.5499952196802713,2.549984122687035,2.5499498643992635,2.5498504693417208,2.549580235669672,2.5488930085534918,2.547260030299749,2.5436362500870562,2.5361260203456464,2.5215814387917912,2.4952288772635196,2.4504732875684296,2.3790292974620151,2.2714306074099979,2.1177550850539593,1.9080353051190242,1.6309789314570582
1299,2.549999924340375,2.5499998686388845,2.5499995949784315,2.5499985998274788,2.5499951779730918,2.5499839993273805,2.5499495196821704,2.5498495658760736,2.5495780244572459,2.5488879691834541,2.5472493576426687,2.5436152762913231,2.5360878154701352,2.5215169822380101,2.4951282065707905,2.4503277858704937,2.3788347777403742,2.2711902935714581,2.1174812969037666,1.9077488156536653,1.6307055616285822
1300,2.5499999233774653,2.5499998670642983,2.5499995905958701,2.5499985862041896,2.549995135963727,2.5499838751906738,2.5499491730983315,2.5498486582608706,2.5495758047726604,2.5488829140370299,2.5472386584062043,2.5435942624149814,2.5360495573904962,2.5214524653836423,2.4950274815368094,2.4501822543393015,2.3786402715555943,2.270950048283245,2.1172076298599563,1.9074624804932463,1.6304323482318299
1301,2.5499999224037762,2.5499998654732021,2.5499995861724205,2.5499985724685881,2.5499950936504745,2.5499837502732783,2.5499488246406812,2.5498477464838802,2.5495735765975618,2.5488778430915349,2.5472279325701956,2.5435732084531919,2.5360112461328459,2.5213878882959779,2.494926702264197,2.4500366930848791,2.3784457789809106,2.2707098715394469,2.1169340838171977,1.9071762994701535,1.6301592910676139
1302,2.5499999214192037,2.5499998638654495,2.5499995817077661,2.5499985586199285,2.5499950510316247,2.5499836245715475,2.5499484743021417,2.5498468305328617,2.5495713399136029,2.5488727563243172,2.5472171801145502,2.5435521144012028,2.5359728817233633,2.5213232510422889,2.4948258688554374,2.4498911022170224,2.3782513000893282,2.2704697633340323,2.1166606586704146,1.9068902724167833,1.6298863899360063
1303,2.5499999204236459,2.5499998622408939,2.5499995772015884,2.5499985446574609,2.549995008105463,2.5499834980818248,2.5499481220756239,2.5498459103955651,2.5495690947024401,2.5488676537127581,2.547206401019245,2.5435309802543542,2.5359344641883017,2.521258553689838,2.4947249814128769,2.4497454818452855,2.3780568349536093,2.2702297236608393,2.1163873543147185,1.906604399165573,1.6296136446380283
1304,2.5499999194169978,2.5499998605993857,2.5499995726535687,2.5499985305804329,2.5499949648702671,2.5499833708004447,2.5499477679540239,2.5498449860597301,2.5495668409457322,2.5488625352342709,2.547195595264327,2.5435098060080836,2.5358959935539902,2.5211937963058784,2.494624040038723,2.4495998320789729,2.3778623836462596,2.2699897525135659,2.1161141706453614,1.9063186795489822,1.6293410549768572
1305,2.5499999183991529,2.5499998589407746,2.5499995680633831,2.5499985163880865,2.5499949213243087,2.5499832427237297,2.5499474119302281,2.549844057513087,2.5495645786251462,2.5488574008663023,2.54718476282991,2.5434885916579142,2.5358574698468233,2.521128978957647,2.4945230448350482,2.4494541530271592,2.3776679462395576,2.2697498498857955,2.1158411075578254,1.9060331133996364,1.6290686207555165
1306,2.5499999173700045,2.5499998572649103,2.5499995634307089,2.5499985020796618,2.5499948774658523,2.5499831138479943,2.5499470539971085,2.5498431247433575,2.5495623077223524,2.5488522505863322,2.5471739036961787,2.5434673371994618,2.5358188930932641,2.5210641017123674,2.4944219959037874,2.4493084447986799,2.377473522805539,2.2695100157709827,2.1155681649477818,1.9057477005502315,1.6287963417778986
1307,2.5499999163294458,2.5499998555716399,2.5499995587552196,2.5499984876543942,2.5499948332931566,2.5499829841695414,2.5499466941475259,2.5498421877382529,2.5495600282190241,2.5488470843718729,2.5471630178433857,2.5434460426284375,2.5357802633198547,2.520999164637256,2.4943208933467376,2.4491627075021221,2.3772791134159887,2.269270250162442,2.1152953427110681,1.9054624408334238,1.6285242178494586
1308,2.5499999152773687,2.5499998538608115,2.5499995540365878,2.5499984731115162,2.5499947888044741,2.5499828536846652,2.5499463323743283,2.5498412464854758,2.5495577400968421,2.5488419022004689,2.5471521052518518,2.5434247079406389,2.5357415805531982,2.5209341677995121,2.4942197372655577,2.4490169412458447,2.3770847181424628,2.2690305530533772,2.1150226407437285,1.9051773340821094,1.6282522487757483
1309,2.5499999142136645,2.5499998521322693,2.5499995492744834,2.549998458450256,2.5499947439980502,2.5499827223896485,2.5499459686703512,2.5498403009727202,2.5495554433374896,2.5488367040496995,2.5471411659019667,2.5434033331319537,2.5357028448199688,2.52086911126632,2.4941185277617706,2.4488711461379675,2.3768903370562793,2.2687909244368649,2.1147500589419947,1.9048923801292792,1.6279804343631075
1310,2.5499999131382238,2.5499998503858592,2.5499995444685761,2.5499984436698386,2.5499946988721232,2.549982590280766,2.549945603028418,2.5498393511876687,2.5495531379226555,2.5488314898971751,2.5471301997741906,2.5433819181983655,2.5356640561469157,2.5208039951048566,2.4940172649367613,2.4487253222863652,2.3766959702285044,2.268551364305845,2.1144775972022849,1.9046075788078933,1.6277087744191883
1311,2.5499999120509358,2.5499998486214239,2.5499995396185309,2.5499984287694857,2.5499946534249265,2.5499824573542798,2.549945235441339,2.5498383971179974,2.5495508238340343,2.5488262597205411,2.5471192068490502,2.5433604631359441,2.5356252145608495,2.5207388193822795,2.4939159488917788,2.4485794697986849,2.3765016177299803,2.268311872653149,2.1142052554212039,1.9043229299511655,1.6274372687517396
1312,2.5499999109516893,2.5499998468388076,2.5499995347240123,2.5499984137484137,2.549994607654686,2.5499823236064443,2.5499448659019133,2.5498374387513723,2.5495485010533274,2.5488210134974767,2.5471081871071415,2.5433389679408496,2.5355863200886497,2.5206735841657313,2.4938145797279354,2.4484335887823385,2.3763072796313107,2.2680724494714841,2.1139330334955466,1.9040384333924236,1.6271659171692086
1313,2.5499999098403716,2.5499998450378509,2.5499995297846834,2.5499983986058377,2.5499945615596205,2.5499821890335017,2.549944494402927,2.5498364760754497,2.5495461695622383,2.5488157512056921,2.5470971405291301,2.5433174326093346,2.5355473727572702,2.5206082895223463,2.493713157546205,2.448287679344491,2.3761129560028507,2.267833094753422,2.1136609313222992,1.9037540889649989,1.6268947194812349
1314,2.5499999087168699,2.5499998432183939,2.5499995248002043,2.549998383340967,2.5499945151379442,2.5499820536316862,2.5499441209371549,2.5498355090778779,2.5495438293424768,2.5488104728229319,2.5470860670957491,2.5432958571377395,2.5355083725937249,2.5205429355192384,2.4936116824474266,2.4481417415920839,2.3759186469147329,2.2675938084914287,2.1133889487986228,1.903469896502481,1.6266236754975536
1315,2.54999990758107,2.5499998413802762,2.5499995197702336,2.5499983679530072,2.5499944683878621,2.5499819173972207,2.5499437454973601,2.5498345377462965,2.5495414803757592,2.5488051783269752,2.5470749667877985,2.543274241522492,2.535469319625097,2.5204775222235067,2.4935101545323008,2.4479957756318234,2.3757243524368539,2.2673545906778503,2.1131170858218642,1.9031858558385921,1.6263527850285271
1316,2.5499999064328582,2.5499998395233359,2.5499995146944285,2.549998352441162,2.5499944213075749,2.5499817803263181,2.5499433680762924,2.5498335620683346,2.549539122643806,2.5487998676956325,2.5470638395861496,2.5432525857601145,2.5354302138785414,2.5204120497022404,2.4934085739013923,2.4478497815701719,2.3755300726388637,2.2671154413048984,2.1128453422895679,1.902901966807085,1.6260820478855655
1317,2.5499999052721178,2.5499998376474102,2.549999509572443,2.5499983368046295,2.5499943738952764,2.5499816424151827,2.5499429886666882,2.5498325820316143,2.5495367561283437,2.5487945409067501,2.5470526854717401,2.543230889847214,2.5353910553812744,2.5203465180225075,2.4933069406551294,2.4477037595133679,2.3753358075901909,2.2668763603646838,2.1125737180994411,1.9026182292419835,1.6258114638802441
1318,2.5499999040987325,2.5499998357523337,2.549999504403929,2.5499983210426054,2.549994326149152,2.5499815036600073,2.5499426072612739,2.5498315976237498,2.5495343808111062,2.5487891979382065,2.547041504425577,2.5432091537804862,2.5353518441605778,2.5202809272513611,2.4932052548938035,2.4475577095674175,2.3751415573600299,2.2666373478492008,2.1123022131493734,1.9023346429774615,1.6255410328247168
1319,2.5499999029125853,2.5499998338379419,2.5499994991885382,2.5499983051542805,2.5499942780673823,2.549981364056976,2.5499422238527627,2.5498306088323437,2.5495319966738292,2.548783838767914,2.5470302964287361,2.5431873775567198,2.5353125802438061,2.5202152774558435,2.4931035167175697,2.447411631838083,2.3749473220173316,2.2663984037503093,2.1120308273374535,1.9020512078477452,1.6252707545320295
1320,2.5499999017135573,2.549999831904068,2.5499994939259185,2.5499982891388431,2.5499942296481413,2.5499812236022623,2.5499418384338566,2.5498296156449918,2.5495296036982564,2.548778463373818,2.5470190614623611,2.5431655611727888,2.5352732636583766,2.5201495687029762,2.4930017262264474,2.4472655264309018,2.3747531016308194,2.2661595280597626,2.1117595605619393,1.9017679236872809,1.6250006288156067
1321,2.5499999005015295,2.5499998299505453,2.5499994886157165,2.5499982729954738,2.5499941808895907,2.5499810822920157,2.5499414509972191,2.5498286180492253,2.549527201866026,2.5487730717336929,2.5470077995073179,2.5431437046251464,2.5352338944311015,2.5200838010590223,2.4928998835196663,2.4471193934508468,2.3745588962691926,2.2659207207700791,2.1114884127227311,1.9014847903326912,1.6247306993648161
1322,2.5499998992763802,2.5499998279772047,2.5499994832575759,2.5499982567233568,2.5499941317899006,2.5499809401224152,2.5499410615355798,2.549827616032736,2.5495247911591208,2.5487676638259686,2.5469965105455739,2.5431218079118594,2.535194472590856,2.5200179745924527,2.4927979886982792,2.4469732330036731,2.3743647060003217,2.2656819818710576,2.1112173837154375,1.9012018076149826,1.6244609581488667
1323,2.5499998980379912,2.549999825983877,2.5499994778511414,2.5499982403216674,2.54999408234722,2.5499807970895905,2.5499406700415785,2.5498266095830373,2.5495223715591884,2.5487622396284833,2.5469851945581339,2.5430998710295571,2.5351549981645851,2.5199520893694944,2.4926960418612398,2.4468270451938805,2.3741705308924361,2.2654433113549839,2.1109464734403347,1.9009189753710618,1.6241913922213884
1324,2.5499998967862392,2.5499998239703885,2.5499994723960513,2.5499982237895775,2.5499940325596953,2.5499806531896745,2.5499402765078694,2.5498255986876917,2.5495199430479967,2.5487567991193187,2.5469738515264111,2.5430778939754646,2.5351154711799642,2.5198861454571051,2.4925940431080238,2.4466808301260898,2.373976371013339,2.2652047092131622,2.1106756817963577,1.9006362934361116,1.6239219968522445
1325,2.5499998955210015,2.5499998219365705,2.5499994668919448,2.5499982071262544,2.5499939824254678,2.5499805084187925,2.5499398809270928,2.5498245833342539,2.5495175056073212,2.5487513422765931,2.5469624814318901,2.5430558767468958,2.5350758916647309,2.51982014292222,2.492491992537972,2.4465345879046829,2.3737822264306079,2.2649661754367925,2.1104050086826152,1.900353761645529,1.6236527692174854
1326,2.5499998942421542,2.5499998198822471,2.5499994613384582,2.5499981903308639,2.5499939319426721,2.549980362773058,2.5499394832918805,2.5498235635102673,2.5495150592189408,2.5487458690784539,2.5469510842561229,2.5430338193412494,2.535036259646688,2.5197540818317608,2.4923898902502848,2.4463883186338209,2.3735880972115906,2.2647277100169614,2.1101344539983868,1.9000713798350357,1.6233837073740969
1327,2.5499998929495731,2.5499998178072447,2.5499994557352248,2.5499981734025674,2.5499938811094327,2.5499802162485721,2.5499390835948486,2.5498225392032716,2.5495126038646454,2.5487403795030872,2.5469396599807275,2.5430117217560135,2.5349965751537016,2.5196879622526245,2.4922877363440281,2.4462420224174259,2.3733939834234041,2.2644893129446499,2.1098640176431127,1.8997891478410454,1.6231148098421289
1328,2.5499998916431323,2.5499998157113883,2.5499994500818781,2.5499981563405214,2.5499938299238738,2.5499800688414296,2.5499386818286038,2.5498215104007951,2.5495101395262254,2.5487348735287094,2.5469282085873912,2.5429895839887595,2.5349568382136995,2.5196217842516955,2.4921855309181336,2.4460956993592027,2.3731998851329417,2.2642509842107317,2.1095936995164006,1.8995070655015334,1.6228460754173752
1329,2.5499998903227046,2.5499998135944986,2.5499994443780465,2.5499981391438777,2.5499937783841067,2.5499799205477132,2.549938277985742,2.5498204770903579,2.5495076661854839,2.5487293511335749,2.546916730057871,2.5429674060371505,2.5349170488546728,2.5195555478958407,2.4920832740713958,2.4459493495626199,2.3730058024068708,2.2640127238059709,2.1093234995180179,1.8992251326570684,1.6225775031086933
1330,2.5499998889881645,2.5499998114563991,2.5499994386233595,2.5499981218117873,2.5499937264882386,2.5499797713634971,2.5499378720588433,2.5498194392594762,2.5495051838242273,2.548723812295969,2.5469052243739858,2.5429451878989311,2.5348772071046746,2.5194892532519018,2.4919809659024743,2.4458029731309257,2.3728117353116294,2.2637745317210327,2.1090534175478939,1.8989433491518455,1.6223090920702885
1331,2.5499998876393826,2.5499998092969105,2.5499994328174425,2.5499981043433961,2.5499936742343721,2.549979621284844,2.5499374640404802,2.5498183968956534,2.5495026924242672,2.5487182569942162,2.5468936915176292,2.5429229295719327,2.5348373129918182,2.5194229003867057,2.491878606509891,2.4456565701671362,2.372617683913433,2.2635364079464733,2.1087834535061165,1.8986617148346316,1.6220408415549961
1332,2.5499998862762281,2.5499998071158525,2.5499994269599191,2.5499980867378444,2.5499936216206005,2.5499794703078082,2.549937053923212,2.5498173499863879,2.5495001919674265,2.5487126852066675,2.5468821314707553,2.5429006310540729,2.534797366544284,2.5193564893670595,2.4917761959920384,2.4455101407740467,2.3724236482782719,2.2632983524727472,2.1085136072929314,1.8983802295592507,1.6217727508916322
1333,2.5499998848985719,2.5499998049130426,2.5499994210504107,2.5499980689942698,2.549993568645009,2.5499793184284312,2.5499366416995848,2.5498162985191692,2.5494976824355304,2.5487070969117158,2.5468705442153916,2.5428782923433575,2.5347573677903084,2.5192900202597528,2.4916737344471667,2.4453636850542222,2.3722296284719127,2.2630603652902055,2.1082438788087385,1.8980988931845977,1.6215048194724833
1334,2.5499998835062838,2.5499998026882973,2.549999415088537,2.5499980511118077,2.5499935153056801,2.5499791656427488,2.5499362273621347,2.5498152424814799,2.5494951638104149,2.5487014920877846,2.5468589297336308,2.5428559134378741,2.5347173167581905,2.5192234931315514,2.4915712219733943,2.4452172031100052,2.3720356245598988,2.2628224463891002,2.1079742679540945,1.8978177055742729,1.6212370467411779
1335,2.5499998820992311,2.5499998004414328,2.5499994090739149,2.5499980330895871,2.5499934616006872,2.5499790119467844,2.5499358109033858,2.5498141818607949,2.5494926360739214,2.5486958707133338,2.5468472880076329,2.5428334943357966,2.5346772134762903,2.5191569080492027,2.4914686586687038,2.4450706950435128,2.371841636607551,2.2625845957595807,2.1077047746297093,1.89753666659633,1.6209694321883765
1336,2.5499998806772792,2.5499997981722653,2.5499994030061601,2.5499980149267318,2.5499934075280977,2.5499788573365492,2.5499353923158514,2.5498131166445801,2.5494900992078975,2.5486902327668566,2.5468356190196246,2.5428110350353847,2.5346370579730269,2.5190902650794369,2.491366044630944,2.444924160956639,2.371647664679966,2.2623468133916966,2.1074353987364449,1.8972557761227731,1.6207019753390528
1337,2.5499998792402958,2.549999795880606,2.549999396884886,2.5499979966223671,2.5499933530859717,2.5499787018080498,2.5499349715920308,2.5498120468202949,2.5494875531941998,2.5486845782268817,2.5468239227519001,2.5427885355349806,2.5345968502768814,2.5190235642889593,2.4912633799578257,2.4447776009510527,2.3714537088420231,2.2621090992754014,2.1071661401753135,1.8969750340286591,1.6204346757415804
1338,2.5499998777881454,2.5499997935662675,2.5499993907097034,2.5499979781756097,2.549993298272363,2.5499785453572783,2.5499345487244152,2.5498109723753917,2.5494849980146919,2.5486789070719724,2.5468121991868213,2.5427659958330135,2.5345565904163938,2.5189568057444567,2.491160664746928,2.4446310151282011,2.3712597691583772,2.2618714534005484,2.1068969988474815,1.8966944401918466,1.6201675329722611
1339,2.5499998763206912,2.5499997912290606,2.5499993844802207,2.549997959585574,2.5499932430853187,2.5499783879802176,2.5499341237054822,2.5498098932973141,2.5494824336512432,2.5486732192807269,2.5468004483068207,2.5427434159279971,2.5345162784201629,2.5188899895125947,2.4910578990956944,2.444484403589307,2.3710658456934648,2.261633875756893,2.1066279746542667,1.8964139944924188,1.6199005466272351
1340,2.5499998748377966,2.5499997888687953,2.5499993781960448,2.5499979408513704,2.5499931875228783,2.5499782296728442,2.5499336965276957,2.5498088095735012,2.5494798600857322,2.5486675148317763,2.5467886700943905,2.5427207958185254,2.5344759143168476,2.5188231156600169,2.4909550831014315,2.4443377664353712,2.3708719385115002,2.2613963663340968,2.106359067497142,1.8961336968117195,1.6196337163206049
1341,2.5499998733393228,2.5499997864852797,2.5499993718567802,2.5499979219721043,2.5499931315830762,2.5499780704311203,2.5499332671835129,2.5498077211913817,2.5494772773000456,2.5486617937037894,2.5467768645320956,2.5426981355032798,2.5344354981351644,2.5187561842533475,2.4908522168613136,2.4441911037671749,2.3706780476764848,2.2611589251217268,2.1060902772777408,1.8958535470317026,1.6193670416811534
1342,2.5499998718251322,2.5499997840783202,2.5499993654620288,2.5499979029468776,2.5499930752639397,2.5499779102509996,2.5499328356653761,2.5498066281383771,2.5494746852760763,2.5486560558754681,2.5467650316025665,2.542675434981025,2.5343950299038891,2.5186891953591894,2.4907493004723786,2.4440444156852745,2.3704841732521955,2.2609215521092527,2.1058216038978492,1.8955735450366855,1.6191005223598078
1343,2.5499998702950837,2.5499997816477231,2.549999359011391,2.5499978837747896,2.5499930185634878,2.549977749128427,2.5499324019657177,2.5498055304019047,2.5494720839957248,2.5486503013255501,2.5467531712885005,2.5426526942506076,2.5343545096518549,2.5186221490441203,2.4906463340315326,2.443897702290009,2.3702903153021957,2.2606842472860533,2.105553047259435,1.8952936907093156,1.6188341580102159
1344,2.5499998687490368,2.5499997791932931,2.5499993525044644,2.5499978644549355,2.5499929614797332,2.549977587059336,2.5499319660769575,2.549804427969371,2.5494694734408991,2.5486445300328082,2.5467412835726613,2.5426299133109596,2.5343139374079535,2.5185550453746988,2.4905433176355452,2.4437509636814942,2.3700964738898276,2.2604470106414101,2.1052846072646143,1.8950139839346583,1.6185679483091189
1345,2.5499998671868491,2.5499997767148326,2.5499993459408454,2.5499978449864042,2.5499929040106837,2.5499774240396507,2.5499315279915056,2.5498033208281785,2.5494668535935165,2.5486387419760494,2.5467293684378802,2.5426070921610933,2.5342733132011337,2.5184878844174596,2.4904402513810515,2.4436041999596285,2.3699026490782211,2.2602098421645183,2.1050162838157163,1.8947344245951825,1.6183018929309088
1346,2.549999865608378,2.5499997742121443,2.5499993393201268,2.5499978253682816,2.54999284615434,2.5499772600652864,2.5499310877017591,2.5498022089657213,2.5494642244355017,2.5486329371341165,2.5467174258670551,2.542584230800105,2.5342326370604034,2.5184206662389164,2.4903371353645527,2.4434574112240877,2.3697088409302864,2.2599727418444759,2.1047480768152154,1.894455012575113,1.6180359915698435
1347,2.5499998640134787,2.5499997716850284,2.5499993326418999,2.5499978055996513,2.5499927879086925,2.5499770951321468,2.5499306452001052,2.5498010923693868,2.5494615859487872,2.5486271154858864,2.546705455843151,2.5425613292271749,2.5341919090148242,2.5183533909055589,2.4902339696824174,2.4433105975743321,2.3695150495087236,2.2597357096702972,2.1044799861658308,1.8941757477562433,1.6177702439190718
1348,2.5499998624020059,2.5499997691332839,2.5499993259057532,2.5499977856795915,2.5499927292717279,2.5499769292361258,2.5499302004789195,2.5497999710265544,2.5494589381153134,2.5486212770102723,2.5466934583491989,2.5425383874415646,2.5341511290935159,2.5182860584838549,2.4901307544308793,2.4431637591096007,2.3693212748760133,2.2594987456309021,2.1042120117704339,1.893896630021136,1.6175046496864083
1349,2.5499998607738141,2.5499997665567089,2.549999319111274,2.5499977656071757,2.5499926702414268,2.5499767623731091,2.5499297535305647,2.5497988449245992,2.5494562809170294,2.5486154216862222,2.5466814333682963,2.5425154054426171,2.5341102973256544,2.5182186690402486,2.4900274897060366,2.4430168959289165,2.3691275170944257,2.2592618497151227,2.1039441535321681,1.893617659250495,1.6172392085812297
1350,2.5499998591287563,2.5499997639551006,2.549999312258048,2.5499977453814737,2.5499926108157625,2.5499765945389701,2.5499293043473936,2.5497977140508872,2.5494536143358921,2.5486095494927201,2.5466693808836074,2.5424923832297588,2.5340694137404718,2.5181512226411611,2.4899241756038557,2.442870008131083,2.3689337762260161,2.2590250219117012,2.103676411354344,1.8933388353249785,1.6169739203235702
1351,2.5499998574666836,2.5499997613282539,2.5499993053456556,2.5499977250015524,2.5499925509926991,2.5499764257295752,2.5499288529217492,2.5497965783927792,2.5494509383538677,2.5486036604087845,2.5466573008783628,2.542469320802494,2.5340284783672544,2.5180837193529881,2.4898208122201688,2.4427230958146899,2.3687400523326301,2.2587882622092987,2.1034087851405854,1.8930601581236379,1.6167087846344594
1352,2.5499998557874468,2.5499997586759631,2.5499992983736774,2.549997704466473,2.5499924907701952,2.5499762559407793,2.5499283992459616,2.5497954379376275,2.5494482529529292,2.5485977544134699,2.54664519333586,2.5424462181604137,2.5339874912353473,2.5180161592421038,2.4897173996506745,2.4425761590781065,2.3685463454758962,2.25855157059648,2.1031412747946523,1.8927816275253999,1.6164438012465494
1353,2.5499998540908959,2.5499997559980203,2.5499992913416913,2.5499976837752945,2.5499924301462045,2.549976085168427,2.5499279433123503,2.5497942926727797,2.5494455581150599,2.5485918314858647,2.5466330582394625,2.5424230753031876,2.5339464523741482,2.5179485423748584,2.4896139379909368,2.4424291980194872,2.3683526557172341,2.258314947061729,2.1028738802206037,1.8925032434078843,1.6161789698945019
1354,2.5499998523768794,2.5499997532942178,2.5499992842492722,2.5499976629270709,2.5499923691186717,2.5499759134083528,2.5499274851132223,2.5497931425855769,2.5494428538222498,2.5485858916050947,2.5466208955725995,2.5423998922305668,2.5339053618131073,2.5178808688175764,2.4895104273363873,2.4422822127367723,2.3681589831178567,2.2580783915934473,2.1026066013227944,1.8922250056474832,1.615914290315301
1355,2.549999850645245,2.5499997505643446,2.5499992770959943,2.5499976419208523,2.5499923076855353,2.5499757406563819,2.549927024640875,2.5497919876633524,2.5494401400564985,2.5485799347503191,2.5466087053187678,2.542376668942385,2.5338642195817349,2.5178131386365608,2.4894068677823227,2.4421352033276813,2.3679653277387569,2.2578419041799416,2.1023394380057283,1.8919469141202243,1.6156497622567541
1356,2.5499998488958386,2.5499997478081897,2.549999269881428,2.5499976207556831,2.5499922458447273,2.5499755669083308,2.5499265618875948,2.5497908278934349,2.5494374167998148,2.5485739609007343,2.546596487461529,2.5423534054385528,2.5338230257095899,2.517745351898085,2.4893032594239091,2.4419881698897274,2.3677716896407306,2.2576054848094489,2.1020723901743135,1.8916689687005424,1.6153853854626279
1357,2.5499998471285057,2.5499997450255401,2.5499992626051422,2.5499975994306054,2.5499921835941723,2.5499753921600048,2.5499260968456565,2.549789663263144,2.5494346840342157,2.5485679700355721,2.5465842419845126,2.542330101719064,2.5337817802262896,2.5176775086684011,2.4891996023561775,2.4418411125202026,2.3675780688843555,2.2573691334701116,2.1018054577336338,1.8913911692622221,1.6151211596859592
1358,2.5499998453430908,2.549999742216182,2.549999255266703,2.5499975779446569,2.5499921209317882,2.5499752164072,2.5499256295073245,2.5497884937597957,2.5494319417417266,2.5485619621340994,2.5465719688714126,2.5423067577839933,2.5337404831615036,2.517609609013737,2.4890958966740264,2.4416940313161848,2.3673844655300029,2.2571328501499921,2.1015386405890575,1.8911135156780836,1.6148570846828687
1359,2.5499998435394367,2.5499997393799005,2.5499992478656739,2.5499975562968711,2.5499920578554867,2.5499750396457017,2.549925159864852,2.5497873193706986,2.5494291899043824,2.5485559371756197,2.5465596681059881,2.542283373633492,2.5336991345449507,2.5175416530002912,2.4889921424722217,2.4415469263745457,2.3671908796378429,2.2568966348370783,2.1012719386463092,1.8908360078199877,1.6145931602084669
1360,2.5499998417173866,2.5499997365164786,2.549999240401617,2.5499975344862782,2.5499919943631721,2.5499748618712865,2.5499246879104818,2.5497861400831545,2.5494264285042267,2.5485498951394709,2.5465473396720664,2.5422599492677955,2.5336577344064084,2.5174736406942424,2.4888883398453947,2.4413997977919335,2.3669973112678289,2.2566604875192651,2.1010053518113017,1.890558645558797,1.6143293860262462
1361,2.5499998398767811,2.5499997336256977,2.5499992328740917,2.5499975125119021,2.5499919304527414,2.5499746830797205,2.5499242136364444,2.5497849558844607,2.5494236575233131,2.5485438360050274,2.5465349835535385,2.5422364846872161,2.5336162827757032,2.5174055721617381,2.4887844888880464,2.4412526456647927,2.3668037604797165,2.2564244081843783,2.100738879990284,1.8902814287647494,1.6140657618994867
1362,2.5499998380174591,2.5499997307073374,2.5499992252826553,2.549997490372764,2.5499918661220855,2.5499745032667609,2.5499237370349599,2.5497837667619088,2.5494208769437035,2.5485377597516989,2.5465225997343626,2.5422129798921449,2.5335747796827146,2.5173374474689032,2.4886805896945425,2.4411054700893531,2.3666102273330534,2.2561883968201624,2.1004725230897838,1.8900043573071723,1.6138022875947682
1363,2.5499998361392602,2.5499997277611772,2.5499992176268629,2.5499974680678803,2.5499918013690879,2.5499743224281537,2.5499232580982376,2.5497825727027816,2.5494180867474698,2.5485316663589308,2.5465101881985617,2.5421894348830558,2.5335332251573766,2.5172692666818364,2.4885766423591176,2.4409582711616289,2.3664167118871782,2.2559524534142747,2.1002062810165913,1.8897274310543846,1.6135389628828782
1364,2.5499998342420223,2.5499997247869959,2.5499992099062654,2.5499974455962651,2.5499917361916253,2.5499741405596357,2.549922776818478,2.5497813736943589,2.5494152869166919,2.5485255558062057,2.5464977489302258,2.5421658496604955,2.5334916192296686,2.5172010298666074,2.4884726469758762,2.440811048977432,2.366223214201236,2.2557165779543138,2.0999401536777986,1.8894506498746377,1.6132757875337977
1365,2.5499998323255824,2.5499997217845687,2.5499992021204134,2.5499974229569262,2.5499916705875685,2.5499739576569338,2.5499222931878678,2.5497801697239115,2.5494124774334601,2.5485194280730408,2.5464852819135095,2.5421422242250959,2.5334499619296289,2.5171327370892631,2.4883686036387864,2.4406638036323525,2.3660297343341545,2.2554807704277797,2.099674140980766,1.8891740136346187,1.6130127613237353
1366,2.5499998303897748,2.5499997187536714,2.549999194268854,2.5499974001488686,2.5499916045547799,2.5499737737157653,2.5499218071985847,2.5497789607787071,2.5494096582798731,2.5485132831389881,2.5464727871326343,2.542118558577565,2.5334082532873463,2.5170643884158244,2.4882645124416851,2.4405165352217733,2.3658362723446604,2.2552450308221013,2.0994082428331393,1.8888975222004871,1.6127498840304137
1367,2.549999828434435,2.5499997156940761,2.5499991863511333,2.5499973771710911,2.549991538091116,2.5499735887318375,2.5499213188427952,2.5497777468460083,2.5494068294380416,2.5485071209836399,2.5464602645718828,2.5420948527186868,2.5333664933329527,2.516995983912278,2.4881603734782791,2.4403692438408764,2.3656428282912949,2.2550093591246547,2.0991424591428172,1.888621175438528,1.6124871554301794
1368,2.5499998264593953,2.5499997126055551,2.5499991783667939,2.5499973540225898,2.5499914711944256,2.5499734027008487,2.5499208281126551,2.5497765279130689,2.5494039908900827,2.5485009415866204,2.5464477142156086,2.5420711066493284,2.5333246820966404,2.5169275236445925,2.4880561868421394,2.4402219295846219,2.3654494022323758,2.2547737553227125,2.098876789818005,1.8883449732133601,1.6122245753059894
1369,2.5499998244644888,2.5499997094878792,2.5499991703153766,2.5499973307023556,2.5499914038625513,2.5499732156184862,2.549920335000309,2.5497753039671385,2.5494011426181249,2.5484947449275914,2.5464351360482271,2.5420473203704326,2.5332828196086492,2.5168590076787067,2.4879519526267071,2.4400745925477625,2.3652559942260241,2.2545382194034813,2.0986112347671746,1.8880689153892276,1.6119621434416895
1370,2.5499998224495446,2.5499997063408171,2.5499991621964186,2.5499973072093787,2.5499913360933286,2.5499730274804286,2.5499198394978926,2.5497740749954634,2.5493982846043064,2.5484885309862499,2.5464225300542194,2.5420234938830162,2.5332409058992615,2.5167904360805262,2.4878476709252935,2.4399272328248558,2.3650626043301788,2.2543027513541198,2.0983457938990013,1.8877930018306623,1.6116998596195566
1371,2.5499998204143934,2.5499997031641368,2.549999154009456,2.5499972835426412,2.5499912678845869,2.5499728382823439,2.5499193415975285,2.5497728409852805,2.5493954168307749,2.5484822997423295,2.5464098962181327,2.5419996271881793,2.5331989409988198,2.5167218089159364,2.4877433418310746,2.4397798505102348,2.364869232602556,2.2540673511616847,2.0980804671225082,1.8875172324005538,1.6114377236278985
1372,2.5499998183588635,2.5499996999576036,2.5499991457540219,2.5499972597011236,2.5499911992341469,2.5499726480198914,2.5499188412913307,2.5497716019238235,2.5493925392796872,2.5484760511755993,2.5463972345245796,2.5419757202870987,2.5331569249377139,2.5166531262507936,2.4876389654370961,2.4396324456980287,2.3646758791006768,2.253832018813168,2.097815254346957,1.8872416069615341,1.611175735255665
1373,2.5499998162827824,2.5499996967209833,2.5499991374296473,2.5499972356837981,2.5499911301398241,2.5499724566887192,2.5499183385714028,2.5497703577983213,2.5493896519332129,2.5484697852658673,2.5463845449582356,2.5419517731810215,2.5331148577463738,2.5165843881509202,2.4875345418362738,2.4394850184821704,2.3644825438818833,2.2535967542955215,2.0975501554817595,1.8869661253766024,1.6109138942908936
1374,2.5499998141859774,2.5499996934540392,2.5499991290358603,2.5499972114896363,2.5499910605994258,2.5499722642844671,2.549917833429836,2.5497691085959957,2.5493867547735287,2.5484635019929747,2.5463718275038429,2.541927785871279,2.5330727394552888,2.5165155946821183,2.4874300711213895,2.4393375689563719,2.3642892270032956,2.2533615575955936,2.0972851704367095,1.8866907875072259,1.6106522005263515
1375,2.5499998120682741,2.5499996901565329,2.5499991205721866,2.5499971871176039,2.5499909906107536,2.5499720708027636,2.5499173258587127,2.5497678543040632,2.5493838477828223,2.5484572013367996,2.5463590821462101,2.541903758359279,2.5330305700949949,2.5164467459101587,2.4873255533850935,2.4391900972141403,2.3640959285218428,2.2531264287001735,2.0970202991218154,1.8864155932146878,1.6103906537555703
1376,2.5499998099294943,2.5499996868282251,2.5499991120381509,2.5499971625666644,2.5499909201716,2.5499718762392285,2.549916815850104,2.5497665949097374,2.5493809309432924,2.5484508832772583,2.5463463088702065,2.5418796906465002,2.5329883496960712,2.5163778419007801,2.4872209887199084,2.4390426033487898,2.3639026484942702,2.2528913675960087,2.096755541447207,1.8861405423605557,1.6101292537720084
1377,2.5499998077694617,2.5499996834688736,2.5499991034332736,2.5499971378357751,2.5499908492797529,2.5499716805894717,2.549916303396071,2.5497653304002244,2.5493780042371461,2.5484445477943005,2.5463335076607692,2.5418555827345024,2.5329460782891502,2.5163088827196955,2.4871163772182214,2.438895087453417,2.363709386977114,2.2526563742697565,2.0964908973233607,1.8858656348053409,1.6098680003720716
1378,2.5499998055879969,2.5499996800782365,2.5499990947570743,2.549997112923891,2.549990777932992,2.5499714838490939,2.5499157884886645,2.5497640607627257,2.5493750676466012,2.5484381948679147,2.5463206785028993,2.5418314346249207,2.5329037559049112,2.51623986843259,2.4870117189722918,2.4387475496209166,2.3635161440267174,2.2524214487080201,2.096226366660944,1.8855908704094249,1.6096068933530323
1379,2.5499998033849214,2.5499996766560686,2.5499990860090684,2.5499970878299587,2.5499907061290905,2.5499712860136854,2.5499152711199247,2.5497627859844383,2.5493721211538882,2.5484318244781239,2.5463078213816628,2.5418072463194648,2.5328613825740791,2.5161707991051192,2.4869070140742457,2.4385999899439765,2.3633229196992294,2.2521865908973364,2.095961949370845,1.8853162490327748,1.6093459325137871
1380,2.5499998011600544,2.5499996732021248,2.5499990771887679,2.5499970625529231,2.5499906338658151,2.5499710870788275,2.5499147512818809,2.5497615060525556,2.549369164741246,2.548425436604989,2.5462949362821914,2.5417830178199208,2.5328189583274252,2.516101674802909,2.48680226261608,2.4384524085150812,2.3631297140506033,2.2519518008241834,2.0956976453641678,1.8850417705350837,1.6090851176544128
1381,2.549999798913213,2.5499996697161591,2.5499990682956852,2.5499970370917251,2.5499905611409197,2.549970887040077,2.5499142289665215,2.5497602209541972,2.5493661983908003,2.5484190312283892,2.5462820231893293,2.5417587491276548,2.5327764831951454,2.5160324955908795,2.4866974646890911,2.4383048054262519,2.3629365271368394,2.2517170784758136,2.0954334545536017,1.8847674347775896,1.6088243763134527
1382,2.5499997966442147,2.5499996661979218,2.54999905932933,2.5499970114453028,2.549990487952166,2.5499706858930224,2.5499137041659194,2.5497589306766759,2.5493632220850593,2.5484126083288925,2.5462690820890321,2.541734440245595,2.5327339572093592,2.5159632615359473,2.4865926203861517,2.4381571807700939,2.3627433590130362,2.2514824238369182,2.0951693768478439,1.8844932416160518,1.6085637211957478
1383,2.5499997943528747,2.5499996626471639,2.5499990502892085,2.5499969856125881,2.5499904142972953,2.5499704836332029,2.5499131768720407,2.5497576352071043,2.5493602358061707,2.5484061678864514,2.5462561129662755,2.5417100911752577,2.5326913804003528,2.5158939727029734,2.4864877297982981,2.4380095346382173,2.3625502097348057,2.2512478368946329,2.0949054121599904,1.8842191909111798,1.6083031731219297
1384,2.549999792039007,2.5499996590636314,2.5499990411748232,2.5499969595925092,2.5499903401740447,2.5499702802561597,2.5499126470768765,2.5497563345326553,2.5493572395364166,2.5483997098812723,2.5462431158064476,2.5416857019187296,2.5326487527990849,2.515824629157466,2.4863827930170039,2.4378618671222982,2.3623570793573356,2.2510133176352007,2.0946415604019304,1.8839452825217036,1.6080427394219314
1385,2.5499997897024245,2.5499996554470736,2.5499990319856751,2.5499969333839867,2.549990265580147,2.5499700757574257,2.5499121147724044,2.5497550286404951,2.5493542332580867,2.5483932342935978,2.5462300905949999,2.5416612724781702,2.5326060744365586,2.5157552309648987,2.4862778101336134,2.4377141783138065,2.3621639679356181,2.25077886604481,2.0943778214857383,1.8836715163061251,1.607782424200916
1386,2.5499997873429403,2.5499996517972341,2.549999022721265,2.5499969069859412,2.5499901905133231,2.5499698701325229,2.5499115799505927,2.5497537175177882,2.5493512169534887,2.5483867411037084,2.5462170373174482,2.5416368028558169,2.5325633453438257,2.5156857781907207,2.4861727812393402,2.4375664683040101,2.3619708755244582,2.2505444821095932,2.0941141953236717,1.8833978921225698,1.6075222301878791
1387,2.5499997849603622,2.5499996481138574,2.5499990133810866,2.5499968803972872,2.5499901149712949,2.5499696633769644,2.5499110426034006,2.549752401151693,2.5493481906049351,2.5483802302919183,2.5462039559593728,2.5416122930539795,2.5325205655519838,2.5156162709003458,2.4860677064252661,2.4374187371839779,2.3617778021784703,2.250310165815625,2.0938506818281608,1.8831244098281426,1.6072621593517451
1388,2.5499997825545031,2.549999644396685,2.5499990039646359,2.549996853616936,2.5499900389517709,2.5499694554862558,2.5499105027227746,2.5497510795293636,2.5493451541947505,2.548373701838583,2.5461908465064194,2.5415877430750418,2.5324777350921699,2.515546709159159,2.4859625857823464,2.4372709850445791,2.3615847479520804,2.2500759171489331,2.0935872809118092,1.88285106927775,1.6070022131503898
1389,2.5499997801251686,2.5499996406454581,2.5499989944714017,2.5499968266437918,2.5499899624524529,2.5499692464558876,2.5499099603006572,2.5497497526379491,2.5493421077052725,2.5483671557240895,2.5461777089442927,2.54156315292146,2.5324348539955723,2.5154770930325143,2.4858574194014049,2.437123211976477,2.3613917128995241,2.2498417360954877,2.0933239924873814,1.8825778703223446,1.6067423927243838
1390,2.5499997776721659,2.5499996368599152,2.5499989849008728,2.5499967994767574,2.5499898854710392,2.5499690362813472,2.5499094153289725,2.5497484204645948,2.5493390511188481,2.5483605919288661,2.5461645432587678,2.5415385225957681,2.5323919222934204,2.5154074225857368,2.4857522073731344,2.4369754180701384,2.3611986970748506,2.2496076226412112,2.0930608164678071,1.8823048128070636,1.6064826989966827
1391,2.5499997751953001,2.5499996330397945,2.5499989752525365,2.5499967721147287,2.5499898080052175,2.5499688249581078,2.5499088677996409,2.5497470829964421,2.5493359844178354,2.5483540104333748,2.5461513494356787,2.5415138521005707,2.5323489400169876,2.5153376978841151,2.4856469497881002,2.4368276034158334,2.3610057005319236,2.2493735767719718,2.092797752766169,1.8820318965697742,1.6062231327194441
1392,2.5499997726943775,2.549999629184831,2.5499989655258766,2.5499967445565996,2.5499897300526722,2.5499686124816341,2.5499083177045696,2.5497457402206272,2.5493329075846058,2.5483474112181144,2.5461381274609245,2.5414891414385443,2.5323059071975917,2.5152679189929112,2.4855416467367371,2.4366797681036294,2.3608127233244169,2.249139598473592,2.0925348012957006,1.8817591214407645,1.6059636945022808
1393,2.5499997701691997,2.5499996252947588,2.5499989557203722,2.5499967168012589,2.5499896516110772,2.549968398847382,2.549907765035659,2.5497443921242815,2.5493298206015407,2.5483407942636234,2.5461248773204681,2.541464390612441,2.5322628238665965,2.5151980859773544,2.4854362983093492,2.4365319122233942,2.3606197655058208,2.2489056877318441,2.0922719619697854,1.8814864872423416,1.6057043848535102
1394,2.5499997676195667,2.549999621369313,2.5499989458355028,2.5499966888475889,2.5499895726781006,2.5499681840507975,2.5499072097847955,2.5497430386945359,2.5493267234510317,2.5483341595504743,2.546111599000338,2.5414395996250847,2.5322196900554035,2.5151281989026413,2.4853309045961143,2.4363840358647986,2.3604268271294426,2.2486718445324514,2.0920092347019486,1.8812139937891339,1.6054452042047795
1395,2.5499997650452806,2.5499996174082211,2.5499989358707431,2.5499966606944708,2.5499894932514038,2.5499679680873171,2.5499066519438598,2.5497416799185113,2.5493236161154837,2.5483275070592781,2.5460982924866209,2.5414147684793713,2.5321765057954648,2.515058257833938,2.4852254656870789,2.4362361391173182,2.3602339082483987,2.2484380688610894,2.0917466194058534,1.88094164088885,1.6051861529226836
1396,2.5499997624461406,2.5499996134112153,2.5499989258255664,2.5499966323407786,2.549989413328642,2.5499677509523675,2.5499060915047194,2.5497403157833296,2.5493204985773121,2.548320836770682,2.5460849577654723,2.54138989717827,2.5321332711182678,2.5149882628363764,2.4851199816721605,2.4360882220702273,2.3600410089156245,2.2482043607033915,2.0914841159952937,1.8806694283433427,1.6049272313180278
1397,2.5499997598219446,2.5499996093780219,2.5499989156994447,2.5499966037853836,2.5499893329074612,2.5499675326413644,2.5499055284592336,2.5497389462761055,2.5493173708189447,2.5483141486653689,2.5460715948231085,2.5413649857248228,2.5320899860553494,2.5149182139750592,2.4850144526411486,2.4359402848126059,2.3598481291838769,2.2479707200449424,2.0912217243841935,1.8803973559496254,1.6046684396547466
1398,2.5499997571724888,2.549999605308368,2.5499989054918455,2.5499965750271514,2.5499892519855023,2.549967313149716,2.5499049627992512,2.549737571383953,2.5493142328228204,2.5483074427240604,2.546058203645809,2.5413400341221424,2.5320466506382835,2.5148481113150543,2.484908878683703,2.4357923274333357,2.3596552691057253,2.2477371468712817,2.0909594444865998,1.8801254235002296,1.6044097781533959
1399,2.5499997544975685,2.549999601201979,2.549998895202231,2.5499965460649441,2.5499891705603988,2.5499670924728224,2.5499043945166129,2.5497361910939786,2.5493110845713893,2.5483007189275151,2.5460447842199168,2.5413150423734123,2.5320032648986888,2.5147779549213989,2.4848032598893544,2.4356443500211018,2.3594624287335555,2.247503641167905,2.090697276216678,1.8798536307843998,1.6041512470002302
1400,2.5499997517969768,2.5499995970585778,2.5499988848300665,2.5499965168976195,2.549989088629776,2.549966870606069,2.5499038236031484,2.5497348053932867,2.5493079260471148,2.5482939772565278,2.5460313365318386,2.5412900104818914,2.5319598288682252,2.5147077448590958,2.4846975963475058,2.435496352664396,2.3592696081195754,2.247270202920264,2.0904352194886928,1.8795819775898621,1.6038928463587432
1401,2.5499997490705071,2.5499995928778847,2.5499988743748117,2.5499964875240302,2.5499890061912538,2.5499666475448364,2.549903250050678,2.5497334142689771,2.5493047572324707,2.5482872176919309,2.5460178605680439,2.5412649384509067,2.5319163425785947,2.514637481193116,2.4845918881474316,2.4353483354515131,2.359076807315811,2.2470368321137681,2.0901732742170145,1.8793104637019669,1.6036345763611932
1402,2.5499997463179516,2.5499995886596198,2.5499988638359254,2.549996457943025,2.5499889232424438,2.5499664232844954,2.54990267385101,2.5497320177081502,2.5493015781099437,2.5482804402145924,2.5460043563150641,2.5412398262838565,2.5318728060615387,2.5145671639883966,2.4844861353782792,2.4352002984705527,2.3588840263741102,2.246803528733786,2.0899114403160981,1.8790390889057791,1.6033764371222141
1403,2.5499997435390971,2.5499995844035008,2.5499988532128595,2.5499964281534466,2.54998883978095,2.5499661978204036,2.5499020949959483,2.5497306156978956,2.5492983886620304,2.5482736448054193,2.5459908237594937,2.5412146739842116,2.5318292193488423,2.514496793309843,2.4843803381290632,2.4350522418094211,2.3586912653461374,2.2465702927656417,2.0896497177004618,1.8787678529864067,1.6031184287367535
1404,2.5499997407337336,2.5499995801092452,2.5499988425050661,2.5499963981541356,2.5499887558043715,2.5499659711479121,2.5499015134772836,2.5497292082253042,2.5492951888712425,2.5482668314453547,2.5459772628879911,2.5411894815555134,2.5317855824723288,2.5144263692223268,2.4842744964886738,2.4349041655558294,2.358498524283382,2.2463371241946199,2.0893881062846837,1.8784967557288892,1.6028605512811267
1405,2.5499997379016492,2.549999575776567,2.5499988317119966,2.549996367943927,2.5499886713102993,2.5499657432623626,2.5499009292867969,2.5497277952774611,2.5492919787201029,2.5482600001153792,2.5459636736872771,2.5411642490013726,2.5317418954638637,2.5143558917906859,2.4841686105458733,2.4347560697972952,2.3583058032371538,2.2461040230059637,2.0891266059833891,1.8782257969189071,1.6026028048155736
1406,2.5499997350426291,2.5499995714051797,2.549998820833097,2.5499963375216508,2.5499885862963172,2.5499655141590858,2.5499003424162612,2.5497263768414498,2.5492887581911456,2.5482531507965107,2.5459500561441342,2.5411389763254721,2.5316981583553519,2.5142853610797244,2.4840626803892949,2.4346079546211441,2.3581131022585846,2.2458709891848758,2.0888652167112292,1.8779549763429018,1.6023451893857699
1407,2.5499997321564583,2.5499995669947952,2.5499988098678119,2.5499963068861327,2.5499885007600009,2.5499652838334046,2.5498997528574385,2.5497249529043495,2.5492855272669175,2.548246283469803,2.545936410245409,2.5411136635315632,2.5316543711787394,2.514214777154212,2.4839567061074441,2.4344598201145082,2.3579204213986302,2.2456380227165189,2.0886039383828603,1.877684293788916,1.6020877050260767
1408,2.5499997292429186,2.5499995625451226,2.5499987988155817,2.5499962760361936,2.5499884146989205,2.5499650522806312,2.5498991606020827,2.5497235234532369,2.5492822859299773,2.548239398116348,2.5459227359780097,2.541088310623469,2.5316105339660111,2.5141441400788858,2.4838506877886988,2.4343116663643265,2.3577277607080696,2.2454051235860164,2.0883427709129347,1.8774137490460883,1.6018303517579899
1409,2.5499997263017922,2.5499995580558701,2.5499987876758454,2.5499962449706524,2.5499883281106395,2.549964819496068,2.5498985656419375,2.5497220884751819,2.5492790341628955,2.5482324947172752,2.5459090333289063,2.541062917605081,2.5315666467491913,2.5140734499184494,2.4837446255213087,2.4341634934573451,2.3575351202375083,2.2451722917784536,2.0880817142160577,1.8771433419058743,1.6015731295957409
1410,2.5499997233328595,2.5499995535267446,2.5499987764480392,2.5499962136883205,2.5499882409927133,2.5499645854750095,2.5498979679687377,2.5497206479572552,2.5492757719482571,2.5482255732537507,2.5458953022851318,2.5410374844803614,2.5315227095603445,2.5140027067375703,2.4836385193933963,2.43401530148012,2.3573425000373738,2.244939527278877,2.0878207682068046,1.876873072161019,1.6013160385418443
1411,2.5499997203358999,2.5499995489574503,2.5499987651315954,2.5499961821880048,2.5499881533426891,2.5499643502127398,2.5498973675742089,2.5497192018865227,2.5492724992686595,2.5482186337069779,2.5458815428337815,2.5410120112533399,2.5314787224315718,2.5139319106008831,2.4835323694929579,2.4338670905190178,2.3571499001579213,2.2447068300722943,2.0875599327996608,1.8766029396067481,1.6010590785930656
1412,2.5499997173106914,2.5499995443476902,2.5499987537259452,2.5499961504685098,2.5499880651581099,2.5499641137045335,2.5498967644500663,2.5497177502500472,2.5492692161067105,2.5482116760581981,2.5458677549620132,2.540986497928118,2.5314346853950149,2.5138610615729866,2.4834261759078604,2.4337188606602114,2.356957320649232,2.2444742001436753,2.0872992079090502,1.8763329440398533,1.6008022497363508
1413,2.5499997142570088,2.5499995396971662,2.5499987422305175,2.5499961185286337,2.5499879764365088,2.549963875945656,2.5498961585880164,2.549716293034888,2.5492659224450307,2.5482047002886894,2.5458539386570469,2.5409609445088646,2.5313905984828553,2.5137901597184453,2.4833199387258467,2.4335706119896856,2.3567647615612142,2.244241637477951,2.0870385934492734,1.8760630852594613,1.6005455519530847
1414,2.5499997111746273,2.5499995350055777,2.5499987306447358,2.5499960863671713,2.5499878871754129,2.5499636369313636,2.5498955499797571,2.5497148302281025,2.5492626182662548,2.5481977063797663,2.5458400939061634,2.5409353509998165,2.5313464617273103,2.5137192051017898,2.4832136580345301,2.4334223445932341,2.3565722229436048,2.2440091420600163,2.0867780893345103,1.8757933630665755,1.600288985217891
1415,2.5499997080633205,2.5499995302726219,2.5499987189680229,2.5499960539829112,2.5499877973723435,2.5499633966569033,2.5498949386169767,2.5497133618167438,2.5492593035530304,2.5481906943127823,2.5458262206967057,2.5409097174052815,2.5313022751606353,2.5136481977875147,2.4831073339213976,2.4332740585564601,2.3563797048459696,2.24377671387473,2.0865176954788169,1.8755237772643181,1.6000325494992214
1416,2.5499997049228598,2.5499995254979959,2.5499987071997983,2.5499960213746391,2.5499877070248127,2.5499631551175113,2.5498943244913539,2.5497118877878635,2.5492559782880169,2.5481836640691271,2.54581231901608,2.5408840437296356,2.5312580388151265,2.5135771378400817,2.4830009664738095,2.4331257539647773,2.3561872073176975,2.2435443529069099,2.0862574117962018,1.8752543276577047,1.5997762447565591
1417,2.5499997017530158,2.5499995206813932,2.5499986953394789,2.5499959885411352,2.5499876161303265,2.5499629123084167,2.549893707594558,2.5497104081285085,2.5492526424538866,2.5481766156302288,2.5457983888517526,2.5408583299773198,2.531213752723112,2.5135060253239132,2.4828945557790001,2.4329774309034158,2.355994730408018,2.2433120591413398,2.085997238200322,1.874985014054084,1.5995200709520341
1418,2.5499996985535587,2.5499995158225066,2.5499986833864794,2.5499959554811751,2.5499875246863848,2.5499626682248366,2.5498930879182491,2.5497089228257246,2.5492492960333251,2.548169548977552,2.5457844301912531,2.5408325761528481,2.531169416916963,2.5134348603034002,2.4827881019240761,2.4328290894574107,2.3558022741659781,2.2430798325627643,2.0857371746048958,1.8747158362626188,1.5992640280342589
1419,2.5499996953242556,2.5499995109210269,2.549998671340211,2.5499959221935304,2.5499874326904783,2.5499624228619817,2.5498924654540791,2.5497074318665534,2.5492459390090296,2.5481624640925991,2.5457704430221724,2.5408067822607987,2.5311250314290841,2.5133636428428963,2.4826816049960176,2.4326807297116124,2.3556098386404645,2.2428476731558908,2.0854772209233583,1.8744467940945553,1.59900811595222
1420,2.5499996920648722,2.5499995059766438,2.5499986592000807,2.549995888676968,2.5499873401400923,2.5499621762150504,2.5498918401936916,2.5497059352380349,2.5492425713637128,2.5481553609569092,2.545756427332162,2.5407809483058177,2.5310805962919178,2.5132923730067196,2.4825750650816798,2.4325323517506861,2.3554174238801941,2.2426155809053916,2.0852173770689268,1.8741778873631594,1.5987523346524606
1421,2.549999688775173,2.549999500989045,2.5499986469654949,2.5499958549302497,2.5499872470327039,2.5499619282792341,2.5498912121287192,2.5497044329272058,2.5492391930800982,2.5481482395520589,2.5457423831089359,2.5407550742926213,2.5310361115379445,2.5132210508591539,2.4824684822677909,2.432383955659104,2.3552250299337105,2.2423835557958989,2.0849576429547723,1.8739091158837595,1.5984966840722414
1422,2.5499996854549218,2.5499994959579153,2.5499986346358576,2.549995820952133,2.5499871533657839,2.549961679049713,2.5498905812507866,2.549702924921101,2.5492358041409249,2.5481410998596639,2.5457283103402686,2.5407291602259887,2.5309915771996767,2.5131496764644434,2.4823618566409538,2.4322355415211598,2.3550326568494011,2.242151597812009,2.0846980184937176,1.8736404794731087,1.5982411641526864
1423,2.5499996821038806,2.5499994908829384,2.5499986222105693,2.5499957867413707,2.5499870591367952,2.5499614285216596,2.5498899475515091,2.549701411206752,2.5492324045289427,2.548133941861376,2.545714209013997,2.5407032061107699,2.5309469933096684,2.5130782498867998,2.4822551882876445,2.4320871094209524,2.3548403046754749,2.2419197069382801,2.0844385035985278,1.8733719779504001,1.5979857748254158
1424,2.5499996787218095,2.5499994857637969,2.5499986096890259,2.5499957522967112,2.5499869643431943,2.5499611766902364,2.5498893110224929,2.5496998917711884,2.5492289942269162,2.5481267655388842,2.5457000791180184,2.5406772119518806,2.5309023599005065,2.5130067711903981,2.482148477294214,2.4319386594423995,2.3546479734599814,2.2416878831592326,2.0841790981817372,1.8731036111363288,1.5977305160213477
1425,2.5499996753084671,2.5499994806001705,2.5499985970706227,2.549995717616897,2.5499868689824305,2.5499609235505973,2.5498886716553359,2.5496983666014374,2.5492255732176221,2.5481195708739159,2.54568592064029,2.5406511777543019,2.5308576770048106,2.5129352404393743,2.4820417237468857,2.4317901916692359,2.3544556632508069,2.241456126459346,2.0839198021556729,1.8728353788530392,1.5974753876700107
1426,2.5499996718636111,2.5499994753917377,2.5499985843547504,2.5499956827006676,2.5499867730519457,2.5499606690978864,2.5498880294416262,2.5496968356845233,2.5492221414838507,2.5481123578482361,2.5456717335688324,2.5406251035230847,2.5308129446552403,2.5128636576978316,2.4819349277317584,2.4316417061850042,2.3542633740956651,2.2412244368230647,2.0836606154325081,1.8725672809250564,1.5972203896950177
1427,2.5499996683869979,2.5499994701381752,2.5499985715407991,2.5499956475467571,2.5499866765491745,2.5499604133272373,2.5498873843729446,2.5496952990074688,2.5492186990084074,2.5481051264436463,2.5456575178917267,2.5405989892633407,2.5307681628844869,2.5127920230298328,2.4818280893348086,2.4314932030730723,2.3540711060421176,2.2409928142347852,2.0834015379242357,1.8722993171774687,1.5969655220214369
1428,2.5499996648783814,2.5499994648391584,2.5499985586281548,2.5499956121538956,2.5499865794715451,2.5499601562337757,2.5498867364408619,2.5496937565572932,2.5492152457741102,2.5480978766419864,2.5456432735971148,2.5405728349802521,2.5307233317252797,2.5127203364994077,2.4817212086418832,2.4313446824166145,2.3538788591375512,2.2407612586788717,2.0831425695426526,1.8720314874379489,1.5967107845684365
1429,2.549999661337516,2.5499994594943596,2.5499985456162002,2.549995576520808,2.5499864818164784,2.5499598978126179,2.5498860856369401,2.5496922083210141,2.5492117817637894,2.5480906084251331,2.5456290006732005,2.5405466406790671,2.5306784512103824,2.5126485981705482,2.4816142857387051,2.4311961442986223,2.3536866334291897,2.2405297701396489,2.0828837101993747,1.8717637915357757,1.5964561772527257
1430,2.5499996577641513,2.5499994541034505,2.5499985325043157,2.5499955406462136,2.5499863835813867,2.5499596380588714,2.5498854319527338,2.5496906542856479,2.5492083069602907,2.5480833217750023,2.5456146991082447,2.5405204063650961,2.5306335213725877,2.5125768081072066,2.481507320710874,2.4310475888019134,2.3534944289641091,2.240298348601387,2.0826249598059077,1.8714962293004913,1.5962016999931692
1431,2.5499996541580381,2.5499994486661004,2.5499985192918788,2.5499955045288281,2.5499862847636781,2.5499593769676334,2.5498847753797866,2.5496890944382078,2.5492048213464722,2.5480760166735457,2.5456003688905708,2.5404941320437189,2.5305885422447294,2.5125049663733008,2.4814003136438618,2.4308990160091115,2.3533022457892083,2.2400669940483278,2.0823663182735239,1.8712288005643294,1.5959473527024335
1432,2.5499996505189242,2.5499994431819761,2.5499985059782642,2.5499954681673627,2.5499861853607504,2.5499591145339928,2.5498841159096348,2.549687528765705,2.5492013249052055,2.5480686931027532,2.5455860100085648,2.5404678177203808,2.5305435138596741,2.5124330730327125,2.481293264623015,2.4307504260026587,2.3531100839512256,2.2398357064646701,2.082107785513327,1.8709615051609572,1.5956931352913106
1433,2.5499996468465569,2.5499994376507438,2.5499984925628434,2.5499954315605238,2.5499860853699965,2.5499588507530286,2.5498834535338069,2.54968595725515,2.5491978176193779,2.5480613510446526,2.5455716224506713,2.5404414634005863,2.5304984362503156,2.5123611281492813,2.4811861737335605,2.4306018188648251,2.3529179434967546,2.2396044858345503,2.0818493614363844,1.8706943429240566,1.5954390476730969
1434,2.5499996431406817,2.5499994320720676,2.5499984790449854,2.5499953947070124,2.5499859847888016,2.5499585856198115,2.5498827882438211,2.54968437989355,2.5491942994718886,2.5480539904813089,2.5455572062053964,2.540415069089911,2.5304533094495874,2.512289131786813,2.4810790410605965,2.4304531946776891,2.3527258244722136,2.2393733321420792,2.0815910459534934,1.8704273136899274,1.5951850897554867
1435,2.549999639401042,2.5499994264456083,2.5499984654240566,2.5499953576055256,2.5499858836145433,2.5499583191294013,2.5498821200311874,2.5496827966679101,2.5491907704456507,2.5480466113948252,2.5455427612613075,2.5403886347939952,2.5304081334904569,2.5122170840090763,2.4809718666890954,2.4303045535231464,2.35253372692386,2.2391422453713217,2.0813328389753045,1.8701604172961452,1.5949312614447368
1436,2.5499996356273811,2.5499994207710275,2.5499984516994192,2.5499953202547552,2.5499857818445926,2.5499580512768514,2.5498814488874086,2.5496812075652349,2.5491872305235934,2.5480392137673431,2.5455282876070275,2.540362160518538,2.5303629084059178,2.5121449848797983,2.4808646507039098,2.4301558954829243,2.3523416508978117,2.2389112255062744,2.0810747404125065,1.8698936535802442,1.5946775626489087
1437,2.5499996318194382,2.5499994150479828,2.5499984378704341,2.5499952826533878,2.5499856794763125,2.5499577820572035,2.5498807748039778,2.5496796125725254,2.5491836796886576,2.5480317975810398,2.5455137852312437,2.5403356462693076,2.5303176342290019,2.5120728344626722,2.4807573931897653,2.4300072206385579,2.3521495964400114,2.2386802725309072,2.0808167501754924,1.8696270223821636,1.594423993271703
1438,2.5499996279769541,2.5499994092761309,2.5499984239364579,2.5499952448001069,2.5499855765070603,2.5499575114654922,2.549880097772379,2.5496780116767823,2.5491801179237989,2.5480243628181323,2.5454992541227037,2.5403090920521381,2.5302723109927756,2.5120006328213527,2.4806500942312621,2.4298585290714021,2.3519575635962444,2.238449386429143,2.0805588681745322,1.8693605235429918,1.5941705532155988
1439,2.5499996240996659,2.5499994034551254,2.5499984098968462,2.5499952066935894,2.5499854729341846,2.5499572394967402,2.5498794177840893,2.5496764048650045,2.5491765452119872,2.5480169094608733,2.5454846942702134,2.5402824978729228,2.5302269387303316,2.5119283800194543,2.4805427539128795,2.4297098208626382,2.3517655524121479,2.2382185671848389,2.0803010943199052,1.8690941569042432,1.5939172423832917
1440,2.5499996201873096,2.5499993975846191,2.5499983957509498,2.5499951683325093,2.5499853687550278,2.5499569661459636,2.5498787348305765,2.5496747921241902,2.5491729615362075,2.5480094374915545,2.545470105662639,2.5402558637376225,2.5301815174747979,2.5118560761205542,2.4804353723189707,2.4295610960932659,2.3515735629331993,2.2379878147818069,2.0800434285217406,1.8688279223087774,1.5936640606757853
1441,2.549999616239619,2.5499993916642625,2.5499983814981144,2.5499951297155312,2.5499852639669163,2.5499566914081493,2.5498780489032606,2.549673173441255,2.5491693668793127,2.5480019468922603,2.5454554882885332,2.5402291896517406,2.5301360472587011,2.5117837211875353,2.4803279495332409,2.4294123548439028,2.3513815952050083,2.2377571292046694,2.0797858706915049,1.8685618196020366,1.5934110473781389
1442,2.549999612256328,2.5499993856937055,2.54999836713769,2.5499950908413251,2.5499851585671962,2.5499564152783334,2.5498773599936708,2.5496715488033517,2.5491657612246046,2.5479944376458477,2.5454408421376296,2.5402024756223995,2.5300905281164972,2.5117113152852113,2.4802204856408516,2.429263597195602,2.3511896492721678,2.2375265104354023,2.0795284207363665,1.8682958486256598,1.5931581953456939
1443,2.5499996082371679,2.5499993796725939,2.5499983526690175,2.5499950517085463,2.5499850525531778,2.5499561377514834,2.549876668093213,2.5496699181973921,2.5491621445549666,2.5479869097344756,2.545426167198598,2.540175721655229,2.5300449600807715,2.5116388584763834,2.4801129807252531,2.4291148232286197,2.350997725179977,2.237295958458529,2.0792710785676136,1.8680300092272781,1.5929054930224196
1444,2.5499996041818682,2.5499993736005724,2.5499983380914362,2.5499950123158501,2.5499849459221768,2.5499558588225795,2.5498759731933189,2.5496682816103684,2.5491585168534376,2.5479793631405867,2.5454114634605465,2.5401489277564431,2.529999343184782,2.5115663508244768,2.4800054348703093,2.4289660330232432,2.3508058229732929,2.2370654732576432,2.0790138440950621,1.8677643012537517,1.5926529362222621
1445,2.5499996000901572,2.5499993674772861,2.5499983234042825,2.5499949726618829,2.5499848386714983,2.5499555784865899,2.5498752752854172,2.5496666390292715,2.5491548781030762,2.5479717978466607,2.5453967309126377,2.5401220939323155,2.5299536774618097,2.5114937923928773,2.479897848159756,2.4288172266595827,2.3506139426968207,2.2368350548162863,2.0787567172284769,1.867498724552876,1.5924005224685622
1446,2.5499995959617614,2.5499993613023721,2.5499983086068911,2.5499949327452924,2.5499847307984411,2.5499552967384771,2.5498745743609255,2.5496649904410904,2.54915122828695,2.547964213835217,2.5453819695440973,2.5400952201891851,2.5299079629451704,2.5114211832449271,2.4797902206772093,2.4286684042175728,2.3504220843951118,2.2366047031179437,2.0784996978775672,1.8672332789734498,1.5921482500805919
1447,2.5499995917964049,2.5499993550754736,2.5499982936985908,2.5499948925647176,2.5499846223003,2.549955013573193,2.549873870411254,2.5496633358328085,2.5491475673881454,2.547956611088809,2.5453671793442085,2.5400683065334539,2.52986219966821,2.5113485234439348,2.4796825525061572,2.4285195657769658,2.3502302481125663,2.2363744181460365,2.0782427859520047,1.866967964365559,1.5918961177871993
1448,2.5499995875938124,2.5499993487962258,2.5499982786787112,2.549994852118791,2.5499845131743579,2.5499547289856781,2.5498731634278031,2.5496616751914165,2.5491438953897614,2.5479489895900325,2.545352360302314,2.5400413529715813,2.5298163876643023,2.5112758130531661,2.4795748437299685,2.428370711417343,2.3500384338934293,2.236144199883936,2.0779859813614188,1.8667027805812013,1.5916441245701092
1449,2.549999583353705,2.5499993424642642,2.5499982635465765,2.5499948114061444,2.5499844034178922,2.549954442970868,2.5498724534019686,2.5496600085038974,2.5491402122749132,2.5479413493215182,2.5453375124078157,2.5400143595100952,2.5297705269668538,2.5112030521358482,2.4794670944318864,2.4282218412181074,2.3498466417817969,2.2359140483149433,2.0777292840154171,1.8664377274753288,1.59139226958866
1450,2.549999579075803,2.5499993360792215,2.5499982483015078,2.5499947704254025,2.5499842930281749,2.5499541555236873,2.5498717403251336,2.5496583357572358,2.5491365180267276,2.5479336902659346,2.5453226356501761,2.5399873261555812,2.5297246176092996,2.5111302407551692,2.4793593046950355,2.4280729552584894,2.349654871821615,2.2356839634223058,2.0774726938235819,1.8661728049065784,1.5911405521371542
1451,2.5499995747598247,2.54999932964073,2.5499982329428246,2.5499947291751872,2.5499841820024693,2.5499538666390515,2.5498710241886777,2.5496566569384149,2.5491328126283488,2.5479260124059886,2.5453077300189144,2.5399602529146876,2.529678659625104,2.5110573789742774,2.4792514746024148,2.4279240536175424,2.3494631240566775,2.2354539451892039,2.0772162106954828,1.8659080127380154,1.5908889716045935
1452,2.5499995704054865,2.5499993231484188,2.5499982174698426,2.5499946876541131,2.5499840703380325,2.5499535763118661,2.5498703049839708,2.5496549720344155,2.5491290960629351,2.5479183157244258,2.5452927955036109,2.5399331397941247,2.529632653047762,2.5109844668562817,2.4791436042369002,2.427775136374144,2.3492713985306279,2.2352239935987557,2.0769598345406814,1.8656433508377088,1.5906375274427602
1453,2.5499995660125041,2.5499993166019146,2.5499982018818739,2.5499946458607896,2.5499839580321115,2.5499532845370299,2.5498695827023727,2.5496532810322203,2.5491253683136601,2.5479106002040299,2.5452778320939013,2.539905986800663,2.5295865979107957,2.5109115044642523,2.4790356936812494,2.4276262036070024,2.3490796952869628,2.2349941086340199,2.0767035652687369,1.8653788190787659,1.5903862191571092
1454,2.549999561580591,2.5499993100008425,2.549998186178227,2.5499946037938241,2.5499838450819499,2.5499529913094325,2.549868857335237,2.5496515839188088,2.5491216293637131,2.547902865827619,2.5452628397794843,2.5398787939411371,2.529540494247756,2.5108384918612168,2.478927743018096,2.4274772553946495,2.3488880143690265,2.2347642902779845,2.0764474027892201,1.8651144173389658,1.5901350462986039
1455,2.5499995571094587,2.5499993033448276,2.5499981703582115,2.5499945614518178,2.549983731484784,2.549952696623953,2.5498681288739125,2.5496498806811596,2.5491178791962943,2.5478951125780522,2.5452478185501164,2.5398515612224384,2.5294943420922271,2.510765429110164,2.4788197523299491,2.4273282918154404,2.3486963558200178,2.2345345385135742,2.0761913470117088,1.8648501455005484,1.5898840084597736
1456,2.5499995525988175,2.5499992966334903,2.5499981544211288,2.5499945188333659,2.5499836172378396,2.5499524004754623,2.5498673973097343,2.5496481713062518,2.5491141177946233,2.5478873404382267,2.5452327683956093,2.5398242886515221,2.5294481414778152,2.5106923162740435,2.4787117216991987,2.4271793129475641,2.3485047196829871,2.2343048533236498,2.0759353978458042,1.8645860034493698,1.5896331052584738
1457,2.5499995480483761,2.5499992898664487,2.5499981383662793,2.5499944759370607,2.5499835023383373,2.549952102858823,2.5498666626340314,2.5496464557810636,2.5491103451419335,2.5478795493910762,2.545217689305836,2.5397969762354049,2.5294018924381576,2.5106191534157647,2.4786036512081138,2.4270303188690332,2.3483131060008362,2.2340752346910038,2.0756795552011238,1.8643219910752169,1.5893823363468651
1458,2.5499995434578411,2.5499992830433222,2.549998122192962,2.5499944327614874,2.549983386783492,2.5499518037688866,2.5498659248381292,2.5496447340925732,2.5491065612214725,2.5478717394195725,2.54520258127073,2.5397696239811585,2.5293555950069231,2.5105459405981962,2.4784955409388405,2.4268813096576878,2.3481215148163166,2.2338456825983597,2.0754238189873235,1.864058108270344,1.5891317013891548
1459,2.5499995388269174,2.5499992761637253,2.5499981059004706,2.5499943893052297,2.5499832705705092,2.5499515032004991,2.5498651839133402,2.5496430062277562,2.5491027660165044,2.5478639105067251,2.5451874442802782,2.5397422318959211,2.529309249217802,2.5104726778841648,2.4783873909734031,2.4267322853911977,2.3479299461720395,2.2336161970283754,2.0751681891141014,1.8637943549291218,1.5888812000686143
1460,2.5499995341553086,2.5499992692272708,2.549998089488096,2.5499943455668634,2.5499831536965871,2.5499512011484953,2.5498644398509702,2.5496412721735888,2.5490989595103075,2.5478560626355815,2.5451722783245292,2.5397147999868879,2.5292628551045153,2.5103993653364589,2.4782792013937036,2.4265832461470604,2.3477384001104675,2.2333867779636387,2.074912665491194,1.8635307309484175,1.5886308320877307
1461,2.5499995294427165,2.549999262233571,2.5499980729551255,2.5499943015449595,2.5499830361589191,2.5499508976077014,2.5498636926423184,2.5496395319170468,2.5490951416861751,2.5478481957892285,2.5451570833935886,2.5396873282613148,2.5292164127008139,2.5103260030178234,2.4781709722815273,2.426434192002604,2.3475468766739143,2.2331574253866697,2.0746572480284002,1.8632672362258991,1.5883805971597109
1462,2.5499995246888414,2.5499992551822346,2.5499980563008453,2.5499942572380858,2.5499829179546896,2.5499505925729355,2.5498629422786774,2.5496377854451056,2.5490913125274175,2.5478403099507885,2.5451418594776207,2.5396598167265161,2.5291699220404706,2.5102525909909663,2.4780627037185332,2.4262851230349853,2.3473553759045522,2.2329281392799163,2.0744019366355979,1.8630038706598502,1.5881304950089481
1463,2.5499995198933818,2.5499992480728677,2.5499980395245379,2.5499942126448043,2.5499827990810764,2.5499502860390066,2.5498621887513306,2.5496360327447398,2.5490874720173586,2.5478324051034233,2.545126606566849,2.5396322653898675,2.5291233831572884,2.510179129318554,2.4779543957862624,2.4261360393211913,2.3471638978444052,2.2326989196257596,2.0741467312227013,1.862740634150837,1.5878805253772532
1464,2.5499995150560331,2.5499992409050765,2.5499980226254815,2.5499941677636722,2.5499826795352494,2.5499499780007144,2.549861432051554,2.5496342738029245,2.549083620139339,2.5478244812303328,2.5451113246515513,2.5396046742588023,2.5290767960850973,2.5101056180632089,2.4778460485661347,2.4259869409380381,2.3469724425353551,2.2324697664065076,2.0738916316997549,1.8624775265982625,1.5876306880087447
1465,2.5499995101764905,2.5499992336784643,2.5499980056029514,2.5499941225932417,2.5499825593143717,2.5499496684528493,2.5498606721706141,2.5496325086066327,2.5490797568767141,2.5478165383147533,2.5450960137220648,2.5395770433408145,2.529030160857753,2.5100320572875128,2.4777376621394489,2.4258378279621735,2.3467810100191371,2.2322406796044008,2.0736366379768518,1.8622145479031864,1.5873809826627265
1466,2.5499995052544477,2.5499992263926314,2.5499979884562207,2.5499940771320602,2.5499824384156002,2.5499493573901946,2.5498599090997724,2.5496307371428393,2.5490758822128545,2.5478085763399609,2.5450806737687865,2.5395493726434561,2.5289834775091369,2.5099584470540095,2.4776292365873833,2.4256887004700762,2.346589600337345,2.2320116592016057,2.0733817499642364,1.8619516979655912,1.587131409100816
1467,2.549999500289597,2.5499992190471765,2.5499979711845597,2.5499940313786698,2.5499823168360845,2.5499490448075242,2.5498591428302833,2.5496289593985177,2.5490719961311465,2.5478005952892682,2.5450653047821699,2.5395216621743382,2.5289367460731578,2.5098847874252002,2.4775207719909953,2.4255395585380559,2.3463982135314274,2.231782705180219,2.0731269675722417,1.8616889766858391,1.5868819670938785
1468,2.5499994952816265,2.5499992116416972,2.5499979537872348,2.5499939853316085,2.5499821945729657,2.5499487306996023,2.5498583733533917,2.5496271753606412,2.5490680986149927,2.5477925951460256,2.5450499067527255,2.5394939119411304,2.5288899665837499,2.5098110784635437,2.4774122684312228,2.4253904022422552,2.34620684964269,2.2315538175222662,2.0728722907113544,1.8614263839638125,1.5866326564180611
1469,2.5499994902302237,2.549999204175788,2.5499979362635083,2.5499939389894095,2.5499820716233779,2.5499484150611846,2.5498576006603368,2.5496253850161841,2.5490641896478112,2.5477845758936231,2.5450344796710209,2.5394661219515604,2.5288431390748731,2.5097373202314586,2.4773037259888837,2.4252412316586476,2.3460155087122954,2.2313249962096999,2.0726177192922015,1.8611639196988525,1.5863834768544347
1470,2.5499994851350753,2.5499991966490412,2.5499979186126409,2.5499938923505998,2.549981947984449,2.549948097887019,2.5498568247423492,2.5496235883521203,2.5490602692130349,2.5477765375154862,2.5450190235276819,2.5394382922134153,2.5287962635805132,2.5096635127913203,2.4771951447446758,2.4250920468630399,2.3458241907812631,2.2310962412244026,2.0723632532255607,1.8609015837901177,1.5861344281905001
1471,2.5499994799958672,2.5499991890610483,2.5499979008338896,2.5499938454137014,2.5499818236533001,2.5499477791718439,2.5498560455906514,2.5496217853554226,2.5490563372941137,2.547768479995081,2.5450035383133929,2.5394104227345395,2.5287493401346799,2.5095896562054643,2.4770865247791773,2.4249428479310735,2.345632895890474,2.2308675525481823,2.0721088924223965,1.860639376135933,1.5858855102172034
1472,2.5499994748122807,2.5499991814113963,2.5499978829265073,2.5499937981772325,2.5499816986270432,2.5499474589103892,2.5498552631964602,2.5496199760130644,2.5490523938745127,2.5477604033159102,2.5449880240188927,2.5393825135228347,2.528702368771409,2.5095157505361829,2.4769778661728457,2.4247936349382209,2.3454416240806646,2.2306389301627783,2.0718546367938511,1.8603772966342744,1.5856367227305153
1473,2.5499994695839963,2.5499991736996725,2.5499978648897459,2.5499937506397066,2.5499815729027855,2.5499471370973761,2.5498544775509848,2.5496181603120198,2.5490484389377128,2.5477523074615136,2.5449724806349789,2.5393545645862603,2.5286553495247612,2.5094417958457265,2.4768691690060192,2.4246444079597911,2.3452503753924301,2.2304103740498555,2.0716004862512798,1.8601153451823595,1.5853880655296231
1474,2.5499994643106927,2.5499991659254602,2.5499978467228526,2.5499937027996311,2.5499814464776249,2.5499468137275172,2.5498536886454271,2.5496163382392623,2.5490444724672106,2.54774419241547,2.5449569081525074,2.5393265759328347,2.5286082824288236,2.5093677921963051,2.4767604333589168,2.4244951670709227,2.3450591498662225,2.2301818841910088,2.0713464407061268,1.8598535216772547,1.5851395384211253
1475,2.5499994589920481,2.5499991580883421,2.5499978284250706,2.5499936546555082,2.549981319348654,2.5499464887955159,2.5498528964709806,2.5496145097817662,2.549040494446519,2.5477360581613961,2.5449413065623876,2.539298547570632,2.5285611675177035,2.5092937396500861,2.4766516593116386,2.4243459123465936,2.3448679475423577,2.2299534605677609,2.0710925000702103,1.8595918260147757,1.5848911412094777
1476,2.5499994536277377,2.5499991501878982,2.5499978099956424,2.5499936062058373,2.5499811915129564,2.549946162296068,2.5498521010188329,2.5496126749265065,2.549036504859167,2.5477279046829469,2.5449256758555885,2.5392704795077847,2.5285140048255368,2.5092196382691938,2.4765428469441644,2.4241966438616132,2.3446767684610066,2.2297251031615626,2.0708386642554553,1.859330258090464,1.5846428737061136
1477,2.5499994482174362,2.5499991422237063,2.549997791433805,2.5499935574491106,2.5499810629676096,2.549945834223859,2.5498513022801639,2.5496108336604575,2.5490325036886992,2.5477197319638138,2.5449100160231359,2.5392423717524828,2.5284667943864823,2.5091454881157129,2.4764339963363553,2.424047361690624,2.3444856126621998,2.2294968119537923,2.0705849331739632,1.8590688177993415,1.5843947357269581
1478,2.5499994427608135,2.5499991341953412,2.5499977727387937,2.5499935083838157,2.5499809337096844,2.5499455045735675,2.5498505002461465,2.5496089859705946,2.5490284909186767,2.5477115399877275,2.5448943270561108,2.5392142243129698,2.5284195362347197,2.5090712892516813,2.4763251075679547,2.4238980659081149,2.3442944801858352,2.2292685869257611,2.0703313067382854,1.8588075050352413,1.5841467270834335
1479,2.5499994372575401,2.5499991261023767,2.5499977539098393,2.5499934590084354,2.549980803736243,2.5499451733398621,2.5498496949079459,2.5496071318438931,2.5490244665326762,2.5477033287384563,2.5448786089456532,2.5391860371975503,2.5283722304044569,2.5089970417390983,2.4762161807185858,2.4237487565883993,2.3441033710716619,2.2290404280587039,2.0700777848609819,1.858546319691829,1.5838988475970499
1480,2.5499994317072843,2.5499991179443842,2.5499977349461704,2.5499934093214485,2.5499806730443417,2.5499448405174037,2.5498488862567212,2.5496052712673296,2.5490204305142914,2.5476950981998066,2.5448628616829585,2.5391578104145829,2.5283248769299238,2.5089227456399192,2.4761072158677528,2.4235994338056308,2.343912285359294,2.2288123353337879,2.0698243674549359,1.8582852616619974,1.5836510970890589
1481,2.549999426109713,2.5499991097209329,2.5499977158470117,2.5499933593213271,2.5499805416310299,2.5499445061008443,2.5498480742836231,2.5496034042278795,2.5490163828471317,2.5476868483556228,2.5448470852592759,2.5391295439724817,2.5282774758453703,2.5088484010160563,2.4759982130948441,2.4234500976338045,2.3437212230882096,2.228584308732112,2.0695710544333688,1.8580243308380295,1.5834034753799886
1482,2.54999942046449,2.5499991014315895,2.5499976966115856,2.5499933090065401,2.5499804094933483,2.5499441700848275,2.5498472589797965,2.5496015307125202,2.5490123235148232,2.5476785791897862,2.5448312796659152,2.5391012378797195,2.5282300271850744,2.5087740079293805,2.4758891724791261,2.4233007481467457,2.3435301842977418,2.2283563482347004,2.0693178457096146,1.8577635271115376,1.5831559822969081
1483,2.5499994147712779,2.5499990930759191,2.5499976772391091,2.5499932583755496,2.5499802766283319,2.5499438324639883,2.5498464403363781,2.5495996507082297,2.5490082525010065,2.5476702906862174,2.5448154448942399,2.5390728921448225,2.5281825309833339,2.5086995664417189,2.4757800940997496,2.4231513854181204,2.3433391690270891,2.2281284538225119,2.0690647411973364,1.8575028503737376,1.5829086176664393
1484,2.5499994090297382,2.5499990846534839,2.5499976577287993,2.5499932074268141,2.5499801430330078,2.5499434932329526,2.5498456183445,2.5495977642019865,2.5490041697893409,2.5476619828288745,2.54479958093567,2.5390445067763729,2.5281349872744694,2.5086250766148566,2.4756709780357462,2.4230020095214346,2.3431481773153124,2.2279006254764369,2.0688117408104598,1.857242300515332,1.5826613813168313
1485,2.5499994032395294,2.5499990761638442,2.5499976380798679,2.5499931561587865,2.5499800087043951,2.5499431523863381,2.5498447929952857,2.5495958711807689,2.5490000753635003,2.5476536556017528,2.544783687781683,2.5390160817830112,2.5280873960928263,2.5085505385105349,2.4755618243660287,2.4228526205300267,2.3429572092013307,2.227672863177292,2.0685588444631158,1.8569818774262215,1.5824142730800208
1486,2.5499993974003088,2.5499990676065583,2.5499976182915232,2.5499931045699142,2.5499798736395078,2.5499428099187544,2.549843964279852,2.5495939716315581,2.5489959692071769,2.5476453089888866,2.5447677654238108,2.5389876171734285,2.5280397574727682,2.5084759521904521,2.4754526331693949,2.4227032185170825,2.3427662647239327,2.2274451669058379,2.0683060520697341,1.8567215809963313,1.5821672927871731
1487,2.5499993915117316,2.5499990589811823,2.5499975983629701,2.5499930526586403,2.5499797378353515,2.549942465824802,2.549843132189308,2.5495920655413342,2.5489918513040792,2.5476369429743482,2.544751813853642,2.5389591129563756,2.5279920714486845,2.5084013177162627,2.4753434045245215,2.4225538035556209,2.342575343921764,2.2272175366427587,2.0680533635449772,1.8564614111147184,1.5819204402728324
1488,2.5499993855734515,2.54999905028727,2.5499975782934117,2.5499930004234028,2.5499796012889249,2.5499421200990726,2.5498422967147567,2.5495901528970788,2.5489877216379311,2.547628557542247,2.5447358330628225,2.5389305691406583,2.5279443380549873,2.5083266351495803,2.4752341385099688,2.4224043757184974,2.3423844468333326,2.2269899723686692,2.0678007788037585,1.8562013676698939,1.5816737153735059
1489,2.5499993795851186,2.5499990415243725,2.5499975580820466,2.5499929478626351,2.5499794639972184,2.5499417727361506,2.5498414578472954,2.5495882336857751,2.548983580192473,2.5476201526767306,2.5447198230430503,2.5389019857351327,2.527896557326105,2.5082519045519733,2.475124835204181,2.4222549350784166,2.3421935734970143,2.226762474064135,2.0675482977612512,1.8559414505504765,1.5814271179247841
1490,2.5499993735463837,2.549999032692039,2.5499975377280704,2.5499928949747632,2.5499793259572172,2.5499414237306115,2.5498406155780127,2.5495863078944057,2.5489794269514618,2.5476117283619844,2.5447037837860811,2.5388733627487139,2.5278487292964917,2.5081771259849668,2.475015494685485,2.422105481707916,2.3420027239510453,2.2265350417096439,2.0672959203328802,1.8556816596442443,1.5811806477655228
1491,2.5499993674568935,2.549999023789816,2.5499975172306759,2.5499928417582112,2.5499791871658983,2.5499410730770209,2.5498397698979915,2.5495843755099554,2.5489752618986712,2.5476032845822321,2.5446877152837271,2.5388447001903716,2.527800854000624,2.5081022995100444,2.474906117032087,2.4219560156793714,2.3418118982335225,2.2263076752856152,2.0670436464343238,1.8554219948384905,1.5809343047362703
1492,2.5499993613162939,2.5499990148172489,2.5499974965890515,2.5499927882113957,2.5499790476202318,2.5499407207699383,2.5498389207983085,2.54958243651941,2.548971085017893,2.5475948213217352,2.5446716175278552,2.5388159980691261,2.5277529314729956,2.5080274251886432,2.4747967023220814,2.4218065370650095,2.3416210963824162,2.2260803747724265,2.0667914759814807,1.8551624560206978,1.5806880886765673
1493,2.5499993551242297,2.5499990057738802,2.5499974758023827,2.5499927343327293,2.5499789073171804,2.5499403668039133,2.5498380682700335,2.5495804909097566,2.548966896292935,2.547586338564793,2.5446554905103875,2.5387872563940546,2.5277049617481238,2.5079525030821581,2.474687250633441,2.42165704593689,2.3414303184355529,2.2258531401503765,2.0665394088905211,1.854903043077565,1.5804419994288255
1494,2.5499993488803421,2.5499989966592498,2.5499974548698523,2.5499926801206199,2.5499787662537003,2.5499400111734878,2.549837212304229,2.5495785386679826,2.5489626957076212,2.5475778362957433,2.5446393342233029,2.5387584751742902,2.5276569448605484,2.507877533251941,2.4745777620440235,2.4215075423669128,2.3412395644306243,2.2256259713996989,2.0662874450778661,1.8546437558953699,1.5801960368368855
1495,2.5499993425842713,2.5499989874728959,2.5499974337906393,2.54999262557347,2.5499786244267395,2.5499396538731944,2.5498363528919512,2.5495765797810774,2.5489584832457934,2.5475693144989604,2.5446231486586322,2.5387296544190145,2.5276088808448236,2.5078025157592982,2.4744682366315724,2.4213580264268293,2.3410488344051918,2.2253988685005908,2.0660355844601157,1.8543845943606365,1.5799502007439579
1496,2.5499993362356554,2.5499989782143544,2.5499974125639198,2.5499925706896769,2.5499784818332398,2.5499392948975581,2.5498354900242499,2.5495746142360307,2.548954258891309,2.5475607731588581,2.5446069338084643,2.5387007941374669,2.5275607697355302,2.5077274506654939,2.474358674473712,2.4212084981882263,2.3408581283966785,2.2251718314331703,2.0657838269541569,1.854125558359174,1.5797044909955382
1497,2.5499993298341304,2.5499989688831586,2.549997391188866,2.5499925154676331,2.5499783384701349,2.5499389342410952,2.5498346236921678,2.5495726420198337,2.5489500226280426,2.5475522122598875,2.5445906896649428,2.538671894338941,2.5275126115672673,2.5076523380317481,2.47424907564795,2.4210589577225297,2.3406674464423705,2.2249448601774948,2.0655321724771203,1.8538666477764354,1.5794589074383416
1498,2.5499993233793306,2.549998959478839,2.5499973696646467,2.5499924599057247,2.5499781943343525,2.5499385718983141,2.5498337538867424,2.5495706631194808,2.5489457744398876,2.547543631786537,2.5445744162202653,2.5386429550327798,2.5274644063746523,2.5075771779192353,2.4741394402316801,2.4209094051010185,2.340476788579426,2.2247179547135878,2.0652806209462851,1.8536078624981116,1.5792134499189048
1499,2.5499993168708874,2.549998950000925,2.549997347990427,2.5499924040023343,2.5499780494228119,2.5499382078637138,2.5498328805990043,2.5495686775219659,2.548941514310751,2.5475350317233341,2.5445581134666844,2.5386139762283815,2.5274161541923239,2.5075019703890868,2.4740297683021786,2.4207598403948083,2.3402861548448644,2.2244911150213991,2.0650291722792145,1.8533492024093139,1.5789681182854731
1500,2.5499993103084315,2.5499989404489418,2.5499973261653697,2.5499923477558388,2.5499779037324255,2.549937842131786,2.5498320038199762,2.5495666852142853,2.5489372422245595,2.5475264120548426,2.5445417813965086,2.5385849579351989,2.5273678550549419,2.5074267155023908,2.4739200599366047,2.4206102636748561,2.3400955452755703,2.2242643410808189,2.0647778263937071,1.8530906673948555,1.5787229123873647
1501,2.5499993036915902,2.5499989308224151,2.5499973041886319,2.5499922911646054,2.549977757260089,2.5499374746969892,2.5498311235406281,2.5495646861833436,2.5489329581650928,2.5475177727653993,2.5445254200017051,2.5385559001622071,2.5273195089965594,2.5073514133195678,2.4738103152115318,2.4204606750118227,2.3399049599086306,2.2240376328725775,2.0645265832090778,1.8528322573413363,1.5784778194397766
1502,2.5499992970199927,2.5499989211208658,2.5499972820593739,2.5499922342270098,2.5499776100027232,2.5499371055538478,2.5498302397520689,2.5495626804163254,2.5489286621166398,2.5475091138401798,2.5445090292754835,2.5385268029200243,2.527271116053126,2.5072760639028662,2.4737005342048386,2.4203110744766536,2.3397143987799991,2.2238109903747101,2.0642754426407688,1.8525739721300676,1.5782328415499303
1503,2.5499992902932611,2.5499989113438146,2.5499972597767444,2.5499921769414091,2.5499774619572082,2.5499367346968027,2.5498293524452538,2.5495606679001375,2.5489243540630122,2.5475004352635939,2.5444926092099158,2.5384976662177232,2.5272226762587233,2.5072006673126066,2.4735907169928573,2.4201614621396903,2.3395238619264958,2.2235844135678464,2.0640244046085554,1.8523158116471778,1.5779879822372533
1504,2.5499992835110175,2.549998901490778,2.5499972373398925,2.5499921193061597,2.5499773131204271,2.5499363621203126,2.549828461611181,2.5495586486217832,2.5489200339882054,2.5474917370203549,2.5444761597975281,2.5384684900649646,2.5271741896480897,2.5071252236097026,2.4734808636522883,2.4200118380712734,2.3393333493844777,2.223357902431681,2.0637734690310259,1.8520577757769727,1.5777432426835265
1505,2.5499992766728847,2.5499988915612706,2.5499972147479646,2.5499920613196139,2.5499771634892574,2.5499359878188281,2.5498275672408446,2.5495566225682667,2.5489157018762318,2.5474830190952238,2.5444596810309057,2.538439274471469,2.5271256562559796,2.5070497328550188,2.473370974259713,2.4198622023415846,2.3391428611901586,2.2231314569458509,2.0635226358269674,1.8517998644035962,1.577498623478653
1506,2.5499992697784779,2.549998881554806,2.5499971920001019,2.5499920029801149,2.549977013060571,2.5499356117867888,2.5498266693252281,2.5495545897265925,2.5489113577111198,2.5474742814729869,2.5444431729026804,2.5384100194469985,2.5270770761171675,2.506974195109378,2.4732610488916014,2.4197125550206553,2.3389523973796322,2.2229050770899548,2.0632719049153594,1.8515420774110547,1.5772541249987384
1507,2.549999262827416,2.5499988714708928,2.5499971690954419,2.5499919442860075,2.5499768618312282,2.5499352340186308,2.5498257678553151,2.5495525500837699,2.5489070014769166,2.5474655241384756,2.544426635405538,2.5383807250013684,2.5270284492664397,2.5068986104335558,2.4731510876243132,2.4195628961783706,2.3387619579888628,2.2226787628435454,2.0630212762153644,1.8512844146831129,1.5770097474772173
1508,2.5499992558193112,2.5499988613090392,2.5499971460331219,2.5499918852356265,2.5499767097980857,2.5499348545087797,2.5498248628220761,2.549550503626806,2.5489026331576849,2.5474567470765574,2.544410068532224,2.5383513911444484,2.526979775738607,2.506822978888283,2.4730410905340823,2.4194132258844494,2.3385715430536722,2.2224525141861249,2.0627707496463441,1.8510268761030668,1.5767654910543096
1509,2.5499992487537764,2.5499988510687523,2.5499971228122726,2.5499918258273011,2.5499765569579949,2.5499344732516507,2.5498239542164796,2.5495484503427144,2.548898252737505,2.5474479502721357,2.5443934722755337,2.5383220178861579,2.5269310555684963,2.5067473005342467,2.4729310576970338,2.4192635442084631,2.3383811526097573,2.2222263310971533,2.0625203251278306,1.8507694615535679,1.576521355815802
1510,2.5499992416304234,2.5499988407495322,2.5499970994320216,2.5499917660593581,2.5499764033077921,2.5499340902416532,2.5498230420294892,2.5495463902185063,2.5488938602004776,2.5474391337101578,2.5443768466283192,2.5382926052364696,2.5268822887909508,2.5066715754320863,2.4728209891891759,2.4191138512198265,2.3381907866926808,2.2220002135560475,2.0622700025795431,1.8505121709162662,1.5762773418090044
1511,2.5499992344488587,2.5499988303508823,2.5499970758914947,2.5499917059301187,2.549976248844315,2.5499337054731885,2.5498221262520584,2.549544323241197,2.5488894555307171,2.5474302973756027,2.5443601915834839,2.5382631532054076,2.5268334754408328,2.5065958036423988,2.472710885086403,2.4189641469878032,2.3380004453378729,2.2217741615421782,2.0620197819213701,1.8502550040715444,1.5760334490559156
1512,2.5499992272086893,2.5499988198722994,2.5499970521898137,2.5499916454378959,2.5499760935643914,2.5499333189406492,2.5498212068751376,2.5495422493978066,2.5488850387123607,2.5474214412534906,2.544343507133989,2.5382336618030439,2.5267846155530247,2.5065199852257343,2.4726007454644936,2.4188144315815037,2.3378101285806352,2.221548175034878,2.0617696630733695,1.849997960898369,1.575789677556225
1513,2.5499992199095201,2.549998809313279,2.5499970283260955,2.5499915845810026,2.549975937464839,2.5499329306384193,2.5498202838896704,2.5495401686753505,2.5488806097295553,2.5474125653288775,2.5443267932728442,2.538204131039504,2.5267357091624194,2.5064441202425978,2.472490570399116,2.418664705069888,2.3376198364561418,2.2213222540134403,2.0615196459557654,1.8497410412742905,1.5755460272910031
1514,2.5499992125509512,2.5499987986733155,2.5499970042994549,2.5499915233577415,2.5499757805424723,2.5499325405608766,2.5498193572865944,2.5495380810608528,2.5488761685664736,2.547403669586858,2.5443100499931166,2.5381745609249613,2.5266867563039335,2.5063682087534516,2.4723803599658201,2.4185149675217654,2.337429568999434,2.2210963984571168,2.0612697304889371,1.8494842450756528,1.5753024982296209
1515,2.5499992051325835,2.549998787951901,2.5499969801090017,2.5499914617664139,2.5499756227940957,2.5499321487023883,2.5498184270568403,2.5495359865413345,2.5488717152072975,2.5473947540125637,2.544293277287923,2.5381449514696426,2.5266377570124954,2.5062922508187104,2.4722701142400472,2.4183652190057945,2.3372393262454261,2.220870608345122,2.061019916593434,1.8492275721773603,1.5750590903213906
1516,2.5499991976540155,2.549998777148522,2.5499969557538456,2.5499913998053136,2.5499754642165096,2.5499317550573148,2.5498174931913353,2.5495338851038238,2.5488672496362357,2.5473858185911666,2.5442764751504372,2.5381153026838223,2.5265887113230545,2.5062162464987447,2.4721598332971206,2.4182154595904812,2.3370491082289009,2.2206448836566319,2.0607702041899514,1.8489710224536255,1.574815803517184
1517,2.5499991901148427,2.5499987662626653,2.5499969312330912,2.5499913374727301,2.5499753048065052,2.5499313596200088,2.5498165556809997,2.549531776735348,2.5488627718375088,2.5473768633078748,2.5442596435738851,2.5380856145778274,2.5265396192705762,2.5061401958538791,2.4720495172122523,2.4180656893441812,2.3368589149845138,2.2204192243707848,2.0605205931993487,1.8487145957772539,1.5745726377478333
1518,2.5499991825146591,2.549998755293815,2.5499969065458363,2.5499912747669478,2.5499751445608672,2.549930962384813,2.549815614516747,2.549529661422937,2.5488582817953551,2.547367888147932,2.5442427825515446,2.5380558871620331,2.5264904808900384,2.5060640989443916,2.4719391660605403,2.4179159083350998,2.3366687465467897,2.2201936304666874,2.0602710835426188,1.8484582920209354,1.5743295929508523
1519,2.5499991748530557,2.5499987442414533,2.5499968816911784,2.5499912116862458,2.5499749834763734,2.5499305633460643,2.5498146696894848,2.5495275391536243,2.5488537794940327,2.5473588930966224,2.5442258920767475,2.5380261204468648,2.5264412962164382,2.5059879558305163,2.4718287799169691,2.4177661166312912,2.3364786029501254,2.2199681019234072,2.0600216751409151,1.8482021110561355,1.5740866690482282
1520,2.5499991671296232,2.549998733105058,2.5499968566682125,2.5499911482288975,2.5499748215497928,2.5499301624980921,2.5498137211901164,2.5495254099144447,2.5488492649178167,2.5473498781392681,2.5442089721428802,2.5379963144427986,2.5263920652847904,2.5059117665724409,2.4717183588564109,2.4176163143006635,2.3362884842287928,2.2197426387199806,2.059772367915516,1.8479460527546157,1.5738438659652036
1521,2.5499991593439488,2.5499987218841054,2.5499968314760282,2.5499910843931719,2.5499746587778889,2.5499297598352157,2.5498127690095393,2.5495232736924347,2.5488447380510011,2.5473408432612281,2.5441920227433807,2.5379664691603581,2.5263427881301239,2.5058355312303089,2.4716079029536226,2.4174665014109729,2.3360983904169323,2.2195172408354091,2.0595231617878516,1.8476901169872428,1.5736011836177008
1522,2.5499991514956175,2.5499987105780706,2.5499968061137124,2.5499910201773321,2.5499744951574188,2.5499293553517468,2.5498118131386445,2.5495211304746364,2.5488401988778948,2.5473317884478983,2.5441750438717388,2.5379365846101174,2.5262934647874813,2.5057592498642158,2.4714974122832514,2.4173166780298274,2.3359083215485597,2.2192919082486648,2.0592740566794712,1.8474343036253376,1.5733586219209157
1523,2.5499991435842126,2.5499986991864247,2.5499967805803481,2.5499909555796365,2.549974330685131,2.5499289490419894,2.5498108535683182,2.5495189802480906,2.5488356473828286,2.547322713684713,2.5441580355214972,2.5379066608026992,2.5262440952919225,2.5056829225342123,2.4713868869198303,2.4171668442246861,2.3357182776575631,2.2190666409386877,2.0590250525120566,1.8471786125399197,1.5731161807856635
1524,2.5499991356093155,2.5499986877086362,2.5499967548750138,2.5499908905983379,2.5499741653577677,2.5499285409002401,2.5498098902894393,2.5495168229998439,2.5488310835501489,2.5473136189571446,2.5441409976862528,2.537876697748775,2.526194679678524,2.5056065493003032,2.4712763269377795,2.4170170000628604,2.3355282587777042,2.218841438884386,2.0587761492074081,1.8469230436023023,1.5728738601205838
1525,2.549999127570505,2.5499986761441713,2.5499967289967849,2.5499908252316845,2.5499739991720634,2.5499281309207866,2.5498089232928827,2.5495146587169435,2.5488265073642209,2.547304504250703,2.5441239303596541,2.5378466954590668,2.5261452179823771,2.5055301302224477,2.4711657324114071,2.4168671456115103,2.3353382649426164,2.2186163020646346,2.0585273466874812,1.8466675966830242,1.5726316598284011
1526,2.5499991194673584,2.5499986644924948,2.5499967029447355,2.5499907594779181,2.549973832124746,2.5499277190979104,2.5498079525695179,2.5495124873864401,2.5488219188094274,2.5472953695509353,2.5441068335354027,2.5378166539443421,2.5260957102385855,2.5054536653605588,2.4710551034149093,2.4167172809376543,2.3351482961858108,2.218391230458288,2.0582786448742798,1.8464122716542324,1.5723895798159089
1527,2.5499991112994502,2.5499986527530689,2.5499966767179343,2.5499906933352774,2.5499736642125361,2.5499273054258831,2.5498069781102073,2.5495103089953863,2.5488173178701694,2.5472862148434277,2.5440897072072519,2.5377865732154197,2.5260461564822712,2.5053771547745027,2.470944440022369,2.4165674061081579,2.334958352540669,2.2181662240441629,2.058030043689981,1.8461570683871447,1.5721476199825859
1528,2.5499991030663534,2.5499986409253519,2.549996650315447,2.5499906268019932,2.5499734954321469,2.5499268898989689,2.5498059999058098,2.5495081235308388,2.5488127045308659,2.5472770401138023,2.5440725513690081,2.5377564532831669,2.5259965567485692,2.5053005985241015,2.4708337423077578,2.4164175211897412,2.3347684340404475,2.2179412828010485,2.0577815430568616,1.8459019867533497,1.5719057802266545
1529,2.5499990947676383,2.549998629008801,2.5499966237363334,2.5499905598762931,2.5499733257802859,2.5499264725114252,2.5498050179471772,2.5495059309798567,2.5488080787759544,2.5472678453477204,2.5440553660145286,2.5377262941584955,2.5259469110726283,2.5052239966691285,2.4707230103449369,2.4162676262489806,2.334578540718284,2.2177164067077197,2.0575331428972259,1.8456470266258964,1.5716640604504484
1530,2.5499990864028734,2.5499986170028701,2.549996596979653,2.5499904925563976,2.5499731552536526,2.5499260532574994,2.5498040322251567,2.549503731329501,2.5488034405898898,2.5472586305308793,2.5440381511377246,2.53769609585237,2.5258972194896137,2.505147349269313,2.4706122442076537,2.4161177213523,2.3343886726071834,2.2174915957429078,2.0572848431335737,1.8453921878768491,1.5714224605483589
1531,2.549999077971624,2.5499986049070102,2.5499965700444607,2.5499904248405243,2.5499729838489391,2.5499256321314343,2.5498030427305909,2.5495015245668369,2.5487987899571465,2.5472493956490156,2.5440209067325572,2.5376658583757998,2.5258474820347043,2.505070656384337,2.4705014439695443,2.4159678065659813,2.3341988297400311,2.2172668498853279,2.057036643688432,1.8451374703793446,1.5711809804170611
1532,2.5499990694734542,2.5499985927206712,2.5499965429298066,2.5499903567268838,2.5499728115628293,2.5499252091274625,2.549802049454315,2.5494993106789314,2.5487941268622154,2.5472401406879013,2.5440036327930415,2.5376355817398415,2.5257976987430908,2.5049939180738354,2.4703906097041353,2.4158178819561607,2.3340090121495902,2.2170421691136695,2.0567885444844034,1.8448828740070495,1.5709396199528098
1533,2.5499990609079259,2.5499985804432987,2.5499965156347391,2.5499902882136816,2.5499726383920023,2.5499247842398094,2.5498010523871613,2.5494970896528555,2.5487894512896072,2.5472308656333471,2.5439863293132432,2.5376052659556017,2.5257478696499818,2.5049171343973979,2.4702797414848381,2.4156679475888243,2.3338192198684955,2.2168175534065897,2.0565405454442383,1.8446283986335534,1.5706983790483684
1534,2.549999052274599,2.5499985680743373,2.5499964881583015,2.5499902192991182,2.5499724643331292,2.5499243574626922,2.5498000515199544,2.5494948614756821,2.5487847632238507,2.5472215704712036,2.5439689962872798,2.5375749110342314,2.525697994790594,2.5048403054145671,2.4701688393849572,2.4155180035298209,2.3336294529292636,2.2165930027427345,2.0562926464906703,1.8443740441333016,1.5704572575981672
1535,2.5499990435730302,2.5499985556132279,2.5499964604995342,2.5499901499813897,2.5499722893828745,2.5499239287903199,2.549799046843515,2.5494926261344881,2.5487800626494934,2.5472122551873566,2.5439516337093213,2.537544516986932,2.5256480742001624,2.5047634311848395,2.4700579034776844,2.4153680498448487,2.3334397113642837,2.2163685171007153,2.0560448475465818,1.8441198103809071,1.5702162554941326
1536,2.5499990348027759,2.5499985430594094,2.5499964326574736,2.5499900802586861,2.5499721135378954,2.549923498216895,2.5497980383486589,2.5494903836163538,2.5487753495511001,2.5472029197677304,2.5439342415735888,2.5375140838249495,2.5255981079139338,2.5046865117676642,2.4699469338360993,2.4152180865994608,2.3332499952058248,2.2161440964591215,2.0557971485349089,1.8438656972514396,1.5699753726277681
1537,2.5499990259633876,2.5499985304123189,2.5499964046311532,2.5499900101291915,2.5499719367948415,2.5499230657366128,2.5497970260261966,2.5494881339083624,2.548770623913255,2.5471935641982841,2.5439168198743536,2.5374836115595754,2.5255480959671672,2.5046095472224454,2.4698359305331743,2.4150681138590704,2.3330603044860396,2.2159197407965268,2.0555495493785934,1.8436117046204661,1.5697346088910726
1538,2.5499990170544167,2.5499985176713889,2.5499963764196019,2.5499899395910863,2.5499717591503561,2.5499226313436592,2.5497960098669328,2.5494858769975997,2.5487658857205591,2.5471841884650175,2.5438993686059406,2.5374531002021516,2.525498038395138,2.5045325376085397,2.4697248936417671,2.4149181316889403,2.3328706392369494,2.2156954500914727,2.055302050000734,1.8433578323638766,1.569493964173641
1539,2.5499990080754116,2.5499985048360512,2.5499963480218457,2.5499898686425442,2.5499715806010754,2.5499221950322126,2.5497949898616667,2.5494836128711547,2.5487611349576338,2.5471747925539669,2.5438818877627254,2.5374225497640657,2.5254479352331316,2.5044554829852568,2.469613823234627,2.4147681401541932,2.3326809994904583,2.2154712243224806,2.0550546503244567,1.8431040803580108,1.5692534383652086
1540,2.5499989990259189,2.5499984919057344,2.5499963194369069,2.5499897972817336,2.5499714011436265,2.5499217567964445,2.5497939660011943,2.5494813415161213,2.5487563716091182,2.5471653764512068,2.543864377339133,2.5373919602567487,2.5253977865164443,2.5043783834118583,2.4695027193843937,2.4146181393198121,2.332491385278356,2.215247063468059,2.0548073502728847,1.8428504484796526,1.5690130313564661
1541,2.5499989899054816,2.5499984788798642,2.5499962906638034,2.5499897255068187,2.5499712207746321,2.5499213166305177,2.5497929382763047,2.5494790629195947,2.5487515956596702,2.5471559401428485,2.5438468373296423,2.5373613316916823,2.5253475922803896,2.5043012389475607,2.4693915821635946,2.4144681292506287,2.3323017966323007,2.2150229675066821,2.0545601497692916,1.8425969366059665,1.5687727430354979
1542,2.5499989807136427,2.5499984657578643,2.5499962617015504,2.5499896533159574,2.5499710394907056,2.549920874528588,2.5497919066777825,2.5494767770686746,2.5487468070939658,2.5471464836150406,2.5438292677287824,2.5373306640803923,2.5252973525602904,2.5042240496515342,2.4692804116446481,2.4143181100113358,2.3321122335838353,2.2147989364168081,2.0543130487369718,1.8423435446145346,1.5685325732908384
1543,2.5499989714499409,2.549998452539155,2.5499962325491596,2.5499895807073036,2.5499708572884572,2.5499204304848044,2.5497908711964081,2.5494744839504642,2.5487420058967003,2.5471370068539696,2.5438116685311321,2.5372999574344473,2.5252470673914824,2.5041468155828994,2.4691692078998644,2.4141680816664879,2.3319226961643902,2.2145749701768818,2.0540660470992198,1.8420902723833215,1.568292522012031
1544,2.5499989621139139,2.5499984392231556,2.5499962032056378,2.5499895076790047,2.5499706741644865,2.5499199844933069,2.5497898318229555,2.5494721835520693,2.5487371920525872,2.5471275098458599,2.5437940397313223,2.5372692117654667,2.5251967368093151,2.5040695368007317,2.4690579710014413,2.4140180442804886,2.3317331844052647,2.2143510687653158,2.0538191447794589,1.8418371197907413,1.5680525890863899
1545,2.549998952705097,2.5499984258092807,2.5499961736699892,2.5499894342292033,2.5499704901153875,2.549919536548229,2.5497887885481951,2.5494698758605998,2.5487323655463578,2.5471179925769722,2.5437763813240353,2.5372384270851125,2.5251463608491482,2.5039922133640604,2.468946701021467,2.4138679979176039,2.3315436983376441,2.2141272321605068,2.0535723417011358,1.8415840867155753,1.5678127744016712
1546,2.5499989432230219,2.5499984122969428,2.5499961439412142,2.5499893603560366,2.5499703051377463,2.5499190866436954,2.5497877413628927,2.5494675608631705,2.5487275263627649,2.5471084550336043,2.543758693304,2.5372076034050917,2.5250959395463517,2.5039148453318654,2.4688353980319246,2.4137179426419633,2.3313542379926022,2.2139034603408372,2.0533256377877138,1.8413311730368953,1.5675730778462753
1547,2.5499989336672191,2.5499983986855521,2.5499961140183087,2.5499892860576359,2.5499701192281421,2.5499186347738236,2.5497866902578079,2.5494652385468974,2.5487226744865774,2.5470988972020931,2.543740975666001,2.5371767407371584,2.5250454729363105,2.5038374327630812,2.4687240621046826,2.413567878517545,2.3311648034010837,2.2136797532846608,2.0530790329627528,1.8410783786343043,1.5673334993071226
1548,2.5499989240372174,2.5499983849745167,2.5499960839002656,2.5499892113321283,2.5499699323831484,2.5499181809327234,2.5497856352236967,2.549462908898902,2.5487178099025845,2.547089319068812,2.5437232284048714,2.5371458390931121,2.52499496105442,2.5037599757165951,2.4686126933115018,2.4134178056081907,2.3309753945939198,2.2134561109703146,2.0528325271498469,1.8408257033877138,1.5670940386713939
1549,2.5499989143325426,2.5499983711632419,2.5499960535860744,2.5499891361776346,2.5499697445993301,2.5499177251144989,2.5497845762513096,2.5494605719063084,2.5487129325955928,2.5470797206201721,2.5437054515154931,2.5371148984847935,2.5249444039360838,2.5036824742512449,2.4685012917240368,2.4132677239776061,2.3307860116018317,2.2132325333761202,2.0525861202726223,1.8405731471772577,1.5668546958266241
1550,2.549998904552718,2.5499983572511296,2.5499960230747205,2.5499890605922713,2.5499695558732456,2.5499172673132438,2.5497835133313913,2.5494582275562454,2.5487080425504285,2.5470701018426216,2.5436876449928016,2.5370839189240937,2.5248938016167211,2.5036049284258235,2.4683898574138285,2.4131176336893474,2.3305966544554124,2.2130090204803734,2.0523398122547771,1.8403207098836385,1.5666154706594095
1551,2.5499988946972652,2.5499983432375797,2.5499959923651856,2.5499889845741488,2.5499693662014469,2.5499168075230467,2.5497824464546839,2.5494558758358439,2.5487031397519364,2.5470604627226461,2.5436698088317806,2.5370529004229461,2.52484315413176,2.5035273382990764,2.4682783904523125,2.4129675348068349,2.3304073231851423,2.2127855722613532,2.0520936030200505,1.8400683913878249,1.5663763630564971
1552,2.5499988847657025,2.5499983291219896,2.5499959614564478,2.5499889081213718,2.5499691755804776,2.5499163457379868,2.5497813756119241,2.5494535167322412,2.5486982241849812,2.5470508032467687,2.5436519430274633,2.5370218429933242,2.5247924615166384,2.5034497039296992,2.4681668909108159,2.4128174273933536,2.3302180178213932,2.2125621886973219,2.051847492492227,1.8398161915709805,1.5661373729049266
1553,2.5499988747575468,2.5499983149037528,2.5499959303474808,2.5499888312320405,2.5499689840068762,2.5499158819521375,2.5497803007938433,2.5494511502325761,2.5486932958344455,2.5470411234015504,2.5436340475749342,2.5369907466472528,2.5247417238068079,2.5033720253763434,2.4680553588605543,2.4126673115120401,2.3300287383944105,2.2123388697665192,2.0516014805951466,1.8395641103148237,1.5658985000910162
1554,2.5499988646723124,2.5499983005822622,2.5499958990372558,2.5499887539042492,2.5499687914771729,2.5499154161595632,2.549779221991169,2.5494487763239926,2.5486883546852304,2.5470314231735878,2.5436161224693281,2.5369596113967976,2.5246909410377296,2.5032943026976109,2.467943794372637,2.4125171872258955,2.3298394849343276,2.2121156154471646,2.0513555672526982,1.8393121475013179,1.5656597445012344
1555,2.5499988545095107,2.5499982861569048,2.5499958675247396,2.5499886761360875,2.549968597987891,2.549914948354322,2.5497781391946241,2.5494463949936379,2.5486834007222581,2.5470217025495159,2.5435981677058286,2.5369284372540668,2.524640113244871,2.5032165359520562,2.4678321975180677,2.412367054597786,2.329650257471171,2.2118924257174637,2.0511097523888249,1.8390603030126151,1.5654211060223648
1556,2.5499988442686523,2.5499982716270679,2.5499958358088954,2.5499885979256396,2.5499684035355474,2.5499144785304644,2.5497770523949272,2.5494440062286641,2.5486784339304682,2.5470119615160063,2.5435801832796701,2.536897224231216,2.5245892404637154,2.5031387251981876,2.4677205683677372,2.4122169136904321,2.3294610560348414,2.211669300555597,2.050864035927515,1.8388085767313851,1.5651825845405702
1557,2.5499988339492434,2.5499982569921351,2.5499958038886827,2.5499885192709839,2.5499682081166517,2.5499140066820329,2.549775961582792,2.5494416100162263,2.5486734542948191,2.5470022000597687,2.5435621691861363,2.536865972340443,2.5245383227297542,2.5030608704944646,2.4676089069924303,2.4120667645664171,2.3292718806551296,2.2114462399397294,2.0506184177928106,1.8385569685405321,1.5649441799421868
1558,2.5499988235507898,2.5499982422514869,2.5499957717630566,2.5499884401701935,2.5499680117277062,2.5499135328030627,2.5497748667489262,2.549439206343485,2.5486684618002893,2.5469924181675503,2.5435441254205582,2.5368346815939868,2.5244873600784863,2.5029829718992982,2.4674972134628255,2.4119166072881937,2.3290827313617193,2.2112232438480066,2.0503728979088165,1.8383054783231436,1.5647058921138481
1559,2.5499988130727931,2.5499982274045019,2.5499957394309689,2.5499883606213363,2.5499678143652065,2.5499130568875819,2.5497737678840351,2.5494367951976029,2.5486634564318753,2.5469826158261353,2.5435260519783203,2.5368033520041333,2.5244363525454245,2.5029050294710533,2.4673854878494907,2.4117664419180658,2.3288936081841709,2.2110003122585535,2.0501274761996759,1.8380541059627904,1.5644677209416968
1560,2.5499988025147542,2.5499982124505554,2.5499957068913668,2.5499882806224754,2.5499676160256408,2.5499125789296109,2.5497726649788186,2.5494343765657486,2.5486584381745936,2.5469727930223445,2.5435079488548542,2.5367719835832121,2.5243853001660903,2.5028270432680473,2.4672737302228867,2.4116162685182032,2.3287045111519329,2.210777445149477,2.0498821525895878,1.8378028513432947,1.5642296663119921
1561,2.549998791876166,2.5499981973890149,2.549995674143188,2.5499882001716485,2.5499674167054569,2.5499120989231012,2.5497715580238633,2.5494319504349168,2.548653407013215,2.5469629497426749,2.543489816045204,2.5367405763431257,2.5243342029755946,2.5027490133482755,2.4671619406533298,2.4114660871508882,2.3285154402948813,2.2105546424996332,2.0496369270037471,1.8375517143496176,1.56399173285492
1562,2.5499987811565323,2.5499981822192601,2.5499956411853884,2.5499881192669416,2.5499672164011944,2.5499116168621767,2.5497704470100686,2.5494295167926215,2.548648362933303,2.5469530859747236,2.5434716535457675,2.5367091302972358,2.5242830610103555,2.5026709397705793,2.4670501192112395,2.4113158978776106,2.3283263956412217,2.2103319042855287,2.0493917993645225,1.8373006948640316,1.5637539196318575
1563,2.5499987703553431,2.5499981669406537,2.5499956080168977,2.5499880379063886,2.5499670151092944,2.5499111327407902,2.5497693319280401,2.549427075625907,2.5486433059197151,2.5469432017051092,2.5434534613517079,2.5366776454575026,2.5242318743054053,2.5025928225926863,2.4669382659665038,2.4111657007601814,2.3281373772205027,2.2101092304860344,2.0491467695974328,1.8370497927724696,1.5635162251187122
1564,2.5499987594720865,2.5499981515525603,2.5499955746366489,2.5499879560880263,2.5499668128262138,2.549910646552922,2.54976821276844,2.5494246269219292,2.5486382359575099,2.5469332969207685,2.5434352394586361,2.5366461218364429,2.5241806428963689,2.5025146618728424,2.4668263809893021,2.4110154958603607,2.3279483850618004,2.2098866210791446,2.0489018376267598,1.8367990079595942,1.5632786487256249
1565,2.5499987485062543,2.5499981360543416,2.54999554104357,2.5499878738098922,2.549966609548405,2.549910158292557,2.5497670895219531,2.5494221706678828,2.5486331530318069,2.5469233716087136,2.5434169878622352,2.5366145594465994,2.5241293668188018,2.5024364576691034,2.4667144643495398,2.4108652832396138,2.3277594191939954,2.2096640760428738,2.0486570033770199,1.8365483403106104,1.5630411900441707
1566,2.5499987374573285,2.549998120445355,2.5499955072365874,2.5499877910700164,2.5499664052723152,2.5499096679536724,2.5497659621792503,2.549419706850963,2.5486280571277398,2.5469134257559931,2.5433987065582371,2.5365829583005559,2.5240780461082766,2.5023582100394894,2.4666025161170162,2.4107150629592722,2.3275704796458596,2.2094415953552144,2.0484122667727793,1.8362977897110069,1.5628038487774438
1567,2.5499987263247936,2.5499981047249571,2.5499954732146213,2.5499877078664221,2.5499661999943855,2.5499091755302401,2.549764830731005,2.5494172354583688,2.548622948230459,2.5469034593496871,2.5433803955424126,2.5365513184109383,2.5240266808003784,2.5022799190419849,2.4664905363614533,2.4105648350805611,2.3273815664460709,2.2092191789941373,2.0481676277386427,1.8360473560465331,1.5625666246686749
1568,2.5499987151081318,2.549998088892504,2.5499954389765902,2.5499876241971302,2.5499659937110488,2.549908681016221,2.5497636951678828,2.5494147564773022,2.5486178263251329,2.5468934723769108,2.5433620548105846,2.5365196397904124,2.5239752709306971,2.5022015847345265,2.4663785251524644,2.4104145996645694,2.327192679623201,2.2089968269375921,2.047923086199281,1.8357970392033087,1.5623295174916276
1569,2.5499987038068199,2.5499980729473437,2.5499954045214088,2.5499875400601559,2.5499657864187313,2.5499081844055711,2.5497625554805454,2.5494122698949688,2.5486126913969516,2.5468834648248171,2.5433436843586241,2.536487922451689,2.523923816534837,2.5021232071750013,2.4662664825595537,2.4102643567722462,2.3270038192057063,2.2087745391635143,2.0476786420794282,1.8355468390679377,1.5620925270456405
1570,2.5499986924203348,2.5499980568888243,2.5499953698479869,2.5499874554535058,2.5499655781138504,2.5499076856922369,2.549761411659651,2.5494097756985825,2.5486075434311259,2.5468734366806025,2.5433252841824574,2.5364561664075231,2.5238723176484053,2.5020447864212403,2.4661544086521063,2.4101141064643916,2.3268149852219233,2.2085523156498126,2.0474342953038889,1.8352967555276551,1.5618556531472128
1571,2.5499986809481485,2.5499980407162894,2.5499953349552293,2.5499873703751823,2.5499653687928161,2.5499071848701571,2.549760263695851,2.5494072738753615,2.5486023824128914,2.5468633879315101,2.5433068542780721,2.5364243716707247,2.5238207743070222,2.5019663225310151,2.4660423034993708,2.4099638488016297,2.3266261777000481,2.2083301563743722,2.0471900457975547,1.8350467884706014,1.5616188956252479
1572,2.5499986693897352,2.5499980244290841,2.5499952998420401,2.5499872848231866,2.5499651584520393,2.5499066819332707,2.5497591115797991,2.5494047644125231,2.5485972083274819,2.546853318564779,2.543288394641452,2.5363925382540971,2.5237691865463061,2.5018878155621018,2.4659301671706046,2.4098135838446004,2.3264373966682887,2.2081080613150799,2.046945893485308,1.834796937784841,1.5613822543074232
1573,2.5499986577445606,2.5499980080265452,2.5499952645073147,2.5499871987955074,2.5499649470879127,2.5499061768754991,2.5497579553021379,2.5494022472972984,2.5485920211601831,2.5468432285677447,2.543269905268704,2.5363606661705549,2.5237175544018973,2.5018092655721484,2.465817999734794,2.4096633116535959,2.3262486421545714,2.2078860304497701,2.0467018382921998,1.8345472033603152,1.5611457290409401
1574,2.5499986460120945,2.5499979915080124,2.5499952289499528,2.5499871122901374,2.5499647346968346,2.5499056696907694,2.5497567948535131,2.5493997225169123,2.5485868208962605,2.5468331179277053,2.5432513861558896,2.5363287554329701,2.5236658779094263,2.5017306726188528,2.4657058012610271,2.4095130322890403,2.32605991418693,2.207664063756297,2.0464578801432203,1.8342975850862517,1.5609093196640811
1575,2.5499986341917968,2.5499979748728161,2.5499951931688432,2.5499870253050547,2.549964521275184,2.5499051603729876,2.5497556302245603,2.549397190058603,2.5485816075210357,2.5468229866320677,2.5432328372992088,2.5362968060543318,2.5236141571045474,2.5016520367597734,2.4655935718180872,2.4093627458109701,2.3258712127930874,2.2074421612124588,2.0462140189635525,1.8340480828539416,1.5606730260336181
1576,2.5499986222831308,2.5499979581202896,2.5499951571628752,2.5499869378382392,2.5499643068193443,2.5499046489160651,2.5497544614059162,2.5493946499096083,2.5485763810198203,2.5468128346682191,2.5432142586948387,2.5362648180476115,2.5235623920229098,2.5015733580524913,2.46548131147481,2.4092124522794878,2.3256825380008195,2.2072203227960614,2.0459702546783465,1.8337986965542279,1.5604368480004758
1577,2.5499986102855541,2.5499979412497602,2.5499951209309275,2.5499868498876572,2.5499640913256809,2.5499041353138949,2.5497532883882084,2.5493921020571779,2.548571141377975,2.5468026620236368,2.5431956503390727,2.5362327914258804,2.5235105827001814,2.5014946365544688,2.4653690202997725,2.4090621517543704,2.3254938898376425,2.2069985484848629,2.0457265872129189,1.8335494260795839,1.5602007854272748
1578,2.5499985981985245,2.5499979242605533,2.5499950844718828,2.5499867614512781,2.54996387479056,2.5499036195603701,2.5497521111620647,2.5493895464885585,2.5485658885808578,2.5467924686857928,2.5431770122281963,2.5362007262022006,2.5234587291720265,2.5014158723231774,2.4652566983615705,2.4089118442954196,2.3253052683310895,2.2067768382566224,2.0454830164925828,1.8333002713219253,1.5599648381705469
1579,2.5499985860214953,2.5499979071519925,2.5499950477846158,2.5499866725270608,2.5499636572103386,2.5499031016493761,2.5497509297181078,2.5493869831910057,2.5485606226138535,2.5467822546422121,2.5431583443585639,2.5361686223896944,2.5234068314741225,2.5013370654160187,2.4651443457286484,2.4087615299622445,2.3251166735085418,2.2065551920890716,2.0452395424427441,1.8330512321743484,1.5597290060960336
1580,2.5499985737539181,2.5499978899233962,2.5499950108679985,2.5499865831129602,2.5499634385813668,2.5499025815747896,2.5497497440469563,2.5493844121517801,2.5485553434623673,2.5467720198804558,2.5431396467265777,2.5361364800015247,2.5233548896421523,2.5012582158903447,2.4650319624693449,2.4086112088143219,2.3249281053972743,2.206333609959922,2.0449961649888833,1.8328023085301595,1.5594932890697248
1581,2.5499985613952405,2.5499978725740804,2.5499949737208976,2.5499864932069252,2.5499632188999874,2.5499020593304804,2.5497485541392262,2.5493818333581459,2.5485500511118255,2.5467617643881253,2.5431209193286897,2.5361042990508946,2.523302903711806,2.5011793238034565,2.4649195486518898,2.4084608809109915,2.3247395640244544,2.2061120918468635,2.0447528840565639,1.832553500282682,1.5592576869563808
1582,2.5499985489449086,2.5499978551033586,2.5499949363421774,2.5499864028068999,2.5499629981625374,2.5499015349103118,2.549747359985528,2.5493792467973733,2.5485447455476717,2.5467514881528559,2.5431021621613992,2.5360720795510483,2.5232508737187809,2.5011003892126094,2.4648071043444104,2.4083105463114634,2.3245510494171429,2.205890637727566,2.0445096995714076,1.8323048073262638,1.5590221996280431
1583,2.5499985364023665,2.5499978375105421,2.5499948987306977,2.5499863119108221,2.5499627763653447,2.5499010083081401,2.5497461615764703,2.5493766524567381,2.5485394267553714,2.5467411911623183,2.5430833752212481,2.5360398215152662,2.5231987996987777,2.5010214121750103,2.4646946296149341,2.4081602050748248,2.3243625616023076,2.2056692475796797,2.0442666114591268,1.8320562295544653,1.5587868269517788
1584,2.5499985237670555,2.5499978197949393,2.549994860885314,2.5499862205166255,2.5499625535047317,2.5499004795178144,2.5497449589026568,2.5493740503235207,2.5485340947204085,2.5467308734042229,2.543064558504831,2.5360075249568728,2.5231466816875043,2.5009423927478167,2.464582124531379,2.4080098572600215,2.3241741006068,2.2054479213808338,2.0440236196454991,1.8318077668618511,1.5585515688002303
1585,2.5499985110384138,2.5499978019558549,2.5499948228048783,2.5499861286222374,2.5499623295770144,2.5498999485331768,2.5497437519546882,2.5493714403850061,2.548528749428288,2.5467205348663153,2.5430457120087873,2.5359751898892293,2.5230945197206771,2.5008633309881367,2.4644695891615611,2.407859502925874,2.323985666457375,2.2052266591086367,2.0437807240563819,1.8315594191429221,1.5583164250461337
1586,2.5499984982158774,2.5499977839925916,2.5499947844882391,2.54998603622558,2.5499621045785026,2.5498994153480625,2.5497425407231615,2.5493688226284856,2.5485233908645317,2.5467101755363779,2.5430268357298003,2.5359428163257354,2.5230423138340159,2.5007842269530332,2.4643570235731986,2.4077091421310821,2.323797259180691,2.2050054607406784,2.0435379246177172,1.8313111862919238,1.5580813955617203
1587,2.5499984852988806,2.5499977659044486,2.5499947459342409,2.5499859433245704,2.5499618785054983,2.5498988799563,2.5497413251986702,2.5493661970412553,2.5485180190146832,2.5466997954022292,2.5430079296646046,2.5359104042798313,2.5229900640632485,2.5007050806995177,2.4642444278338993,2.4075587749342033,2.3236088788032934,2.2047843262545257,2.0432952212555144,1.8310630682038058,1.5578464802223608
1588,2.5499984722868536,2.5499977476907221,2.5499947071417228,2.5499858499171193,2.5499616513542955,2.5498983423517121,2.5497401053718045,2.5493635636106164,2.5485126338643074,2.5466893944517235,2.5429889938099777,2.5358779537649947,2.5229377704441056,2.5006258922845541,2.4641318020111731,2.4074084013936754,2.3234205253516342,2.2045632556277286,2.0430526138958833,1.8308150647731634,1.5576116789028429
1589,2.5499984591792249,2.5499977293507055,2.5499946681095218,2.5499857560011319,2.5499614231211831,2.5498978025281138,2.549738881233151,2.5493609223238756,2.5485072353989859,2.5466789726727512,2.5429700281627459,2.5358454647947437,2.5228854330123252,2.5005466617650587,2.4640191461724226,2.4072580215678028,2.3232321988520592,2.2043422488378148,2.0428101024650012,1.8305671758949547,1.5573769914797224
1590,2.5499984459754201,2.5499977108836891,2.5499946288364703,2.5499856615745098,2.5499611938024418,2.5498972604793138,2.5497376527732922,2.5493582731683446,2.548501823604322,2.5466685300532408,2.542951032719782,2.5358129373826337,2.5228330518036497,2.500467389197897,2.4639064603849494,2.4071076355147616,2.3230438993308131,2.2041213058622917,2.0425676868891363,1.830319401464177,1.557142417830077
1591,2.5499984326748617,2.5499976922889607,2.5499945893213969,2.5499855666351481,2.5499609633943479,2.549896716199112,2.5497364199828088,2.5493556161313413,2.548496398465939,2.5466580665811578,2.5429320074780057,2.5357803715422604,2.5227806268538271,2.5003880746398863,2.4637937447159501,2.4069572432925983,2.3228556268140399,2.2039004266786444,2.0423253670946564,1.8300717413758298,1.556907957831231
1592,2.5499984192769714,2.5499976735658043,2.549994549563126,2.549985471180936,2.5499607318931683,2.5498961696813032,2.5497351828522765,2.5493529512001878,2.5484909599694792,2.5466475822445029,2.5429129524343823,2.5357477672872579,2.5227281581986118,2.5003087181477954,2.463680999232519,2.4068068449592306,2.3226673813277805,2.2036796112643411,2.0420831430079889,1.8298241955251653,1.5566736113623716
1593,2.549998405781166,2.5499976547135019,2.5499945095604777,2.5499853752097583,2.5499604992951648,2.5498956209196755,2.5497339413722688,2.5493502783622128,2.5484855081006055,2.5466370770313138,2.5428938675859252,2.5357151246312983,2.5226756458737629,2.5002293197783447,2.4635682240016479,2.4066564405724478,2.322479162897976,2.203458859596827,2.0418410145556662,1.8295767638074201,1.5564393783026202
1594,2.5499983921868616,2.5499976357313332,2.5499944693122689,2.5499852787194923,2.5499602655965905,2.5498950699080103,2.5497326955333555,2.5493475976047502,2.5484800428450018,2.5466265509296657,2.5428747529296918,2.5356824435880911,2.5226230899150419,2.5001498795882031,2.4634554190902236,2.4065060301899139,2.3222909715504692,2.2032381716535285,2.0415989816643303,1.8293294461178107,1.5562052585309298
1595,2.5499983784934712,2.5499976166185738,2.5499944288173122,2.5499851817080121,2.5499600307936934,2.549894516640081,2.5497314453261031,2.5493449089151397,2.5484745641883704,2.5466160039276686,2.5428556084627889,2.5356497241713858,2.5225704903582193,2.5000703976339933,2.4633425845650314,2.40635561386916,2.3221028073109973,2.2030175474118519,2.0413570442606757,1.8290822423518116,1.555971251928385
1596,2.5499983647004045,2.5499975973744964,2.5499943880744165,2.5499850841731853,2.5499597948827146,2.5498939611096558,2.5497301907410743,2.5493422122807261,2.5484690721164349,2.5466054360134707,2.5428364341823673,2.5356169663949704,2.5225178472390675,2.4999908739722878,2.4632297204927536,2.4062051916675924,2.3219146702052003,2.2027969868491817,2.0411152022715111,1.8288351524048558,1.5557373583757512
1597,2.5499983508070692,2.5499975779983703,2.5499943470823858,2.5499849861128738,2.5499595578598875,2.5498934033104952,2.5497289317688301,2.5493395076888601,2.548463566614938,2.5465948471752555,2.5428172300856233,2.5355841702726662,2.5224651605933617,2.4999113086596094,2.463116826939971,2.4060547636424938,2.3217265602586235,2.2025764899428837,2.0408734556237547,1.8285881761723475,1.5555035777535857
1598,2.54999833681287,2.5499975584894621,2.5499943058400212,2.5499848875249351,2.549959319721439,2.5498928432363535,2.5497276683999268,2.5493367951268984,2.5484580476696439,2.5465842374012437,2.5427979961698024,2.5355513358183384,2.5224124304568858,2.499831701752433,2.4630039039731586,2.4059043298510123,2.3215384774967043,2.2023560566703022,2.0406318042443861,1.8283413135499129,1.5552699099442331
1599,2.5499983227172094,2.5499975388470362,2.5499942643461191,2.5499847884072198,2.5499590804635899,2.5498922808809779,2.5497264006249178,2.5493340745822026,2.5484525152663351,2.5465736066796922,2.5427787324321938,2.5355184630458862,2.5223596568654254,2.4997520533071835,2.462890951658693,2.4057538903501743,2.321350421944786,2.2021356870087634,2.0403902480604961,1.8280945644331652,1.555036354829862
1600,2.5499983085194864,2.5499975190703537,2.5499942225994725,2.5499846887575748,2.549958840082553,2.5498917162381094,2.5497251284343547,2.5493313460421412,2.5484469693908158,2.5465629549988931,2.5427594388701307,2.535485551969245,2.5223068398547697,2.4996723633802369,2.4627779700628496,2.4056034451968822,2.3211623936281183,2.2019153809355725,2.0401487869992847,1.8278479287177394,1.5548029122926708
1601,2.5499982942190984,2.549997499158672,2.5499941805988704,2.5499845885738401,2.549958598574535,2.549891149301482,2.5497238518187837,2.5493286094940864,2.548441410028909,2.5465522823471765,2.5427401154809961,2.5354526026023918,2.5222539794607144,2.4995926320279209,2.4626649592517977,2.4054529944479053,2.3209743925718422,2.2016951384280143,2.039907420988023,1.8276014062993917,1.5545695822160384
1602,2.5499982798154397,2.5499974791112465,2.5499941383430964,2.5499844878538509,2.5499583559357362,2.5498905800648233,2.5497225707687492,2.5493258649254185,2.5484358371664588,2.5465415887129077,2.5427207622622165,2.5354196149593378,2.5222010757190572,2.4995128593065132,2.4625519192916072,2.4053025381598925,2.3207864188010072,2.2014749594633543,2.0396661499540896,1.8273549970739318,1.554336364483401
1603,2.5499982653079014,2.5499974589273289,2.5499940958309315,2.5499843865954359,2.5499581121623502,2.5498900085218552,2.5497212852747939,2.5493231123235236,2.5484302507893304,2.5465308740844885,2.5427013792112625,2.5353865890541294,2.5221481286655978,2.4994330452722422,2.4624388502482484,2.4051520763893701,2.3205984723405679,2.2012548440188393,2.039424973824969,1.8271087009372515,1.5541032589783796
1604,2.5499982506958725,2.5499974386061677,2.5499940530611518,2.5499842847964191,2.5499578672505629,2.5498894346662913,2.5497199953274552,2.5493203516757932,2.5484246508834074,2.5465201384503575,2.5426819663256528,2.5353535249008541,2.5220951383361427,2.4993531899812886,2.4623257521875854,2.4050016091927309,2.3204105532153734,2.2010347920716948,2.0391838925282277,1.8268625177852784,1.5538702655854058
1605,2.5499982359787396,2.5499974181470093,2.5499940100325302,2.5499841824546201,2.5499576211965542,2.5498888584918404,2.5497187009172686,2.5493175829696235,2.5484190374345941,2.5465093817989892,2.5426625236029508,2.5353204225136334,2.5220421047665011,2.4992732934897819,2.462212625175384,2.4048511366262479,2.3202226614501806,2.200814803599128,2.0389429059915343,1.8266164475140427,1.5536373841890598
1606,2.5499982211558856,2.5499973975490957,2.5499939667438354,2.5499840795678512,2.5499573739964978,2.5498882799922025,2.5497174020347679,2.549314806192418,2.5484134104288167,2.5464986041188942,2.5426430510407636,2.5352872819066254,2.5219890279924839,2.4991933558538024,2.4620994692773093,2.4047006587460711,2.320034797069654,2.2005948785783276,2.0387020141426602,1.8263704900196867,1.5534046146741036
1607,2.5499982062266922,2.549997376811667,2.5499939231938313,2.5499839761339209,2.5499571256465585,2.5498876991610726,2.5497160986704821,2.5493120213315854,2.5484077698520196,2.5464878053986193,2.5426235486367461,2.5352541030940268,2.5219359080499082,2.4991133771293828,2.4619862845589227,2.4045501756082199,2.319846960098352,2.2003750169864613,2.0384612169094649,1.8261246451983628,1.5531719569260065
1608,2.5499981911905376,2.5499973559339595,2.5499938793812795,2.5499838721506309,2.5499568761428968,2.549887115992139,2.5497147908149382,2.5493092283745411,2.5484021156901679,2.546476985626748,2.5426040163885961,2.5352208860900691,2.521882744974592,2.4990333573725056,2.4618730710856864,2.4043996872685938,2.3196591505607431,2.2001552188006785,2.0382205142199097,1.8258789129463424,1.5529394108303705
1609,2.5499981760467958,2.5499973349152074,2.5499938353049356,2.5499837676157773,2.5499566254816655,2.5498865304790845,2.5497134784586599,2.5493064273087072,2.5483964479292482,2.546466144791899,2.5425844542940563,2.5351876309090184,2.5218295388023555,2.4989532966391037,2.4617598289229621,2.404249193782972,2.3194713684812016,2.1999354839981113,2.0379799060020525,1.8256332931600097,1.5527069762729446
1610,2.549998160794841,2.5499973137546408,2.5499937909635526,2.549983662527151,2.5499563736590103,2.5498859426155844,2.5497121615921685,2.5493036181215101,2.5483907665552659,2.5464552828827283,2.5425648623509169,2.535154337565181,2.5217762895690243,2.4988731949850616,2.461646558136009,2.404098695207002,2.3192836138839996,2.1997158125558696,2.0377393921840463,1.825387785735775,1.5524746531401366
1611,2.5499981454340421,2.5499972924514882,2.5499937463558786,2.5499835568825384,2.5499561206710708,2.5498853523953069,2.5497108402059823,2.5493008008003839,2.5483850715542475,2.5464443998879269,2.5425452405570108,2.5351210060728957,2.5217229973104254,2.4987930524662132,2.4615332587899861,2.4039481915962133,2.3190958867933178,2.1994962044510471,2.0374989726941419,1.825142390570166,1.5522424413184752
1612,2.5499981299637664,2.5499972710049725,2.5499937014806573,2.5499834506797199,2.5499558665139794,2.5498847598119148,2.5497095142906177,2.5492979753327689,2.5483793629122418,2.5464334957962227,2.5425255889102161,2.5350876364465358,2.5216696620623882,2.4987128691383429,2.4614199309499551,2.4037976830060126,2.3189081872332462,2.1992766596607196,2.0372586474606837,1.8248971075598224,1.5520103406946417
1613,2.5499981143833792,2.5499972494143166,2.5499936563366288,2.5499833439164701,2.5499556111838619,2.5498841648590642,2.5497081838365871,2.5492951417061107,2.5483736406153148,2.5464225705963797,2.5425059074084562,2.5350542287005147,2.5216162838607459,2.4986326450571874,2.4613065746808735,2.4036471694916801,2.3187205152277719,2.1990571781619419,2.0370184164121152,1.824651936601426,1.5517783511558836
1614,2.5499980986922419,2.5499972276787379,2.5499936109225296,2.5499832365905579,2.5499553546768383,2.5498835675304048,2.549706848834401,2.5492922999078615,2.5483679046495546,2.5464116242771966,2.5424861960496985,2.535020782849279,2.5215628627413338,2.498552380278432,2.4611931900475996,2.4034966511083748,2.3185328708007917,2.1988377599317523,2.0367782794769735,1.8244068775917786,1.551546472589592
1615,2.5499980828897133,2.5499972057974505,2.5499935652370915,2.5499831286997474,2.5499550969890201,2.5498829678195793,2.5497055092745677,2.5492894499254803,2.5483621550010702,2.5464006568275099,2.5424664548319535,2.5349872989073092,2.5215093987399855,2.4984720748577134,2.4610797771148931,2.403346127911139,2.3183452539761102,2.1986184049471738,2.036538236583886,1.8241619304278018,1.551314704883334
1616,2.5499980669751503,2.5499971837696673,2.5499935192790417,2.5499830202417968,2.5499548381165136,2.5498823657202254,2.5497041651475918,2.5492865917464322,2.548356391655989,2.5463896682361904,2.542446683753278,2.5349537768891248,2.5214558918925429,2.4983917288506201,2.4609663359474117,2.4031955999548846,2.3181576647774329,2.1983991131852063,2.0362982876615834,1.8239170950064625,1.5510830479251456
1617,2.5499980509479063,2.5499971615945976,2.5499934730471048,2.5499829112144581,2.5499545780554183,2.549881761225973,2.5497028164439755,2.5492837253581886,2.5483506146004613,2.5463786584921464,2.5424268828117738,2.5349202168092786,2.5214023422348468,2.498311342312689,2.4608528666097134,2.4030450672944061,2.317970103228375,2.1981798846228355,2.0360584326388849,1.8236723712248561,1.5508515016032298
1618,2.5499980348073308,2.5499971392714471,2.5499934265400004,2.5499828016154797,2.5499543168018266,2.5498811543304476,2.5497014631542196,2.5492808507482265,2.5483448238206572,2.5463676275843206,2.5424070520055846,2.534886618682354,2.5213487498027383,2.4982309152994078,2.46073936916626,2.4028945299843798,2.3177825693524623,2.1979607192370314,2.0358186714446984,1.823427758980207,1.5506200658059763
1619,2.5499980185527731,2.5499971167994184,2.5499933797564438,2.5499826914426027,2.5499540543518249,2.5498805450272672,2.5497001052688213,2.5492779679040303,2.548339019302766,2.5463565755016924,2.5423871913329013,2.5348529825229762,2.5212951146320641,2.498150447866216,2.4606258436814095,2.402743988079354,2.3175950631731204,2.1977416170047408,2.0355790040080359,1.8231832581697867,1.5503887404221821
1620,2.5499980021835773,2.5499970941777117,2.5499933326951476,2.549982580693563,2.5499537907014922,2.5498799333100433,2.5496987427782751,2.5492750768130903,2.5483332010329995,2.5463455022332786,2.5423673007919572,2.5348193083458024,2.5212414367586713,2.4980699400685031,2.460512290219421,2.402593441633758,2.3174075847136826,2.197522577902896,2.0353394302579986,1.8229388686909884,1.5501575253408517
1621,2.54999798569908,2.5499970714055142,2.549993285354804,2.5499824693660673,2.5499535258468535,2.5498793191722977,2.5496973756729386,2.5492721774626945,2.548327368997291,2.5463344077677483,2.5423473803805954,2.534785596165102,2.5211877162180807,2.4979893919614624,2.4603987088445525,2.4024428907022513,2.3172201339979592,2.1973036019091259,2.0350999501245473,1.8226945904421386,1.5499264172866534
1622,2.5499979690986314,2.5499970484820333,2.5499932377341401,2.5499823574578828,2.5499532597840555,2.5498787026077734,2.5496960039435406,2.5492692698407233,2.5483215231824401,2.546323292094911,2.5423274300979926,2.534751845996488,2.5211339530469088,2.497908803600855,2.460285099620886,2.4022923353385095,2.3170327110480549,2.1970846889988418,2.034860563535188,1.8224504233189611,1.5496954166815198
1623,2.5499979523815663,2.5499970254064568,2.5499931898318509,2.5499822449667198,2.54995299250914,2.5498780836100292,2.5496946275805037,2.5492663539345721,2.5483156635745257,2.5463121552035939,2.542307449942101,2.5347180578542021,2.5210801472804323,2.4978281750413851,2.4601714626120237,2.4021417755965566,2.3168453158874156,2.1968658391497859,2.0346212704205557,1.8222063672206821,1.5494645243815137
1624,2.5499979355472147,2.5499970021779683,2.5499931416466244,2.5499821318902836,2.5499527240181417,2.5498774621726232,2.549693246574273,2.5492634297317016,2.5483097901597827,2.5463009970829074,2.5422874399113216,2.5346842317530967,2.5210262989546441,2.4977475063384684,2.4600577978820874,2.4019912115305653,2.3166579485391079,2.1966470523387382,2.0343820707098361,1.8219624220447388,1.5492337405776819
1625,2.5499979185949111,2.5499969787957513,2.5499930931771533,2.549982018226284,2.5499524543071073,2.5498768382891361,2.5496918609153303,2.5492604972196347,2.548303902924522,2.5462898177220419,2.5422674000041008,2.5346503677079988,2.5209724081054037,2.4976667975472511,2.4599441054948548,2.4018406431943768,2.3164706090260174,2.1964283285425492,2.0341429643325721,1.8217185876890689,1.5490030653634397
1626,2.5499979015239811,2.5499969552589872,2.5499930444221244,2.5499819039724239,2.5499521833720791,2.5498762119531446,2.5496904705941601,2.5492575563859079,2.5482980018550823,2.5462786171102327,2.5422473302189346,2.5346164657337655,2.5209184747685498,2.4975860487228059,2.4598303855139703,2.4016900706416839,2.3162832973709175,2.1962096677380623,2.0339039512184276,1.8214748640517657,1.548772498758574
1627,2.5499978843337501,2.5499969315668523,2.5499929953802178,2.5499817891263996,2.5499519112090865,2.5498755831582174,2.5496890756012411,2.5492546072180589,2.5482920869378249,2.5462673952367534,2.5422272305543743,2.5345825258452988,2.5208644989799365,2.4975052599201617,2.4597166380029769,2.4015394939260495,2.3160960135964843,2.1959910699020937,2.0336650312971569,1.8212312510309783,1.5485420407394885
1628,2.5499978670235417,2.5499969077185227,2.5499929460501147,2.5499816736859051,2.5499516378141585,2.549874951897916,2.5496876759270504,2.5492516497036313,2.5482861581591219,2.5462561520908973,2.5422071010089917,2.5345485480575221,2.5208104807754195,2.4974244311943199,2.4596028630253661,2.4013889131009711,2.3159087577253405,2.195772535011451,2.0334262044985585,1.8209877485248611,1.5483116912745942
1629,2.5499978495926756,2.5499968837131677,2.549992896430489,2.5499815576486267,2.5499513631833124,2.5498743181657977,2.5496862715620607,2.5492486838301751,2.5482802155053719,2.5462448876620054,2.5421869415814173,2.5345145323854021,2.5207564201908563,2.4973435626002214,2.4594890606445015,2.4012383282197938,2.3157215297799896,2.1955540630429193,2.0331874707525452,1.8207443564315495,1.5480814503130649
1630,2.5499978320404679,2.5499968595499563,2.5499928465200101,2.5499814410122452,2.5499510873125626,2.5498736819554115,2.5496848624967452,2.549245709585247,2.5482742589629903,2.5462336019394463,2.5421667522703157,2.5344804788439328,2.5207023172621041,2.4972626541927623,2.4593752309236661,2.401087739335765,2.3155343297828641,2.1953356539732751,2.0329488299891034,1.8205010746490746,1.5478513177968491
1631,2.5499978143662347,2.5499968352280549,2.5499927963173445,2.5499813237744382,2.5499508101979185,2.5498730432603023,2.5496834487215732,2.5492427269564111,2.5482682885184098,2.5462222949126203,2.5421465330743884,2.5344463874481371,2.52064817202502,2.4971817060267965,2.4592613739260565,2.4009371465020286,2.3153471577563165,2.1951173077792792,2.032710282138293,1.8202579030753718,1.547621293659059
1632,2.5499977965692864,2.549996810746622,2.5499927458211551,2.5499812059328755,2.5499505318353775,2.549872402074008,2.5496820302270127,2.5492397359312386,2.5482623041580919,2.5462109665709765,2.5421262839923995,2.534412258213083,2.5205939845154606,2.4971007181571117,2.4591474897147387,2.4007865497715701,2.3151600137225801,2.1948990244376718,2.0324718271302924,1.8200148416081487,1.5473913778239614
1633,2.5499977786489265,2.5499967861048134,2.5499926950300926,2.5499810874852131,2.5499502522209245,2.5498717583900525,2.5496806070035265,2.5492367364973165,2.5482563058685441,2.5461996169040391,2.5421060050231996,2.5343780911539073,2.5205397547692847,2.4970196906383846,2.4590335783525656,2.4006359491971199,2.3149728977036932,2.194680803925166,2.0322334648954645,1.8197718901446238,1.5471615702095203
1634,2.5499977606044673,2.5499967613017906,2.5499926439428191,2.5499809684291228,2.5499499713505602,2.5498711122019748,2.5496791790415831,2.5492337286422151,2.5482502936362224,2.5461882459012486,2.5420856961655396,2.53434388628567,2.52048548282235,2.4969386235254158,2.4589196399026272,2.4004853448316927,2.3147858097219109,2.194462646218506,2.0319951953639648,1.8195290485825224,1.5469318707431969
1635,2.5499977424352056,2.5499967363366998,2.5499925925579765,2.5499808487622473,2.5499496892202522,2.5498704635032818,2.5496777463316391,2.5492307123535412,2.5482442674476902,2.5461768535522245,2.5420653574183874,2.5343096436235979,2.520431168710513,2.4968575168727494,2.4588056744275151,2.4003347367277046,2.3145987497990337,2.1942445512943642,2.0317570184663842,1.8192863168185858,1.5467022793352652
1636,2.549997724140447,2.5499967112086956,2.5499925408742183,2.5499807284822458,2.5499494058259877,2.5498698122875005,2.549676308864159,2.5492276876188784,2.5482382272894446,2.5461654398464768,2.5420449887805781,2.534275363182815,2.5203768124696322,2.4967763707350858,2.4586916819901248,2.4001841249379385,2.3144117179571393,2.1940265191294577,2.0315189341330471,1.8190436947501514,1.5464727959060367
1637,2.5499977057194831,2.5499966859169181,2.5499924888901786,2.5499806075867513,2.5499491211637233,2.5498691585481286,2.5496748666295974,2.5492246544258461,2.5482321731480844,2.5461540047736881,2.5420245902511538,2.5342410449786037,2.5203224141355638,2.496695185166883,2.4585776626528797,2.4000335095146084,2.3142247142178758,2.1938085497004356,2.0312809422946887,1.8188011822738492,1.5462434203636486
1638,2.5499976871716123,2.549996660460514,2.5499924366044984,2.5499804860734097,2.5499488352294279,2.5498685022786769,2.5496734196184123,2.549221612762048,2.5482261050101638,2.5461425483234641,2.5420041618290647,2.5342066890261772,2.5202679737441658,2.4966139602227067,2.4584636164784128,2.3998828905101814,2.3140377386030826,2.1935906429839767,2.0310430428818624,1.8185587792866067,1.5460141526213875
1639,2.5499976684961241,2.5499966348386209,2.5499923840158099,2.5499803639398491,2.5499485480190534,2.5498678434726387,2.5496719678210575,2.5492185626151063,2.5482200228622971,2.546131070485512,2.5419837035133837,2.5341722953408405,2.520213491331293,2.4965326959569785,2.4583495435290774,2.3997322679767885,2.3138507911343438,2.1933727989567204,2.0308052358253605,1.8183164856851983,1.5457849925880172
1640,2.5499976496923051,2.5499966090503721,2.5499923311227382,2.5499802411836927,2.5499482595285423,2.5498671821234997,2.5496705112279825,2.5492155039726532,2.5482139266911235,2.546119571249581,2.541963215303233,2.5341378639379384,2.5201589669328026,2.4964513924240617,2.458235443867113,2.3995816419664249,2.3136638718331413,2.1931550175952901,2.0305675210560734,1.8180743013662921,1.5455559401700298
1641,2.5499976307594414,2.5499965830949018,2.5499922779239101,2.5499801178025638,2.5499479697538399,2.5498665182247482,2.5496690498296388,2.5492124368223203,2.5482078164832767,2.5461080506054139,2.5419426971977268,2.534103394832806,2.5201044005845485,2.4963700496783292,2.4581213175547783,2.3994310125311089,2.3134769807209756,2.1929372988763136,2.0303298985048701,1.8178322262269313,1.5453269952766684
1642,2.5499976116968153,2.5499965569713399,2.5499922244179447,2.5499799937940777,2.5499476786908817,2.5498658517698622,2.5496675836164764,2.5492093611517497,2.5482016922254225,2.5460965085428047,2.5419221491960413,2.5340688880408284,2.5200497923223861,2.4962886677740794,2.4580071646541888,2.399280379722688,2.3132901178192182,2.1927196427763986,2.0300923681027436,1.8175902601640319,1.5450981578144976
1643,2.5499975925037055,2.5499965306788117,2.5499921706034581,2.5499798691558442,2.549947386335595,2.5498651827523142,2.5496661125789406,2.5492062769485901,2.5481955539042498,2.5460849450515863,2.5419015712974002,2.5340343435774253,2.5199951421821694,2.4962072467655583,2.4578929852273532,2.3991297435928818,2.3131032831491423,2.1925020492721368,2.0298549297807784,1.8173484030743172,1.5448694276874106
1644,2.5499975731793891,2.5499965042164394,2.5499921164790611,2.5499797438854661,2.5499470926839019,2.5498645111655711,2.5496646367074765,2.5492031842004987,2.5481894015064688,2.5460733601216297,2.5418809635010695,2.5339997614580487,2.5199404501997491,2.4961257867069566,2.4577787793361816,2.3989791041932937,2.3129164767319348,2.1922845183401098,2.0296175834701322,1.8171066548552162,1.5446408048020248
1645,2.5499975537231387,2.5499964775833419,2.5499920620433607,2.5499796179805418,2.5499467977317161,2.5498638370030937,2.5496631559925276,2.5492000828951404,2.5481832350188114,2.5460617537428392,2.5418603258063577,2.5339651416981823,2.5198857164109763,2.4960442876524169,2.4576645470424867,2.3988284615754107,2.312729698588694,2.1920670499568851,2.0293803291020467,1.81686501540409,1.5444122890633256
1646,2.5499975341342251,2.5499964507786355,2.5499920072949598,2.5499794914386635,2.5499465014749463,2.549863160258337,2.5496616704245341,2.549196973020186,2.5481770544280296,2.5460501259051549,2.5418396582126146,2.5339304843133408,2.5198309408517026,2.4959627496560328,2.4575502884079876,2.3986778157906068,2.3125429487404339,2.1918496440990167,2.0291431666078457,1.8166234846180742,1.5441838803738199
1647,2.5499975144119151,2.5499964238014328,2.5499919522324559,2.5499793642574189,2.5499462039094944,2.5498624809247499,2.5496601799939369,2.5491938545633146,2.5481708597208947,2.5460384765985498,2.5418189607192287,2.5338957893190677,2.5197761235577749,2.49588117277185,2.4574360034943128,2.3985271668901498,2.3123562272080886,2.1916323007430503,2.0289060959189111,1.8163820623950897,1.5439555786386412
1648,2.5499974945554733,2.549996396650843,2.5499918968544448,2.5499792364343898,2.5499459050312558,2.5498617989957757,2.5496586846911748,2.5491907275122125,2.5481646508842011,2.5460268058130322,2.5417982333256317,2.5338610567309381,2.5197212645650415,2.4957995570538625,2.4573216923629917,2.3983765149251894,2.3121695340125044,2.1914150198655182,2.0286691169667086,1.8161407486330861,1.5437273837618388
1649,2.5499974745641607,2.5499963693259722,2.5499918411595162,2.5499791079671525,2.5499456048361191,2.5498611144648509,2.5496571845066831,2.5491875918545741,2.5481584279047631,2.5460151135386484,2.5417774760313003,2.5338262865645622,2.5196663639093484,2.4957179025560121,2.457207355075453,2.3982258599467539,2.3119828691744346,2.1911978014429376,2.0284322296827928,1.8158995432298999,1.5434992956457128
1650,2.5499974544372357,2.5499963418259228,2.5499917851462555,2.5499789788532774,2.5499453033199679,2.5498604273254095,2.5496556794308982,2.5491844475781003,2.5481521907694167,2.5460033997654756,2.5417566888357452,2.5337914788355747,2.5196114216265388,2.4956362093321967,2.4570929916930409,2.3980752020057761,2.3117962327145625,2.1909806454518188,2.0281954339987642,1.8156584460839422,1.5432713141939971
1651,2.549997434173954,2.5499963141497943,2.5499917288132439,2.549978849090329,2.5499450004786786,2.5498597375708778,2.5496541694542523,2.5491812946704999,2.5481459394650172,2.5459916644836267,2.5417358717385214,2.5337566335596429,2.5195564377524544,2.4955544774362624,2.4569786022770033,2.3979245411530723,2.311609624653483,2.1907635518686592,2.0279587298463051,1.8154174570937551,1.5430434393098453
1652,2.5499974137735673,2.5499962862966821,2.549991672159059,2.549978718675868,2.5499446963081209,2.5498590451946761,2.5496526545671774,2.54917813311949,2.5481396739784428,2.5459799076832512,2.5417150247392262,2.5337217507524672,2.5195014123229362,2.4954727069220035,2.4568641868884868,2.3977738774393385,2.3114230450117006,2.1905465206699422,2.0277221171571842,1.8151765761579419,1.5428156708955147
1653,2.5499973932353255,2.5499962582656792,2.5499916151822744,2.5499785876074479,2.5499443908041588,2.5498583501902199,2.5496511347601056,2.5491749629127933,2.5481333942965909,2.5459681293545313,2.5416941478374966,2.5336868304297737,2.5194463453738223,2.4953908978431669,2.4567497455885499,2.3976232109151652,2.3112364938096426,2.1903295518321437,2.0274855958632165,1.8149358031754377,1.5425880088538033
1654,2.5499973725584755,2.5499962300558754,2.5499915578814578,2.5499784558826186,2.5499440839626484,2.5498576525509185,2.5496496100234656,2.5491717840381414,2.5481271004063806,2.5459563294876841,2.5416732410330103,2.5336518726073214,2.5193912369409488,2.4953090502534492,2.4566352784381551,2.3974725416310316,2.3110499710676526,2.1901126453317281,2.0272491658962939,1.8146951380453695,1.5423604530871746
1655,2.5499973517422601,2.5499962016663562,2.549991500255175,2.5499783234989222,2.549943775779441,2.5498569522701748,2.5496480803476853,2.5491685964832729,2.548120792294752,2.5459445080729624,2.5416523043254871,2.5336168773008994,2.5193360870601511,2.4952271642064972,2.4565207854981699,2.3973218696373011,2.3108634768059857,2.1898958011451453,2.0270128271883894,1.8144545806670378,1.5421330034976253
1656,2.5499973307859198,2.5499961730962051,2.5499914423019852,2.5499781904538965,2.5499434662503813,2.549856249341389,2.5496465457231907,2.5491654002359354,2.5481144699486662,2.5459326651006542,2.5416313377146862,2.5335818445263261,2.5192808957672597,2.4951452397559057,2.4564062668293647,2.3971711949842289,2.3106770110448189,2.189679019248838,2.0267765796715267,1.8142141309399711,1.5419056599875374
1657,2.5499973096886919,2.5499961443445009,2.5499913840204451,2.5499780567450734,2.5499431553713068,2.5498555437579538,2.5496450061404077,2.5491621952838837,2.548108133355107,2.5459208005610816,2.5416103412004083,2.5335467742994511,2.5192256630981031,2.4950632769552215,2.4562917224924181,2.3970205177219577,2.3104905738042434,2.1894622996192372,2.026540423277801,1.8139737887639031,1.541678422459037
1658,2.549997288449811,2.5499961154103201,2.5499913254091062,2.5499779223699792,2.5499428431380493,2.5498548355132558,2.5496434615897599,2.5491589816148794,2.5481017825010772,2.5459089144446017,2.5415893147824957,2.5335116666361541,2.5191703890885098,2.494981275857941,2.4561771525479124,2.3968698379005167,2.3103041651042662,2.1892456422327613,2.0263043579393858,1.813733554038774,1.5414512908138787
1659,2.5499972670685085,2.5499960862927344,2.5499912664665159,2.5499777873261351,2.5499425295464335,2.5498541246006772,2.5496419120616691,2.5491557592166929,2.5480954173736019,2.545897006741606,2.5415682584608303,2.5334765215523425,2.5191150737743033,2.4948992365175098,2.4560625570563372,2.3967191555698273,2.310117784964814,2.1890290470658198,2.0260683835885054,1.8134934266647429,1.5412242649542884
1660,2.5499972455440116,2.5499960569908127,2.5499912071912165,2.5499776516110573,2.5499422145922779,2.5498534110135931,2.5496403575465578,2.5491525280771019,2.5480890379597274,2.5458850774425215,2.5415471722353358,2.5334413390639545,2.5190597171913054,2.4948171589873231,2.4559479360780871,2.3965684707796981,2.3099314334057306,2.1888125140948125,2.0258325001574558,1.8132534065421755,1.540997344782302
1661,2.5499972238755464,2.5499960275036213,2.5499911475817463,2.5499775152222557,2.5499418982713955,2.5498526947453741,2.5496387980348456,2.5491492881838913,2.5480826442465205,2.5458731265378094,2.5415260561059765,2.5334061191869588,2.5190043193753362,2.4947350433207274,2.4558332896734623,2.3964177835798259,2.309745110446773,2.1885960432961262,2.0255967075786048,1.8130134935716411,1.5407705301996386
1662,2.5499972020623347,2.549995997830222,2.549991087636641,2.5499773781572332,2.5499415805795924,2.549851975789386,2.5496372335169513,2.5491460395248562,2.5480762362210707,2.5458611540179663,2.5415049100727551,2.5333708619373518,2.5189488803622107,2.4946528895710185,2.4557186179026691,2.3962670940198008,2.309558816107625,2.1883796346461399,2.0253610057843745,1.8127736876539249,1.5405438211084419
1663,2.5499971801035954,2.5499959679696746,2.5499910273544302,2.5499772404134897,2.5499412615126684,2.5498512541389888,2.5496356639832922,2.5491427820877974,2.5480698138704865,2.5458491598735224,2.5414837341357162,2.5333355673311595,2.5188934001877414,2.494570697791441,2.4556039208258218,2.3961164021491017,2.3093725504078839,2.1881632881212232,2.0251253947072541,1.8125339886900205,1.5403172174107478
1664,2.5499971579985443,2.5499959379210351,2.54999096673364,2.5499771019885173,2.5499409410664171,2.5498505297875362,2.5496340894242846,2.5491395158605252,2.548063377181899,2.5458371440950436,2.5414625282949452,2.5333002353844383,2.5188378788877399,2.4944884680351915,2.4554891985029377,2.3959657080170951,2.3091863133670638,2.1879470036977322,2.024889874279804,1.8122943965811289,1.5400907190083917
1665,2.549997135746394,2.5499959076833543,2.5499909057727912,2.5499769628798044,2.549940619236625,2.5498498027283776,2.549632509830345,2.549136240830856,2.5480569261424599,2.5458251066731292,2.5414412925505654,2.5332648661132713,2.5187823164980121,2.4944062003554155,2.4553744509939457,2.3958150116730419,2.3090001050046016,2.1877307813520162,2.0246544444346415,1.8120549112286342,1.5398643258034932
1666,2.5499971133463544,2.549995877255681,2.5499908444704009,2.5499768230848341,2.5499402960190727,2.549849072954856,2.5496309251918876,2.5491329569866155,2.548050460739343,2.5458130475984135,2.5414200269027409,2.5332294595337723,2.5187267130543605,2.4943238948052087,2.4552596783586784,2.3956643131660935,2.3088139253398525,2.1875146210604131,2.0244191051044469,1.8118155325341323,1.5396380376981338
1667,2.5499970907976315,2.5499958466370609,2.5499907828249815,2.5499766826010823,2.5499399714095343,2.5498483404603087,2.5496293354993251,2.549129664315636,2.5480439809597426,2.5458009668615653,2.5413987313516775,2.5331940156620836,2.518671068592587,2.4942415514376166,2.4551448806568748,2.3955136125452876,2.3086277743920873,2.1872985227992507,2.0241838562219718,1.8115762603994379,1.5394118545943019
1668,2.5499970680994291,2.5499958158265352,2.5499907208350425,2.5499765414260209,2.5499396454037782,2.5498476052380692,2.549627740743071,2.5491263628057603,2.5480374867908742,2.5457888644532876,2.5413774058976184,2.5331585345143752,2.5186153831484868,2.4941591703056352,2.455030057948183,2.3953629098595606,2.3084416521805022,2.1870824865448495,2.0239486977200256,1.8113370947265133,1.539185776394187
1669,2.5499970452509482,2.5499957848231438,2.549990658499087,2.5499763995571145,2.5499393179975671,2.5498468672814649,2.5496261409135359,2.5491230524448381,2.5480309782199755,2.5457767403643179,2.5413560505408479,2.5331230161068459,2.5185596567578536,2.4940767514622095,2.4549152102921572,2.3952122051577369,2.3082555587242117,2.1868665122735189,2.0237136295314833,1.8110980354175314,1.5389598029999776
1670,2.5499970222513859,2.5499957536259208,2.5499905958156162,2.5499762569918238,2.5499389891866557,2.5498461265838173,2.5496245360011298,2.5491197332207265,2.5480244552343039,2.5457645945854281,2.5413346652816902,2.5330874604557243,2.5185038894564777,2.4939942949602347,2.454800337748257,2.395061498488531,2.3080694940422459,2.1866505999615584,2.0234786515892842,1.8108590823748878,1.5387339343138251
1671,2.5499969990999367,2.549995722233898,2.549990532783124,2.5499761137276029,2.5499386589667932,2.549845383138444,2.5496229259962626,2.5491164051212922,2.5480179178211397,2.5457524271074248,2.5413132501205085,2.5330518675772646,2.5184480812801437,2.4939118008525569,2.4546854403758531,2.394910789900552,2.3078834581535617,2.1864347495852581,2.0232437638264305,1.8106202355011112,1.5385081702380705
1672,2.5499969757957914,2.549995690646103,2.5499904694001017,2.5499759697619009,2.5499383273337228,2.5498446369386558,2.5496213108893437,2.5491130681344081,2.5480113659677825,2.545740237921148,2.5412918050577051,2.5330162374877507,2.5183922322646328,2.4938292691919708,2.4545705182342221,2.3947600794423001,2.3076974510770332,2.1862189611208995,2.0230089661759894,1.8103814946989327,1.5382825106750742
1673,2.5499969523381374,2.54999565886156,2.5499904056650351,2.549975825092162,2.5499379942831815,2.5498438879777598,2.5496196906707795,2.5491097222479566,2.548004799661554,2.5457280270174736,2.5412703300937234,2.5329805702034953,2.5183363424457248,2.4937467000312212,2.4544555713825469,2.3946093671621664,2.3075114728314534,2.1860032345447533,2.0227742585710908,1.8101428598713003,1.5380569555271848
1674,2.5499969287261597,2.5499956268792907,2.5499903415764074,2.5499756797158235,2.5499376598108996,2.5498431362490561,2.5496180653309777,2.5491063674498284,2.5479982188897985,2.5457157943873097,2.5412488252290442,2.5329448657408373,2.5182804118591919,2.4936640934230043,2.4543405998799197,2.3944586531084382,2.3073255234355408,2.1857875698330829,2.0225396409449306,1.8099043309212965,1.5378315046969433
1675,2.549996904959039,2.5499955946983128,2.549990277132697,2.549975533630318,2.5499373239126011,2.5498423817458402,2.5496164348603449,2.5491030037279221,2.5479916236398812,2.5457035400216008,2.5412272904641879,2.5329091241161437,2.5182244405408043,2.4935814494199651,2.4542256037853405,2.394307937329295,2.307139602907935,2.185571966962141,2.0223051132307672,1.8096659077521984,1.5376061580869287
1676,2.5499968810359546,2.5499955623176405,2.5499902123323772,2.5499753868330721,2.549936986584004,2.5498416244614024,2.5496147992492855,2.5490996310701455,2.5479850138991877,2.5456912639113245,2.5412057257997156,2.532873345345811,2.5181684285263279,2.4934987680746978,2.4541105831577159,2.3941572198728052,2.3069537112671914,2.1853564259081715,2.0220706753619235,1.8094275902674879,1.5373809155997304
1677,2.5499968569560814,2.5499955297362837,2.5499901471739168,2.5499752393215083,2.5499366478208203,2.5498408643890285,2.5496131584882042,2.5490962494644127,2.5479783896551251,2.5456789660474919,2.5411841312362258,2.5328375294462613,2.5181123758515236,2.4934160494397486,2.4539955380558625,2.394006500786936,2.3067678485317944,2.1851409466474099,2.0218363272717887,1.8091893783707846,1.5371557771381172
1678,2.5499968327185916,2.5499954969532506,2.549990081655781,2.5499750910930405,2.5499363076187551,2.549840101521998,2.5496115125675054,2.5490928588986481,2.547971750895123,2.5456666464211493,2.5411625067743571,2.5328016764339449,2.5180562825521471,2.4933332935676114,2.4538804685385056,2.3938557801195475,2.3065820147201461,2.1849255291560823,2.0216020688938161,1.8089512719658964,1.536930742604915
1679,2.5499968083226552,2.5499954639675453,2.5499900157764293,2.5499749421450808,2.5499359659735075,2.5498393358535867,2.5496098614775917,2.5490894593607836,2.5479650976066299,2.5456543050233771,2.541140852414788,2.5327657863253399,2.5180001486639525,2.4932505005107308,2.4537653746642758,2.3937050579183885,2.3063962098505706,2.1847101734104051,2.0213679001615215,1.8087132709568272,1.5367058119029846
1680,2.549996783767436,2.5499954307781674,2.5499899495343183,2.5499747924750329,2.549935622880771,2.5498385673770634,2.5496082052088651,2.5490860508387594,2.5479584297771183,2.5456419418452891,2.5411191681582324,2.5327298591369503,2.5179439742226872,2.493167670321502,2.4536502564917133,2.3935543342311063,2.3062104339413141,2.1844948793865848,2.0211338210084882,1.8084753752477363,1.5364809849353156
1681,2.5499967590520907,2.549995397384103,2.5499898829278851,2.5499746420802705,2.5499352783361871,2.5498377960856153,2.5496065437515996,2.5490826333203271,2.5479517473938009,2.5456295568776732,2.5410974540050271,2.5326938948848792,2.5178877592637257,2.4930848030520458,2.4535351140792652,2.3934036091054982,2.3060246870110679,2.1842796470615604,2.0208998313692534,1.8082375847438639,1.5362562663719344
1682,2.5499967341757896,2.5499953637843635,2.5499898159556027,2.5499744909582338,2.5499349323355203,2.5498370219726487,2.5496048770964381,2.5490792067938215,2.5479450504447323,2.5456171501124172,2.5410757099568024,2.5326578935865651,2.5178315038235923,2.4930018987551796,2.4534199474853851,2.3932528825885608,2.3058389690769205,2.1840644764100152,2.0206659311756665,1.8079998993476953,1.5360316552898696
1683,2.5499967091376883,2.549995329977933,2.5499897486159062,2.5499743391062957,2.5499345848744155,2.5498362450313623,2.5496032052336899,2.5490757712470513,2.5479383389172128,2.545604721540411,2.541053936013975,2.5326218552581166,2.5177752079375368,2.4929189574827517,2.4533047567681407,2.3931021547277154,2.3056532801573368,2.1838493674089352,2.0204321203626021,1.8077623189651326,1.5358071501712165
1684,2.5499966839369343,2.5499952959637939,2.5499896809072284,2.5499741865218328,2.5499342359485309,2.5498354652549904,2.5496015281537261,2.549072326667964,2.5479316127987692,2.545592271152882,2.5410321321774116,2.5325857799161775,2.517718871641367,2.492835979287074,2.4531895419858416,2.3929514255703026,2.3054676202703046,2.1836343200344501,2.0201983988637653,1.8075248435007907,1.5355827504426716
1685,2.5499966585726792,2.5499952617409298,2.5499896128280057,2.5499740332022216,2.549933885553529,2.5498346826367793,2.5495998458469544,2.5490688730445457,2.5479248720769827,2.5455797989411164,2.5410102984480218,2.5325496675773826,2.5176624949707938,2.4927529642202737,2.4530743031965554,2.3928006951634226,2.305281989433682,2.1834193342627279,2.0199647666130889,1.807287472859687,1.5353584557099382
1686,2.5499966330440689,2.5499952273083197,2.5499895443766665,2.5499738791448343,2.5499335336850661,2.5498338971699694,2.5495981583037737,2.5490654103647907,2.5479181167394591,2.5455673048964362,2.5409884348267568,2.5325135182583969,2.5176060779615308,2.4926699123344331,2.4529590404582593,2.3926499635540801,2.3050963876652464,2.1832044100699277,2.0197312235445652,1.807050206947016,1.5351342656928728
1687,2.5499966073502462,2.5499951926649405,2.5499894755516368,2.549973724347038,2.5499331803387935,2.5498331088477943,2.5495964655145831,2.5490619386166982,2.5479113467738173,2.5455547890101919,2.540966541314599,2.5324773319759122,2.5175496206492913,2.4925868236816018,2.4528437538288674,2.3924992307891904,2.3049108149827142,2.1829895474321943,2.0194977695922365,1.8068130456681484,1.5349101801512985
1688,2.5499965814903525,2.5499951578097617,2.5499894063513362,2.549973568806192,2.5499328255103535,2.5498323176634856,2.5495947674697805,2.5490584577882758,2.5479045621676972,2.5455422512737655,2.5409446179125705,2.532441108746645,2.5174931230697837,2.4925036983137754,2.4527284433661984,2.3923484969155697,2.3047252714037274,2.1827747463256659,2.0192644046902068,1.8065759889287216,1.5346861988755975
1689,2.5499965554635238,2.5499951227417523,2.5499893367741828,2.5499734125196527,2.5499324691953857,2.5498315236102655,2.5495930641597626,2.5490549678675425,2.5478977629087645,2.545529691678579,2.5409226646217333,2.5324048485873409,2.5174365852587108,2.4924205362829013,2.4526131091279773,2.3921977619799235,2.3045397569458475,2.1825600067264714,2.0190311287726557,1.80633903663475,1.5344623216818796
1690,2.5499965292688924,2.5499950874598785,2.5499892668185864,2.5499732554847672,2.5499321113895195,2.5498307266813547,2.5495913555749277,2.5490514688425239,2.5478909489847053,2.5455171102160836,2.5409006814431887,2.5323685515147707,2.5173800072517696,2.49233733764087,2.4524977511718338,2.3920470260288456,2.3043542716265542,2.1823453286107317,2.0187979417738329,1.8061021886927591,1.5342385484031587
1691,2.5499965029055889,2.5499950519630992,2.549989196482954,2.5499730976988788,2.5499317520883786,2.5498299268699656,2.5495896417056723,2.5490479607012579,2.5478841203832343,2.54550450687778,2.5408786683780886,2.5323322175457399,2.5173233890846483,2.4922541024395057,2.4523823695552789,2.391896289108796,2.3041688154632327,2.1821307119545552,2.0185648436280763,1.8058654450100324,1.5340148788853312
1692,2.5499964763727432,2.5499950162503739,2.5499891257656908,2.5499729391593293,2.5499313912875872,2.5498291241693107,2.5495879225423947,2.5490444434317823,2.5478772770920655,2.5454918816551655,2.5408566254275819,2.5322958466970538,2.5172667307930356,2.4921708307306365,2.4522669643358279,2.3917455512662391,2.303983388473271,2.1819161567340517,2.0183318342697212,1.8056288054938348,1.5337913129736152
1693,2.5499964496694743,2.5499949803206543,2.5499890546651924,2.5499727798634475,2.5499310289827521,2.5498283185725916,2.5495861980754904,2.5490409170221571,2.5478704190989676,2.5454792345398225,2.5408345525929148,2.5322594389855819,2.5172100324126072,2.492087522565964,2.4521515355707679,2.3915948125473778,2.3037979906738655,2.1817016629253096,2.018098913633275,1.8053922700530287,1.5335678505322501
1694,2.5499964227949063,2.5499949441728944,2.549988983179857,2.549972619808567,2.5499306651694873,2.5498275100730137,2.5495844682953561,2.5490373814604337,2.5478635463916874,2.5454665655232995,2.5408124498752946,2.5322229944281682,2.5171532939790424,2.4920041779972384,2.4520360833174752,2.3914440729985178,2.3036126220822881,2.1814872305044255,2.0178660816531773,1.8051558385958488,1.5333444914165466
1695,2.5499963957481553,2.5499949078060387,2.5499889113080711,2.5499724589920034,2.5499302998433904,2.5498266986637681,2.5495827331923877,2.5490338367346896,2.5478566589580347,2.5454538745972473,2.5407903172760409,2.5321865130417325,2.5170965155280047,2.4919207970760628,2.451920607633062,2.3912933326656605,2.3034272827155915,2.1812728594474722,2.0176333382640679,1.8049195110323646,1.5331212355007218
1696,2.5499963685283364,2.5499948712190323,2.5499888390482233,2.5499722974110779,2.5499299330000595,2.5498258843380492,2.5495809927569812,2.5490302828329972,2.5478497567858089,2.5454411617532942,2.5407681547964507,2.5321499948431812,2.5170396970951594,2.4918373798540676,2.4518051085746921,2.3911425915948668,2.3032419725908704,2.1810585497305257,2.0174006834005489,1.8046832872722129,1.5328980826528011
1697,2.5499963411345585,2.5499948344108136,2.5499887663986898,2.5499721350630984,2.5499295646350797,2.5498250670890381,2.549579246979532,2.5490267197434493,2.547842839862863,2.5454284269831513,2.5407459624379167,2.5321134398494825,2.5169828387161579,2.4917539263827582,2.4516895861993051,2.3909918498319414,2.3030566917250361,2.1808443013296417,2.0171681169973921,1.8044471672264879,1.5326750327528311
1698,2.5499963135659298,2.5499947973803194,2.5499886933578502,2.5499719719453711,2.5499291947440361,2.5498242469099184,2.549577495850436,2.5490231474541405,2.5478359081770425,2.5454156702785289,2.5407237402018228,2.5320768480775997,2.5169259404266517,2.4916704367136506,2.4515740405638557,2.3908411074227089,2.3028714401350125,2.1806301142208788,2.0169356389893593,1.8042111508057668,1.5324520856747772
1699,2.5499962858215537,2.5499947601264821,2.549988619924076,2.5499718080551963,2.5499288233225048,2.5498234237938662,2.5495757393600886,2.5490195659531762,2.5478289617162284,2.5454028916311811,2.5407014880896073,2.5320402195445326,2.5168690022622857,2.4915869108981878,2.451458471725172,2.3906903644128472,2.3026862178376177,2.1804159883802825,2.01670324931131,1.8039752379216571,1.5322292413016749
1700,2.5499962579005317,2.5499947226482305,2.5499885460957339,2.5499716433898678,2.5499284503660569,2.5498225977340523,2.5495739774988855,2.549015975228671,2.5478220004683201,2.5453900910328957,2.540679206102745,2.5320035542673072,2.5168120242586953,2.4915033489877634,2.4513428797399932,2.3905396208479321,2.3025010248495983,2.180201923783891,2.0164709478981715,1.8037394284859329,1.5320064995169722
1701,2.5499962298019607,2.5499946849444894,2.5499884718711869,2.5499714779466744,2.5499280758702572,2.5498217687236431,2.5495722102572209,2.5490123752687492,2.5478150244212427,2.5453772684754972,2.5406568942427503,2.5319668522629737,2.5167550064515103,2.4914197510337166,2.4512272646649658,2.390388876773434,2.3023158611876227,2.1799879204077333,2.0162387346849484,1.8035037224103372,1.5317838602028895
1702,2.5499962015249342,2.5499946470141794,2.5499883972487929,2.5499713117228988,2.5499276998306639,2.5498209367558005,2.5495704376254906,2.5490087660615441,2.5478080335629394,2.5453644239508422,2.5406345525111735,2.5319301135486083,2.5166979488763541,2.4913361170873394,2.4511116265566484,2.3902381322347237,2.3021307268682891,2.1797739782278307,2.0160066096067077,1.8032681196075309,1.5315613232489305
1703,2.5499961730685432,2.5499946088562195,2.5499883222269064,2.5499711447158182,2.54992732224283,2.5498201018236815,2.5495686595940903,2.5490051475951967,2.5478010278813747,2.5453515574508176,2.5406121809096005,2.5318933381413085,2.5166408515688445,2.4912524471998756,2.4509959654715159,2.3900873872770774,2.3019456219081276,2.1795600972201985,2.0157745725985934,1.8030326199893778,1.5313388885395969
1704,2.5499961444318755,2.5499945704695239,2.5499882468038759,2.549970976922705,2.5499269431023017,2.5498192639204382,2.5495668761534156,2.5490015198578577,2.5477940073645362,2.5453386689673474,2.5405897794396557,2.5318565260582,2.5165837145645917,2.4911687414225163,2.4508802814659489,2.3899366419456625,2.3017605463235902,2.179346277360843,2.0155426235958172,1.8027972234686598,1.5311165559650932
1705,2.549996115614015,2.5499945318530028,2.5499881709780472,2.5499708083408255,2.5499265624046203,2.5498184230392185,2.5495650872938613,2.5489978828376874,2.5477869720004329,2.5453257584923867,2.540567348103,2.5318196773164301,2.5165265378991997,2.4910849998064037,2.4507645745962439,2.3897858962855518,2.3015755001310603,2.1791325186257615,2.0153107625336628,1.8025619299580258,1.5308943254156084
1706,2.5499960866140419,2.5499944930055638,2.5499880947477598,2.5499706389674408,2.5499261801453201,2.5498175791731659,2.5495632930058223,2.5489942365228551,2.5477799217770944,2.5453128260179221,2.5405448869013276,2.5317827919331708,2.5164693216082634,2.491001222402633,2.4506488449186126,2.3896351503417237,2.301390483346855,2.1789188209909458,2.0150789893474892,1.8023267393698525,1.5306721967809085
1707,2.5499960574310325,2.5499944539261099,2.5499880181113492,2.5499704687998066,2.5499257963199295,2.5498167323154179,2.5495614932796937,2.5489905809015396,2.547772856682573,2.5452998715359754,2.5405223958363727,2.5317458699256195,2.5164120657273732,2.4909174092622459,2.4505330924891742,2.3894844041590497,2.3012054959872135,2.1787051844323777,2.0148473039727235,1.8020916516171257,1.5304501699538899
1708,2.5499960280640623,2.5499944146135403,2.549987941067148,2.5499702978351726,2.5499254109239717,2.5498158824591108,2.5495596881058726,2.5489869159619274,2.54776577670494,2.5452868950386009,2.5404998749099033,2.5317089113109943,2.5163547702921125,2.4908335604362377,2.4504173173639652,2.3893336577823052,2.3010205380683075,2.1784916089260338,2.01461570634488,1.8018566666124318,1.5302282448268143
1709,2.5499959985122014,2.5499943750667504,2.5499878636134827,2.5499701260707841,2.5499250239529636,2.5498150295973736,2.5495578774747547,2.5489832416922145,2.5477586818322893,2.5452738965178852,2.5404773241237248,2.5316719161065397,2.5162974353380565,2.4907496759755516,2.4503015195989315,2.3891829112561656,2.3008356096062359,2.1782780944478812,2.0143841963995364,1.8016217842686768,1.5300064212938136
1710,2.5499959687745171,2.5499943352846333,2.5499877857486757,2.5499699535038793,2.5499246354024159,2.5498141737233309,2.5495560613767361,2.5489795580806072,2.5477515720527366,2.5452608759659485,2.5404547434796791,2.5316348843295242,2.5162400609007745,2.4906657559310812,2.450185699249932,2.389032164625208,2.3006507106170284,2.1780646409738815,2.0141527740723553,1.8013870044987319,1.5297846992494455
1711,2.5499959388500724,2.5499942952660777,2.5499877074710446,2.5499697801316925,2.5499242452678343,2.5498133148301023,2.5495542398022124,2.5489758651153207,2.5477444473544217,2.5452478333749435,2.5404321329796438,2.5315978159972383,2.5161826470158264,2.4905818003536693,2.4500698563727372,2.3888814179339106,2.3004658411166443,2.1778512484799881,2.0139214392990854,1.8011523272154333,1.5295630785885899
1712,2.5499959087379289,2.5499942550099681,2.5499876287789034,2.5499696059514516,2.5499238535447182,2.5498124529108042,2.5495524127415803,2.5489721627845787,2.5477373077255017,2.545234768737056,2.5404094926255332,2.5315607111269989,2.516125193718767,2.4904978092941104,2.4499539910230315,2.3887306712266523,2.30028100112097,2.1776379169421465,2.0136901920155341,1.8009177523318014,1.5293415592079691
1713,2.549995878437143,2.5499942145151864,2.5499875496705608,2.5499694309603789,2.5499234602285599,2.5498115879585481,2.5495505801852367,2.5489684510766151,2.5477301531541583,2.5452216820445064,2.5403868224192978,2.5315235697361436,2.5160677010451429,2.4904137828031478,2.4498381032564116,2.3885799245477131,2.3000961906458235,2.1774246463362945,2.0134590321576038,1.8006832797607886,1.5291201410041773
1714,2.5499958479467688,2.5499941737806093,2.5499874701443206,2.5499692551556912,2.5499230653148461,2.549810719966441,2.5495487421235787,2.5489647299796734,2.5477229836285931,2.5452085732895453,2.5403641223629241,2.5314863918420349,2.5160101690304915,2.4903297209314763,2.4497221931283879,2.388429177941275,2.2999114097069526,2.1772114366383644,2.0132279596612888,1.8004489094152936,1.5288988238737222
1715,2.5499958172658563,2.5499941328051108,2.5499873901984835,2.5499690785346005,2.5499226687990593,2.5498098489275858,2.5495468985470038,2.5489609994820053,2.5477157991370309,2.5451954424644594,2.5403413924584344,2.5314491774620596,2.5159525977103452,2.4902456237297392,2.4496062606943823,2.3882784314514209,2.2997266583200329,2.1769982878242788,2.0129969744626401,1.8002146412083977,1.5286776077152127
1716,2.5499957863934521,2.5499940915875614,2.5499873098313439,2.5499689010943123,2.549922270676674,2.5498089748350803,2.5495450494459093,2.548957259571873,2.5477085996677169,2.545182289561565,2.540318632707887,2.5314119266136266,2.5158949871202276,2.4901614912485308,2.4494903060097299,2.3881276851221358,2.2995419365006726,2.176785199869955,2.0127660764978064,1.7999804750530957,1.5284564924268755
1717,2.5499957553285997,2.5499940501268261,2.5499872290411933,2.5499687228320274,2.549921870943161,2.5498080976820177,2.5495431948106937,2.5489535102375469,2.5477013852089181,2.5451691145732127,2.5402958431133746,2.5313746393141652,2.5158373372956535,2.4900773235383933,2.449374329129681,2.3879769389973111,2.2993572442644132,2.1765721727513054,2.0125352657030309,1.799746410862322,1.528235477906791
1718,2.5499957240703384,2.5499940084217685,2.5499871478263181,2.5499685437449404,2.549921469593984,2.5498072174614879,2.5495413346317553,2.5489497514673078,2.547694155748923,2.5451559174917868,2.5402730236770283,2.531337315581133,2.5157796482721313,2.4899931206498214,2.4492583301093958,2.3878261931207336,2.2991725816267206,2.1763592064442312,2.0123045420146188,1.799512448549158,1.5280145640548044
1719,2.5499956926177054,2.5499939664712472,2.549987066184999,2.5499683638302413,2.5499210666246008,2.5498063341665755,2.5495394688994928,2.5489459832494457,2.5476869112760432,2.5451426983097023,2.5402501744010131,2.531299955432007,2.5157219200851615,2.4899088826332587,2.4491423090039506,2.3876754475360982,2.2989879486029956,2.1761463009246294,2.0120739053689718,1.7992785880266327,1.5277937507705373
1720,2.5499956609697341,2.5499939242741179,2.5499869841155141,2.5499681830851135,2.5499206620304622,2.5498054477903613,2.5495375976043069,2.5489422055722599,2.5476796517786098,2.5451294570194083,2.540227295287528,2.5312625588842872,2.5156641527702353,2.4898246095391006,2.4490262658683379,2.3875247022870041,2.2988033452085728,2.1759334561683903,2.0118433557025837,1.799044829207759,1.5275730379536663
1721,2.5499956291254544,2.549993881829232,2.5499869016161347,2.5499680015067359,2.5499202558070149,2.5498045583259215,2.5495357207365972,2.5489384184240595,2.5476723772449765,2.5451161936133864,2.5402043863388108,2.5312251259554972,2.515606346362838,2.4897403014176915,2.4489102007574592,2.3873739574169486,2.2986187714587114,2.175720672151396,2.0116128929520194,1.7988111720056055,1.5273524255050381
1722,2.5499955970838921,2.5499938391354369,2.5499868186851296,2.5499678190922817,2.5499198479496989,2.5498036657663277,2.5495338382867647,2.5489346217931637,2.5476650876635194,2.5451029080841505,2.5401814475571327,2.5311876566631835,2.5155485008984453,2.4896559583193252,2.4487941137261324,2.3872232129693352,2.2984342273686069,2.175507948849523,2.0113825170539354,1.7985776163332552,1.5271319133255203
1723,2.5499955648440698,2.549993796191576,2.549986735320763,2.5499676358389176,2.5499194384539496,2.5498027701046482,2.5495319502452092,2.5489308156678994,2.5476577830226352,2.5450896004242463,2.5401584789447984,2.5311501510249124,2.5154906164125235,2.4895715802942462,2.4486780048290906,2.3870724689874736,2.2982497129533885,2.1752952862386428,2.0111522279450789,1.798344162103831,1.5269115013161692
1724,2.5499955324050068,2.5499937529964902,2.5499866515212934,2.5499674517438065,2.5499190273151959,2.5498018713339459,2.5495300566023329,2.5489270000366049,2.5476504633107422,2.5450762706262529,2.5401354805041518,2.5311126090582756,2.5154326929405326,2.48948716739265,2.4485618741209785,2.3869217255145725,2.2980652282281122,2.1750826842946176,2.010922025562274,1.7981108092304321,1.5266911893788453
1725,2.5499954997657186,2.5499937095490153,2.549986567284976,2.5499672668041042,2.5499186145288606,2.5498009694472796,2.5495281573485378,2.5489231748876273,2.5476431285162806,2.545062918682782,2.5401124522375689,2.5310750307808867,2.5153747305179244,2.4894027196646809,2.448445721656356,2.3867709825937466,2.2978807732077682,2.1748701429933059,2.0106919098424347,1.7978775576262245,1.5264709774155216
1726,2.5499954669252181,2.5499936658479845,2.5499864826100587,2.5499670810169626,2.5499182000903602,2.5498000644377052,2.5495262524742275,2.5489193402093235,2.5476357786277122,2.5450495445864774,2.5400893941474609,2.531037416210379,2.5153167291801393,2.4893182371604343,2.4483295474897,2.3866202402680186,2.2976963479072818,2.1746576623105596,2.0104618807225614,1.7976444072044404,1.5262508653283531
1727,2.5499954338825139,2.5499936218922259,2.5499863974947883,2.549966894379526,2.5499177839951064,2.5497991562982727,2.5495243419698044,2.5489154959900606,2.5476284136335212,2.5450361483300155,2.5400663062362749,2.530999765364411,2.515258688962613,2.4892337199299561,2.4482133516753977,2.3864694985803094,2.2975119523415066,2.1744452422222236,2.010231938139738,1.7974113578782682,1.5260308530201925
1728,2.5499954006366119,2.5499935776805658,2.5499863119374044,2.5499667068889358,2.5499173662385046,2.549798245022028,2.549522425825673,2.5489116422182141,2.547621033522212,2.5450227299061057,2.5400431885064934,2.5309620782606608,2.5152006099007695,2.4891491680232409,2.4480971342677535,2.3863187575734472,2.2973275865252307,2.1742328827041368,2.0100020820311335,1.797178409560978,1.5258109403939881
1729,2.5499953671865137,2.5499935332118242,2.5499862259361441,2.5499665185423255,2.5499169468159546,2.5497973306020145,2.5495205040322393,2.5489077788821706,2.5476136382823116,2.545009289307488,2.5400200409606315,2.530924354916829,2.5151424920300269,2.4890645814902355,2.4479808953209878,2.3861680172901689,2.2971432504731779,2.1740205837321356,2.0097723123339999,1.7969455621659105,1.5255911273528346
1730,2.5499953335312178,2.5499934884848185,2.5499861394892389,2.5499663293368249,2.5499165257228511,2.5497964130312694,2.5495185765799087,2.5489039059703256,2.5476062279023681,2.5449958265269368,2.5399968636012416,2.5308865953506388,2.5150843353857928,2.4889799603808349,2.4478646348892337,2.3860172777731101,2.2969589442000009,2.1738083452820454,2.0095426289856775,1.7967128156063781,1.525371413800471
1731,2.5499952996697188,2.5499934434983631,2.5499860525949156,2.5499661392695576,2.5499161029545809,2.5497954923028274,2.549516643459087,2.5489000234710839,2.5475988023709517,2.5449823415572577,2.539973656430909,2.5308487995798337,2.5150261400034668,2.4888953047448861,2.4477483530265389,2.3858665390648146,2.2967746677202872,2.1735961673296904,2.0093130319235879,1.7964801697957762,1.5251517996407236
1732,2.5499952656010088,2.5499933982512677,2.5499859652513965,2.5499659483376416,2.5499156785065287,2.5497945684097179,2.5495147046601816,2.5488961313728611,2.5475913616766555,2.544968834391288,2.5399504194522526,2.5308109676221795,2.5149679059184376,2.4888106146321847,2.4476320497868698,2.3857158012077342,2.2965904210485606,2.1733840498508883,2.009083521085234,1.7962476246475709,1.5249322847775637
1733,2.549995231324075,2.5499933527423386,2.5499858774568995,2.5499657565381888,2.5499152523740705,2.5497936413449671,2.549512760173601,2.5488922296640819,2.5475839058080929,2.5449553050218987,2.5399271526679286,2.5307730994954643,2.514909633166087,2.4887258900924776,2.447515725224104,2.3855650642442221,2.2964062041992745,2.1731719928214499,2.0088540964082093,1.7960151800752178,1.5247128691155154
1734,2.5499951968379024,2.5499933069703786,2.549985789209638,2.549965563868307,2.5499148245525776,2.5497927111015968,2.5495108099897532,2.5488883183331814,2.5475764347538985,2.5449417534419916,2.5399038560806257,2.5307351952174959,2.5148513217817876,2.4886411311754619,2.4473993793920363,2.3854143282165392,2.2962220171868175,2.1729599962171822,2.0086247578301841,1.7957828359922587,1.5244935525592129
1735,2.5499951621414714,2.5499932609341851,2.5499857005078206,2.549965370325098,2.5499143950374146,2.549791777672624,2.5495088540990487,2.5488843973686044,2.5475689485027289,2.5449281796445016,2.5398805296930673,2.5306972548061029,2.5147929718009019,2.4885563379307851,2.4472830123443794,2.3852635931668558,2.2960378600255149,2.1727480600138898,2.0083955052889082,1.7955505923123138,1.524274335013454
1736,2.5499951272337591,2.5499932146325528,2.5499856113496513,2.5499651759056583,2.5499139638239412,2.5497908410510624,2.5495068924918973,2.548880466758805,2.5475614470432624,2.5449145836223948,2.5398571735080111,2.5306592782791375,2.5147345832587837,2.4884715104080444,2.4471666241347578,2.3851128591372421,2.295853732729622,2.1725361841873667,2.0081663387222224,1.7953184489489995,1.5240552163834908
1737,2.5499950921137389,2.5499931680642733,2.5499855217333294,2.5499649806070783,2.5499135309075123,2.5497899012299219,2.5495049251587121,2.5488765264922471,2.5475539303641987,2.5449009653686705,2.5398337875282491,2.5306212656544713,2.5146761561907778,2.4883866486567876,2.4470502148167137,2.384962126169679,2.295669635313331,2.1723243687134071,2.0079372580680417,1.7950864058160265,1.5238361965747116
1738,2.5499950567803822,2.5499931212281326,2.5499854316570496,2.5499647844264435,2.5499130962834755,2.5497889582022086,2.5495029520899046,2.5488725765574065,2.5475463984542617,2.5448873248763584,2.5398103717566056,2.5305832169499958,2.5146176906322197,2.488301752726513,2.4469337844437065,2.3848113943060563,2.2954855677907715,2.1721126135677995,2.0077082632643566,1.7948544628271945,1.5236172754926751
1739,2.5499950212326556,2.5499930741229146,2.5499853411190023,2.549964587360833,2.5499126599471742,2.5497880119609238,2.5495009732758889,2.5488686169427668,2.5475388513021935,2.5448736621385217,2.5397869261959412,2.5305451321836259,2.5145591866184356,2.4882168226666685,2.4468173330691085,2.3846606635881651,2.2953015301760016,2.1719009187263261,2.0074793542492504,1.7946226198963027,1.5233984530433311
1740,2.5499949854695223,2.5499930267473987,2.5499852501173743,2.5499643894073221,2.5499122218939445,2.5497870624990644,2.5494989887070778,2.5488646476368224,2.5475312888967592,2.5448599771482558,2.5397634508491493,2.5305070113732957,2.5145006441847433,2.488131858526653,2.4467008607462102,2.3845099340577054,2.295117522483018,2.1716892841647653,2.0072505309608832,1.794390876937235,1.5231797291328122
1741,2.5499949494899288,2.5499929791003471,2.5499851586503248,2.5499641905629433,2.5499117821190596,2.5497861098095251,2.5494969983737339,2.5488606686278499,2.5475237112264431,2.5448462698983154,2.5397399457187548,2.5304688545365819,2.5144420633661664,2.4880468603557055,2.4465843675283252,2.3843592057566219,2.2949335447262875,2.1714777098595714,2.0070217933382382,1.7941592338647676,1.5229611068493465
1742,2.5499949132928523,2.5499929311805523,2.5499850667160646,2.5499639908248208,2.549911340617947,2.5497851538854683,2.5494950022665477,2.5488566799047749,2.5475161182806185,2.5448325403825729,2.5397164108085319,2.5304306616922774,2.5143834441986876,2.4879618282035207,2.4464678534685538,2.3842084787259119,2.2947495969186633,2.1712661957850816,2.0067931413179059,1.7939276905910819,1.5227425855613812
1743,2.5499948768772409,2.5499928829867797,2.5499849743127609,2.5499637901900005,2.5499108973859044,2.5497841947198374,2.5494930003758594,2.5488526814559878,2.5475085100479031,2.5448187885939091,2.5396928461210573,2.5303924328578682,2.5143247867170473,2.4878767621188591,2.4463513186196297,2.3840577530070073,2.2945656790743647,2.1710547419179114,2.0065645748394925,1.7936962470317062,1.5225241642052074
1744,2.5499948402420385,2.5499928345177869,2.5499848814385713,2.5499635886555212,2.5499104524182226,2.549783232305582,2.5494909926920419,2.5488486732699696,2.5475008865170974,2.5448050145255117,2.5396692516593684,2.5303541680514474,2.5142660909566761,2.4877916621511398,2.4462347630347465,2.3839070286414255,2.2943817912071962,2.1708433482337268,2.006336093841202,1.7934649031004464,1.5223058423858999
1745,2.5499948033861908,2.5499927857723335,2.5499847880916571,2.5499633862184297,2.5499100057102133,2.5497822666356789,2.5494889792055164,2.5488446553352628,2.5474932476770733,2.5447912181706318,2.5396456274265269,2.5303158672910495,2.5142073569528454,2.4877065283495181,2.4461181867667801,2.3837563056704125,2.2941979333308367,2.1706320147082869,2.0061076982615744,1.7932336587115518,1.5220876198068349
1746,2.5499947663086391,2.5499927367491773,2.5499846942701803,2.5499631828757692,2.5499095572571804,2.5497812977031065,2.5494869599067052,2.5488406276404265,2.54748559351673,2.5447773995225571,2.5396219734256249,2.5302775305947272,2.5141485847408003,2.4876213607630753,2.4460015898685055,2.383605584135104,2.2940141054588929,2.1704207413173564,2.005879388039248,1.7930025137793919,1.5218694962446655
1747,2.549994729008322,2.5499926874470691,2.5499845999722912,2.5499629786245741,2.5499091070544209,2.5497803255008336,2.549484934786034,2.5488365901740284,2.5474779240249901,2.5447635585746129,2.5395982896597986,2.5302391579805579,2.5140897743557842,2.4875361594408516,2.4458849723926095,2.3834548640765352,2.2938303076048974,2.1702095280366906,2.0056511631129363,1.7927714682184526,1.5216514715204357
1748,2.5499946914841742,2.5499926378647584,2.5499845051961394,2.5499627734618766,2.5499086550972279,2.5497793500218271,2.5494829038339253,2.5488325429246412,2.5474702391907873,2.5447496953201423,2.5395745761322037,2.5302007494666352,2.5140309258330378,2.4874509244318594,2.4457683343917318,2.3833041455356878,2.2936465397823462,2.1699983748420393,2.0054230234213959,1.7925405219433161,1.5214335454645556
1749,2.5499946537351263,2.5499925880009888,2.549984409939869,2.5499625673847022,2.5499082013808869,2.5497783712590505,2.5494808670408027,2.5488284858808501,2.5474625390030847,2.5447358097525292,2.5395508328460394,2.5301623050710793,2.5139720392077893,2.4873656557850454,2.4456516759184055,2.383153428553427,2.2934628020046515,2.1697872817091493,2.0051949689034783,1.7923096748688383,1.5212157179269024
1750,2.5499946157601059,2.549992537854501,2.5499843142016196,2.5499623603900705,2.5499077459006809,2.5497773892054636,2.5494788243970929,2.548824419031249,2.5474548234508614,2.5447219018651799,2.539527059804529,2.5301238248120224,2.5139131145152582,2.4872803535493211,2.4455349970251037,2.3830027131705518,2.2932790942851811,2.1695762486137657,2.0049669994980892,1.7920789269101109,1.5209979887636966
1751,2.5499945775580359,2.5499924874240332,2.5499842179795276,2.5499621524749965,2.5499072886518848,2.5497764038540214,2.5494767758932229,2.5488203423644413,2.5474470925231181,2.5447079716515333,2.5395032570109288,2.5300853087076169,2.5138541517906541,2.4871950177735487,2.4454182977642169,2.3828519994277704,2.2930954166372399,2.1693652755316317,2.0047391151442078,1.7918482779825204,1.5207803578421124
1752,2.5499945391278374,2.5499924367083175,2.5499841212717227,2.5499619436364891,2.5499068296297684,2.5497754151976757,2.5494747215196201,2.5488162558690441,2.5474393462088831,2.5446940191050693,2.5394794244685346,2.5300467567760414,2.5137951510691723,2.4871096485065247,2.445301578188027,2.3827012873656725,2.2929117690740517,2.1691543624384857,2.0045113157809071,1.7916177280019356,1.52056282503792
1753,2.5499945004684226,2.5499923857060778,2.5499840240763239,2.5499617338715446,2.5499063688295895,2.5497744232293695,2.5494726612667176,2.5488121595336959,2.5474315844972293,2.5446800442193331,2.5394555621807156,2.5300081690355145,2.5137361123859874,2.4870242457969427,2.4451848383486463,2.3825505770246607,2.2927281516087077,2.1689435093100626,2.0042836013474123,1.7913872768851169,1.5203453902338167
1754,2.5499944615787111,2.5499923344160469,2.5499839263914619,2.5499615231771715,2.5499059062466176,2.5497734279420547,2.5494705951249443,2.5488080533470119,2.547423807377184,2.5446660469878002,2.5394316701507673,2.5299695455042115,2.5136770357762956,2.4869388096936049,2.4450680782983651,2.3823998684453334,2.2925445642544369,2.1687327161221015,2.0040559717827908,1.7911569245479291,1.5201280533031589
1755,2.5499944224576057,2.5499922828369384,2.5499838282152441,2.5499613115503541,2.5499054418760969,2.549772429328665,2.5494685230847351,2.5488039372976568,2.5474160148378759,2.544652027404096,2.5394077483821391,2.5299308862003995,2.5136179212752445,2.4868533402450796,2.4449512980890873,2.3822491616678647,2.292361007024176,2.1685219828503315,2.0038284270264457,1.7909266709081015,1.5199108141368634
1756,2.5499943831040177,2.5499922309674767,2.5499837295457914,2.5499610989880894,2.5499049757132859,2.5497714273821446,2.5494664451365221,2.548799811374268,2.5474082068683765,2.5446379854617613,2.5393837968781949,2.5298921911422947,2.5135587689180086,2.4867678375000661,2.4448344977729333,2.3820984567326664,2.2921774799310231,2.1683113094704884,2.0036009670175936,1.7906965158823263,1.5196936726164192
1757,2.5499943435168442,2.5499921788063697,2.5499836303812042,2.5499608854873501,2.5499045077534177,2.5497704220954214,2.5494643612707417,2.5487956755655281,2.5474003834578522,2.5446239211544768,2.5393598156424408,2.5298534603481975,2.513499578739717,2.4866823015070469,2.4447176774016652,2.381947753679758,2.2919939829878069,2.1681006959582971,2.0033735916957598,1.7904664593888311,1.519476628635736
1758,2.5499943036949873,2.5499921263523317,2.5499835307195897,2.5499606710451195,2.5499040379917357,2.5497694134614299,2.5494622714778297,2.548791529860102,2.5473925445954317,2.5446098344758661,2.5393358046783261,2.529814693836375,2.5134403507755176,2.4865967323145899,2.4446008370271874,2.3817970525493144,2.2918105162074625,2.1678901422894876,2.0031463010003487,1.7902365013452464,1.5192596820840021
1759,2.5499942636373407,2.5499920736040669,2.5499834305590445,2.5499604556583675,2.5499035664234704,2.5497684014730941,2.5494601757482251,2.5487873742466807,2.5473846902703001,2.5445957254196343,2.5393117639893839,2.5297758916251425,2.5133810850605292,2.4865111299711375,2.4444839767011945,2.3816463533812815,2.291627079602768,2.1676796484397847,2.0029190948709417,1.7900066416698723,1.519042832855185
1760,2.5499942233427926,2.5499920205602731,2.5499833298976586,2.5499602393240557,2.5499030930438447,2.5497673861233339,2.54945807407237,2.5487832087139677,2.5473768204716714,2.5445815939795282,2.5392876935791913,2.5297370537328407,2.5133217816298581,2.4864254945250646,2.4443670964752706,2.3814956562154839,2.2914436731864165,2.1674692143849099,2.0026919732472157,1.7897768802814218,1.5188260808464007
1761,2.5499941828102326,2.54999196721965,2.5499832287335225,2.5499600220391478,2.5499026178480819,2.5497663674050708,2.5494559664407048,2.5487790332506672,2.5473689351887541,2.544567440149287,2.539263593451317,2.5296981801778058,2.513262440518611,2.4863398260247571,2.444250196401021,2.3813449610917701,2.2912602969711187,2.1672588401005886,2.0024649360688294,1.7895472170982012,1.518609425951813
1762,2.5499941420385444,2.5499919135808917,2.5499831270647211,2.5499598038005975,2.5499021408313971,2.5497653453112212,2.5494538528436719,2.5487748478454972,2.5473610344107884,2.5445532639226967,2.5392394636093769,2.5296592709784016,2.5132030617618786,2.4862541245185312,2.4441332765299308,2.3811942680498572,2.291076950969495,2.1670485255625414,2.0022379832755437,1.7893176520389538,1.5183928680687953
1763,2.5499941010266074,2.5499918596426872,2.5499830248893329,2.5499595846053555,2.5499016619890011,2.5497643198346971,2.5494517332717166,2.5487706524871871,2.547353118127039,2.5445390652935758,2.539215304057024,2.5296203261530121,2.5131436453947411,2.4861683900546456,2.4440163369133945,2.3810435771293634,2.2908936351940965,2.1668382707464877,2.0020111148071975,1.7890881850228479,1.5181764070978456
1764,2.5499940597732973,2.5499918054037223,2.549982922205432,2.5499593644503644,2.5499011813160966,2.5497632909684058,2.5494496077152862,2.5487664471644775,2.5473451863267931,2.5445248442557773,2.5391911147979425,2.5295813457200405,2.5130841914522657,2.4860826226813084,2.4438993776027242,2.3808928883698162,2.290710349657413,2.1666280756281466,2.0017843306037002,1.7888588159686221,1.5179600429370967
1765,2.549994018277487,2.5499917508626786,2.5499828190110878,2.5499591433325621,2.5499006988078827,2.5497622587052531,2.5494474761648274,2.5487622318661192,2.54733723899936,2.5445106008031848,2.5391668958358484,2.5295423296979083,2.5130246999695092,2.4859968224466784,2.4437823986491503,2.380742201810655,2.2905270943718747,2.1664179401832357,2.0015576306050296,1.7886295447952858,1.5177437754866312
1766,2.5499939765380444,2.5499916960182336,2.5499827153043655,2.5499589212488818,2.5499002144595524,2.5497612230381392,2.5494453386107905,2.5487580065808735,2.5473292761340693,2.5444963349297116,2.5391426471744905,2.5295032781050559,2.5129651709815186,2.4859109893988673,2.4436654001038232,2.380591517491232,2.2903438693498499,2.1662078643874709,2.0013310147512327,1.7884003714222803,1.5175276046494379
1767,2.5499939345538349,2.5499916408690604,2.5499826110833244,2.5499586981962512,2.5498997282662943,2.5497601839599628,2.5494431950436276,2.5487537712975117,2.5473212977202717,2.5444820466292999,2.5391183688176482,2.5294641909599394,2.5129056045233273,2.4858251235859381,2.4435483820178177,2.380440835450818,2.2901606746036518,2.1659978482165689,2.0011044829824236,1.7881712957685179,1.5173115303261591
1768,2.5499938923237195,2.5499915854138284,2.5499825063460215,2.5499584741715928,2.549899240223291,2.5497591414636185,2.5494410454537912,2.5487495260048165,2.547313303747341,2.5444677358959247,2.5390940607691315,2.529425068281034,2.5128460006299584,2.4857392250559047,2.4434313444421267,2.380290155728594,2.2899775101455324,2.1657878916462461,2.0008780352387863,1.7879423177530991,1.517095552418855
1769,2.5499938498465551,2.5499915296512032,2.5499824010905066,2.5499582491718229,2.5498987503257191,2.5497580955419967,2.5494388898317371,2.5487452706915814,2.5473052942046728,2.544453402723593,2.5390697230327866,2.5293859100868348,2.5127863593364244,2.4856532938567288,2.4433142874276563,2.3801394783636471,2.289794375987678,2.1655779946522151,2.0006516714605769,1.7877134372954653,1.5168796708317798
1770,2.5499938071211967,2.5499914735798468,2.5499822953148263,2.5499580231938528,2.5498982585687515,2.5497570461879859,2.5494367281679211,2.5487410053466086,2.5472972690816817,2.5444390471063394,2.5390453556124846,2.5293467163958505,2.5127266806777246,2.4855673300363277,2.443197211025244,2.3799888033949892,2.2896112721422259,2.1653681572101924,2.0004253915881192,1.7874846543147125,1.5166638854679899
1771,2.5499937641464934,2.5499914171984166,2.5499821890170224,2.549957796234589,2.5498977649475543,2.5497559933944709,2.549434560452803,2.5487367299587116,2.5472892283678066,2.5444246690382299,2.5390209585121282,2.529307487226609,2.5126669646888491,2.4854813336425696,2.4430801152856447,2.3798381308615433,2.2894281986212519,2.1651583792958911,2.0001991955618066,1.7872559687300289,1.5164481962314669
1772,2.5499937209212926,2.5499913605055666,2.549982082195132,2.5499575682909317,2.5498972694572886,2.5497549371543333,2.5494323866768425,2.5487324445167152,2.5472811720525068,2.5444102685133627,2.538996531735656,2.5292682225976577,2.5126072114047742,2.4853953047232702,2.4429630002595291,2.3796874608021397,2.2892451554367681,2.1649486608850235,1.999973083322103,1.7870273804607759,1.5162326030274993
1773,2.5499936774444358,2.5499913034999464,2.5499819748471872,2.5499573393597763,2.5498967720931112,2.5497538774604505,2.5494302068305013,2.5487281490094542,2.5472731001252624,2.5443958455258651,2.5389720752870351,2.5292289225275586,2.512547420860467,2.4853092433261996,2.442845865997493,2.3795367932555305,2.2890621426007334,2.1647390019533042,1.9997470548095488,1.7867988894262139,1.5160171057611036
1774,2.5499936337147617,2.5499912461802019,2.5499818669712164,2.5499571094380129,2.5498962728501726,2.5497528143056969,2.5494280209042444,2.5487238434257753,2.547265012575576,2.5443814000698941,2.5389475891702631,2.5291895870348924,2.5124875930908805,2.4852231494990771,2.4427287125500521,2.3793861282603785,2.2888791601250458,2.1645294024764454,1.9995211099647527,1.7865704955456385,1.5158017043379706
1775,2.5499935897311059,2.5499911885449742,2.549981758565242,2.5499568785225262,2.5498957717236186,2.5497517476829441,2.5494258288885367,2.5487195277545345,2.5472569093929716,2.5443669321396389,2.5389230733893706,2.5291502161382584,2.5124277281309584,2.4851370232895742,2.4426115399676411,2.3792354658552606,2.2886962080215438,2.1643198624301592,1.9992952487283913,1.7863421987383985,1.515586398664627
1776,2.5499935454923,2.5499911305929013,2.549981649627282,2.5499566466101955,2.5498952687085898,2.54975067758506,2.5494236307738469,2.5487152019845984,2.5472487905669952,2.5443524417293197,2.538898527948418,2.5291108098562707,2.5123678260156304,2.4850508647453129,2.4424943483006163,2.3790848060786671,2.2885132863020088,2.1641103817901595,1.9990694710412227,1.7861139989238599,1.5153711886475125
1777,2.5499935009971719,2.5499910723226162,2.5499815401553496,2.5499564136978945,2.549894763800221,2.5497496040049099,2.5494214265506443,2.5487108661048454,2.5472406560872147,2.5443379288331864,2.5388739528514965,2.5290713682075627,2.5123078867798148,2.4849646739138653,2.4423771375992542,2.3789341489690039,2.2883303949781642,2.1639009605321591,1.9988437768440752,1.7858858960214095,1.5151560741936529
1778,2.549993456244545,2.5499910137327491,2.5499814301474539,2.5499561797824923,2.5498942569936416,2.549748526935355,2.5494192162094009,2.5487065201041634,2.547232505943219,2.5443233934455192,2.5388493481027292,2.5290318912107845,2.5122479104584183,2.4848784508427557,2.4422599079137517,2.3787834945645896,2.2881475340616722,2.1636915986318703,1.9986181660778444,1.7856578899504529,1.5149410552108
1779,2.5499934112332396,2.5499909548219253,2.5499813196015988,2.5499559448608515,2.5498937482839761,2.5497474463692535,2.5494169997405907,2.5487021639714529,2.5472243401246195,2.5443088355606296,2.5388247137062692,2.528992378884602,2.5121878970863358,2.4847921955794585,2.4421426592942272,2.378632842903659,2.2879647035641413,2.1634822960650069,1.9983926386835051,1.7854299806304221,1.5147261316065281
1780,2.5499933659620719,2.5499908955887669,2.5499812085157849,2.5499557089298293,2.549893237666343,2.5497463622994614,2.5494147771346896,2.5486977976956227,2.5472161586210489,2.5442942551728591,2.5388000496663019,2.5289528312476994,2.51212784669845,2.484705908171398,2.4420253917907195,2.3784821940243615,2.2877819034971205,2.1632730528072819,1.9981671946021045,1.7852021679807726,1.5145113032889281
1781,2.5499933204298544,2.5499908360318915,2.5499810968880072,2.5499554719862774,2.5498927251358556,2.5497452747188305,2.5494125483821755,2.5486934212655949,2.5472079614221612,2.5442796522765803,2.5387753559870432,2.5289132483187773,2.5120677593296326,2.484619588665951,2.4419081054531877,2.3783315479647582,2.2875991338720989,2.1630638688344082,1.9979418337747592,1.7849744519209829,1.5142965701667594
1782,2.5499932746353955,2.5499907761499117,2.5499809847162545,2.5499552340270437,2.5498922106876241,2.5497441836202093,2.549410313473528,2.5486890346703008,2.5471997485176328,2.5442650268661944,2.538750632672738,2.5288736301165531,2.51200763501474,2.4845332371104454,2.4417908003315141,2.3781809047628313,2.2874163947005113,2.1628547441221007,1.9977165561426606,1.7847468323705571,1.5140819321486363
1783,2.5499932285775011,2.5499907159414361,2.5499808719985118,2.5499549950489704,2.5498916943167522,2.5497430889964443,2.549408072399229,2.5486846378986843,2.5471915198971611,2.5442503789361344,2.5387258797276613,2.5288339766597603,2.5119474737886178,2.4844468535521598,2.4416734764755019,2.3780302644564744,2.2872336859937348,2.1626456786460735,1.9974913616470731,1.7845193092490226,1.513867389143605
1784,2.5499931822549717,2.5499906554050704,2.5499807587327603,2.5499547550488932,2.5498911760183378,2.5497419908403773,2.5494058251497624,2.5486802309396985,2.547183275550466,2.5442357084808633,2.5387010971561215,2.5287942879671501,2.5118872756861013,2.484360438038324,2.4415561339348737,2.3778796270834959,2.2870510077630866,2.1624366723820403,1.9972662502293328,1.7842918824759302,1.5136529410612602
1785,2.5499931356666043,2.5499905945394166,2.5499806449169751,2.5499545140236433,2.5498906557874741,2.5497408891448483,2.5494035717156156,2.548675813782308,2.5471750154672876,2.5442210154948746,2.5386762849624547,2.5287545640574898,2.51182704074201,2.484273990616118,2.4414387727592772,2.3777289926816239,2.286868360019831,2.1622277253057187,1.9970412218308469,1.7840645519708827,1.513438587811184
1786,2.5499930888111928,2.5499905333430721,2.5499805305491283,2.5499542719700456,2.5498901336192481,2.5497397839026941,2.5494013120872765,2.5486713864154877,2.5471667396373885,2.5442062999726911,2.5386514431510281,2.5287148049495611,2.5117667689911536,2.4841875113326748,2.4413213929982804,2.3775783612885006,2.2866857427751754,2.1620188373928246,1.9968162763930946,1.7838373176535056,1.5132243293033178
1787,2.5499930416875261,2.5499904718146302,2.5499804156271861,2.5499540288849212,2.5498896095087429,2.5497386751067479,2.5493990462552358,2.5486669488282239,2.5471584480505527,2.5441915619088666,2.5386265717262404,2.5286750106621656,2.5117064604683295,2.4841010002350772,2.4412039947013713,2.377427732941682,2.2865031560402667,2.1618100086190744,1.9965914138576297,1.7836101794434376,1.5130101654480357
1788,2.5499929942943909,2.5499904099526796,2.5499803001491101,2.5499537847650839,2.5498890834510357,2.5497375627498404,2.5493967742099861,2.5486625010095141,2.5471501406965871,2.5441768012979846,2.5386016706925192,2.5286351812141175,2.51164611520832,2.4840144573703595,2.4410865779179631,2.3772771076786445,2.2863205998262011,2.1616012389601864,1.9963666341660729,1.7833831372604048,1.5127960961557829
1789,2.5499929466305691,2.5499903477558039,2.5499801841128584,2.5499535396073441,2.5498885554411999,2.5497364468247987,2.5493944959420229,2.5486580429483672,2.547141817565318,2.5441620181346583,2.5385767400543213,2.5285953166242492,2.511585733245898,2.4839278827855074,2.4409691426973912,2.3771264855367806,2.2861380741440147,2.1613925283918798,1.9961419372601175,1.783156191024158,1.5125821213373238
1790,2.5499928986948395,2.5499902852225849,2.5499800675163824,2.549953293408505,2.5498880254743024,2.5497353273244472,2.5493922114418432,2.5486535746338008,2.5471334786465958,2.5441472124135323,2.5385517798161366,2.5285554169114093,2.5115253146158216,2.4838412765274573,2.4408516890889094,2.3769758665533964,2.2859555790046886,2.161183876889873,1.9959173230815306,1.7829293406544569,1.5123682409037875
1791,2.5499928504859755,2.5499902223515987,2.5499799503576299,2.549953046165367,2.5498874935454054,2.5497342042416076,2.5493899206999471,2.5486490960548465,2.5471251239302908,2.5441323841292789,2.5385267899824808,2.5285154820944613,2.511464859352837,2.4837546386430978,2.4407342171416975,2.3768252507657177,2.2857731144191478,2.1609752844298882,1.9956927915721441,1.7827025860711634,1.5121544547663892
1792,2.5499928020027478,2.5499901591414194,2.5499798326345431,2.549952797874723,2.5498869596495664,2.5497330775690981,2.5493876237068362,2.5486446072005453,2.5471167534062946,2.5441175332766028,2.5385017705579016,2.5284755121922839,2.5114043674916759,2.4836679691792685,2.4406167269048571,2.3766746382108868,2.2855906803982635,2.1607667509876469,1.9954683426738618,1.7824759271941713,1.5119407628366348
1793,2.5499927532439242,2.5499900955906147,2.5499797143450604,2.5499525485333612,2.5498864237818366,2.5497319472997346,2.5493853204530144,2.5486401080599483,2.547108367064522,2.5441026598502376,2.5384767215469775,2.5284355072237745,2.5113438390670595,2.4835812681827587,2.4404992184274108,2.3765240289259615,2.2854082769528472,2.1605582765388727,1.9952439763286618,1.7822493639433903,1.5117271650263666
1794,2.549992704208266,2.54999003169775,2.5499795954871152,2.5499522981380642,2.5498858859372633,2.5497308134263297,2.549383010928989,2.5486355986221203,2.5470999648949082,2.5440877638449466,2.5384516429543149,2.5283954672078437,2.5112832741136959,2.4834945357003115,2.4403816917583048,2.3763734229479194,2.2852259040936604,2.1603498610592893,1.9950196924785837,1.7820228962388314,1.511513661247506
1795,2.5499926548945329,2.5499899674613848,2.549979476058637,2.5499520466856103,2.5498853461108877,2.5497296759416939,2.5493806951252687,2.5486310788761357,2.54709154688741,2.5440728452555224,2.5384265347845512,2.5283553921634168,2.5112226726662787,2.4834077717786203,2.4402641469464097,2.3762228203136559,2.2850435618314076,2.1601415045246237,1.9947954910657388,1.7817965240005449,1.511300251412244
1796,2.5499926053014801,2.5499899028800757,2.5499793560575492,2.5499517941727703,2.5498848042977462,2.5497285348386338,2.5493783730323645,2.5486265488110793,2.5470831130320075,2.544057904076789,2.5384013970423531,2.5283152821094386,2.5111620347594914,2.4833209764643294,2.4401465840405154,2.3760722210599798,2.284861250176736,2.1599332069106016,1.9945713720323119,1.7815702471486092,1.5110869354330796
1797,2.549992555427858,2.5499898379523747,2.5499792354817714,2.5499515405963127,2.5498842604928713,2.5497273901099531,2.5493760446407912,2.5486220084160482,2.5470746633186998,2.5440429403035987,2.5383762297324162,2.5282751370648646,2.5111013604280013,2.4832341498040349,2.440029003089339,2.3759216252236235,2.2846789691402409,2.1597249681929536,1.9943473353205465,1.7813440656031991,1.5108737132226016
1798,2.5499925052724151,2.5499897726768292,2.5499791143292168,2.5499512859529987,2.5498837146912896,2.549726241748453,2.5493737099410647,2.548617457680149,2.54706619773751,2.5440279539308337,2.5383510328594641,2.5282349570486682,2.5110406497064632,2.4831472918442841,2.4399114041415193,2.3757710328412354,2.2844967187324619,2.15951678834741,1.9941233808727565,1.7811179792845362,1.5106605846936452
1799,2.5499924548338946,2.5499897070519841,2.5499789925977958,2.5499510302395856,2.5498831668880233,2.5497250897469317,2.5493713689237034,2.548612896592501,2.5470577162784811,2.5440129449534066,2.5383258064282526,2.5281947420798385,2.5109799026295203,2.4830604026315761,2.4397937872456166,2.37562044394938,2.2843144989638824,2.1593086673497019,1.9938995086313287,1.7808919881128793,1.5104475497593242
1800,2.5499924041110358,2.5499896410763787,2.5499788702854143,2.5499507734528226,2.5498826170780879,2.5497239340981843,2.5493690215792291,2.5486083251422342,2.547049218931678,2.5439979133662605,2.5383005504435663,2.5281544921773795,2.510919119231803,2.482973482212361,2.4396761524501152,2.3754698585845411,2.2841323098449324,2.1591006051755617,1.9936757185387126,1.7806660920085651,1.5102346083329061
