time_s,r_0.0_cm,r_0.1_cm,r_0.2_cm,r_0.3_cm,r_0.4_cm,r_0.5_cm,r_0.6_cm,r_0.7_cm,r_0.8_cm,r_0.9_cm,r_1.0_cm,r_1.1_cm,r_1.2_cm,r_1.3_cm,r_1.4_cm,r_1.5_cm,r_1.6_cm,r_1.7_cm,r_1.8_cm,r_1.9_cm,r_2.0_cm
0,28,28,28,28,28,28,28,28,28,28,28,28,28,28,28,28,28,28,28,28,28
1,28,28,28,28,28,28,28,28,28,28,28,28,28,28,28,28,28,28.000000000001151,28.000000006135188,28.000003096298212,28.000186639019315
2,28,28,28,28,28,28,28,28,28,28,28,28,28,28,28,28.000000000000004,28.000000000016481,28.000000007085159,28.000000893064655,28.000035652733434,28.000525291048366
3,28,28,28,28,28,28,28,28,28,28,28,28,28,28,28.000000000000053,28.000000000017607,28.000000002982045,28.000000219656371,28.000007262777107,28.000115206839805,28.000961383382101
4,28,28,28,28,28,28,28,28,28,28,28,28,28,28.000000000000053,28.000000000009173,28.000000000943263,28.00000005172334,28.000001529679256,28.000025251714781,28.00024430205282,28.001475458753244
5,28,28,28,28,28,28,28,28,28,28,28,28,28.000000000000025,28.00000000000351,28.000000000264475,28.00000001199593,28.000000329080876,28.000005565074286,28.000059701255239,28.000421776935639,28.002056280771864
6,28,28,28,28,28,28,28,28,28,28,28,28.000000000000018,28.000000000001155,28.000000000069843,28.000000002768648,28.000000071881072,28.000001234648504,28.000014281381944,28.000113915576474,28.000645607875157,28.002696273510818
7,28,28,28,28,28,28,28,28,28,28,28.000000000000004,28.000000000000348,28.000000000017856,28.000000000638966,28.000000015890389,28.000000275748267,28.000003376110353,28.000029624294893,28.000190051158288,28.000913657362098,28.003389879152497
8,28,28,28,28,28,28,28,28,28,28,28.000000000000096,28.000000000004476,28.000000000147832,28.000000003548742,28.00000006198659,28.000000793020433,28.00000750945625,28.000053363550567,28.000289479281818,28.001223892400919,28.004132794443521
9,28,28,28,28,28,28,28,28,28,28.000000000000021,28.000000000001116,28.000000000034362,28.000000000799933,28.000000014023311,28.000000185707236,28.000001870636282,28.000014471746617,28.000087036900233,28.000413041589304,28.00157444314555,28.004921559768452
10,28,28,28,28,28,28,28,28,28.000000000000011,28.00000000000027,28.000000000008033,28.000000000181942,28.00000000319308,28.000000043454381,28.000000460471998,28.000003825000054,28.000025126344344,28.000131947787615,28.000561220664981,28.001963608942901,28.005753314942371
11,28,28,28,28,28,28,28,28,28.000000000000068,28.00000000000189,28.000000000041744,28.000000000731951,28.000000010177377,28.000000112455236,28.000000991889362,28.000007028073053,28.0000403245262,28.000189185528164,28.00073425313656,28.002389846697444,28.006625644182389
12,28,28,28,28,28,28,28,28.000000000000014,28.000000000000458,28.000000000009678,28.000000000169049,28.000000002389331,28.000000027329207,28.000000253622918,28.000001918128067,28.000011891935713,28.000060881221682,28.000259652426944,28.000932205569672,28.002851754551735,28.007536471861474
13,28,28,28,28,28,28,28.000000000000007,28.00000000000011,28.00000000000226,28.000000000039343,28.000000000563006,28.00000000662531,28.0000000641956,28.000000513630361,28.000003407946377,28.000018854292204,28.000087561069858,28.000344091253151,28.00115502620995,28.003348055264105,28.008483989537318
14,28,28,28,28,28,28.000000000000004,28.000000000000028,28.000000000000536,28.000000000009244,28.000000000133358,28.000000001605652,28.000000016136017,28.000000135543974,28.000000954470561,28.000005657163396,28.000028366085822,28.000121071757935,28.000443110211616,28.001402580484633,28.003877581029972,28.009466603429903
15,28,28,28,28,28,28.000000000000007,28.000000000000131,28.000000000002199,28.000000000031815,28.000000000389846,28.000000004038949,28.000000035380694,28.000000262483677,28.000001653882091,28.000008884377344,28.000040881512145,28.000162061842349,28.000557204635221,28.00167467615319,28.004439260116122,28.010482895016576
16,28,28,28,28,28,28.000000000000028,28.000000000000529,28.00000000000766,28.000000000095014,28.000000001009298,28.000000009164278,28.000000071160791,28.000000473375469,28.000002705065299,28.000013326427815,28.000056850305221,28.000211121538786,28.000686775406546,28.001971081011121,28.005032105297886,28.011531591216777
17,28,28,28,28,28.000000000000011,28.000000000000131,28.000000000001862,28.000000000023309,28.000000000252449,28.000000002362395,28.000000019085007,28.000000133196671,28.00000080447662,28.000004215837826,28.000019233987608,28.000076712056536,28.000268785231619,28.000832144313588,28.002291535553262,28.005655203973028,28.012611541278517
18,28,28,28,28.000000000000004,28.000000000000036,28.000000000000465,28.00000000000578,28.000000000063388,28.000000000607873,28.000000005079947,28.000000036979284,28.000000234661798,28.000001300316729,28.000006307418548,28.000026867515302,28.000100892134416,28.000335534839024,28.000993566889704,28.00263576225953,28.006307709659101,28.013721698369309
19,28,28,28,28.000000000000014,28.000000000000117,28.00000000000145,28.000000000016037,28.000000000156625,28.000000001346223,28.000000010164307,28.000000067389625,28.000000392648836,28.000002013823632,28.000009112971203,28.000036493645354,28.000129798904076,28.000411803650888,28.001171243090827,28.003003472317904,28.00698883469536,28.014861104866537
20,28,28,28,28.000000000000025,28.000000000000377,28.000000000004103,28.000000000040547,28.000000000356362,28.000000002775177,28.000000019119877,28.000000116516084,28.000000628547685,28.000003006222432,28.000012776018394,28.000048382076638,28.000163821997241,28.000497980291218,28.001365326120247,28.00339437051284,28.007697843988815,28.016028880458837
21,28,28,28.000000000000011,28.000000000000107,28.000000000001069,28.000000000010605,28.000000000094616,28.000000000755328,28.000000005377942,28.000000034098434,28.000000192497367,28.00000096832251,28.000004346748167,28.000017448834118,28.000062802963868,28.000203331351408,28.000594412576099,28.001575929760659,28.003808158836836,28.008434049621851,28.017224212350417
22,28,28,28.000000000000036,28.000000000000288,28.000000000002832,28.000000000025327,28.000000000205787,28.000000001505132,28.000000009875961,28.000000058053267,28.000000305670369,28.000001442696099,28.000006112228693,28.000023290874889,28.000080024729144,28.000248676779776,28.000701411204037,28.001803134571386,28.004244539204567,28.009196806130152,28.018446347021396
23,28.000000000000004,28.000000000000014,28.000000000000078,28.000000000000767,28.000000000006882,28.000000000056428,28.000000000420926,28.000000002841443,28.000000017301517,28.000000094897732,28.000000468799211,28.00000208723651,28.000008386554029,28.000030467285189,28.000100312300972,28.000300188012652,28.000819253212082,28.002046992997091,28.004703215379358,28.009985506434834,28.019694583425878
24,28.000000000000011,28.000000000000025,28.000000000000227,28.000000000001929,28.000000000015692,28.000000000118259,28.000000000815586,28.000000005114813,28.000000029078187,28.000000149663176,28.000000697268764,28.00000294235981,28.000011260077191,28.000039147510041,28.000123925705363,28.000358175034041,28.000948185163985,28.002307533671548,28.005183894398829,28.010799578274245,28.020968267204204
25,28.000000000000021,28.000000000000075,28.000000000000572,28.000000000004491,28.000000000033644,28.000000000234831,28.000000001506411,28.000000008827264,28.00000004710736,28.000000228650251,28.000001009236964,28.000004053253917,28.000014828972407,28.000049504038198,28.000151118977652,28.000422928634652,28.001088426052686,28.002584765017456,28.005686287598319,28.01163848108612,28.022266785772143
26,28.00000000000006,28.00000000000021,28.000000000001364,28.000000000009837,28.00000000006839,28.000000000444512,28.000000002666514,28.000000014674072,28.000000073858391,28.000000339569844,28.000001425746781,28.000005469742305,28.000019194580918,28.000061711273702,28.000182139323005,28.000494721095961,28.001240169946627,28.002878678306892,28.006210111352246,28.01250170324704,28.023589564078886
27,28.000000000000178,28.000000000000494,28.000000000003059,28.000000000020439,28.000000000132513,28.000000000806082,28.000000004543736,28.000000023589596,28.000000112459837,28.000000491672179,28.000001970803115,28.000007246100679,28.000024462754475,28.000075944520344,28.000217226478334,28.000573806967601,28.001403588413027,28.003189250283874,28.006755087598133,28.013388759606222,28.024936060905013
28,28.000000000000416,28.000000000001126,28.000000000006466,28.00000000004048,28.000000000245883,28.00000000140648,28.000000007482392,28.000000036797648,28.000000166790926,28.000000695859509,28.000002671407284,28.000009440825018,28.000030743210537,28.000092379105961,28.000256612290492,28.000660423916699,28.001578832675289,28.003516445324831,28.007320944153623,28.014299189339717,28.026305765725564
29,28.000000000000966,28.000000000002434,28.000000000013099,28.000000000076781,28.000000000438863,28.000000002370403,28.000000011948039,28.000000055864685,28.000000241570032,28.0000009647814,28.000003557557406,28.000012116370829,28.000038148914911,28.000111189622292,28.000300520437332,28.00075479359219,28.001766035560259,28.003860217292765,28.007907414918854,28.015232554028778,28.027698195947867
30,28.000000000002075,28.000000000005027,28.000000000025359,28.000000000140062,28.000000000756305,28.000000003871591,28.000000018554974,28.000000082754756,28.000000342438806,28.000001312912499,28.000004662218998,28.000015338873805,28.000046795497532,28.000132549268116,28.000349166260943,28.000857122486106,28.001965313261898,28.004220511139206,28.008514239991229,28.016188435928896,28.029112894462305
31,28.000000000004295,28.000000000009958,28.000000000047258,28.000000000246626,28.000000001262567,28.000000006146205,28.000000028096373,28.000000119885389,28.000000476040139,28.000001756611429,28.000006021267776,28.00001917785675,28.000056800706091,28.000156629292995,28.000402756704798,28.000967602786101,28.002176766923149,28.004597264262976,28.009141165698381,28.017166436425931,28.030549427497093
32,28.00000000000853,28.00000000001895,28.000000000084977,28.000000000420531,28.000000002047546,28.000000009507687,28.00000004157614,28.000000170183469,28.000000650090314,28.000002314164707,28.000007673412295,28.000023705930012,28.000068283892581,28.000183598517371,28.000461490321989,28.001086413210629,28.002400484079921,28.004990407697257,28.00978794458031,28.018166174628576,28.032007382689461
33,28.000000000016268,28.000000000034813,28.000000000147928,28.000000000696247,28.000000003233861,28.000000014363724,28.000000060242943,28.000000237140398,28.000000873442783,28.000003005811088,28.000009660093042,28.000028998488208,28.000081365545441,28.000213622946305,28.000525557362195,28.001213719813769,28.002636539936599,28.005399867097942,28.010454335318173,28.019187286123291,28.033486367409395
34,28.000000000029928,28.000000000061867,28.00000000024993,28.0000000011221,28.000000004985267,28.000000021234882,28.000000085625409,28.000000324865489,28.000001156143437,28.000003853750105,28.000012025366079,28.00003513341084,28.000096166862296,28.000246865451288,28.000595139904814,28.001349676754238,28.002884998517683,28.005825563600446,28.011140102635832,28.020229421843514,28.034986007254936
35,28.000000000053337,28.000000000106713,28.000000000410903,28.000000001764299,28.000000007516242,28.000000030774707,28.000000119568011,28.000000438136809,28.000001509477336,28.000004882135944,28.000014815774783,28.000042190770479,28.000112809362719,28.000283485512362,28.000670412027635,28.001494427026405,28.003145913707879,28.006267414563119,28.011845017181003,28.021292247041028,28.036505944698551
36,28.000000000092239,28.000000000179018,28.000000000658822,28.000000002711712,28.000000011102724,28.000000043791097,28.000000164267203,28.000000582448852,28.000001946006698,28.000006117058604,28.000018080213053,28.000050252550771,28.000131414537762,28.000323639010563,28.000751540001371,28.001648103154395,28.003419330195758,28.006725334216064,28.012568855391834,28.02237544034514,28.038045837861787
37,28.000000000155197,28.000000000292758,28.000000001032163,28.000000004081496,28.000000016094063,28.000000061268942,28.000000222307357,28.000000764056605,28.000002479599946,28.000007586512627,28.000021869781229,28.000059402375854,28.00015210353699,28.000367478070412,28.000838682508608,28.001810827847557,28.003705284319899,28.007199234215495,28.013311399349639,28.023478692910839,28.039605359419408
38,28.000000000254595,28.000000000467605,28.000000001582872,28.000000006025381,28.000000022925843,28.000000084393296,28.000000296696207,28.000000990016051,28.000003125453411,28.000009320356572,28.000026237638064,28.000069725250913,28.000174996885612,28.000415150938625,28.00093199087652,28.001982714622496,28.004003804842259,28.007689024132016,28.014072436625142,28.024601707632318,28.041184195596426
39,28.000000000407905,28.000000000730694,28.000000002379739,28.000000008736791,28.000000032133819,28.000000114573488,28.000000390899416,28.00000126822059,28.000003900104677,28.000011350262813,28.000031238849591,28.000081307316417,28.000200214234685,28.000466801900579,28.001031609321636,28.002163868387438,28.00431491364386,28.00819461187028,28.014851760119377,28.025744198425961,28.042782045263095
40,28.000000000639378,28.000000001118842,28.000000003512483,28.00000001245898,28.000000044369006,28.000000153467809,28.000000508873704,28.00000160743204,28.000004821436185,28.000013709657058,28.000036930236465,28.000094235619965,28.000227874149349,28.000522571236825,28.001137675203648,28.002354385981324,28.004638626335268,28.008715904016707,28.015649167901561,28.026905889589301,28.044398619135425
41,28.000000000982084,28.000000001681091,28.000000005096478,28.000000017493797,28.000000060413313,28.000000203008014,28.000000655098322,28.000002017307636,28.000005908673273,28.00001643365384,28.000043370223985,28.000108597901178,28.000258093917239,28.000582595195368,28.001250319276387,28.002554356685913,28.00497495282735,28.009252806158539,28.01646446304985,28.028086515195241,28.046033639022387
42,28.000000001480227,28.000000002481848,28.000000007277894,28.000000024211236,28.000000081195893,28.000000265423839,28.000000834604684,28.000002508422579,28.00000718237569,28.000019558986839,28.000050618694285,28.000124482391215,28.000290989381547,28.000647005985773,28.001369665939055,28.002763862706065,28.005323897849109,28.009805223161255,28.01729745349294,28.029285818533797,28.047686837137775
43,28.000000002192095,28.000000003604391,28.000000010239688,28.000000033059809,28.00000010781006,28.000000343267246,28.00000105300369,28.000003092287812,28.000008664422662,28.000023123934785,28.000058736841872,28.000141977627237,28.000326674798639,28.000715931794371,28.001495833486345,28.002982979616906,28.005685461412991,28.010373059405453,28.018147951853443,28.030503551601399,28.049357955476221
44,28.000000003193346,28.000000005154956,28.000000014207984,28.000000044577355,28.00000014153051,28.000000439436121,28.000001316511316,28.000003781364015,28.000010377993121,28.000027168244351,28.000067787032155,28.000161172279302,28.000365262713842,28.000789496813209,28.001628934355843,28.003211776786273,28.006059639242903,28.010956218996363,28.019015775293763,28.031739474623773,28.051046745233812
45,28.000000004580823,28.000000007267349,28.000000019459304,28.000000059402712,28.000000183831027,28.000000557197392,28.000001631971422,28.00000458907078,28.00001234754054,28.000031733050481,28.000077832665262,28.000182154992409,28.000406863858682,28.000867821284594,28.001769075370014,28.003450317765711,28.006446423157684,28.011554605942063,28.019900745365906,28.032993355619137,28.052752966281982
46,28.000000006476981,28.000000010108199,28.000000026328294,28.00000007828789,28.000000236402183,28.000000700209185,28.000002006876187,28.000005529791707,28.00001459876324,28.000036860795234,28.000088938045163,28.00020501424213,28.000451587065246,28.000951021556144,28.001916357971826,28.003698660655793,28.006845801420297,28.012168124308406,28.020802687865714,28.034264969992936,28.054476386682129
47,28.000000009034675,28.000000013882559,28.000000035216004,28.000000102110594,28.000000301169145,28.000000872542316,28.000002449384613,28.000006618876597,28.000017158571882,28.000042595146038,28.000101168252726,28.000229838199534,28.000499539192305,28.001039210143077,28.002070878455793,28.003956858453218,28.007257759062746,28.012796678357855,28.021721432690089,28.035554100154854,28.056216782229296
48,28.000000012442943,28.000000018840574,28.000000046599094,28.000000131887546,28.000000380309451,28.000001078700006,28.000002968336794,28.000007872637148,28.000020055050943,28.000048980913203,28.000114589028552,28.00025671461713,28.000550825076076,28.001132495803819,28.002232728186787,28.004224959358396,28.007682278161106,28.013440172656317,28.022656813702035,28.036860535182118,28.057973936055102
49,28.000000016932923,28.000000025284287,28.000000061039138,28.000000168787711,28.000000476270383,28.000001323636841,28.000003573267371,28.000009308342342,28.000023317421004,28.000056063969527,28.000129266658341,28.000285730715998,28.000605547479598,28.001230983612054,28.002401993815269,28.004503007081908,28.008119338112333,28.014098512183015,28.023608668597426,28.038184070481933,28.059747638228867
50,28.000000022784565,28.000000033575095,28.00000007919267,28.000000214145928,28.000000591785994,28.000001612776281,28.000004274415968,28.000010944209745,28.000026975997272,28.000063891169898,28.000145267865051,28.000316973087244,28.000663807058888,28.001334775037936,28.002578757484205,28.004791041123561,28.008568915876353,28.014771602417888,28.024576838776962,28.039524507486536,28.061537685400474
51,28.000000030334043,28.000000044142098,28.000000101821716,28.000000269476757,28.000000729893724,28.000001952026416,28.000005082734386,28.000012799392742,28.000031062145801,28.000072510272663,28.000162659709186,28.000350527606514,28.000725702341857,28.001443968033545,28.002763097025451,28.005089097027351,28.009030986190364,28.015459349412943,28.025561169224421,28.040881653374846,28.063343880476694
52,28.000000039980932,28.000000057490031,28.000000129804185,28.00000033648821,28.00000089395099,28.000002347796119,28.000006009894882,28.000014893969382,28.0000356082408,28.000081969860936,28.000181509486566,28.000386479343888,28.000791329702015,28.00155865711578,28.002955086159179,28.005397206645213,28.009505521794381,28.016161659870672,28.026561508382994,28.042255320783667,28.065166032284093
53,28.000000052197183,28.000000074209048,28.00000016414559,28.000000417095936,28.000001087650329,28.000002807006805,28.000007068290799,28.000017248922184,28.000040647616377,28.00009231926828,28.000201884645147,28.000424912505089,28.000860783363173,28.001678933460127,28.003154794668614,28.005715398342694,28.009992493589863,28.016878441183476,28.027577708046284,28.043645327583363,28.067003955312792
54,28.00000006753589,28.000000094984117,28.000000205990506,28.000000513436916,28.000001315034275,28.000003337104495,28.00000827103846,28.000019886120356,28.000046214521038,28.00010360850542,28.000223852699509,28.000465910365563,28.000934155394443,28.001804884987894,28.003362288577367,28.006043697218178,28.010491870817109,28.017609601486001,28.028609623247277,28.045051496636454,28.06885746943809
55,28.000000086640199,28.00000012060471,28.000000256634046,28.000000627883285,28.000001580510002,28.000003946071175,28.000009631977921,28.000022828300601,28.000052344071229,28.000115888187821,28.000247481148023,28.000509555209558,28.001011535710504,28.001936596455586,28.00357763032321,28.006382125312772,28.011003621221537,28.018355049700737,28.029657112149593,28.046473655567141,28.070726399655712
56,28.000000110253598,28.00000015197568,28.000000317534163,28.000000763055976,28.000001888862254,28.000004642432401,28.000011165668305,28.000026099042639,28.000059072203136,28.000129209468675,28.000272837404641,28.000555928289341,28.001093012088678,28.00207414954647,28.003800878912319,28.006730701783066,28.011527711181028,28.019114695563292,28.030720035949837,28.047911636569715,28.072610575864843
57,28.000000139229964,28.000000190127835,28.000000390323674,28.000000921837795,28.000002245265758,28.000005435264857,28.000012887383825,28.000029722746369,28.000066435626557,28.000143623973088,28.000299988729786,28.000605109780661,28.001178670180618,28.002217622958291,28.0040320900744,28.007089443080286,28.012064105842214,28.01988844965388,28.031798258779162,28.04936527620924,28.074509832641073
58,28.000000174544123,28.000000236228939,28.000000476822358,28.000001107386453,28.000002655297052,28.000006334202496,28.000014813107885,28.00003372460721,28.000074471778188,28.000159183734546,28.000329002166435,28.000657178745513,28.001268593530313,28.002367092491863,28.004271316410779,28.007458363115617,28.012612769242146,28.020676223420992,28.032891647609038,28.050834415237098,28.076424009027654
59,28.000000217302507,28.000000291594887,28.000000579049146,28.000001323147337,28.000003124945668,28.000007349441844,28.000016959526171,28.000038130590717,28.000083218775234,28.000175941132905,28.000359944479278,28.000712213098431,28.001362863594188,28.002522631138977,28.004518607538156,28.007837473419016,28.013173664423814,28.021477929202447,28.034000072159291,28.052318898413006,28.078352948334423
60,28.000000268754565,28.00000035770142,28.000000699234402,28.000001572865607,28.000003660623488,28.0000084917443,28.00001934401633,28.000042967404916,28.00009271536986,28.000193948838085,28.000392882104048,28.000770289584562,28.001461559769098,28.002684309168401,28.004774010218206,28.008226783275198,28.01374675352972,28.022293480236229,28.035123404814087,28.05381857435053,28.080296497964909
61,28.000000330303774,28.000000436195446,28.000000839832033,28.000001860598399,28.000004269175086,28.00000977244024,28.000021984640096,28.000048262474913,28.000103000904325,28.000213259752059,28.00042788109301,28.00083148375322,28.001564759419075,28.002852194217848,28.005037568502857,28.00862629988308,28.01433199792076,28.023122790691417,28.036261522129767,28.055334092907728,28.082302582890946
62,28.000000403520183,28.00000052890752,28.000001003531391,28.000002190724651,28.000004957882307,28.000011203424343,28.000024900125236,28.000054043909707,28.000114115265902,28.000233926960934,28.000465007078347,28.000895869947652,28.001672537899932,28.003026351349668,28.005309323802432,28.009036028407628,28.014929358186833,28.023965777438285,28.037414526794372,28.056872100707388,28.084362139304524
63,28.000000490150988,28.000000637862868,28.000001193269082,28.000002567957285,28.000005734474875,28.000012797160711,28.000028109859763,28.000060340480228,28.00012609884687,28.000256003683052,28.000504325225403,28.000963521289794,28.001784968603406,28.003206843170226,28.005589315071035,28.009455972197028,28.015538795078339,28.024822407571602,28.038583484152785,28.058436974100896,28.086460969443095
64,28.0000005921327,28.000000765293411,28.000001412240529,28.000002997352865,28.00000660713539,28.00001456667923,28.000031633875579,28.000067181587884,28.000138992500055,28.000279543219708,28.000545900192485,28.001034509664883,28.001902122977615,28.003393729885101,28.005877578882,28.009886133065226,28.016160279035525,28.02569282776297,28.039769857067338,28.060029230796484,28.088593923693693
65,28.000000711602901,28.000000913649504,28.000001663911313,28.000003484321226,28.000007584504715,28.000016525573091,28.000035492834161,28.00007459723637,28.000152837498792,28.000304598911544,28.00058979609814,28.001108905717231,28.002024070565231,28.00358706938303,28.006174149597999,28.010326513320418,28.01679381605415,28.026577375267269,28.040974776972927,28.061648437318617,28.090757973458931
66,28.000000850911924,28.000001085611597,28.000001952028121,28.000004034634426,28.000008675686427,28.000018687995109,28.000039708011361,28.000082618003152,28.000167675497391,28.000331224096101,28.000636076489744,28.001186778845923,28.002150879038759,28.003786917324895,28.006479059867267,28.010777121318856,28.017439467557974,28.027476472524743,28.042198981674574,28.063293941376422,28.092951035730287
67,28.000001012634563,28.000001284101668,28.000002280629499,28.000004654435219,28.000009890250421,28.000021068653247,28.000044301281569,28.000091275010973,28.000183548492743,28.000359472067881,28.000684804315089,28.001268197203185,28.002282614239469,28.003993327300602,28.006792341905772,28.011237978500684,28.018097348164599,28.028390540430426,28.04344291551525,28.064965064021763,28.095171550789523
68,28.000001199581604,28.000001512294535,28.000002654056047,28.000005350244738,28.000011238235665,28.0000236828052,28.000049295101274,28.000100599899572,28.000200498787294,28.000389396040692,28.000736041896975,28.001353227695585,28.002419340231537,28.004206351161503,28.00711402955158,28.011709124077967,28.018767610367021,28.029319955420096,28.044706822723445,28.066661156178011,28.097418284772701
69,28.000001414811173,28.000001773628941,28.000003076960329,28.000006128969702,28.000012730152147,28.00002654625218,28.000054712492197,28.000110624797703,28.000218568953287,28.000421049112227,28.000789850910522,28.001441935990847,28.002561119397548,28.004426039603128,28.007444160494117,28.012190615928212,28.019450427249613,28.030265035206806,28.04599081301135,28.068381613398184,28.099690224257383
70,28.000001661639867,28.000002071818294,28.000003554316397,28.000006997908869,28.000014376982065,28.000029675331945,28.000060577024009,28.000121382295458,28.000237801798235,28.000454484230904,28.000846292363672,28.001534386535482,28.002708012603449,28.004652442947609,28.007782778025504,28.012682528620541,28.020145978439867,28.03122603798036,28.047294905664906,28.070125877563974,28.101986512686491
71,28.000001943653714,28.000002410861196,28.000004091428682,28.000007964758925,28.000016190180204,28.000033086911195,28.000066912796783,28.000132905416976,28.000258240331721,28.000489754164946,28.000905426582289,28.001630642592719,28.002860079447387,28.004885611996791,28.008129932000017,28.013184949889446,28.020854440252922,28.032203167736551,28.048619058478241,28.071893433606753,28.104306410772779
72,28.00000226471872,28.000002795051547,28.000004693940596,28.000009037619719,28.000018181673653,28.00003679837733,28.000073744423165,28.000145227593645,28.000279927733676,28.000526911473955,28.000967313202075,28.001730766308977,28.003017378579063,28.00512559880568,28.008485679001343,28.013697976731965,28.021575979510075,28.033196581189767,28.049963187258708,28.073683805331115,28.106649269377517
73,28.000002628991236,28.000003228988373,28.000005367842579,28.000010224998888,28.000020363860845,28.000040827629551,28.000081097010401,28.000158382637771,28.000302907323814,28.000566008483577,28.001032011170313,28.001834818811837,28.003179968056294,28.005372457283041,28.008850081916489,28.014221711745957,28.022310749930181,28.034206394835664,28.051327179219292,28.075496551008836,28.109014510558275
74,28.000003040927826,28.000003717585177,28.000006119479622,28.000011535815844,28.000022749609812,28.000045193069671,28.000088996142274,28.000172404716839,28.000327222532889,28.00060709726424,28.001099578760353,28.001942860338559,28.00334790570448,28.005626243572777,28.009223209091775,28.014756259983919,28.023058890471575,28.035232691426959,28.052710901965973,28.077331259375789,28.111401614080663
75,28.000003505294885,28.000004266078896,28.00000695555827,28.000012979405103,28.000025352256003,28.00004991359215,28.000097467860929,28.000187328328391,28.000352916875663,28.000650229615111,28.001170073600786,28.002054950386668,28.003521249441295,28.005887016215254,28.009605133289426,28.015301726457654,28.023820524834072,28.036275525494244,28.054114209902224,28.079187546151445,28.113810107195764
76,28.000004027177795,28.000004880038485,28.000007883153156,28.000014565519152,28.000028185599355,28.000055008574019,28.000106538648776,28.000203188275677,28.000380033926191,28.00069545705415,28.001243552718059,28.002171147874865,28.003700057546382,28.006154836133625,28.00999593059273,28.015858214197955,28.024595761636458,28.037334928102005,28.055536948841077,28.081065050965901,28.116239556784585
77,28.000004611989596,28.000005565372923,28.000008909712967,28.000016304330554,28.00003126390089,28.00006049786429,28.000116235410438,28.000220019644232,28.000408617295765,28.000742830815316,28.001320072591948,28.002291511304595,28.003884388864577,28.006429766473204,28.010395679328109,28.016425822825955,28.025384695096871,28.038410910822698,28.056978959196481,28.082963434736662,28.118689563352476
78,28.000005265479366,28.000006328338831,28.000010043065917,28.000018206433658,28.000034601878774,28.000066401773086,28.000126585454936,28.000237857779467,28.000438710614098,28.000792401852841,28.001399689220467,28.002416098912466,28.004074302938161,28.006711872335401,28.010804459072119,28.017004647561979,28.026187405953085,28.039503469009766,28.058440078284949,28.084882377426478,28.121159756269996
79,28.000005993739908,28.000007175547577,28.000011291424567,28.000020282845551,28.000038214703839,28.000072741060535,28.000137616478035,28.000256738265822,28.000470357514285,28.000844220853168,28.001482458190758,28.0025449688039,28.004269860069936,28.007001220449425,28.011222349786127,28.017594778574267,28.027003962460679,28.040612584506896,28.059920142018505,28.086821576113973,28.123649789927079
80,28.000006803215221,28.000008113971905,28.000012663390279,28.00002254500664,28.000042117994706,28.000079536925426,28.000149356545052,28.000276696907232,28.000503601621389,28.000898338252355,28.001568434750904,28.002678179064905,28.004471121333339,28.007297878818925,28.011649431068847,28.018196300554234,28.027834421414095,28.041738227944212,28.061418986164878,28.088780743306291,28.126159340549606
81,28.000007700707229,28.000009150952025,28.000014167957051,28.00002500478066,28.00004632781248,28.000086810993881,28.000161834074163,28.000297769709515,28.000538486544826,28.000954804258569,28.001657673880672,28.002815787851222,28.004678148536605,28.007601916354972,28.012085781521026,28.018809292493241,28.028678829171572,28.042880360645491,28.062936447248006,28.090759605476663,28.128688103589958
82,28.000008693382231,28.000010294201232,28.00001581451486,28.000027674454131,28.000050860655108,28.000094585307771,28.000175077820288,28.000319992864711,28.000575055874776,28.001013668878855,28.001750230357818,28.002957853450567,28.004891004143794,28.007913402512575,28.012531478236724,28.019433827634064,28.029537222631056,28.044038936171891,28.064472363166505,28.092757901815549,28.13123579160964
83,28.000009788776687,28.00001155181096,28.000017612852343,28.000030566735393,28.000055733451219,28.000102882313314,28.000189116859918,28.000343402737634,28.000613353182253,28.001074981948015,28.001846158817258,28.003104434320367,28.005109751169158,28.008232406949634,28.012986596399784,28.020069973521526,28.0304096301291,28.045213901619906,28.066026573656966,28.094775383133751,28.133802132471665
84,28.000010994802501,28.000012932255359,28.000019573159243,28.000033694753107,28.000060963553949,28.000111724849752,28.000203980576639,28.000368035854464,28.00065342202193,28.001138793158159,28.00194551380153,28.003255589104764,28.005334453055688,28.008558999214635,28.013451208964643,28.020717792114343,28.031296072269484,28.046405198731417,28.067598920641995,28.096811810886539,28.136386867775386
85,28.000012319751878,28.000014444395319,28.000021706028036,28.000037072054379,28.00006656873429,28.000121136138173,28.000219698647975,28.000393928893587,28.000695305937651,28.001205152087344,28.002048349801207,28.003411376631462,28.00556517354233,28.008893248465771,28.013925386417128,28.02137733995632,28.032196562683737,28.047612764810346,28.069189248459018,28.098866956322965,28.138989751542756
86,28.000013772301688,28.000016097482099,28.000024022455385,28.000040712602544,28.000072567174453,28.000131139770716,28.000236301032842,28.000421118677973,28.000739048469299,28.001274108227268,28.00215472128836,28.003571855896865,28.005801976526865,28.009235223212581,28.014409196584619,28.022048668377359,28.033111108739941,28.048836533526682,28.070797404030728,28.100940599709705,28.141610549044099
87,28.000015361517185,28.000017901160348,28.00002653384291,28.000044630774514,28.000078977460959,28.000141759700018,28.00025381796053,28.00044964216989,28.000784693161634,28.001345711008454,28.002264682738296,28.003737086033087,28.006044925924655,28.009584991096045,28.014902704521312,28.022731823732869,28.03403971216893,28.050076435551837,28.072423236950161,28.10303252966931,28.144249035834513
88,28.000017096855352,28.000019865470588,28.000029251997553,28.000048841357692,28.000085818577698,28.000153020229153,28.000272279920715,28.000479536467193,28.000832283573843,28.001420009822134,28.002378288642223,28.003907126264775,28.006294085531334,28.009942618700105,28.015405972437772,28.023426847650644,28.034982369627521,28.051332399101401,28.074066599531765,28.105142542586371,28.146904996902698
89,28.000018988167593,28.000022000851338,28.000032189131499,28.000053359546698,28.000093109899005,28.000164946002094,28.000291717654569,28.00051083880107,28.000881863289052,28.001497054038602,28.002495593511807,28.004082035859149,28.006549518892591,28.010308171391596,28.015919059663208,28.024133777276621,28.035939073208709,28.052604350405989,28.075727346837905,28.107270442068963,28.14957822591013
90,28.000021045702077,28.0000243181406,28.000035357861687,28.000058200939858,28.000100871182763,28.000177561994668,28.000312162147058,28.000543586534654,28.000933475923421,28.001576893021593,28.002616651876551,28.004261874071489,28.006811289182334,28.010681713185118,28.01644202263374,28.024852645518504,28.036909810905833,28.05389221411809,28.077405336683185,28.109416038459997,28.152268524512102
91,28.000023280105538,28.00002682857701,28.000038771208953,28.000063381535355,28.000109122563526,28.000190893506083,28.000333644620088,28.000577817162657,28.000987165134607,28.001659576138572,28.002741518274352,28.004446700086785,28.007079459089766,28.011063306633666,28.016974914908335,28.02558348128807,28.037894567026299,28.055195913648866,28.079100429614126,28.111579148403276,28.154975701768876
92,28.000025702424665,28.000029543800636,28.000042442596854,28.000068917727312,28.000117884545919,28.000204966150875,28.000356196526486,28.000613568311451,28.001042974629264,28.001745152768425,28.00287024723816,28.004636572959978,28.007354090712592,28.011453012733476,28.017517787198315,28.026326309739304,28.038893322576993,28.05651537147051,28.080812488879634,28.113759594438008,28.157699573600759
93,28.00002832410701,28.000032475853107,28.000046385850077,28.000074826301667,28.000127177998053,28.000219805851668,28.000379849544927,28.000650877739737,28.001100948169402,28.001833672304151,28.003002893275809,28.00483155155424,28.007635245462655,28.011850890857037,28.018070687421712,28.027081152497171,28.039906055595036,28.057850509353706,28.082541380384107,28.115957204647362,28.160439962327477
94,28.000031157001384,28.000035637177472,28.000050615192499,28.00008112443189,28.000137024145154,28.000235438832252,28.000404635575638,28.00068978333924,28.001161129577127,28.001925184152388,28.003139510846726,28.005031694480635,28.007922983981182,28.012256998700877,28.01863366076563,28.027848027874892,28.040932741449911,28.059201248578098,28.084286972637454,28.118171812333117,28.163196696244526
95,28.00003421335791,28.000039040617654,28.000055145245071,28.00008782967468,28.000147444563531,28.000251891611374,28.000430586736485,28.000730323135421,28.001223562737778,28.002019737729686,28.003280154335616,28.005237060039399,28.008217366063604,28.012671392247871,28.019206749756631,28.028626951080945,28.041973353116358,28.060567510112978,28.086049136700137,28.120403255717914,28.165969609240523
96,28.000037505827745,28.000042699417595,28.000059991023413,28.000094959965558,28.000158461174586,28.000269190996843,28.000457735359593,28.000772535287979,28.001288291601806,28.002117382456266,28.003424878024266,28.005447706162968,28.008518450592376,28.013094125741269,28.019789994337398,28.029417934416763,28.043027861423294,28.061949214774774,28.087827746124926,28.122651377670007,28.16875854044698
97,28.000041047462215,28.000046627219859,28.000065167935073,28.000102533614506,28.000170096239231,28.000287364080258,28.000486113988391,28.000816458090686,28.001355360184149,28.002218167745973,28.003573736061373,28.005663690363718,28.008826295482848,28.013525251673784,28.020383431947508,28.03022098745798,28.044096235270363,28.06334628335637,28.089622676897136,28.124916025457747,28.171563333929793
98,28.000044851711802,28.000050838064229,28.000070691776791,28.000110569301526,28.000182372352509,28.000306438231977,28.000515755374526,28.000862129970933,28.001424812562657,28.002322142995549,28.003726782432636,28.005885069683636,28.009140957632383,28.013964820780007,28.020987097605179,28.031036117231491,28.045178441834484,28.064758636746628,28.091433807373683,28.127197050514205,28.174383838395372
99,28.000048932424725,28.000055346385714,28.000076578731441,28.000119086072342,28.00019531243835,28.000326441096458,28.000546692475211,28.000909589488444,28.001496692874781,28.002429357571152,28.003884070929669,28.00611190064771,28.009462492880061,28.014412882041864,28.021601023993743,28.03186332837889,28.046274446747649,28.066186196024038,28.093261018220065,28.129494308228583,28.177219906934621
100,28.000053303845462,28.000060167012741,28.000082845364997,28.000128103333967,28.000208939744514,28.000347400587643,28.000578958450305,28.000958875334003,28.001571045313835,28.002539860794858,28.004045655119327,28.006344239218411,28.009790955967162,28.014869482693495,28.02222524154584,28.032702623317693,28.047384214274686,28.067628882552604,28.0951041923493,28.13180765773717,28.180071396765154
101,28.000057980612663,28.000065315164679,28.00008950862318,28.000137640850419,28.000223277837858,28.000369344884909,28.000612586659667,28.001010026327005,28.001647914122579,28.002653701927702,28.004211588312266,28.006582140756088,28.010126400511684,28.015334668242104,28.022859778532201,28.033554002384093,28.048507707453371,28.069086618044132,28.096963214858608,28.134136961749881,28.182938169023604
102,28.00006297775672,28.000070806449088,28.000096585828025,28.000147718738475,28.000238350599865,28.00039230242924,28.00064761066022,28.001063081411832,28.001727343584964,28.002770930151499,28.004381923533138,28.006825659985346,28.010468878991343,28.015808482494126,28.023504661146358,28.03441746396167,28.049644888217493,28.070559324610809,28.098837972969861,28.13648208639211,28.185820088576875
103,28.00006831069761,28.00007665685925,28.000104094674501,28.000158357463455,28.000254182222079,28.000416301919099,28.000684064202702,28.001118079654461,28.001809378018862,28.002891594552469,28.004556713491858,28.007074850959871,28.01081844272144,28.016290967574861,28.024159913586875,28.035293004616261,28.050795717532971,28.072046924829067,28.100728355970499,28.138842901035027,28.188717023817382
104,28.000073995242225,28.000082882771213,28.00011205322696,28.000169577835081,28.000270797201818,28.00044137230671,28.000721981228509,28.001175060238079,28.001894061766624,28.003015744102271,28.004736010554723,28.007329767032513,28.011175141843662,28.016782163959359,28.02482555814121,28.036180619215482,28.051960155506329,28.073549341780765,28.102634255154623,28.141219278151524,28.191628846493327
105,28.000080047581349,28.000089500940675,28.000120479915548,28.000181401003456,28.000288220338128,28.000467542794212,28.000761395865688,28.001234062457076,28.001981439183922,28.003143427639166,28.004919866719451,28.007590460833011,28.011539025322879,28.01728211050575,28.025501615262296,28.037080301032859,28.05313816147665,28.075066499085683,28.104555563768692,28.143611093188493,28.194555431558928
106,28.000086484286946,28.000096528499888,28.000129393532628,28.000193848454934,28.00030647672753,28.000494842829717,28.000802342425033,28.001295125711554,28.002071554629584,28.003274693850059,28.005108333589657,28.007856984243158,28.011910140940241,28.017790844486466,28.026188103646938,28.037992041857191,28.054329694113633,28.076598320937475,28.106492176955769,28.146018224433426,28.197496657017908
107,28.000093322309095,28.000103982954528,28.00013881322916,28.000206942008166,28.000325591759946,28.000523302103424,28.000844855395979,28.001358289501272,28.002164452454537,28.003409591251827,28.005301462350033,28.008129388374822,28.012288535290519,28.018308401622242,28.026885040312404,28.038915832095284,28.055534711507057,28.078144732134099,28.108443991701304,28.148440552889248,28.200452403777188
108,28.000100578972628,28.000111882180217,28.000148758510974,28.000220703810207,28.00034559111478,28.000552950543661,28.0008889694417,28.001423593417975,28.002260176989083,28.003548168172696,28.005499303745292,28.008407723555891,28.012674253788894,28.018834816121267,28.027592440667568,28.039851660856652,28.056753171232597,28.079705658092529,28.110410906782558,28.150877962172373,28.203422555530697
109,28.00010827197395,28.000120244419151,28.000159249235118,28.000235156332494,28.000366500756847,28.000583818312581,28.000934719394078,28.001491077137906,28.002358772530787,28.003690472734554,28.005701908059756,28.008692039315847,28.013067340675949,28.019370120715674,28.028310318582303,28.040799516039442,28.057985030421865,28.081281024868016,28.11239282271907,28.153330338406892,28.206406998637448
110,28.000116419377871,28.000129088276807,28.00017030560619,28.000250322366927,28.000388346932333,28.000615935802248,28.000982140249235,28.001560780415065,28.002460283332816,28.003836552834514,28.005909325094311,28.008982384367162,28.013467839018766,28.019914346697384,28.029038686461611,28.041759384425639,28.059230245842159,28.082870759178068,28.114389641719967,28.155797570109122,28.209405621987852
111,28.000125039613643,28.000138432718003,28.000181948172497,28.000266225022092,28.000411156164848,28.000649333629742,28.001031267160279,28.001632743070225,28.002564753589024,28.003986456129045,28.006121604156043,28.009278806609085,28.013875790735177,28.020467523961731,28.029777555298267,28.04273125172633,28.060488773918667,28.084474788393308,28.116401267645315,28.158279548130015,28.212418316942358
112,28.000134151472029,28.000148297063784,28.000194197822452,28.000282887719212,28.000434955251254,28.000684042633146,28.001082135433169,28.001707004984947,28.00267222742325,28.004140230015764,28.006338794033823,28.009581353105489,28.014291236590285,28.021029681040574,28.03052693474924,28.043715102684942,28.061760570824713,28.086093040568404,28.11842760595183,28.160776165529473,28.215444977184664
113,28.000143774101328,28.000158700987502,28.00020707578075,28.000300334188356,28.00045977125756,28.000720093866217,28.001134780518832,28.001783606090065,28.00278274887469,28.004297921619251,28.006560942991072,28.00989007009218,28.014714216222597,28.021600845144356,28.031286833183035,28.044710921115204,28.063045592497712,28.087725444430713,28.120468563657319,28.163287317526041,28.218485498668876
114,28.000153927004014,28.000169664511304,28.00022060360461,28.000318588464395,28.000485631514561,28.000757518593602,28.001189238007353,28.001862586357703,28.002896361886279,28.00445957777551,28.006788098749201,28.010205002966895,28.015144768151746,28.022181042197378,28.032057257742725,28.045718689976805,28.064343794699067,28.089371929394499,28.122524049294896,28.165812901402912,28.221539779511797
115,28.000164630033154,28.00018120800252,28.000234803180039,28.000337674883102,28.000512563613732,28.000796348286016,28.001245543621476,28.001943985791733,28.003013110291363,28.00462524501615,28.007020308474019,28.010526196285944,28.015582929794157,28.02277029687696,28.032838214404077,28.046738391436882,28.065655133056616,28.091032425564471,28.124593972870514,28.168352816430566,28.224607719906533
116,28.000175903388595,28.000193352169852,28.000249696717951,28.000357618077043,28.000540595402406,28.00083661461419,28.001303733208527,28.002027844417409,28.003133037801867,28.004794969557732,28.007257618770744,28.010853693770279,28.016028737484035,28.023368632648889,28.033629708018811,28.047770006909264,28.066979563086274,28.09270686373042,28.126678245829396,28.170906963813536,28.227689222064736
117,28.000187767613468,28.000206118059779,28.000265306750389,28.000378442971584,28.000569754979615,28.000878349444129,28.001363842734325,28.002114202272494,28.003256187995493,28.004968797285649,28.007500075668684,28.011187538299058,28.016482226485795,28.023976071805485,28.034431742375514,28.048813517122465,28.068317040242118,28.094395175375173,28.128776781011862,28.173475246605545,28.230784190120676
118,28.000200243590353,28.000219527052739,28.00028165612661,28.000400174780683,28.000600070691121,28.000921584830799,28.001425908274825,28.002203099396734,28.003382604304132,28.005146773744368,28.007747724617989,28.011527771917841,28.016943431016507,28.024592635500582,28.035244320239777,28.049868902153719,28.069667519932938,28.096097292666812,28.130889492621758,28.176057569662021,28.233892530080396
119,28.000213352537685,28.000233600859431,28.000298768009237,28.000422839002834,28.000631571125066,28.000966353013037,28.001489966009508,28.002294575822688,28.003512330001534,28.005328944123125,28.008000610477346,28.011874435835466,28.0174123842603,28.025218343786232,28.036067443409774,28.050936141489117,28.071030957564929,28.097813148463558,28.133016296185385,28.178653839563665,28.237014149735902
120,28.000227116005842,28.000248361516896,28.000316665870198,28.00044646141663,28.000664285106634,28.001012686406717,28.001556052212543,28.002388671565129,28.003645408192597,28.005515353248406,28.008258777514186,28.012227570435876,28.017889118392642,28.025853215645743,28.036901112749984,28.052015214048325,28.072407308549888,28.09954267630269,28.13515710852392,28.181263964578939,28.240148958626051
121,28.000241555874386,28.000263831385762,28.000335373488003,28.000471068077974,28.000698241695101,28.001060617601411,28.001624203248522,28.002485426615348,28.003781881806379,28.005706045577483,28.008522269402896,28.012587215287386,28.018373664607189,28.026497269041357,28.037745328255497,28.05310609825241,28.073796528357747,28.101285810420233,28.137311845733596,28.183886845951424,28.243236068906526
122,28.00025669434438,28.000280033142307,28.000354914938946,28.000496685309777,28.000733470171209,28.001110179344273,28.001694455552176,28.002584880916693,28.003921793568605,28.005901065170171,28.008791129198617,28.012953409120151,28.018866053096129,28.02715052089312,28.038600089022797,28.054208771979606,28.075198572446944,28.103042483356393,28.139480142202078,28.186513806829943,28.246286673189452
123,28.000272553940221,28.000296989780516,28.000375314599882,28.000523339705989,28.000770000042838,28.001161404547865,28.00176684563851,28.002687074377139,28.004065186017598,28.006100455710776,28.009065399370478,28.013326189878597,28.019366313129868,28.027812987190071,28.039465393387911,28.055323212709897,28.076613395457979,28.104812566080437,28.141660419255796,28.189139047365522,28.249318463263169
124,28.000289157502035,28.000314724604227,28.000396597139613,28.000551058121506,28.000807861032595,28.0012143262745,28.001841410082989,28.002792046845158,28.004212101476561,28.006304260478775,28.009345121773453,28.013705594696798,28.019874473036189,28.028484682970049,28.040341238897767,28.056449397206297,28.07804093912242,28.106595704256691,28.143850599520782,28.191761653584816,28.252337693261087
125,28.000306528182641,28.000333261224053,28.000418787515688,28.000579867668712,28.000847083074035,28.001268977731737,28.001918185516285,28.002899838104081,28.004362582048856,28.006512522347663,28.009630337654528,28.014091659915657,28.020390560230791,28.029165622361454,28.041227622288194,28.057587299138568,28.079481099674254,28.108391304384423,28.146049028826059,28.194381919681128,28.255347940905402
126,28.000324689443548,28.000352623553365,28.000441910970146,28.000609795712819,28.000887696306048,28.001325392265628,28.001997208616196,28.003010487862927,28.004516669609114,28.006725283778625,28.009921087652202,28.014484421091787,28.020914601236843,28.029855818595447,28.042124539017109,28.058736882213569,28.080933702836781,28.110198667010032,28.148254554720662,28.197000422042738,28.258351593142873
127,28.000343665050895,28.000372835804086,28.000465993025099,28.000640869866892,28.000929731067224,28.001383603353926,28.002078516099601,28.00312403574755,28.004674405794724,28.006942586814844,28.010217411796791,28.014883913006599,28.021446621700704,28.030555283929079,28.04303198179861,28.059898091419857,28.082398506691309,28.11201709651537,28.150466399699319,28.199617775623885,28.26135038071088
128,28.00036347907141,28.000393922482608,28.000491059478311,28.000673117986928,28.000973217889999,28.001443644599242,28.002162144714418,28.003240521291957,28.004835831997831,28.007164473076436,28.010519349511323,28.015290169675154,28.021986646388836,28.03126402934198,28.043949938149172,28.061070847243254,28.083875221175646,28.113845955213076,28.152684043093323,28.202234562723614,28.264345626886751
129,28.000384155868218,28.000415908385509,28.000517136398656,28.000706568166809,28.001018187494843,28.001505549722086,28.002248131231671,28.003359983929776,28.005000989357679,28.007390983756,28.010826939612866,28.015703224351185,28.022534699133089,28.031982063915148,28.044878387711094,28.062255044645525,28.085363529968554,28.115684681609586,28.154907137854835,28.204851313680631,28.267338381527431
130,28.000405720096659,28.000438818595242,28.000544250121536,28.000741248733142,28.001064670784302,28.001569352553901,28.002336512437541,28.003482462986078,28.005169918753481,28.007622159614581,28.011140220313418,28.016123109520677,28.023090802687705,28.032709393951322,28.045817300169396,28.063450555696811,28.086863108367428,28.11753279118215,28.157135454846458,28.207468504993059,28.270329500490796
131,28.000428196699986,28.000462678475785,28.000572427244201,28.000777188240029,28.001112698836963,28.001635087030156,28.002427325125609,28.003607997669334,28.005342660797577,28.007858040978125,28.011459229218669,28.016549856872295,28.023654978480074,28.033446022004856,28.046766634172545,28.064657234145336,28.088373635752099,28.119389869743031,28.159368846155079,28.210086563033997,28.273319695983634
132,28.000451610905071,28.000487513668229,28.000601694620993,28.000814415463793,28.001162302901378,28.00170278718327,28.00252060608916,28.003736627063716,28.005519255829057,28.008098667733712,28.011784003321342,28.016983497234467,28.02422724627387,28.034191946006629,28.047726337225104,28.065874920445005,28.08989480356529,28.121255564681178,28.161607220100926,28.212705869318917,28.276309570769193
133,28.00047598821795,28.000513350086194,28.000632079358507,28.000852959397605,28.001213514389953,28.001772487135693,28.002616392113438,28.003868390121571,28.005699743907627,28.008344079324832,28.012114578984914,28.017424060473225,28.024807623781104,28.034947158606315,28.048696346363808,28.067103446512498,28.091426319814449,28.123129575923045,28.163850524558402,28.215326765937593,28.279299641620959
134,28.000501354419395,28.000540213911314,28.000663608810733,28.000892849245979,28.001266364872688,28.001844221092949,28.00271471996831,28.004003325656122,28.005884164807441,28.008594314744357,28.012450991914019,28.017871575353851,28.025396126273577,28.035711646791714,28.049676589330044,28.068342639769796,28.092967911246916,28.125011647840815,28.166098735317487,28.217949560424376,28.282290356512654
135,28.000527735560297,28.000568131588558,28.000696310574007,28.000934114419326,28.001320886071056,28.001918023336589,28.002815626400846,28.004141472334407,28.006072558010658,28.008849412523588,28.012793277109456,28.018326069376826,28.025992766236126,28.036485391772157,28.050666985981753,28.069592326411687,28.094519324091056,28.12690156217316,28.168351847828998,28.220574530101793,28.285282107444289
136,28.00055515795713,28.000597129821514,28.000730212482036,28.000976784528323,28.001377109851649,28.001993928217377,28.00291914812794,28.00428286867016,28.006264962700069,28.009109410716171,28.013141468808058,28.018787568600708,28.026597553086194,28.037268369087304,28.051667449793452,28.070852333955781,28.096080323812235,28.128799131977711,28.170609871409322,28.223201925832811,28.288275240147048
137,28.000583648187188,28.00062723556756,28.000765342600705,28.001020889378285,28.001435068219934,28.002071970148364,28.003025321829366,28.004427553016814,28.006461417750128,28.009374346875251,28.013495600407989,28.019256097464929,28.027210492982867,28.038060548911336,28.052677889317991,28.072122493081849,28.097650694257588,28.130704196667555,28.172872825182264,28.225831975188665,28.291270061478759
138,28.000613233083918,28.000658476033038,28.000801729222939,28.001066458963457,28.001494793313963,28.002152183597989,28.003134184140411,28.004575563559861,28.006661961715892,28.009644258023854,28.013855704385211,28.01973167862737,28.027831588720996,28.038861896466287,28.05369820952092,28.073402638982152,28.099230236589875,28.132616617810594,28.175140734977152,28.228464885202609,28.294266845461063
139,28.000643939731912,28.000690878668266,28.000839400863413,28.001113523461317,28.001556317397984,28.002234603083405,28.003245771644924,28.004726938308899,28.006866632819147,28.009919180618731,28.014221812204447,28.020214332824203,28.028460839707002,28.039672372514548,28.054728312972024,28.074692612285116,28.100818768050079,28.134536275632758,28.177413631112838,28.231100844726274,28.297265838055484
140,28.00067579546219,28.000724471162545,28.000878386253262,28.001162113226709,28.00161967285624,28.002319263163482,28.003360120867946,28.004881715088569,28.007075468931536,28.010199150508395,28.014593954229568,28.020704078757682,28.029098242006398,28.040491933892852,28.055768100881647,28.075992259639367,28.10241612066125,28.136463066126883,28.17969154679308,28.233740026447116,28.300267261012834
141,28.000708827847102,28.000759281439095,28.000918714334667,28.001212258786108,28.001684892186493,28.00240619843219,28.003477268268227,28.005039931528575,28.007288507554463,28.010484202886424,28.014972159637114,28.021200933015926,28.029743788452805,28.041320534058254,28.056817473972796,28.077301434032307,28.104022139963629,28.138396898662482,28.18197451692506,28.236382588620472,28.303271315027434
142,28.0007430646953,28.000795337649837,28.000960414255459,28.001263990831639,28.001752007993758,28.002495443511549,28.003597250230339,28.00520162505191,28.007505785795576,28.010774372242064,28.015356456337862,28.021704910026092,28.030397468804193,28.042158123617778,28.057876333197797,28.07861999492388,28.105636683824169,28.140337693990269,28.184262577235263,28.239028676568523,28.306278182365972
143,28.000778534046642,28.000832668170283,28.001003515363557,28.001317340215305,28.001821052983885,28.002587033044776,28.003720103056285,28.00536683286192,28.007727340342772,28.01106969230991,28.015746870908984,28.022216022037963,28.0310592699289,28.043004650827175,28.058944580326891,28.079947808257213,28.107259621322633,28.142285382553926,28.186555763604328,28.241678423991509,28.309288029088197
144,28.000815264166988,28.000871301594163,28.001048047201515,28.001372337942943,28.00189205995715,28.002681001689048,28.003845862956457,28.005535591927615,28.007953207435989,28.011370196020366,28.01614342853658,28.022734279131569,28.031729176012469,28.043860062061306,28.060022118434794,28.081284746370905,28.108890831704809,28.14423990305448,28.188854111573541,28.244331954125258,28.312301006939915
145,28.000853283542984,28.000911266728135,28.001094039500863,28.001429015168281,28.001965061801741,28.00277738410816,28.003974566039901,28.005707938967429,28.008183422837131,28.011675915451889,28.016546152971927,28.023259689252409,28.032407168782203,28.04472430224255,28.061108852270237,28.082630687821084,28.110530203432905,28.14620120127891,28.191157656008119,28.246989380732938,28.315317254917314
146,28.000892620876712,28.000952592586387,28.001141522176471,28.001487403186921,28.002040091487203,28.002876214964804,28.004106248303717,28.005883910431436,28.00841802179896,28.011986881786804,28.01695506650141,28.023792258268205,28.033093227737389,28.045597315224221,28.062204688535957,28.083985517158016,28.112177633328713,28.148169229113318,28.193466430852542,28.249650808975339,28.318336900608422
147,28.000933305080363,28.000995308385203,28.001190525320897,28.001547533430244,28.002117182057667,28.002977528912506,28.004240945621564,28.006063542482302,28.008657039033828,28.012303125271728,28.01737018992916,28.024331990041119,28.033787330377042,28.0464790441318,28.063309536102871,28.085349124681041,28.113833025794765,28.150143943691223,28.19578046894658,28.252316336188326,28.321360061370363
148,28.00097536527079,28.001039443537383,28.001241079198596,28.001609437459255,28.002196366625036,28.003081360587156,28.0043786937314,28.006246870975257,28.008900508682924,28.012624675183471,28.01779154257218,28.024878886512624,28.034489452421568,28.047369431662901,28.064423306166141,28.086721406177723,28.11549629210975,28.152125306667156,28.198099801897108,28.254986052572988,28.324386845352464
149,28.001018830764039,28.001085027646802,28.001293214240139,28.001673146958339,28.002277678361857,28.003187744597977,28.004519528222275,28.006433931437378,28.009148464286682,28.012951559800733,28.018219142266656,28.025432947798009,28.035199568026037,28.048268420349729,28.0655459123513,28.088102262651404,28.117167349791696,28.154113283601859,28.200424459997826,28.257660041806496,28.327417352381186
150,28.001063731069824,28.001132090502704,28.001346961036337,28.001738693728935,28.002361150494028,28.003296715518204,28.004663484520609,28.006624759046446,28.009400938756635,28.013283806380922,28.018653005382962,28.025994172286946,28.035917649984942,28.049175952790574,28.06667727078332,28.089491600045374,28.118846122017981,28.156107843428849,28.202754472178981,28.260338381593389,28.330451674746083
151,28.001110095885938,28.001180662074066,28.001402350332341,28.001806109683063,28.002446816293272,28.003408307875144,28.004810597875693,28.006819388609703,28.00965796434912,28.013621441142956,28.019093146850114,28.026562556749457,28.036643669925283,28.050091971847831,28.067817300119525,28.090889328968746,28.120532537104705,28.158108958001343,28.20508986598432,28.263021144156049,28.333489897886746
152,28.001157955092594,28.001230772503877,28.001459413021628,28.001875426836715,28.002534709069227,28.003522556139675,28.004960903344482,28.007017854542593,28.009919572641795,28.013964489257642,28.019539580190724,28.02713809644607,28.037377598483587,28.051016420806327,28.068965921544265,28.092295364429258,28.122226528056053,28.160116601727015,28.207430667574741,28.265708396656915,28.336532100971045
153,28.001207338746752,28.001282452103343,28.001518180139833,28.001946677303099,28.002624862161319,28.003639494715419,28.005114435776218,28.007220190848145,28.010185794512861,28.014312974842738,28.019992317560011,28.027720785235669,28.038119405469885,28.05194924351288,28.070123058754742,28.093709625580221,28.123928032145244,28.162130751230269,28.209776901734116,28.268400201594684,28.339578357436839
154,28.001258277076317,28.001335731345986,28.001578682858636,28.002019893285684,28.002717308930244,28.003759157927306,28.005271229796726,28.007426431097297,28.010456660123122,28.014666920963176,28.020451369789694,28.028310615681722,28.038869060018776,28.05289038449467,28.071288637932025,28.095132035476837,28.12563699053343,28.164151385057764,28.212128591886081,28.271096617163941,28.342628735477565
155,28.00131080047435,28.001390640861764,28.001640952479384,28.002095107071018,28.002812082749248,28.003881580009992,28.00543131979272,28.007636608410035,28.010732198901117,28.015026349636379,28.020916746436107,28.028907579156677,28.039626530726839,28.05383978905499,28.072462587695856,28.096562520843133,28.127353347930658,28.166178483430556,28.214485760121942,28.273797697575475,28.345683298467215
156,28.001364939493115,28.001447211430975,28.00170502042667,28.002172351021432,28.002909216994944,28.004006795095822,28.005594739896093,28.007850755437701,28.011012439530898,28.015391281841559,28.021388455831396,28.029511665943769,28.040391785779271,28.054797403353334,28.073644839050001,28.098001011848986,28.129077052285883,28.168212028025952,28.216848427233913,28.27650349334985,28.348742105346282
157,28.001420724838113,28.001505473978199,28.001770918241739,28.002251657567438,28.003008745038024,28.004134837202614,28.005761523968516,28.008068904346814,28.011297409943307,28.015761737533733,28.02186650513741,28.030122865334423,28.041164793061782,28.055763174465515,28.074835325318183,28.099447441902075,28.130808054514326,28.170252001794534,28.21921661275309,28.279214051578272,28.351805210960254
158,28.001478187362039,28.001565459566084,28.001838677575837,28.002333059200073,28.003110700233684,28.004265740221342,28.005931705586129,28.008291086803393,28.011587137308194,28.016137735658685,28.022350900399505,28.0307411657238,28.041945520269124,28.056737050441225,28.076033982080105,28.100901747443821,28.132546308230523,28.17229838878162,28.221590334987223,28.281929416178272,28.354872666391095
159,28.001537358058602,28.001627199388935,28.001908330183223,28.002416588462744,28.00321511591148,28.004399537903399,28.006105318024865,28.008517333960423,28.01188164803326,28.016519294176572,28.02284164660492,28.031366554697527,28.042733934986675,28.057718980326566,28.077240747091231,28.10236386777283,28.134291769548195,28.174351174011804,28.223969611066902,28.284649628090076,28.357944519203095
160,28.001598268056103,28.001690724766295,28.001979907914162,28.002502277943009,28.003322025365332,28.004536263848177,28.006282394246472,28.008747676446049,28.01218096776293,28.016906430083711,28.023338747737608,28.031999019115247,28.043530004773778,28.058708914195226,28.078455560213307,28.103833744869924,28.136044396867028,28.176410343354796,28.226354456984978,28.287374725485702,28.361020813710017
161,28.001660948611189,28.001756067136309,28.002053442707652,28.002590160264187,28.00343146184321,28.004675951490675,28.006462966885127,28.008982144353507,28.012485121380017,28.0172991594373,28.023842206833322,28.032638545189354,28.044333697236127,28.059706803167526,28.079678363340101,28.105311323234648,28.137804150685223,28.17847588341548,28.228744887638722,28.290104743954604,28.364101591208382
162,28.001725431102265,28.001823258049061,28.002128966584113,28.002680268076798,28.003543458536765,28.004818634089151,28.006647068234503,28.009220767232001,28.012794133008914,28.01769749738142,28.024352026034666,28.033285118560602,28.045144980092378,28.060712599423375,28.080909100322302,28.106796549729093,28.139570993424922,28.18054778143436,28.231140916872327,28.292839716678067,28.367186890195388
163,28.001791747022757,28.001892329159578,28.00220651163772,28.002772634049649,28.003658048570717,28.004964344713102,28.006834730236335,28.009463574080751,28.013108026023009,28.01810145817608,28.024868206644232,28.03393872436428,28.045963821225556,28.061726256202515,28.082147716892774,28.108289373440638,28.141344889287979,28.182626025211473,28.233542557518653,28.295579674576818,28.370276746550545
164,28.001859927974373,28.001963312220884,28.002286110028724,28.002867290860891,28.003775264992413,28.005113116231417,28.007025984469145,28.009710593343083,28.01342682305177,28.018511055225652,28.025390749177198,28.034599347296492,28.046790188735216,28.062747727805785,28.08339416059226,28.109789745544187,28.143125804110742,28.184710603029295,28.235949821440716,28.298324646459371,28.373371193718377
165,28.001930005660011,28.002036239076656,28.002367793975424,28.002964271188898,28.003895140761191,28.00526498130111,28.007220862138663,28.009961852903352,28.013750545991279,28.018926301109218,28.025919653411311,28.035266971671334,28.047624050976459,28.063776969586371,28.084648380697409,28.111297619182377,28.144913705244342,28.18680150359398,28.238362719571256,28.301074659147883,28.376470262861506
166,28.00200201187695,28.002111141654201,28.002451595746447,28.003063607703297,28.004017708737926,28.005419972355615,28.007419394066972,28.010217380081713,28.014079216012117,28.019347207609325,28.026454918438695,28.035941581484977,28.048465376609307,28.064813937949335,28.085910328147524,28.112812949331744,28.146708561414478,28.188898715961489,28.240781261953636,28.303829737622124,28.37957398303768
167,28.002075978509115,28.002188051956487,28.002537547652004,28.003165333055193,28.004143001674478,28.005578121594972,28.007621610686758,28.010477201637631,28.014412853577234,28.019773785745659,28.026996542709071,28.036623160452883,28.049314134609862,28.065858590322826,28.087179955478234,28.114335692720768,28.148510342656746,28.191002229518112,28.243205457777375,28.306589905096512,28.382682381288223
168,28.002151937519894,28.002267002054698,28.002625682035823,28.003269479868081,28.004271052203535,28.00573946097532,28.007827542032697,28.010741343767485,28.01475147845203,28.020206045803462,28.027544524076703,28.037311692064801,28.050170294310099,28.066910885153245,28.08845721675409,28.115865807711668,28.150319020194324,28.193112033917409,28.245635315415512,28.309355183147616,28.385795482794357
169,28.0022299209446,28.002348024080494,28.002716031266701,28.003376080728341,28.004401892828234,28.005904022198795,28.008037217734604,28.011009832105795,28.015095109719219,28.020643997365116,28.028098859845095,28.038007159628972,28.051033825420138,28.067970781885734,28.0897420675017,28.117403254204291,28.152134566351194,28.195228119044025,28.248070842460976,28.312125591810602,28.38891331099169
170,28.002309960882403,28.002431150217685,28.002808627729586,28.003485168175761,28.004535555912479,28.006071836705487,28.008250667013918,28.011282691730241,28.015443765795986,28.021087649339734,28.028659546803894,28.038709546304297,28.051904698039682,28.069038240942017,28.091034464652573,28.118947993559477,28.15395695448569,28.197350474988234,28.250512045757652,28.314901149656546,28.392035887661169
171,28.002392089488691,28.002516412694405,28.002903503817166,28.003596774694202,28.004672073671159,28.006242935664087,28.008467918677571,28.011559947163157,28.015797464448017,28.02153700999299,28.029226581271246,28.039418835143056,28.052782882681104,28.070113223703569,28.092334366479285,28.120499988504452,28.155786158902625,28.199479092007628,28.25295893143527,28.317681873889047,28.395163233044517
172,28.002476338966957,28.002603843774803,28.003000691921006,28.003710932702148,28.004811478160601,28.006417349963989,28.008689001114639,28.011841622376654,28.016156222806547,28.021992086976532,28.029799959130361,28.040135009122647,28.05366835028039,28.071195692489077,28.093641732538504,28.122059203057265,28.157622154788463,28.201613960502868,28.255411504940351,28.320467780419982,28.398295365933123
173,28.002562741560407,28.002693475750462,28.003100224422589,28.003827674543508,28.004953801269789,28.006595110208814,28.008913942294956,28.012127740799524,28.016520057386185,28.022452887355836,28.030379675861603,28.040858051170659,28.054561072201846,28.072285610529832,28.094956523619082,28.123625602463015,28.159464918160062,28.20375507100151,28.257869771064332,28.323258883932326,28.401432303740648
174,28.002651329544129,28.002785340932391,28.003202133684717,28.003947032478258,28.005099074710738,28.006776246707648,28.009142769764029,28.012418325320162,28.016888984100046,28.022919417639692,28.03096572658238,28.041587944203261,28.055461020256757,28.073382941951337,28.096278701681413,28.125199153106468,28.16131442578483,28.205902414124047,28.26033373397668,28.326055197969453,28.404574062609349
175,28.002742135216167,28.002879471641947,28.003306452042267,28.004069038673435,28.005247330010786,28.006960789470771,28.009375510644926,28.01271339829707,28.017263018279461,28.023391683805926,28.031558106071572,28.042324671138282,28.05636816669659,28.0744876517448,28.097608229814458,28.126779822469008,28.163170655153007,28.208055980581364,28.262803397248049,28.328856734975854,28.407720657454917
176,28.002835190889265,28.002975900202504,28.003413211793557,28.004193725194238,28.005398598504126,28.007148768203184,28.009612191636343,28.013012981564579,28.017642174690081,28.023869691328063,28.032156808801947,28.043068214923096,28.057282484222636,28.075599705746882,28.09894507218414,28.128367579059216,28.165033584417117,28.210215761151371,28.265278763878516,28.331663506367811,28.410872102049833
177,28.002930528882324,28.003074658930725,28.003522445191312,28.004321123994874,28.005552911323409,28.007340212298732,28.009852839012005,28.013317096440659,28.01802646754998,28.024353445202429,28.03276182897018,28.043818558556787,28.058203945988232,28.076719070614676,28.100289193983954,28.12996239235402,28.166903192345789,28.212381746665383,28.267759836324331,28.33447552259139,28.414028409090012
178,28.003028181511343,28.003175780127545,28.00363418443386,28.004451266910731,28.005710299394021,28.007535150838326,28.010097478624782,28.013625763738059,28.018415910547116,28.02484294996848,28.033373160514195,28.044575685097684,28.059132525591437,28.077845713802816,28.101640561401336,28.131564232764358,28.168779458300339,28.214553928004545,28.270246616516413,28.337292793157069,28.417189590233566
179,28.003128181081323,28.003279296069874,28.003748461656233,28.004584185648682,28.005870793424226,28.007733612581525,28.010346135902772,28.013939003769096,28.018810516856636,28.025338209739317,28.03399079715139,28.045339577696659,28.060068197086601,28.078979603539942,28.102999141558524,28.133173071557163,28.170662362168304,28.216732296075417,28.272739105892438,28.340115326717353,28.420355656191763
180,28.003230559876911,28.003385239001396,28.003865308921711,28.004719911780224,28.006034423901479,28.007935625967804,28.010598835856634,28.014256836359042,28.019210299157741,28.025839228217219,28.034614732387158,28.046110219594397,28.061010934969978,28.080120708806628,28.104364902489809,28.134788880838936,28.172551884357588,28.218916841814892,28.275237305409636,28.342943131083619,28.423526616746241
181,28.003335350158657,28.003493641128809,28.00398475821806,28.004858476738335,28.006201221090642,28.008141219117825,28.010855603087034,28.014579280862314,28.01961526966074,28.026346008730627,28.035244959556127,28.04688759415669,28.061960714196839,28.081268999326092,28.105737813107048,28.136411633509866,28.174448005761128,28.221107556186119,28.277741213963008,28.345775398151591,28.4266533467401
182,28.003442584135559,28.003604534594107,28.004106841429152,28.004999911788158,28.006371215004318,28.008350419804554,28.01111646175708,28.014906356137228,28.020025440083245,28.026858554209067,28.035881471790983,28.047671684831212,28.062917510121782,28.082424445487632,28.107117843111958,28.138041303175921,28.176350707677482,28.223304428258292,28.280250601387067,28.348605193604914,28.429744969817747
183,28.003552293984338,28.003717951494373,28.004231590356529,28.005144248051987,28.006544435433288,28.008563255491541,28.011381435641731,28.015238080608711,28.020440821727014,28.027376867271482,28.036524262116274,28.04846247523783,28.063881298576575,28.083587018406529,28.108504963039834,28.13967786418085,28.178259971087993,28.225507396800037,28.282764255751108,28.351427906338198,28.432815859919987
184,28.003664511822112,28.003833923854305,28.004359036691231,28.005291516480352,28.006720911917299,28.008779753304424,28.011650548100757,28.015574472243312,28.020861425453827,28.027900950200429,28.037173323415988,28.049259949124309,28.064852055809784,28.084756689847953,28.109899144170715,28.141321291293718,28.180175766861272,28.227716217967739,28.28528056080701,28.354242871682924,28.435871145872103
185,28.003779269702459,28.003952483622339,28.0044892120107,28.005441747850519,28.006900673746429,28.008999940036659,28.011923822090665,28.015915548568106,28.021287261711155,28.028430804971482,28.03782864846178,28.050064090386783,28.06582975849447,28.085933432218997,28.111300358453569,28.142971557731901,28.182098029386047,28.229930454078193,28.287798241008417,28.357050399675487,28.438913791510718
186,28.003896599606851,28.004073662662297,28.004622147770981,28.005594972759884,28.007083749956649,28.009223842148877,28.012201280169027,28.016261326680969,28.021718340547444,28.02896643327081,28.038490229927977,28.050874883076567,28.066814383721674,28.087117218534566,28.112708578072617,28.144628629556589,28.184026636298107,28.232149581307954,28.290316425042327,28.359851026551478,28.441945796716503
187,28.004016533436204,28.004197492745131,28.004757875298953,28.005751221619491,28.007270169325849,28.009451485768523,28.012482944499176,28.016611823260707,28.022154671626922,28.029507836511925,28.039158060405487,28.051692311405819,28.067805908990504,28.088308022312027,28.114123774205989,28.146292458541673,28.185961410807135,28.234373078377043,28.292834543335339,28.362645318181489,28.444968629143833
188,28.004139103002593,28.004324005540742,28.004896425784924,28.005910524647987,28.007459960370202,28.009682896689917,28.012768836855095,28.016967054577265,28.022596264244143,28.030055015851598,28.039832132414809,28.052516359751628,28.068804312182806,28.089505817284923,28.115545914993181,28.147962977449993,28.187902137379655,28.236600470359495,28.29535223267548,28.36543381225675,28.447983425779519
189,28.00426434002101,28.004453232610039,28.005037830275274,28.006072911865779,28.007653151340737,28.009918100374659,28.013058978626546,28.017327036501861,28.023043127337978,28.030607972205008,28.040512438417746,28.053347012656101,28.06980957149619,28.090710576860459,28.11697496331853,28.149640099161974,28.189848579456328,28.23883134331599,28.297869269002636,28.368217003104181,28.450991100751377
190,28.004392276101346,28.004585205397053,28.005182119665466,28.006238413089548,28.007849770220446,28.010157121952318,28.013353390824335,28.017691784517023,28.023495269505275,28.031166706260194,28.041198970827679,28.054184254816171,28.070821665305012,28.091922273368283,28.118410875085907,28.151323718777604,28.191800493801907,28.241065344975091,28.30038552252984,28.370995339956487,28.453992409883902
191,28.004522942740468,28.004719955221322,28.00532932469315,28.006407057926936,28.008049844721612,28.010399986221422,28.013652094085817,28.018061313726538,28.023952699014075,28.031731218491508,28.041891722016707,28.055028071054124,28.071840571937322,28.093140877240018,28.11985359828936,28.153013717232874,28.193757640650787,28.243302179458656,28.302900927824862,28.373769230089845,28.456987991615598
192,28.004656371314464,28.004857513270387,28.005479475931569,28.006578875771609,28.00825340228338,28.010646717650733,28.013955108680438,28.018435638865302,28.024415423816311,28.032301509171919,28.042590684317297,28.055878446259737,28.07286626937794,28.094366356263663,28.121303072899934,28.154709965367566,28.195719790029617,28.24554160004735,28.305415464056694,28.376539043180557,28.459978394193563
193,28.004792593071137,28.004997910592586,28.005632603783223,28.006753895798589,28.008460470069835,28.010897340380751,28.014262454515489,28.018814774308982,28.024883451560033,28.032877578383488,28.043295850014992,28.056735365300643,28.073898734933604,28.095598675018977,28.122759231362092,28.156412327696735,28.197686725429211,28.247783402045972,28.307929141246674,28.379305115633983,28.46296409514111
194,28.004931639122617,28.005141178089868,28.005788738473733,28.006932146959841,28.008671074968099,28.011151878225494,28.014574151141815,28.019198734083595,28.025356789600878,28.033459426024926,28.044007211329795,28.057598812903311,28.07493794489648,28.096837794529232,28.12422199949096,28.158120665669188,28.199658245596542,28.250027416139453,28.31044199089699,28.382067754665314,28.46594551508646
195,28.005073540438158,28.005287346511071,28.005947910045904,28.007113657980153,28.008885243586956,28.011410354674418,28.014890217759735,28.019587531874748,28.025835445012525,28.034047051815012,28.044724760383456,28.058468773511127,28.075983874240286,28.098083672138578,28.125691297595445,28.159834840271518,28.201634165020423,28.252273502701524,28.312954059531368,28.384827241805745,28.468923028009232
196,28.005218327837284,28.005436446445206,28.006110148354129,28.007298457353265,28.009103002255621,28.011672792894654,28.015210673224843,28.019981181036609,28.026319424595677,28.034640455290869,28.045448489153781,28.059345231132525,28.077036496374454,28.09933626157277,28.127167041647287,28.161554714029979,28.203614313743699,28.254521546973418,28.315465403961028,28.387583835956974,28.47189696920778
197,28.005366031982948,28.005588508315007,28.006275483059053,28.007486573338351,28.009324377022693,28.011939215733292,28.015535536053932,28.020379694600361,28.02680873488514,28.035239635799964,28.046178389417165,28.060228169189525,28.078095782966543,28.100595513142654,28.128649144417452,28.163280152503976,28.205598536719162,28.256771454988623,28.317976087927899,28.390337776032339,28.474867641432422
198,28.005516683375049,28.005743562370913,28.006443943622326,28.007678033956577,28.009549393655536,28.012209645719853,28.015864824430736,28.02078308528203,28.027303382154496,28.035844592486139,28.046914452682838,28.061117570376066,28.07916170383206,28.101861374047786,28.13013751653466,28.165011025360791,28.207586692895781,28.259023150170236,28.320486179687869,28.393089283218512,28.477835319743701
199,28.005670312344179,28.005901638684897,28.006615559301824,28.007872866988194,28.009778077639698,28.012484105068953,28.016198556211609,28.02119136548945,28.027803372417832,28.036455324268868,28.04765667012105,28.062013416534366,28.080234226898202,28.103133788755709,28.131632067416941,28.16674720705803,28.209578654176838,28.261276570576584,28.322995750312892,28.395838562883416,28.480800255317376
200,28.005826949045534,28.006062767144982,28.006790359146962,28.008071099969577,28.010010454178705,28.01276261568302,28.016536748930928,28.021604547327915,28.028308711428117,28.03707182981714,28.048405032490997,28.062915688555975,28.081313318223735,28.104412699402211,28.133132706066977,28.16848857729093,28.211574304394954,28.263531666570966,28.325504872371258,28.398585806243428,28.48376267863679
201,28.005986623453104,28.006226977449646,28.006968371994311,28.008272760190746,28.010246548193887,28.013045199154963,28.016879419806109,28.022022642604689,28.028819404672745,28.037694107519485,28.049159530071424,28.063824366306388,28.082398942063293,28.105698046198565,28.134639341751523,28.170235021252957,28.21357353829038,28.265788398856863,28.328013618961069,28.401331191815007,28.486722802127627
202,28.00614936535408,28.006394299102631,28.007149626463459,28.008477874692961,28.010486384324508,28.013331876770998,28.017226585742307,28.022445662831895,28.029335457365811,28.038322155450984,28.049920152595977,28.06473942857459,28.083491060969919,28.106989767834527,28.136151884566498,28.171986429732979,28.215576260522642,28.26804673685173,28.330522063018769,28.404074886668809,28.48968082232626
203,28.006315204343533,28.006564761407962,28.007334150953092,28.008686470266674,28.010729986928002,28.013622669513325,28.017578263336301,28.022873619227827,28.029856874437389,28.038955971338254,28.0506868891962,28.06566085304895,28.084589635929071,28.108287801861987,28.137670245884436,28.173742699083462,28.217582384751246,28.270306657358176,28.333030276833856,28.406817047505665,28.492636921663237
204,28.006484169819348,28.006738393465227,28.007521973637417,28.008898573449539,28.01097738008027,28.013917598062612,28.017934468879794,28.023306522716275,28.030383660520386,28.039595552524538,28.051459728354232,28.066588616316128,28.085694626511035,28.109592085047858,28.139194338706442,28.175503731115175,28.219591832796642,28.272568143443845,28.335538331685264,28.409557821601052,28.495591269988907
205,28.0066562909773,28.006915224165081,28.007713122462629,28.0091142105248,28.011228587576209,28.014216682800484,28.018295218361974,28.023744383924445,28.030915819935483,28.04024089593625,28.052238657865388,28.067522693878264,28.086805991031159,28.110902553693464,28.140724077940082,28.177269432949387,28.221604533871403,28.274831183478597,28.338046297564915,28.412297347646408,28.498544025901332
206,28.006831596806556,28.007095282185013,28.007907625143805,28.009333407519719,28.011483632930116,28.014519943811436,28.018660527470967,28.024187213179172,28.031453356674973,28.04089199805189,28.053023664811825,28.068463060187547,28.087923686714937,28.112219143919273,28.142259380606983,28.179039716828502,28.223620423879694,28.277095770333343,28.340554242992418,28.415035756484205,28.501495337869269
207,28.007010116085176,28.007278595985284,28.008105509161869,28.009556190204172,28.011742539376176,28.014827400884748,28.019030411594727,28.024635020501897,28.03199627438595,28.04154885487355,28.053814735543753,28.069409688690758,28.089047669863575,28.11354179192498,28.143800166005761,28.180814499904439,28.225639444767346,28.27936190067885,28.343062234878733,28.417773171775647,28.50444534523167
208,28.007191877376087,28.007465193805174,28.008306801760828,28.009782584089496,28.012005329868991,28.015139073515805,28.019404885820858,28.025087815602269,28.032544576353008,28.042211461902372,28.05461185567232,28.070362551888323,28.090177896017813,28.114870434210971,28.145346355811139,28.182593704002699,28.227661543948873,28.281629574423562,28.345570338454024,28.420509710572748,28.507394179027003
209,28.007376909023087,28.007655103659367,28.008511529945231,28.010012614427279,28.012272027083892,28.015454980907037,28.019783964935392,28.025545607870761,28.03309826548147,28.042879814118344,28.055415010071588,28.071321621401466,28.091314320114758,28.11620500776802,28.1468978741336,28.184377255383616,28.229686673793516,28.283898794233092,28.348078617223894,28.42324548382966,28.510341962723068
210,28.007565239147286,28.00784835333479,28.008719720477739,28.010246306208497,28.012542653417295,28.015775141968401,28.020167663420978,28.026008406370444,28.033657344281387,28.043553905964558,28.056224182888247,28.072286868043832,28.092456896635369,28.117545450239785,28.14845464755135,28.186165084507799,28.231714791159721,28.286169565112402,28.350587132945485,28.425980596865308,28.513288812868776
211,28.007756895643642,28.008044970387282,28.008931399876971,28.010483684162388,28.012817230986702,28.016099575317423,28.020555995454096,28.026476219828599,28.034221814853041,28.044233731335886,28.057039357557695,28.073258261895976,28.093605579742032,28.118891700061191,28.150016605119731,28.187957125805884,28.23374585697244,28.288441894042947,28.353095945620929,28.428715149782732,28.51623483967613
212,28.007951906177663,28.008244982138812,28.009146594415398,28.010724772755669,28.013095781630785,28.016428299278623,28.020948974901842,28.026949056628027,28.034791678873926,28.044919283572199,28.05786051682637,28.074235772381485,28.0947603234059,28.120243696573702,28.151583678359003,28.189753317453128,28.235779835843271,28.29071578967514,28.355605113508282,28.431449237844234,28.519180147531454
213,28.008150298182482,28.008448415674714,28.009365330117376,28.010969596191497,28.013378326908988,28.016761331882709,28.021346615318031,28.027426924798409,28.035366937587426,28.045610555455426,28.058687642778541,28.075219368343728,28.095921081524811,28.121601380121291,28.15315580122536,28.19155360115013,28.237816695727158,28.292991262064596,28.35811469314433,28.434182951810882,28.522124835450793
214,28.008352098855958,28.00865529784112,28.00958763275742,28.01121817840864,28.013664888101108,28.017098690865129,28.021748929938969,28.027909832008,28.035947591793576,28.046307539210812,28.059520716867549,28.07620901812199,28.097087808030146,28.122964692126736,28.154732910067825,28.193357921913481,28.239856407615626,28.295268322447356,28.360624739375687,28.436916378247993,28.525068997484443
215,28.008557335157988,28.008865655242509,28.009813527858348,28.011470543080467,28.013955486206672,28.017440393664522,28.022155931679052,28.028397785555523,28.036533641840723,28.04701022650988,28.06035971994833,28.077204689626356,28.098260456988701,28.124333575160783,28.156314943581322,28.195166227871582,28.241898945243744,28.297546983029022,28.363135305392124,28.439649599817823,28.528012723102535
216,28.008766033808158,28.009079514239566,28.010043040689759,28.011726713613932,28.014250141943879,28.017786457420257,28.022567633125593,28.028890792362876,28.037125087621469,28.047718608481496,28.061204632317693,28.078206350410131,28.099438982682457,28.1257079729743,28.157901842734738,28.1969784700809,28.24394428486686,28.299827256847809,28.365646442774874,28.442382695507277,28.530956097483394
217,28.008978221283389,28.009296900947103,28.0102761962664,28.011986713148534,28.014548875748364,28.018136898970152,28.022984046534226,28.029388858968769,28.037721928569262,28.048432675722108,28.062055433751336,28.079213967737942,28.100623339687441,28.127087830537757,28.159493550711744,28.198794602347629,28.245992405025191,28.302109157615767,28.368158201535177,28.445115740869554,28.533899201826603
218,28.009193923815729,28.009517841231968,28.010513019346654,28.012250564555071,28.014851707771893,28.018491734847679,28.023405183824117,28.029891991522987,28.0383241636573,28.04915241830933,28.062912103542939,28.080227508650875,28.101813482942429,28.128473094066212,28.161090012843111,28.200614581059163,28.248043286338017,28.304392699591283,28.370670630158628,28.447848808237101,28.536842113623408
219,28.009413167390328,28.009742360711215,28.010753534430947,28.012518290434379,28.015158657880704,28.018850981279233,28.023831056573382,28.030400195781688,28.038931791399051,28.049877825817514,28.063774620543978,28.081246940028677,28.103009367810124,28.129863711035558,28.162691176536249,28.202438365024708,28.250096911316664,28.306677897467921,28.373183775650968,28.450581966918044,28.539784906903702
220,28.009635977743464,28.009970484750273,28.010997765760276,28.012789913115952,28.015469745653679,28.019214654181056,28.024261676014778,28.030913477103898,28.039544809851275,28.050608887335908,28.064642963203568,28.082272228646875,28.104210950128156,28.131259630188577,28.164296991202988,28.204265915328403,28.252153264200185,28.308964766282287,28.375697683584214,28.453315283371857,28.542727652454463
221,28.009862380360676,28.010202238461137,28.011245737314699,28.013065454656509,28.01578499038046,28.019582769156173,28.024697053031616,28.031431840448537,28.040163216617792,28.051345591487298,28.06551710960801,28.083303341232178,28.105418186257168,28.132660801538059,28.165907408186808,28.20609719518632,28.25421233079868,28.311253321328422,28.378212398143084,28.456048821378083,28.545670418028383
222,28.010092400475038,28.01043764670078,28.011497472811705,28.013344936838315,28.016104411059196,28.019955341491325,28.025137198154351,28.031955290373489,28.040787008856562,28.052087926449698,28.066397037519643,28.084340244510209,28.106631033114674,28.134067176356609,28.167522380689615,28.207932169822655,28.256274098367882,28.313543578096624,28.380727962170702,28.458782642176928,28.548613268514586
223,28.010326063065278,28.010676734069342,28.01175299570474,28.013628381167706,28.016428026394621,28.020332386153981,28.025582121556806,28.032483831033321,28.041416183284156,28.052835879975241,28.067282724415367,28.085382905258399,28.107849448220119,28.13547870717845,28.169141863701057,28.209770806331576,28.258338555457396,28.315835552190013,28.383244417213515,28.461516804633689,28.55155626614221
224,28.010563392854259,28.010919524908655,28.012012329181594,28.013915808873062,28.016755854795424,28.020713917789195,28.02603183305407,28.033017466181704,28.042050736187882,28.053589439415781,28.06817414752345,28.086431290341341,28.109073389707834,28.136895347770789,28.170765813925694,28.211613073581681,28.260405691831412,28.318129259299102,28.385761803565554,28.464251365337695,28.554499470594759
225,28.010804414307273,28.011166043300477,28.01227549616269,28.01420724090309,28.017087914372038,28.021099950717101,28.026486342100441,28.033556199172519,28.042690663434531,28.054348591744027,28.069071283857969,28.087485366751153,28.110302816354459,28.138317053123373,28.172394189717274,28.213458942104062,28.262475498353535,28.320424715143997,28.388280160309698,28.466986378733164,28.557442939169725
226,28.011049151630342,28.011416313064903,28.012542519299494,28.014502697924968,28.01742422293437,28.02149049893,28.026945657787035,28.034100032960822,28.04333596047956,28.055113323575899,28.06997411025506,28.088545101648286,28.111537687603803,28.139743779432369,28.174026951008575,28.215308383982201,28.264547966880489,28.322721935426419,28.390799525361242,28.469721897242255,28.560386726926215
227,28.011297628768652,28.011670357758714,28.012813420972709,28.014802200322237,28.017764797989315,28.021885576090181,28.027409788841648,28.03464897010787,28.043986622380807,28.055883621194404,28.070882603403202,28.08961046238748,28.112777963572956,28.141175484073333,28.175664059249488,28.217161372771184,28.26662309019353,28.325020935806176,28.393319935505975,28.472457971353311,28.563330886787849
228,28.011549869404799,28.011928200673673,28.013088223290502,28.015105768192861,28.018109656738616,28.022285195527918,28.027878743628239,28.035203012784759,28.044642643809937,28.056659470571713,28.071796739874376,28.090681416548964,28.114023605066606,28.142612125580541,28.17730547734363,28.219017883405925,28.268700861914322,28.327321731866746,28.395841426439553,28.47519464972277,28.566275469663651
229,28.011805896957195,28.01218986483487,28.013366948086762,28.015413421347244,28.018458816076606,28.022689370239409,28.028352530146506,28.035762162776553,28.045304019064748,28.057440857391867,28.072716496154786,28.09175793196734,28.115274573587865,28.144053663623534,28.178951169585812,28.22087789211438,28.270781276427517,28.329624339085449,28.398364032806207,28.477931979271222,28.569220524561246
230,28.012065734578357,28.012455372998982,28.013649616919245,28.015725179306138,28.018812292588017,28.023098112885261,28.028831156032727,28.03632642148818,28.045970742082943,28.058227767073326,28.073641848672459,28.092839976754345,28.116530831342075,28.145500058980176,28.180601101603347,28.222741376342753,28.272864328818809,28.331928772813683,28.400887788235064,28.48067000526477,28.572166098681116
231,28.012329405153196,28.012724747652474,28.013936251067626,28.016041061298662,28.019170102546237,28.023511435789796,28.029314628561956,28.036895789951814,28.046642806456617,28.059020184790192,28.074572773820556,28.093927519315031,28.11779234123459,28.14695127350825,28.182255240303515,28.224608314693306,28.274950014826345,28.334235048264123,28.403412725372672,28.483408771383189,28.57511223749481
232,28.012596931297356,28.012998011009969,28.014226871531793,28.016361086260289,28.019532261910939,28.023929350938719,28.029802954647103,28.037470268830294,28.047320205443988,28.059818095495132,28.075509247989743,28.095020528379827,28.119059066885061,28.148407270123663,28.18391355380864,28.226478686831268,28.277038330755929,28.336543180476539,28.405938875923255,28.486148319822977,28.578058984866864
233,28.012868335355307,28.013275185012311,28.014521499029755,28.016685272830909,28.01989878632714,28.024351869980794,28.030296140845223,28.038049858429513,28.048002931986989,28.06062148393768,28.076451247579552,28.096118973000934,28.120330972605611,28.149868012765399,28.185576011420014,28.228352473460866,28.279129273476325,28.338853184330539,28.408466270671472,28.488888691322892,28.581006383079483
234,28.013143639398749,28.013556291324882,28.014820153995927,28.017013639352864,28.020269691122813,28.024779004225266,28.030794193356154,28.038634558701158,28.048690978722465,28.061430334687365,28.077398749032007,28.097222822586698,28.121608023417558,28.15133346637468,28.187242583551161,28.230229656227799,28.281222840329288,28.341165074508307,28.410994939523693,28.491629925271866,28.583954472960723
235,28.01342286522463,28.013841351335575,28.015122856579076,28.017346203869238,28.020644991308441,28.025210764644207,28.031297118029372,28.039224369255091,28.049384337998763,28.062244632150058,28.078351728840762,28.09833204689695,28.122890185030741,28.152803596863173,28.188913241695193,28.232110217696746,28.283319029123724,28.343478865504952,28.413524911529077,28.494372059734562,28.586903293909984
236,28.013706034353437,28.014130386153138,28.0154296266406,28.017682984122072,28.021024701575314,28.025647161871561,28.03180492036519,28.039819289365042,28.050083001888446,28.063064360588676,28.079310163576846,28.09944661606492,28.124177423848352,28.154278371088452,28.190587958368951,28.233994141278362,28.285417838073595,28.345794571607215,28.416056214914363,28.497115131531995,28.58985288399192
237,28.013993168027298,28.014423416605243,28.01574048375258,28.01802399755065,28.021408836294746,28.026088206204371,28.032317605519619,28.04041931797844,28.050786962203198,28.063889504140796,28.080274029903659,28.10056650060249,28.125469706956256,28.155757756825761,28.192266707072282,28.235881411187734,28.287519265770175,28.348112206891049,28.418588877109801,28.499859176288258,28.592803279988516
238,28.014284287208142,28.014720463236621,28.016055447196134,28.01836926129036,28.021797409517998,28.026533907604808,28.032835178309639,28.04102445372575,28.051496210507089,28.064720046833838,28.081243304589755,28.101691671404676,28.126767002113482,28.157241722742459,28.193949462250533,28.237772012405479,28.289623311155502,28.350431785218834,28.421122924773393,28.502604228474709,28.595754517448498
239,28.014579412575905,28.015021546307263,28.016374535959461,28.018718792170599,28.022190434974451,28.026984275699551,28.03335764321551,28.041634694928096,28.052210738131212,28.065555972606148,28.0822179645318,28.102822099765426,28.128069277750029,28.158730238370111,28.195636199242582,28.239665930615711,28.291729973473526,28.352753320226153,28.423658383823234,28.505350321478431,28.598706630765843
240,28.014878564526636,28.015326685790608,28.016697768736389,28.019072606714325,28.022587926072919,28.027439319783994,28.033885004388623,28.042250039608437,28.052930536186338,28.066397265317473,28.083197986758304,28.103957757370992,28.129376502949466,28.16022327408011,28.197326894256481,28.241563152189251,28.29383925226546,28.35507682532948,28.42619527945422,28.508097487623399,28.601659653201224
241,28.01518176317084,28.015635901371901,28.017025163924785,28.019430721136587,28.022989895901024,28.02789904882318,28.034417265655513,28.042870485500217,28.05365559557692,28.067243908767118,28.084183348447478,28.105098616310272,28.130688647443424,28.161720801057413,28.199021524325275,28.243463664133504,28.295951147332062,28.357402313718936,28.428733641325564,28.510848361934354,28.604770563387302
242,28.015489028331135,28.015949212445907,28.01735673962455,28.019793151343301,28.023396357225188,28.028363471454124,28.034954430523303,28.0434960300563,28.054385907012751,28.068095886705642,28.085174026935015,28.106244649073897,28.132005681598809,28.163222791276102,28.20072006727548,28.245367454062468,28.29806565872909,28.359729804314128,28.431274228749349,28.513625144408191,28.608010275077813
243,28.015800379541378,28.01626663811609,28.017692513637012,28.020159912931092,28.023807322491617,28.028832595988895,28.035496502185946,28.044126670459296,28.055121461023209,28.068953182851224,28.086169999728135,28.107395828560019,28.133327576409776,28.164729217475273,28.202422501690769,28.24727451017333,28.300182789179093,28.36205947667916,28.433820934813077,28.516442611755487,28.611332928023682
244,28.016115836044374,28.016588197192366,28.018032503463001,28.020531021186116,28.024222803826589,28.029306430417037,28.036043483529813,28.044762403630475,28.055862247968612,28.0698157809008,28.087171244512628,28.108552128072944,28.134654303484879,28.16624005313496,28.204128806888917,28.249184821936922,28.302302575148417,28.364392093386254,28.436378942200225,28.519302931458768,28.614722189437153
245,28.016435416790337,28.01691390818975,28.018376726301728,28.020906491083728,28.024642813037506,28.029784982408959,28.036595377140024,28.045403226239394,28.056608258052314,28.070683664542372,28.088177739161456,28.109713521323489,28.135985835035832,28.167755272456098,28.205838963076015,28.251098386338015,28.304425171020572,28.36672903564471,28.43895234401408,28.52220515446335,28.618168638943587
246,28.016759140435326,28.017243789326795,28.018725199049818,28.021286337288277,28.025067361614013,28.030268259319275,28.037152185306727,28.046049134713229,28.057359481332252,28.071556817466302,28.089189461742116,28.110879982428244,28.137322143866783,28.16927485038239,28.207552952610051,28.253015225639142,28.306550913616437,28.369071959926284,28.441543940109536,28.525147605943427,28.621665933321388
247,28.017087025339723,28.01757785852427,28.01907793830015,28.021670574152825,28.025496460729379,28.030756268190363,28.037713910031457,28.046700125246097,28.058115907732077,28.072435223375969,28.090206390523296,28.112051485908683,28.138663203372946,28.170798762851149,28.209270763841651,28.254935410027663,28.308680314887646,28.371422514180658,28.444155564670002,28.528128514533755,28.625209425494933
248,28.01741908956679,28.017916133403819,28.01943496034114,28.022059215719299,28.025930121242062,28.031249015756096,28.038280553033662,28.047356193808184,28.058877527051973,28.073318865997869,28.091228503980791,28.113228006691646,28.140008987587617,28.172326987628193,28.210992397498341,28.256859072573839,28.310814011621254,28.373782198232295,28.446788390998972,28.531146195862181,28.628795522804744
249,28.017755350881373,28.018258631286734,28.019796281155926,28.022452275718639,28.02636835369735,28.031746508445821,28.038852115757241,28.04801733615481,28.059644328979015,28.07420772909099,28.092255780803296,28.114409520119864,28.141359471361582,28.173859505957914,28.21271787364299,28.258786411955438,28.312952708898845,28.376152316497485,28.449443146594707,28.53419910216444,28.632421340895917
250,28.01809582674856,28.018605369192922,28.020161916421824,28.022849767571209,28.026811168329406,28.032248752388377,28.039428599377118,28.048683547835275,28.060416303097188,28.075101796455797,28.093288199899746,28.115596001992564,28.142714630771628,28.175396304884337,28.214447237092198,28.26071768563321,28.315097134041935,28.378533976256563,28.452120256328723,28.537285827125224,28.636084499086493
251,28.018440534332619,28.01895636383988,28.020531881509864,28.023251704387327,28.027258575063321,28.032755753416346,28.040010004805893,28.04935482420165,28.061193438897025,28.076001051943074,28.094325740413122,28.116787428665312,28.144074443798047,28.176937379797465,28.216180560276069,28.262653198172604,28.317248004281474,28.380928104405388,28.454819937910028,28.540405096316519,28.639782989386372
252,28.018789490495944,28.019311631641816,28.020906191484467,28.02365809896796,28.027710583517369,28.033267517070403,28.040596332700503,28.050031160417291,28.061975725784965,28.076905479463914,28.095368381748994,28.117983777237615,28.145438891234573,28.178482736740335,28.217917943524583,28.26459328820976,28.319406006369551,28.383335470433604,28.457542265467318,28.543555753366057,28.64351508930973
253,28.019142711798104,28.019671188709019,28.021284861103329,28.02406896380565,28.028167203005545,28.033784048603774,28.041187583468794,28.050712551465288,28.062763153092778,28.077815063003023,28.096416103629252,28.119185025840736,28.146807957723411,28.180032394144142,28.219659513378812,28.266538316271639,28.321571784889105,28.385756709415709,28.460287213106696,28.546736746086147,28.647279300424053
254,28.019500214495139,28.020035050847103,28.021667904817317,28.024484311085512,28.028628442540029,28.034305352986799,28.041783757276242,28.051398992156798,28.063555710087464,28.078729786638569,28.097468886180355,28.120391154017618,28.148181632793456,28.181586383867355,28.221405419630717,28.268488654317121,28.323745936519526,28.388192343085311,28.463054684984041,28.549947113679842,28.651074303988558
255,28.019862014538766,28.020403233556653,28.022055336770734,28.02490415268646,28.029094310834004,28.034831434911542,28.042384854052482,28.052090477139359,28.064353385982766,28.079649634572743,28.098526710062526,28.121602143172687,28.149559911793656,28.183144751526328,28.223155831672528,28.270444677341786,28.325929008338505,28.390642798046304,28.465844536179215,28.553185975549095,28.65489892818637
256,28.020228127575951,28.020775752032847,28.022447170801478,28.025328500182539,28.029564816304539,28.035362298796517,28.042990873497999,28.052787000905568,28.065156169953752,28.080574591176898,28.099589556639174,28.12281797705354,28.150942796643378,28.184707556239093,28.224910934680523,28.272406756891268,28.328121498409555,28.393108421237176,28.468656587744768,28.556452521602903,28.658752122894764
257,28.020598568948486,28.021152621165236,28.022843420441529,28.025757364844413,28.030039967075531,28.035897948791565,28.04360181509081,28.053488557802552,28.065964051155643,28.081504641053467,28.100657408180997,28.124038642230182,28.152330296367776,28.186274869913042,28.226670925892456,28.274375256220839,28.330323857852086,28.39558949292682,28.47149063743753,28.559746003920992,28.662632940181307
258,28.020973353692661,28.021533855537736,28.023244098917491,28.026190757641039,28.030519770980849,28.036438388782617,28.044217678093425,28.054195142042612,28.066777018749125,28.08243976911659,28.101730248096622,28.125264128541115,28.153722427402883,28.187846776195808,28.228436011171503,28.276350526879263,28.332536493731865,28.398086237469116,28.4743464674122,28.563065729648308,28.666540518994804
259,28.021352496539265,28.021919469428695,28.023649219151395,28.026628689241459,28.031004235567583,28.036983622396789,28.04483846156009,28.054906747716078,28.067595061933314,28.08337996069071,28.102808061177065,28.126494429478104,28.155119213683356,28.189423369230472,28.230206401973824,28.278332906390812,28.334759772260966,28.400598832233239,28.477223849886411,28.566411054902293,28.670474072831535
260,28.021736011913482,28.022309476811103,28.024058793761419,28.027071170016665,28.031493368099387,28.037533653007447,28.045464164344789,28.055623368806781,28.068418169986948,28.084325201623976,28.103890833841046,28.127729542498678,28.156520686553183,28.191004752320961,28.231982312712525,28.280322716739349,28.336994022095176,28.403127415100361,28.480122551351624,28.569781379492273,28.674432879628334
261,28.022123913935111,28.022703891352982,28.024472835063058,28.027518210041691,28.031987175559973,28.038088483739688,28.046094785110142,28.056344999211078,28.069246332318521,28.085275478413706,28.104978554371787,28.128969469257562,28.157926884519085,28.192591036561854,28.233763958528659,28.282320263539837,28.339239537602442,28.405672090656253,28.483042335607255,28.573176142386757,28.678416273542883
262,28.022516216418886,28.023102726417914,28.024891355070118,28.027969819097841,28.032485664656736,28.038648117476065,28.046730322337567,28.057071632760852,28.070079538525135,28.086230778340219,28.106071213135291,28.130214215752979,28.159337852879386,28.194182339498308,28.235551553458112,28.284325835713137,28.341496581964108,28.408232935325781,28.485982965983119,28.576594817802473,28.682423638150865
263,28.022912932874885,28.023505995065673,28.025314365496158,28.028426006674941,28.032988841824608,28.0392125568629,28.04737077433926,28.057803263251198,28.070917778459183,28.087191089603245,28.107168802770875,28.131463792391806,28.160753643267796,28.195778783863705,28.237345308946125,28.286339705501018,28.343765390055765,28.41081000167808,28.488944206996695,28.580036911796736,28.686454400715487
264,28.023314076509127,28.023913710053051,28.025741877755781,28.028886781973849,28.033496713230111,28.039781804317162,28.04801613927199,28.058539884472307,28.071761042300849,28.088156401456697,28.108271318352834,28.132718213988717,28.162174313145808,28.197380496402758,28.239145432635524,28.288362128715388,28.346046171127998,28.413403322090542,28.491925825593064,28.583501959257998,28.690508027283318
265,28.023719660224323,28.024325883834763,28.026173902966285,28.029352153909148,28.034009284775767,28.040355862034318,28.048666415153139,28.059281490245912,28.072609320635461,28.089126704338828,28.109378757519366,28.133977499700677,28.163599925255088,28.198987606794109,28.24095212742386,28.290393345191344,28.34833911126313,28.416012911800948,28.494927592017675,28.586989521282806,28.694584018549872
266,28.024129696620733,28.024742528564566,28.02661045194936,28.029822131111899,28.034526562104823,28.040934731997083,28.049321599879331,28.06002807446621,28.073462604534221,28.090101989993514,28.110491120565534,28.135241672904129,28.165030547051725,28.200600246687728,28.242765590758978,28.292433579374247,28.350644375593767,28.418638771448482,28.497949280421235,28.590499182887211,28.698681906351929
267,28.024544197997191,28.025163656096474,28.027051535232953,28.030296721932775,28.035048550606579,28.041518415985472,28.049981691247531,28.06077963114431,28.074320885635672,28.091082251579873,28.111608410502427,28.13651076102931,28.166466250144634,28.20221854885358,28.244586014114688,28.294483040971667,28.352962110309107,28.421280889239149,28.50099066929381,28.594030550975326,28.702801250616481
268,28.024963176352248,28.025589277986118,28.027497163053336,28.030775934445366,28.035575255422156,28.042106915588199,28.050646686978734,28.061536154455656,28.075184156226239,28.092067483768716,28.112730633086425,28.137784795364421,28.167907109748402,28.203842646428395,28.246413582604763,28.296541925641709,28.355292444481712,28.423939242813436,28.50405154176951,28.59758325251752,28.70694163667617
269,28.025386643385488,28.02601940549232,28.027947345357319,28.03125977644979,28.036106681451056,28.042700232215346,28.051316584743962,28.062297638789669,28.076052409318322,28.093057682824195,28.113857796818433,28.139063810832507,28.169353204156099,28.205472672263099,28.248248474732428,28.29861041571062,28.357635491708702,28.426613800817019,28.50713168580717,28.601156932940576,28.711102672950638
270,28.025814610498966,28.026454049578657,28.02840209180464,28.031748255476749,28.036642833358393,28.043298367112705,28.051991382192508,28.06306407880081,28.076925638724948,28.094052846671577,28.114989912918919,28.14034784575135,28.170804614236271,28.207108758354131,28.250090862237808,28.300688680895743,28.359991351601039,28.429304524254029,28.510230894291581,28.604751254679169,28.715283988895425
271,28.026247088798872,28.026893220915458,28.028861411770766,28.032241378791905,28.037183715582987,28.043901321377529,28.052671076982353,28.063835469460511,28.077803839129196,28.095052974948036,28.116126995276829,28.141636941579222,28.172261422962993,28.208751035368174,28.251940910043356,28.30277687902095,28.362360111105776,28.43201136761888,28.51334896506166,28.608365895896689,28.719485233225317
272,28.026684089097188,28.027336929881791,28.029325314349659,28.032739153400787,28.037729332346487,28.044509095976007,28.053355666812209,28.06461180610885,28.078687006147412,28.096058069038452,28.117269060379034,28.142931142655655,28.173723714980429,28.210399632241113,28.253798776263068,28.304875156709848,28.364741845697399,28.434734279872785,28.516485700896471,28.612000549331515,28.723706072333368
273,28.027125621913804,28.027785186567627,28.029793808357176,28.033241586054306,28.038279687663316,28.045121691762038,28.054045149454893,28.065393084505164,28.079575136385884,28.097068132096954,28.118416127224542,28.144230495942935,28.175191576201446,28.212054675839081,28.255664612258595,28.306983650052789,28.367136620458009,28.437473205295859,28.519640909471075,28.61565492124792,28.727946188869957
274,28.027571697478564,28.02823800077649,28.03026690233456,28.033748683254739,28.038834785351693,28.045739109497347,28.054739522791468,28.066179300876932,28.080468227489884,28.098083169054899,28.119568217225453,28.14553505077054,28.176665093440846,28.213716290679439,28.257538562738311,28.309102485246349,28.369544491048838,28.440228084218088,28.522814403283824,28.619328730489922,28.732205280479207
275,28.028022325733637,28.028695382028015,28.030744604552407,28.034260451262359,28.039394629045681,28.046361349872928,28.055438784845986,28.066970451966629,28.081366278186064,28.099103186617292,28.120725354097747,28.146844858583954,28.17814435407891,28.215384598700037,28.259420765888862,28.311231779206313,28.371965504591536,28.442998853653911,28.526005999563342,28.623021707619024,28.73648305866168
276,28.028477516336206,28.029157339561007,28.031226923015023,28.034776896102777,28.039959222207955,28.046988413531238,28.056142933820304,28.067766535075837,28.082269288317335,28.100128193247318,28.121887563743378,28.148159972701158,28.179629445758067,28.217059719077461,28.261311353534246,28.313371640148613,28.374399700458422,28.445785447845878,28.529215520160125,28.626733594134826,28.740779247758642
277,28.028937278661264,28.029623882336757,28.031713865465242,28.035298023574935,28.040528568143955,28.047620301089751,28.056851968128893,28.06856754810622,28.083177258869394,28.101158199139725,28.123054874125494,28.149480448078961,28.181120456113312,28.218741768089068,28.263210451315466,28.315522168135232,28.376847110978527,28.44858779872834,28.532442791427652,28.630464141771075,28.745093584045588
278,28.029401621804848,28.030095019042744,28.032205439389756,28.03582383925993,28.04110267001667,28.048257013164854,28.057565886432801,28.069373489596774,28.084090191990281,28.102193216185277,28.12422731514053,28.150806341090973,28.18261747253133,28.220430859008612,28.265118178881284,28.317683455588135,28.379307762076909,28.451405836332221,28.535687644098534,28.634213111851238,28.749425814909451
279,28.029870554587507,28.030570758096587,28.032701652024908,28.036354348530423,28.041681530862334,28.048898550396402,28.058284687672767,28.070184358757437,28.085008091002802,28.103233257927918,28.125404918488833,28.152137709317511,28.184120581935989,28.22212710202955,28.267034650085872,28.319855587772789,28.381781673855635,28.454239489139894,28.538949913158138,28.637980274695629,28.753775698098007
280,28.030344085558216,28.031051107650551,28.033202510363061,28.036889556560777,28.042265153606845,28.049544913472381,28.059008371101076,28.071000155498929,28.085930960410938,28.10427833951595,28.126587717545167,28.153474611347061,28.185629870596756,28.223830604211763,28.268959973190935,28.322038643254185,28.384268861124021,28.457088684397398,28.542229437716468,28.641765409074168,28.758143001032472
281,28.030822222998637,28.031536075596435,28.033708021159573,28.037429468338033,28.042853541082906,28.050196103153649,28.059736936311701,28.071820880458123,28.08685880589907,28.10532847764663,28.127775747229887,28.154817106591953,28.187145423964235,28.225541469454821,28.27089425107188,28.32423269431991,28.386769333869609,28.459953348377724,28.545526060878952,28.645568301711954,28.762527500193116
282,28.031304974927671,28.032025669570768,28.034218190940109,28.037974088673206,28.043446696047393,28.050852120298593,28.060470383269436,28.07264653502115,28.087791634328067,28.106383690508498,28.128969043881284,28.156165255110903,28.188667326517216,28.227259798481345,28.272837581423957,28.326437807388231,28.389283097704762,28.462833406625098,28.548839629617834,28.649388746816719,28.766928980534427
283,28.031792349106698,28.032519896960761,28.034733026008819,28.038523422213583,28.044044621199614,28.051512965887582,28.06120871233653,28.07347712134046,28.088729453722792,28.107443997716913,28.130167645130669,28.157519117450519,28.190195661641962,28.228985688849175,28.274790056968875,28.32865404337463,28.391810154244997,28.465728784145934,28.552169994644863,28.653226545667238,28.771347234982862
284,28.03228435304516,28.033018764910583,28.035252532457001,28.039077473455507,28.044647319199694,28.052178641046687,28.061951924297457,28.074312642349003,28.089672273256443,28.108509420248417,28.131371589781253,28.158878754496012,28.191730511523346,28.23071923497028,28.276751765656417,28.330881458041095,28.394350501465635,28.468639405586256,28.55551701028757,28.657081506220958,28.775782063959312
285,28.032780994006686,28.033522280328317,28.035776716172315,28.03963624675761,28.045254792687128,28.052849147070965,28.062700020381463,28.075153101770304,28.090620103230233,28.109579980373081,28.132580917691239,28.160244227334719,28.193271957053113,28.232460528141932,28.278722790861899,28.333120102320585,28.396904134023099,28.471565195383878,28.558880534368395,28.660953442753943,28.780233274943996
286,28.033282279015562,28.034030449893141,28.036305582848446,28.040199746354499,28.04586704429946,28.053524485447014,28.063453002283758,28.075998504126321,28.091572955050747,28.110655701585969,28.133795669659708,28.161615597126538,28.194820077747586,28.234209656583996,28.280703211580622,28.335370022627764,28.399471043557313,28.474506077907584,28.562260428085985,28.664842175517915,28.784700682063789
287,28.033788214864011,28.034543280063438,28.036839137995596,28.040767976371093,28.046484076691026,28.054204657874237,28.064210872183107,28.076848854739595,28.092530841201565,28.111736608537136,28.135015887320002,28.162992924992295,28.196374951687407,28.235966705489496,28.282693102613511,28.337631261136298,28.402051218950145,28.477461977567192,28.565656555902194,28.668747530437496,28.789184105731579
288,28.034298808119914,28.03506077708527,28.037377386951189,28.041340940836999,28.047105892551368,28.054889666285284,28.06497363275793,28.077704159733905,28.093493775214167,28.112822726962669,28.136241613036315,28.164376271906967,28.19793665546171,28.237731757076389,28.28469253474896,28.339903856047492,28.404644646573871,28.480432818917588,28.569068785431142,28.672669338817112,28.793683372297981
289,28.034814065134956,28.035582947001362,28.037920334891332,28.041918643701354,28.047732494623521,28.05557951286541,28.065741287200222,28.078564426031541,28.094461771635615,28.113914083615288,28.137472889805547,28.165765698603757,28.199505264125431,28.239504890646959,28.28670157493865,28.34218784183799,28.407251310512812,28.483418526745481,28.572496987332315,28.676607437072789,28.798198313734773
290,28.035333992053193,28.036109795660394,28.038467986842218,28.042501088847651,28.048363885722086,28.056274200071023,28.066513839228087,28.079429661349103,28.095434845995531,28.115010706195925,28.138709761162044,28.16716126548333,28.201080851161208,28.241286182648214,28.288720286469115,28.344483249499035,28.409871192775839,28.486419026151108,28.575941035205929,28.680561666472613,28.802728767329292
291,28.035858594820247,28.036641328726983,28.039020347692325,28.043088280108972,28.049000068751003,28.056973730646881,28.067291293095565,28.080299874189606,28.096413014769947,28.116112623285485,28.139952271088632,28.168563032534827,28.202663488454657,28.243075706739159,28.290748729126047,28.346790106753382,28.412504273480963,28.48943424261223,28.579400805492828,28.684531872903346,28.807274575412187
292,28.036387879193544,28.037177551692611,28.03957742220533,28.04368022128331,28.049641046720325,28.057678107640889,28.068073653598276,28.081175073829876,28.097396295342431,28.117219864279189,28.141200463937711,28.169971059272672,28.204253246284452,28.244873533862275,28.292786959345509,28.349108438243963,28.415150531008965,28.492464102031089,28.582876177382012,28.68851790666681,28.811835585122211
293,28.036921850752314,28.037718469886382,28.040139215032664,28.044276916148629,28.050286822762871,28.058387334418711,28.068860926079847,28.082055270309599,28.098384705967469,28.118332459322563,28.142454384351336,28.171385404669255,28.20585019330602,28.246679732310053,28.294835030366016,28.351438265730884,28.417809942168955,28.495508530789756,28.586367032717273,28.692519622265969,28.816411648157231
294,28.037460514907906,28.038264088485946,28.04070573072638,28.044878368478074,28.050937400150712,28.059101414678185,28.069653116437316,28.082940474418798,28.099378265732103,28.11945043924662,28.143714077183134,28.172806127092105,28.207454396541156,28.248494367795438,28.296892992378677,28.353779608279428,28.420482482351858,28.498567455797335,28.589873255905182,28.696536878201876,28.821002620539556
295,28.038003876915692,28.038814412529955,28.041276973752986,28.045484582054975,28.051592782309637,28.059820352459106,28.070450231120002,28.083830697678977,28.100376994515496,28.120573835509674,28.14497958743706,28.1742332842643,28.209065921386777,28.250317503524496,28.298960892655209,28.356132482406704,28.423168125641073,28.501640804515027,28.593394733835467,28.700569536813436,28.825608362433652
296,28.038551941886201,28.039369446929808,28.041852948506481,28.046095560687558,28.05225297283399,28.060544152154517,28.071252277131101,28.08472595232756,28.101380912950745,28.121702680137822,28.146250960199811,28.175666933214437,28.210684831613825,28.252149200266025,28.301038775684159,28.358496902246333,28.425866844942849,28.504728504992279,28.596931355796798,28.704617464098121,28.830228737940207
297,28.03910471479692,28.039929196481904,28.042433659322025,28.046711308223642,28.052917975500804,28.061272818520383,28.072059262026912,28.085626251299868,28.102390042385441,28.1228370056674,28.147528240579209,28.177107130235473,28.21231118937375,28.253989516422632,28.303126683299261,28.360872879697435,28.42857861210025,28.507830485894132,28.600483013396907,28.708680529549127,28.834863614910336
298,28.039662200504583,28.040493665880362,28.043019110489649,28.047331828565021,28.053587794282993,28.062006356683593,28.072871193913894,28.086531608209317,28.103404404842216,28.123976845090183,28.148811473648468,28.178553930850914,28.213945055210679,28.255838508101817,28.305224654800075,28.363260424559975,28.431303397993112,28.510946676521538,28.604049600487105,28.712758606006677,28.839512864777141
299,28.040224403758053,28.04106285973026,28.043609306267893,28.047957125681002,28.054262433360449,28.06274477214679,28.073688081442121,28.087442037325264,28.104424022980229,28.125122231804415,28.150100704400746,28.180007389792721,28.215586488081087,28.257696229184845,28.307332727058451,28.365659544648082,28.434041172617135,28.514077006822387,28.607631013094572,28.716851569531407,28.844176362413723
300,28.040791329209757,28.041636782559557,28.044204250897327,28.048587203623388,28.054941897135091,28.063488070799622,28.074509933806485,28.088357553556559,28.105448920055828,28.126273199554724,28.151395977682249,28.181467560953408,28.21723554535534,28.259562731398013,28.309450934654084,28.36807024595138,28.436791905210132,28.517221407424838,28.611227149338539,28.720959299228898,28.848853985932092
301,28.041362981435576,28.042215438838788,28.044803948619151,28.049222066542303,28.05562619024067,28.064236258918765,28.075336760734061,28.089278172426681,28.106479119891215,28.127429782405656,28.152697338184559,28.182934497407668,28.218892282869962,28.261438064384997,28.311579309948073,28.370492532690331,28.439555564277114,28.520379809630409,28.614837905470704,28.725079695085441,28.853426139400518
302,28.041939364927757,28.04279883297443,28.045408403669629,28.049861718681338,28.05631531753729,28.064989343158047,28.076168572464169,28.090203910037118,28.107514646816504,28.128592014664129,28.154004830359568,28.184408251342749,28.220556754900294,28.263322275739828,28.31371788317022,28.372926407422142,28.442332117647201,28.523552140853475,28.618462623730309,28.72919576503978,28.857914873077519
303,28.042520484136098,28.043386969350138,28.04601762032129,28.050506164417918,28.057009284148396,28.065747330578791,28.077005379767996,28.091134783073734,28.108555525664279,28.12975993086987,28.155318498419927,28.185888874086544,28.222229014231047,28.265215411123968,28.315866682571251,28.3753718711902,28.445121530753802,28.526738206788156,28.622098262102782,28.733296170375823,28.862355008609764
304,28.043106343462803,28.043979852321637,28.046631602877511,28.051155408256232,28.057708095449854,28.066510228631383,28.077847193918913,28.092070808763378,28.109601781713597,28.130933565733155,28.156638386282598,28.187376416071452,28.223909112151766,28.267117514294824,28.318025734465728,28.377828923019411,28.447923742974101,28.529937369803367,28.625740798272385,28.737379173006822,28.866758891675413
305,28.043696947280448,28.044577486234616,28.047250355689915,28.051809454843202,28.058411757082094,28.067278045160293,28.078694026686986,28.09301200485573,28.110653440660613,28.132112954101338,28.157964537543361,28.1888709268318,28.225597098489452,28.269028627174013,28.32019506318818,28.380297555243214,28.450738603599429,28.533148521840108,28.629387040772642,28.741445409096187,28.871133607938855
306,28.044292299945084,28.045179875437757,28.047873883170954,28.052468308979151,28.059120274956676,28.0680507884035,28.079545890327889,28.093958389600115,28.111710528585199,28.133298130921784,28.159296995448003,28.190372454997224,28.227293021633944,28.270948789873827,28.322374690192451,28.382777740038435,28.45356582275376,28.536370345861592,28.633034783834074,28.745496069225034,28.875483902307977
307,28.044892405809559,28.045787024295802,28.048502189806165,28.053131975627988,28.059833655262228,28.068828466991043,28.080402797571274,28.094909981722406,28.112773071918401,28.134489131206994,28.160635802866199,28.191881048287989,28.228996928556786,28.272878040547983,28.324564631184046,28.385269412245545,28.456404977020131,28.539601531780693,28.636682558091959,28.749532419346725,28.879813230015706
308,28.045497269236382,28.046398937202362,28.049135280166006,28.05380045992688,28.060551904469474,28.069611089942747,28.081264761608569,28.095866800401922,28.113841097411022,28.13568599000158,28.161981002267726,28.193396753510658,28.230708864793801,28.274816414797847,28.326764891317026,28.387772458022692,28.459255547723146,28.542840882904013,28.640329398446475,28.753555660591772,28.884124245815027
309,28.046106894610755,28.047015618592486,28.04977315891745,28.054473767195251,28.061275029335697,28.070398666665298,28.082131796080358,28.096828865248629,28.114914632103194,28.13688874235115,28.163332635700602,28.19491961654769,28.232428874326803,28.276763944453869,28.328975459948712,28.390286712851246,28.462116964023611,28.546087351676999,28.643974680509441,28.757566891891774,28.888419066472011
310,28.046721286353147,28.047637072955045,28.050415830835089,28.055151902943276,28.062003036908365,28.071191206948605,28.083003915063419,28.097796196280505,28.115993703295075,28.138097423272978,28.164690744769622,28.196449682325593,28.234156999292665,28.278720655849998,28.331196306559082,28.392811966732975,28.464988638028139,28.549340041294258,28.647618011182715,28.761567105908941,28.892699427377579
311,28.047340448931834,28.048263304844816,28.051063300811933,28.055834872879828,28.06273593452817,28.071988720961478,28.083881133057357,28.098768813901199,28.117078338518535,28.139312067727975,28.166055370611488,28.197986994738574,28.235893279485005,28.280686567919425,28.333427378633527,28.395347973174797,28.467869989365489,28.552598192665005,28.651259156415612,28.76555719648929,28.896966781383181
312,28.047964386875062,28.048894318894245,28.051715573869664,28.056522682919756,28.063473729831312,28.072791219246849,28.084763464971058,28.09974673887805,28.118168565509919,28.140532710593135,28.167426553860217,28.199531596507029,28.23763775168198,28.282661690477749,28.335668601481917,28.397894459111225,28.470760460777701,28.555861167129777,28.654897992422161,28.769537968988438,28.901222365694675
313,28.048593104782981,28.049530119824915,28.052372655168547,28.057215339190748,28.064216430751284,28.073598712716361,28.085650926108954,28.100729992320474,28.119264412183437,28.141759386632767,28.168804334594853,28.201083528961021,28.23939044887771,28.284646022931557,28.337919879558942,28.400451134244687,28.473659527077025,28.559128428824611,28.658534472565403,28.773510150873307,28.905467248428984
314,28.049226607339229,28.050170712458605,28.053034550016847,28.057912848039461,28.064964045519968,28.074411212644545,28.086543532157133,28.101718595658653,28.120365906605056,28.142992130465704,28.170188752261623,28.20264283175257,28.241151399509953,28.286639553530659,28.340181098784843,28.403017699021273,28.476566699410789,28.562399528701217,28.662168604633784,28.777474401365463,28.909702362124243
315,28.049864899322152,28.05081610172801,28.05370126387978,28.058615216037293,28.06571658266817,28.075228730662534,28.087441299169264,28.102712570622515,28.121473076965863,28.144230976525659,28.171579845566711,28.204209542518242,28.242920626770772,28.288642259141866,28.342452129335474,28.405593851065721,28.479481526702777,28.565674090645778,28.66580043465207,28.78143131993324,28.913928528959758
316,28.050507985615742,28.051466292687103,28.054372802388016,28.059322449985395,28.066474051025676,28.07605127875134,28.088344243552598,28.103711939220791,28.122585951553976,28.145475959011698,28.172977652339764,28.205783696516583,28.244698148050627,28.290654105470598,28.344732828597952,28.408179290180385,28.482403595181747,28.568951799647575,28.669430035495576,28.785381453651837,28.918146479799869
317,28.051155871220107,28.052121290520919,28.055049171345679,28.060034556919341,28.067236459720661,28.076878869234868,28.089252382053676,28.10471672371985,28.123704558723713,28.146727111826458,28.174382209370364,28.207365326267141,28.246483974554167,28.292675047650132,28.347023044045784,28.410773722005523,28.485332526764861,28.572232391993758,28.673057498812742,28.78932530345967,28.922356868850418
318,28.051808561261524,28.052781100555165,28.055730376737841,28.060751544113174,28.068003818178802,28.077711514772496,28.090165731743998,28.105726946621829,28.124828926860758,28.147984468501395,28.175793552227017,28.208954461218219,28.248278111087433,28.294705031060506,28.349322615871909,28.413376860669935,28.488267976939134,28.575515647044298,28.676682929019321,28.793263329547962,28.926560285418322
319,28.052466061002185,28.053445728265135,28.056416424737638,28.061473419082912,28.068776136121716,28.078549228351402,28.091084310005336,28.106742630641644,28.125959084342298,28.149248062109848,28.177211715066349,28.210551127458288,28.250080556002231,28.296743992297273,28.351631379345239,28.415988430622992,28.491209632334144,28.578801380363753,28.680306438930693,28.797195955996376,28.930757263314781
320,28.05312837584939,28.054115179284405,28.057107321712788,28.062200189589738,28.069553423565132,28.079392023278441,28.092008134514657,28.107763798682274,28.127095059491445,28.150517925168973,28.178636730441298,28.212155347483787,28.251891301285887,28.298791860225602,28.353949166849858,28.418608167780011,28.494157208191119,28.58208943806159,28.683928146614122,28.801123574729438,28.934948288407519
321,28.053795511364321,28.054789459412881,28.057803074231657,28.062931863642415,28.070335690816485,28.080239913171791,28.092937223228279,28.108790473807634,28.128236880525304,28.151794089532913,28.180068629117095,28.213767140033095,28.253710332774197,28.300848557051488,28.3562758095912,28.421235820150109,28.497110445901605,28.585379692121329,28.68754817307839,28.805046548906191,28.939133804796544
322,28.054467473270453,28.055468574624424,28.058503689068857,28.063668449499456,28.071122948472201,28.081092911951991,28.093871594365158,28.109822679212872,28.129384575497397,28.153076586281742,28.181507439903264,28.215386519980623,28.255537630444486,28.302913999359021,28.358611139030781,28.423871148146624,28.500069110671905,28.588672036422754,28.69116664049027,28.808965215899693,28.943314220058411
323,28.055144267461376,28.056152531074208,28.059209173210437,28.064409955670811,28.071915207414428,28.081951033832606,28.094811266389055,28.110860438191693,28.130538172235045,28.154365445608544,28.182953189505078,28.217013498291841,28.257373168777487,28.304988099100548,28.360954988057184,28.426513924604023,28.50303298932295,28.591966383439129,28.694783670893511,28.812879889872551,28.947489909586618
324,28.055825900008244,28.056841335105311,28.059919533858423,28.06515639091894,28.072712478807397,28.082814293310161,28.09575625798924,28.111903774100586,28.13169769827233,28.155660696708185,28.18440590239905,28.218648082033219,28.259216917165322,28.307070764518723,28.363307191924125,28.429163934587297,28.506001888257781,28.595262661480238,28.698399385278542,28.816790864016884,28.951661220240233
325,28.056512377166744,28.057534993255004,28.060634778435094,28.065907764259588,28.073514774093237,28.083682705153343,28.096706588059615,28.11295271031992,28.132863180780017,28.156962367670431,28.18586560073431,28.220290274431779,28.261068840346969,28.309161900987561,28.365667588983857,28.431820975060727,28.508975631608788,28.598560812378434,28.702013902903747,28.82069841251332,28.955828473446573
326,28.057203705383554,28.058233512260603,28.061354914586637,28.066664084961957,28.074322104987282,28.084556284391368,28.097662275676161,28.114007270212298,28.13403464649387,28.158270485380715,28.1873323042614,28.221940074976136,28.262928898853612,28.311261411765855,28.368036021250052,28.434484854468618,28.511954059558278,28.601860789533561,28.705627340801463,28.824602792254229,28.959991967864422
327,28.057899891302345,28.058936899064705,28.062079950186344,28.067425362548462,28.07513448347272,28.085435046301278,28.098623340072422,28.115067477078345,28.135212121642887,28.159585075430645,28.188806030286898,28.223597479548953,28.264797049449761,28.31336919866742,28.370412334826476,28.437155392263488,28.514937026813751,28.605162556243393,28.709239813420609,28.828504244372866,28.964151981696457
328,28.058600941769374,28.059645160820082,28.062809893337484,28.068191606794024,28.075951921794712,28.086319006394358,28.099589800613522,28.116133354110936,28.136395631878763,28.160906162038234,28.1902867936506,28.225262480583606,28.266673245566825,28.31548516265887,28.372796380224198,28.439832418394634,28.517924401217901,28.608466084276152,28.712851432381914,28.832402995606309,28.968308774703882
329,28.059306863838579,28.06035830489413,28.063544752375527,28.068962827724757,28.076774432453746,28.087208180401255,28.10056167676828,28.117204924347913,28.13758520220734,28.162233767979806,28.191774606725989,28.226935067242408,28.268557437722002,28.317609204379309,28.375188012572437,28.442515772773191,28.520916062502017,28.611771352670097,28.716462306326189,28.836299259497416,28.972462589945202
330,28.060017664776151,28.061076338872702,28.06428453586993,28.069739035616124,28.077602028198164,28.088102584256013,28.101538988079838,28.118282210623718,28.138780856923692,28.163567914534859,28.193269479443117,28.228615225610621,28.270449573915133,28.319741224583378,28.377587091741098,28.445205304733676,28.523911901174952,28.615078346723184,28.720072540830706,28.840193237456255,28.976613655282783
331,28.06073335206462,28.061799270563515,28.065029252625475,28.070520240990525,28.078434722016041,28.089002234078851,28.102521754134784,28.119365235521343,28.139982619551546,28.164908621442972,28.194771419328504,28.230302938897378,28.272349600000179,28.321881124522815,28.379993482405272,28.447900872507407,28.5269118175183,28.618387057115388,28.723682238365484,28.844085119717978,28.980762184724711
332,28.061453933406657,28.062527107999188,28.065778911683005,28.071306454614252,28.079272527125976,28.08990714615776,28.103509994531386,28.12045402132452,28.141190512787851,28.166255906872465,28.196280431559344,28.231998187639778,28.274257460031222,28.324028806273883,28.382407054062877,28.450602342710148,28.529915720676016,28.621697479145645,28.727291498282703,28.847975086209161,28.984908379622365
333,28.062179416728039,28.063259859439579,28.06653352231967,28.072097687493702,28.080115456967249,28.09081733692916,28.104503728846979,28.121548589971361,28.142404558453254,28.167609787401073,28.19779651903135,28.233700949907803,28.276173096580706,28.326184173010347,28.384827681006392,28.453309589846526,28.532923527840982,28.625009612085321,28.730900416838999,28.851863307319988,28.989052429720118
334,28.062909810180575,28.06399753337395,28.067293094048686,28.072893950871226,28.080963525189048,28.091732822957532,28.105502976604885,28.122648963009073,28.143624777447087,28.168970278004899,28.199319682434513,28.235411201508061,28.278096451037868,28.328347129241134,28.387255242268402,28.4560224958297,28.535935163504881,28.628323458602175,28.734509087234233,28.85574994461723,28.993194514114883
335,28.063645122144216,28.064740138522257,28.068057636618509,28.073695256219967,28.081816745638818,28.092653620914053,28.106507757241047,28.123755161551014,28.144851189709613,28.170337392059835,28.200849920340566,28.237128916183902,28.280027463875378,28.330517580995057,28.389689621530277,28.458740949527133,28.538950558803286,28.631639024286869,28.738117599673014,28.859635151469558,28.997334802082836
336,28.064385361228755,28.065487683836146,28.068827160011217,28.074501615238034,28.082675132349596,28.0935797475545,28.107518090070652,28.124867206235965,28.146083814190405,28.171711141351974,28.202387229296303,28.238854065808912,28.281966074891042,28.332695435971356,28.392130707014083,28.461464846331179,28.541969650922908,28.634956317239059,28.74172604143434,28.863519073617589,29.00147345382647
337,28.065130536274939,28.066240178499321,28.069601674440619,28.075313039842097,28.08353869952678,28.094511219696386,28.108533994255271,28.125985117190456,28.14732266882271,28.173091536095775,28.203931603920964,28.240586620572476,28.283912223426132,28.33488060366151,28.394578391362185,28.464194087753697,28.544992382563869,28.638275347704049,28.7453344969474,28.86740184969538,29.00561062115192
338,28.065880656355176,28.06699763192735,28.070381190349394,28.076129542160047,28.084407461533861,28.095448054195934,28.109555488770656,28.127108913993801,28.148567770503643,28.17447858495898,28.205483037006008,28.242326549156882,28.285865848562288,28.33707299544561,28.397032571507697,28.466928581043284,28.548018701451102,28.641596127754323,28.748943047872036,28.87128361170824,29.009746448083757
339,28.066635730773616,28.067760053766978,28.071165718405879,28.076951134523156,28.085281432877725,28.096390267924523,28.110582592375462,28.128238615646367,28.149819135079884,28.175872295093676,28.207041519616716,28.244073818905544,28.287826889297897,28.339272524666153,28.399493148537612,28.469668238825079,28.551048559892134,28.644918671012139,28.752551773182688,28.87516448546922,29.013881071421707
340,28.067395769065541,28.068527453894657,28.07195526949992,28.077777829457212,28.08616062819306,28.097337877745119,28.111615323581354,28.129374240541793,28.151076777339977,28.177272672173899,28.208607041194288,28.245828395979945,28.28979528470061,28.341479106676143,28.401960027549102,28.472412978767409,28.554081914387559,28.648242992417789,28.756160749255418,28.879044590988919,29.018014621231583
341,28.068160780996706,28.069299842414999,28.072749854738682,28.078609639673711,28.087045062226757,28.098290900488735,28.112653700623401,28.13051580643965,28.152340711007007,28.178679720433138,28.210179589657344,28.247590245515195,28.291770974058732,28.343692658887587,28.404433117507711,28.475162723250705,28.557118725242546,28.651569107997162,28.759770049953612,28.882924042864595,29.022147221336144
342,28.068930776561402,28.070077229657919,28.07354948544101,28.079446578059471,28.087934749821091,28.099249352930912,28.113697741433203,28.1316633304452,28.153610948742504,28.180093442712444,28.211759151503458,28.249359331755219,28.293753896992005,28.3459131007785,28.406912331096791,28.477917399083548,28.560158956266424,28.654897034703584,28.76337974671701,28.886802950591388,29.026278989697634
343,28.069705765980224,28.070859626175572,28.074354173131585,28.080288657666031,28.088829705896977,28.10021325176859,28.114747463613067,28.132816828990496,28.154887502151109,28.181513840507634,28.2133457119075,28.251135618183739,28.295743993560269,28.348140353902579,28.409397584573558,28.480676937224125,28.563202574471543,28.658226790253998,28.766989908646391,28.890681418874522,29.030410038804064
344,28.070485759697227,28.07164704273854,28.075163929534323,28.081135891698604,28.089729945436851,28.101182613597569,28.115802884411984,28.133976317819041,28.156170381789618,28.182940914019074,28.214939254817306,28.252919067644942,28.297741204356619,28.350374341886699,28.411888797626585,28.483441272521777,28.566249549803661,28.661558392989402,28.770600602587184,28.894559547913421,29.034540476017447
345,28.071270768376589,28.072439490331586,28.075978766565388,28.081988293504438,28.090635483467487,28.102157454890254,28.116864020702927,28.13514181197251,28.157459597178484,28.184374662202934,28.216539763047685,28.254709642458209,28.299745470591692,28.352614990421188,28.414385893234268,28.486210343470493,28.569299854890371,28.664891861748476,28.774211893212193,28.898437433669674,29.038670403900639
346,28.072060802898363,28.073236980148454,28.076798696325245,28.082845876560508,28.091546335042512,28.103137791974369,28.117930888962839,28.136313325782183,28.15875515681849,28.18581508282459,28.218147218369442,28.256507304519015,28.301756734159582,28.354862227237938,28.416888797528408,28.488984091987902,28.572353464824616,28.668227215765505,28.777823843100702,28.902315168103698,29.042799920503111
347,28.072855874353753,28.074039523586251,28.077623731090302,28.083708654461073,28.092462515225165,28.104123641012503,28.119003505254163,28.137490872862372,28.160057068208815,28.187262172511581,28.219761601595163,28.258312015394207,28.303774937697977,28.357115982085748,28.419397439661143,28.491762463203901,28.575410356960194,28.671564474576069,28.781436512815727,28.906192839400116,29.046929119632267
348,28.073655994039644,28.07484713223911,28.078453883303954,28.084576640904629,28.093384039070997,28.105115017982488,28.120081885208329,28.138674466106455,28.161365337867686,28.188715926807244,28.221382892661801,28.260123736409366,28.305800024637993,28.359376186699077,28.42191175167531,28.494545405264414,28.578470510727932,28.674903657936579,28.785049960979094,28.910070532174739,29.051058091100604
349,28.074461173453194,28.075659817891829,28.079289165567641,28.085449849681073,28.094310921610816,28.106111938657929,28.121166044009389,28.139864117683306,28.162679971353143,28.190176340223978,28.22301107071219,28.261942428734962,28.307831939253575,28.361642774767557,28.424431668376375,28.497332869136468,28.581533907451799,28.678244785743111,28.788664244345501,28.91394832768113,29.055186920973025
350,28.075271424284985,28.076477592512131,28.080129590630641,28.086328294657989,28.095243177833719,28.107114418590605,28.122255996381746,28.141059839039318,28.164000973289006,28.191643406297349,28.224646114169126,28.26376805345593,28.309870626690582,28.363915681893239,28.42695712721213,28.500124808443779,28.58460053020573,28.681587877977496,28.792279417871796,28.917826303980409,29.059315691766145
351,28.07608675841146,28.077300468242367,28.080975171379436,28.087211989766885,28.096180822670728,28.108122473094447,28.123351756580238,28.142261640902984,28.165328347391849,28.193117117638135,28.226288000803684,28.265600571633247,28.311916032989647,28.366194845547579,28.429488068160019,28.502921179315063,28.587670363682257,28.684932954658457,28.79589553478209,28.921704536099448,29.063444482633916
352,28.076907187887894,28.078128457391621,28.081825920827562,28.088100948989791,28.097123870978447,28.109136117228733,28.12445333837849,28.143469533286829,28.166662096495724,28.194597465984053,28.227936707806947,28.267439944372992,28.313968105117759,28.368480205033247,28.432024433610408,28.505721940219264,28.590743394044896,28.688280035782608,28.799512646635264,28.925583096203802,29.067573369572091
353,28.077732724939857,28.07896157242638,28.082681852104187,28.088995186345194,28.098072337523256,28.110155365783815,28.125560755062004,28.144683525495548,28.168002222581595,28.196084442250765,28.229592211851923,28.269286132876864,28.316026790979627,28.370771701436226,28.434566168261298,28.508527051833418,28.593819608820155,28.691629141289891,28.803130803385791,28.92946205373406,29.071702425576092
354,28.078563381954147,28.079799825960848,28.08354297844258,28.089894715874362,28.099026236966569,28.111180233268268,28.126674019422815,28.145903626134899,28.169348726805769,28.197578036579777,28.231254489151162,28.271139098489325,28.318092039428755,28.373069277581376,28.43711321901867,28.511336476915588,28.596898996791936,28.694980291028322,28.80675005344176,28.933341475538693,29.075831720795502
355,28.079399171470051,28.080643230747455,28.084409313168791,28.090799551627658,28.099985583849737,28.112210733895616,28.127793143753308,28.14712984311964,28.170701609528088,28.199078238387195,28.232923515516465,28.272998802747285,28.320163800280096,28.375372877987303,28.439665534894072,28.514150180174113,28.599981547892973,28.698333504717837,28.810370443724267,28.937221426010058,29.079961322692036
356,28.08024010616964,28.081491799666573,28.085280869689761,28.091709707650846,28.100950392579851,28.113246881572831,28.128918139842867,28.148362183684512,28.172060870341479,28.200585036410335,28.234599266412001,28.274865207420177,28.322242024314331,28.377682448819638,28.442223066910412,28.516968128153088,28.60306725311354,28.701688801923304,28.813992019722328,28.941101967203632,29.084091296176943
357,28.081086198867244,28.082345545715437,28.086157661480989,28.092625197971717,28.101920677416732,28.114288689891211,28.130049018977399,28.149600654397666,28.17342650810189,28.202098418751191,28.236281717000345,28.276738274540797,28.324326663274743,28.379997937843623,28.444785768016452,28.51979028913421,28.606156104427228,28.705046202036488,28.817614825542979,28.944983158940317,29.088221703727534
358,28.081937462499738,28.08320448199791,28.087039702074804,28.093546036586662,28.102896452459227,28.115336172115292,28.131185791936183,28.150845261171234,28.174798520956912,28.203618372921877,28.237970842194724,28.278617966445477,28.326417669872715,28.38231929437897,28.447353592993867,28.52261663302238,28.609248094698533,28.708405724247726,28.821238903965583,28.948865058926181,29.092352605525551
359,28.082793910115523,28.08406862171303,28.087927005047842,28.094472237447444,28.103877731632853,28.11638934117488,28.13232846899292,28.152096009276072,28.176176906375964,28.20514488588643,28.2396666167013,28.280504245800053,28.328514997780811,28.384646469252203,28.449926498376453,28.525447131255987,28.612343217617251,28.711767387532269,28.824864296489391,28.952747722846166,29.096484059563238
360,28.083655554863185,28.084937978143291,28.088819584008728,28.095403814448595,28.104864528678714,28.117448209658811,28.133477059918349,28.153352903356954,28.177561661179265,28.206677944099319,28.241369015056978,28.282397075622011,28.330618601624778,28.386979414751703,28.452504442375407,28.528281756724191,28.615441467637854,28.715131210637576,28.828491043377916,28.956631204451806,29.100616121742686
361,28.0845224099921,28.085812564655033,28.08971745259808,28.096340781427795,28.105856857156251,28.118512789823225,28.134631573998288,28.154615947463586,28.178952781581806,28.208217533557718,28.243078011679078,28.284296419313264,28.332728436986553,28.389318084596169,28.455087384820864,28.531120483702093,28.618542839934712,28.718497212080514,28.832119184498268,28.960515954420941,29.104772882776921
362,28.085394488792144,28.086692394637705,28.090620624426471,28.097283152102602,28.106854730379794,28.119583093530469,28.135792019978606,28.155885145005513,28.180350263160371,28.20976363977805,28.244793580843215,28.286202240625546,28.334844460342552,28.391662433837968,28.457675287037276,28.533963287721789,28.62164733030539,28.721865411024911,28.835748870363609,28.964405418327502,29.108949935204731
363,28.086271804656207,28.08757748156642,28.091529113137451,28.098230940135036,28.10785816148719,28.120659132325624,28.13695840615371,28.157160498855859,28.181754100972523,28.211316247924955,28.246515696810444,28.288114503769837,28.336966629140409,28.394012418899734,28.460268111845068,28.536810145559688,28.624754935540068,28.72523585100236,28.839380730555611,28.968301903064134,29.113140301083934
364,28.087154371018801,28.08846783894025,28.092442932345246,28.09918415906915,28.108867163378733,28.121740917379132,28.138130740316015,28.158442011309784,28.183164289523447,28.212875342781981,28.248244333793213,28.290033173367181,28.339094901726494,28.396367997478126,28.462865823452045,28.53966103524419,28.627865658098955,28.728608664611389,28.84301559114456,28.972205783048789,29.117341523018691
365,28.088042201356483,28.089363480282621,28.09336209563536,28.100142822332728,28.109881748721914,28.122828459497576,28.139309029775834,28.159729684115533,28.184580822807643,28.21444090879891,28.249979465998923,28.29195821447636,28.341229237347559,28.398729128516468,28.465468387432171,28.542515936959155,28.630979518971813,28.731984079000192,28.846654110296903,28.976116954064288,29.121552200691347
366,28.08893530917593,28.090264419129404,28.094286616552807,28.101106943226664,28.110901929943758,28.123921769121583,28.140493281367803,28.161023518491149,28.186003694334939,28.216012930122133,28.251721067655698,28.293889592604188,28.343369596136824,28.401095772171391,28.468075770864438,28.545374835706159,28.63409656754266,28.735362363198458,28.850296747255669,28.980035199360316,29.125771403617389
367,28.089833708001986,28.091170669016986,28.095216508590614,28.10207653491474,28.111927719223715,28.12502085632455,28.14168350145782,28.162323515141185,28.187432897155688,28.217591390623415,28.253469113036076,28.295827273714096,28.345515939100984,28.403467889815111,28.470687942866409,28.548237724721549,28.63721688043972,28.73874378470364,28.853943812444406,28.983960286024349,29.12999845990764
368,28.090737411365748,28.092082243470465,28.096151785178446,28.103051610413811,28.112959128487262,28.126125730811875,28.142879695950608,28.163629674273523,28.188868423885431,28.219176273927349,28.255223576478997,28.297771224233312,28.34766822811379,28.405845444127589,28.473304875525862,28.551104607735706,28.640340553766727,28.742128588002121,28.857595514345387,28.987891993328581,29.13423285755972
369,28.091646432792704,28.092999155991912,28.09709245967159,28.104032182584454,28.113996169400028,28.127236401921003,28.144081870297569,28.164941995616086,28.190310266728765,28.220767563437295,28.256984432409954,28.299721411060272,28.349826425929574,28.408228399316243,28.475926544923205,28.553975499325329,28.643467694401103,28.745516987451605,28.861251992348151,28.991830120222783,29.138474191859526
370,28.092560785791079,28.093921420048872,28.098038545340163,28.105018264122148,28.115038853362549,28.128352878621993,28.145290029505105,28.166260478433419,28.191758417502328,28.222365242359892,28.258751655359774,28.301677801575277,28.351990496231863,28.410616721438416,28.478552931908762,28.55685042381894,28.646598412972835,28.748909166996338,28.864913338603621,28.995774486160361,29.142722134172285
371,28.093480483840043,28.094849049062937,28.09899005535863,28.106009867548718,28.116087191505581,28.129475169518567,28.146504178143235,28.167585121543254,28.193212867657216,28.223969293728459,28.260525219983119,28.30364036365896,28.354160403721902,28.413010378758511,28.481184022506199,28.559729413488405,28.649732818828348,28.752305282655438,28.86857961288084,28.999724929741429,29.146976411606758
372,28.094405540378489,28.095782056398651,28.099947002795641,28.107007005204427,28.117141194685978,28.130603282849791,28.147724320354527,28.168915923332776,28.194673608300562,28.225579700425282,28.26230510107759,28.305609065723218,28.356336114243661,28.415409342072341,28.483819807913424,28.562612506492879,28.652871016908808,28.755705466122841,28.872250852192636,29.003681306572652,29.151236793948382
373,28.095335968793602,28.096720455352479,28.100909400604209,28.108009689240408,28.11820087348303,28.131737226492184,28.148950459863212,28.170252881774751,28.196140630216384,28.227196445203241,28.26409127360564,28.30758387675678,28.358517594928266,28.417813584941122,28.486460284196163,28.565499744983715,28.656013105973276,28.759109828261526,28.875927077449607,29.007643487203659,29.155503084327616
374,28.096271782409914,28.097664259142203,28.10187726161217,28.109017931611554,28.119266238195394,28.132877007962225,28.150182599984486,28.171595994443411,28.197613923885946,28.228819510707446,28.265883712720395,28.309564766383801,28.360704814337407,28.420223083820684,28.489105451805759,28.568391173480947,28.659159177654349,28.762518462296487,28.879608298216336,29.011611355234244,29.15977511228489
375,28.097212994478458,28.098613480896425,28.102850598513111,28.110031744069886,28.120337298838447,28.134022634419274,28.151420743634024,28.17294525853012,28.199093479507528,28.230448879497363,28.267682393796701,28.311551704932075,28.362897742591063,28.422637818086017,28.491755314988993,28.571286837542537,28.662309316171246,28.76593144664637,28.883294515906353,29.015584805604465,29.164052728855371
376,28.098159618166274,28.099568133644535,28.10382942385753,28.111051138158359,28.121414065142098,28.135174112668977,28.152664893337548,28.17430067085882,28.200579287016016,28.232084534070065,28.269487292467137,28.31354466350605,28.365096351468882,28.425057769965477,28.494409881162198,28.574186782734298,28.66546359843128,28.769348847300684,28.886985726055993,29.019563743144921,29.168335802802876
377,28.099111666546047,28.100528230306757,28.104813750044485,28.112076125205032,28.12249654654914,28.136331449166764,28.153915051240521,28.175662227901267,28.202071336102506,28.233726456885364,28.271298384662742,28.315543614058953,28.367300614476022,28.427482924400074,28.497069160308115,28.577091053880991,28.668622094339753,28.77277071977198,28.890681919981734,29.02354808135976,29.172624217666009
378,28.100069152586354,28.101493783684838,28.105803589313542,28.113106716317862,28.12358475221389,28.13749465002196,28.155171219117964,28.177029925792269,28.20356961623423,28.235374630392737,28.27311564665667,28.317548529457689,28.369510506873194,28.429913268859355,28.499733164429902,28.579999694514747,28.671784867198454,28.776197110750363,28.894383086018976,29.027537741364196,29.176917869410985
379,28.101032089141739,28.102464806452673,28.106798953737105,28.114142922379571,28.124678691001282,28.138663721001908,28.156433398384259,28.178403760344832,28.205074116674883,28.237029037059862,28.274939055108504,28.319559383540003,28.371726005680124,28.432348793131936,28.502401907049101,28.582912746466302,28.674951974178896,28.779628059519698,28.898089210437643,29.031532650956752,29.181216664533785
380,28.102000488943663,28.103441311147627,28.107799855213152,28.115184754043312,28.125778371486373,28.13983866753647,28.157701590103137,28.17978372706553,28.206584826505729,28.238689659402972,28.276768587108904,28.321576151159178,28.373947089645711,28.434789489092939,28.505075402773397,28.58583024962417,28.678123466834698,28.783063599084265,28.901800278055077,29.035532743854088,29.185520518606875
381,28.102974364591262,28.104423310162002,28.108806305458362,28.116232221728435,28.126883801954182,28.141019494722876,28.158975794997847,28.181169821169888,28.208101734647364,28.240356480018121,28.278604220221769,28.323598808215333,28.376173739194094,28.437235350469233,28.507753666931936,28.588752241796094,28.681299391590571,28.786503757100508,28.905516272710202,29.039537959035872,29.189829355061907
382,28.103953728542955,28.105410815734903,28.109818316001668,28.117285335616828,28.12799499039987,28.142206207330652,28.160256013461318,28.182562037598306,28.209624829882252,28.242029481612995,28.280445932522749,28.325627331673825,28.378405936354213,28.43968637261354,28.510436715271023,28.591678758633677,28.684479790196349,28.78994855667327,28.909237177641369,29.043548240167731,29.194143104152602
383,28.104938593108013,28.106403839944608,28.110835898178035,28.118344105649562,28.129111944529317,28.143398809806889,28.1615422455667,28.183960371032107,28.211154100877792,28.243708647038179,28.282293702632654,28.32766169957063,28.38064366467669,28.442142552291717,28.513124563702718,28.594609833608455,28.687664700154539,28.79339801702675,28.912962975762593,29.047563535100029,29.198461702098026
384,28.105928970438651,28.10740239470104,28.111859063122768,28.119408541523917,28.130234671759933,28.144597306281742,28.162834491078019,28.185364815910095,28.212689536209773,28.245393959317742,28.284147509746447,28.329701891008458,28.38288690914332,28.44460388748109,28.515817228092502,28.597545498027827,28.690854155126079,28.79685215407557,28.916693649867906,29.051583795427771,29.202785090355317
385,28.106924872522516,28.108406491738794,28.112887821766197,28.120478652690689,28.131363179221783,28.145801700574207,28.164132749461103,28.186775366445371,28.214231124385961,28.247085401678266,28.286007333656467,28.33174788614215,28.385135656069732,28.447070377184684,28.518514724091997,28.600485781088491,28.694048185300666,28.800310980892235,28.920429182775937,29.055608976113966,29.207113215015525
386,28.107926311175383,28.109416142610502,28.113922184828503,28.121554448352065,28.132497473759102,28.14701199619806,28.165437019894846,28.188192016642411,28.215778853869665,28.248782957576122,28.287873154769521,28.333799666154587,28.387389893004954,28.449542021264214,28.521217067011527,28.60343070995226,28.697246817727688,28.803774508094381,28.924169557434308,29.059639035163951,29.21144602629515
387,28.108933298034504,28.110431358680579,28.11496216281531,28.12263593745962,28.133637561932169,28.14822819636829,28.16674730128269,28.189614760314587,28.217332713102973,28.250486610722206,28.289744954118284,28.335857213225854,28.389649608632006,28.452018820291151,28.523924271721629,28.606380309831465,28.700450076614082,28.807242744176893,28.927914756999431,29.063673933336819,29.21578347809422
388,28.109945844552058,28.111452151119334,28.116007766013357,28.123723128712854,28.13478345001932,28.149450304007583,28.168063592264435,28.191043591101579,28.218892690529223,28.252196345104007,28.29162271336736,28.337920510497437,28.391914792671447,28.454500775414978,28.526636352576894,28.609334604078423,28.703657983593715,28.810715695799587,28.931664764897128,29.067713633888157,29.220125527608506
389,28.110963961989075,28.112478530897416,28.117059004486546,28.124816030557938,28.135935144019395,28.150678321753247,28.169385891228188,28.192478502486907,28.220458774614755,28.253912145005163,28.293506414815052,28.339989542033152,28.394185435788639,28.456987888245202,28.529353323356581,28.612293614277881,28.706870557974181,28.814193368038552,28.935419564867679,29.071758102338499,29.224472134986506
390,28.111987661409838,28.113510508780749,28.118115888072541,28.125914651186868,28.137092649654534,28.151912251964397,28.170714196322692,28.193919487815315,28.222030953869204,28.255633995021334,28.295396041389452,28.342064292776318,28.396461529506386,28.459480160751745,28.532075197227151,28.615257360343129,28.710087816952999,28.817675764588564,28.93917914099039,29.075807306276534,29.22882326304596
391,28.113016953676333,28.114548095325489,28.119178426379403,28.127018998536776,28.138255972373013,28.153152096729187,28.172048505469565,28.195366540309976,28.223609216865455,28.257361880075461,28.297291576644046,28.344144748507112,28.398743066118723,28.461977595167337,28.534801986706636,28.618225860611822,28.713309775829678,28.821162887960796,28.942943477707452,29.07986121516582,29.23317887699551
392,28.114051849443403,28.115591300873785,28.120246628782812,28.128129080289892,28.139425117352751,28.154397857872638,28.173388816375883,28.196819653089257,28.225193552257277,28.259095785427665,28.299193004745682,28.34623089579577,28.401030038613754,28.464480193915943,28.537533703658543,28.621199131943381,28.716536448172331,28.824654739616996,28.946712559825226,29.083919800197759,29.237538944232927
393,28.115092359154197,28.116640135549748,28.121320504423757,28.129244903873605,28.140600089504922,28.155649536964546,28.174735126546697,28.198278819183084,28.226783948795788,28.260835696683493,28.301100310461646,28.348322721957484,28.403322440601162,28.466987959546341,28.540270359284865,28.624177189807799,28.71976784597749,28.828151320105203,28.950486372520437,29.087983034146522,29.241903434142955
394,28.116138493035681,28.117694609255462,28.122400062206076,28.130366476460786,28.141780893477723,28.156907135327454,28.176087433297514,28.199744031548985,28.228380395345447,28.262581599801454,28.303013479146113,28.350420215007333,28.405620266241222,28.469500894668251,28.543011964121934,28.627160048375572,28.723003979825275,28.83165262918639,28.954264901342178,29.092050891230439,29.246272317906165
395,28.117190261095054,28.118754731667945,28.123485310794965,28.131493804970827,28.142967533660858,28.158170654045151,28.177445733766881,28.201215283086984,28.229982880896443,28.264333481094113,28.3049324967198,28.352523363615003,28.407923510187693,28.472019001915065,28.545758528057316,28.630147720597844,28.72624485899032,28.835158665912751,28.958048132202336,29.096123347012558,29.250645568367986
396,28.118247673116141,28.119820512236103,28.124576258615562,28.132626896070541,28.144160014189854,28.159440093971082,28.178810024928573,28.202692566654061,28.231591394577034,28.266091327230537,28.306857349653004,28.354632157063264,28.410232167529923,28.474542283897243,28.548510060333353,28.6331402182837,28.729490491568555,28.838669428728469,28.961836051374487,29.100200378285944,29.255023159881905
397,28.119310738656186,28.120891960177978,28.125672913851663,28.133765756175713,28.145358338950896,28.160715455736838,28.180180303603638,28.204175875077709,28.233205925663899,28.26785512523578,28.308788024945976,28.356746585206455,28.412546233741026,28.477070743167907,28.551266569562035,28.63613755217526,28.732740884581876,28.842184915543257,28.965628645484678,29.104281962980146,29.259405068186222
398,28.120379467042973,28.121969084478433,28.126775284444985,28.134910391452635,28.146562511585657,28.16199673976077,28.181556566472285,28.205665201169019,28.234826463591649,28.269624862489316,28.31072451010867,28.358866638430349,28.414865704629552,28.479604382192289,28.554028063740777,28.639139732018393,28.735996044076312,28.845705123801594,28.969425901502778,29.108368080072388,29.263791270287051
399,28.121453867372267,28.123051893887126,28.127883378094626,28.136060807820066,28.147772535496465,28.163283946256712,28.182938810085517,28.207160537734882,28.236452997960715,28.271400526721585,28.312666793139712,28.360992307613763,28.417190576296004,28.482143203323208,28.556794550271356,28.642146766629871,28.739255975209097,28.849230050540111,28.973227806731302,29.112458709509134,29.268181744356774
400,28.122533948506231,28.12414039691734,28.128997202257441,28.137217010951922,28.148988413852003,28.164577075242661,28.184327030875828,28.208661877587833,28.238085518541638,28.273182106006946,28.314614862504413,28.36312358409473,28.419520845100411,28.484687208789595,28.559566035983643,28.645158663952689,28.742520682311703,28.852759692424669,28.977034348792813,29.116553832147719,29.272576469660503
401,28.12361971907033,28.125234601843509,28.130116764147026,28.138379006278814,28.150210149592063,28.16587612654931,28.185721225169122,28.210169213559432,28.239724015285155,28.274969588762996,28.31656870711538,28.365260459630175,28.421856507611849,28.487236400662212,28.562342527148726,28.648175431128855,28.745790168994372,28.85629404582571,28.980845515622324,29.120653429662241,29.276975426431271
402,28.124711187453588,28.126334516701895,28.131242070735805,28.139546798992285,28.151437745434272,28.167181099828777,28.187121389193635,28.211682538505741,28.241368478319494,28.276762963736356,28.318528316308658,28.367402926371735,28.424197560598028,28.489790780866763,28.565124029511164,28.651197074532952,28.749064438163494,28.85983310681473,28.984661295450657,29.124757484524327,29.281378595852154
403,28.125808361806282,28.127440149288795,28.132373128754736,28.140720394046784,28.152671203879184,28.168491994562952,28.188527519090826,28.213201845318615,28.243018897957878,28.278562220000111,28.320493679824985,28.369550976829977,28.426544000982407,28.492350351156198,28.567910548302439,28.654223599836442,28.752343492112193,28.86337687122878,28.988481676796948,29.128865979920938,29.285785959947486
404,28.126911250039466,28.128551507160527,28.133509944694705,28.141899796163283,28.153910527216464,28.169808810072041,28.18993961092475,28.214727126932793,28.24467526469881,28.280367346943244,28.322464787787929,28.371704603847242,28.428895825824174,28.494915113110991,28.570702088266454,28.657255012049877,28.755627332560444,28.866925334688819,28.992306648455429,29.132978899715457,29.290197501536259
405,28.128019859825095,28.129668597634055,28.134652524808416,28.143085009833193,28.155155717530963,28.171131545522297,28.191357660690048,28.216258376331322,28.246337569225584,28.282178334261442,28.324441630685847,28.373863800574895,28.431253032299562,28.497485068135319,28.573498653678083,28.660291315561398,28.758915960697884,28.870478492624148,28.99613619948579,29.13709622840646,29.294613204180568
406,28.129134198594723,28.13079142778615,28.13580087511103,28.144276039321195,28.156406776708415,28.172460199934562,28.192781664322087,28.217795586554633,28.24800580240975,28.28399517194973,28.326424199350679,28.376028560441775,28.433615617672089,28.50006021744672,28.576300248365488,28.663332514188888,28.762209377243437,28.874036340307576,28.999970319201296,29.141217951072207,29.299033052115604
407,28.130254273540714,28.13192000445499,28.136955001382983,28.145472888669804,28.157663706441806,28.173794772191588,28.194211617703377,28.219338750703368,28.249679955307446,28.285817850291195,28.32841248494109,28.378198877137326,28.435983579283334,28.502640562080614,28.579106875729419,28.666378611207733,28.765507582469755,28.877598872865157,29.00380899715897,29.145344053345184,29.303457030219722
408,28.131380091616897,28.133054334241322,28.138114909172291,28.146675561703493,28.158926508237286,28.175135261045305,28.195647516670753,28.220887861942828,28.251360019158227,28.287646359847546,28.330406478924886,28.380374744590629,28.438356914537479,28.505226102890383,28.581918538763137,28.669429609385165,28.76881057623757,28.881166085293366,29.007652223149282,29.149474521378416,29.307885123973385
409,28.132511659537141,28.134194423507473,28.139280603795125,28.147884062031579,28.160195183420129,28.17648166512566,28.19708935702581,28.222442913512136,28.253045985388084,28.289480691451118,28.332406173057532,28.382556156939046,28.440735620871958,28.507816840536776,28.584735240074068,28.672485511032459,28.772118358056431,28.884737972495497,29.011499987184703,29.153609341788737,29.312317319387365
410,28.133648983780013,28.135340278382319,28.140452090341391,28.149098393054501,28.161469733140894,28.177833982945163,28.198537134535748,28.224003898719378,28.254737845598999,28.291320836191808,28.334411559372654,28.384743108528745,28.443119695770328,28.510412775507668,28.587556981898192,28.675546318003644,28.775430927068495,28.88831452926296,29.015352279493026,29.157748501666568,29.316753603019205
411,28.134792070585725,28.136491904758778,28.141629373674011,28.150318557965928,28.16275015838136,28.179192212908944,28.199990844946431,28.225570810954487,28.256435591575599,28.293166785410307,28.336422630156985,28.386935593874643,28.445509136721789,28.513013908100245,28.590383766124624,28.678612031762015,28.778748282128689,28.891895750325002,29.019209090503999,29.161891988502592,29.321193961879729
412,28.135940925962586,28.137649308300432,28.142812458435824,28.151544559759675,28.164036459960265,28.180556353317559,28.201450483980096,28.227143643680801,28.258139215272088,28.295018530685589,28.338439377946042,28.389133607669887,28.447903941242991,28.515620238443944,28.59321559430407,28.681682653365609,28.782070421774431,28.89548163032255,29.023070410845978,29.166039790209883,29.325638383464604
413,28.137095555684041,28.138812494439161,28.144001349049013,28.152776401232018,28.165328638539521,28.181926402377218,28.202916047348463,28.228722390447363,28.259848708817813,28.296876063826772,28.340461795498303,28.391337144746608,28.450304106840449,28.518231766486704,28.596052467675559,28.68475818353118,28.785397344299135,28.899072163851525,29.026936231331522,29.170191895056131,29.330086855668998
414,28.138255965295297,28.139981468381876,28.145196049721914,28.154014084988173,28.166626694629226,28.183302358201594,28.204387530749724,28.230307044880639,28.261564064505738,28.298739376863342,28.342489875793348,28.393546200085609,28.45270963102891,28.520848492012075,28.598894387170905,28.687838622621531,28.788729047729078,28.90266734544408,29.030806542955741,29.174348291680136,29.334539366810674
415,28.139422160111533,28.141156235109275,28.146396564449514,28.155257613445499,28.167930628594213,28.184684218821687,28.205864929879976,28.23189760069404,28.263285274794708,28.300608462034944,28.34452361200756,28.395760768783482,28.455120511303537,28.523470414633422,28.601741353441096,28.690923970698016,28.792065529879395,28.906267169598934,29.034681336882525,29.17850896903893,29.33899590556452
416,28.140594145224036,28.142336799382043,28.147602897019645,28.156506988839237,28.169240440658331,28.186071982187293,28.207348240430751,28.233494051681404,28.265012332300746,28.302483311784101,28.346562997512461,28.397980846058548,28.457536745151188,28.526097533804556,28.604593366859994,28.694014227514948,28.795406788342653,28.909871630771626,29.038560604442832,29.182673916414753,29.343456460972739
417,28.141771925499715,28.143523165740895,28.148815051014527,28.157762213226402,28.170556130911127,28.187465646175884,28.208837458098326,28.235096391723367,28.266745229796246,28.30436391874505,28.348608025853345,28.400206427225303,28.459958330031835,28.528729848819701,28.607450427547956,28.697109392560382,28.798752820529419,28.913480723394635,29.042444337122667,29.186843123375304,29.347921022396463
418,28.142955505586833,28.144715338512288,28.150033029816424,28.159023288490985,28.171877699311665,28.188865208594045,28.210332578581884,28.236704614782273,28.268483960203032,28.306250275737643,28.350658690746958,28.402437507697414,28.462385263385681,28.531367358821374,28.610312535376337,28.700209465055007,28.802103623662784,28.917094441871487,29.046332526560796,29.191016579775884,29.352389579519709
419,28.144144889915346,28.145913321809314,28.151256836609953,28.160290216348294,28.173205145695146,28.190270667185633,28.211833597591312,28.238318714906629,28.270228516590095,28.308142375756155,28.352714986062551,28.404674082966626,28.464817542619112,28.534010062802121,28.613179689988488,28.703314443986493,28.805459194811789,28.920712780592925,29.05022516453808,29.195194275725939,29.356862122308765
420,28.145340082702656,28.147117119537409,28.152486474387619,28.161562998349858,28.174538469776376,28.191682019632847,28.213340510845239,28.239938686226179,28.271978892167166,28.310040211963713,28.35477690581989,28.406916148605752,28.467255165111787,28.536657959612288,28.616051890803959,28.706424328107872,28.808819530885309,28.924335733930651,29.05412224297535,29.199376201591907,29.361338641017007
421,28.146541087964163,28.14832673540521,28.153721945961617,28.162841635896577,28.175877671164081,28.193099263570979,28.214853314084593,28.24156452296226,28.273735080289686,28.311943777691347,28.356844444183711,28.409163700262805,28.469698128216333,28.539311047970862,28.618929137041842,28.709539115968777,28.812184628661431,28.927963296253544,29.058023751302784,29.20356102264363,29.365739239018886
422,28.147747909483133,28.149542172894535,28.154963253933918,28.164126130208697,28.177222749330426,28.1945223965566,28.216372003038682,28.243196219391198,28.275497074419842,28.313853066397616,28.358917595424195,28.411416733624819,28.472146429227493,28.541969326439919,28.621811427699335,28.712658805895277,28.81555448475817,28.931595458866788,29.061929307353054,29.207737445099614,29.3700787281314
423,28.148960550865155,28.150763435315117,28.156210400751725,28.165416482382227,28.178573703667876,28.195951416124128,28.21789657348009,28.244833769895916,28.277264868173621,28.315768071711091,28.360996353956356,28.413675244457295,28.474600065425406,28.544632793474946,28.624698761608695,28.715783396041974,28.818929094444378,28.935232131229469,29.065836933581057,29.211897953513059,29.374380458104991
424,28.150179015507923,28.151990525774409,28.157463388677471,28.166712693358843,28.179930533458741,28.197386319754209,28.219427021191002,28.246477168929623,28.279038455281892,28.317688787389915,28.36308071430016,28.415939228567375,28.477059034044029,28.547301447399089,28.627591137412452,28.718912884006382,28.822308435810989,28.938872925895105,29.069743995739756,29.216041450705294,29.378652748040913
425,28.151403306613609,28.153223447190108,28.158722219801621,28.168014763938935,28.181293237888003,28.198827104885535,28.220963341973121,28.24812641102293,28.280817829594604,28.319615207323537,28.365170671081486,28.4182086818066,28.479523332278067,28.549975286413961,28.63048855348622,28.722047263659721,28.825692426906627,28.942517140369883,29.073648414273993,29.220168424923298,29.382900399247198
426,28.15263342719274,28.154462202294248,28.159986896046888,28.169322694785969,28.182661816047361,28.200273768917874,28.222505531648757,28.24978149078245,28.282602985076331,28.321547325526222,28.367266219025339,28.420483600066049,28.481992957281854,28.552654308581559,28.633391007289596,28.725186516097168,28.829080892899711,28.946163932000673,29.077548767505142,29.224279733963463,29.387126646062754
427,28.153869380068279,28.155706793637105,28.161257419172433,28.170636486430748,28.184036266939081,28.201726309214894,28.224053586061785,28.251442402888991,28.284393915801999,28.323485136130856,28.369367352949372,28.422763979271824,28.484467906163559,28.555338511690024,28.636298493406841,28.728330598104044,28.83247356979734,28.949812462386159,29.081444125088819,29.228376284486444,29.391333859312354
428,28.155111167879546,28.156957223591419,28.162533790778156,28.171956139275544,28.185416589479757,28.203184723106755,28.225607501078319,28.253109142095894,28.286190615952698,28.325428633383012,28.371474067757848,28.425049815379708,28.486948175955085,28.558027892822299,28.639211000289048,28.731479434541999,28.835870130072752,28.953461968352087,29.085333892941197,29.232458938702806,29.39552387275554
429,28.156358793086312,28.158213494356442,28.163816012308764,28.173281653598245,28.186802782503889,28.204649007892495,28.227167272587312,28.254781703227277,28.287993079811507,28.327377811635273,28.373586358435688,28.427341104364984,28.489433763514771,28.560722447509995,28.642128506707376,28.734632916957214,28.839270211418505,28.957111786116954,29.089217703685037,29.236528489028171,29.399698159489581
430,28.15761225797295,28.159475607962104,28.165104085058054,28.174613029556358,28.188194844767327,28.206119160842398,28.228732896500947,28.256460081176098,28.289801301759436,28.329332665341703,28.375704220041658,28.429637842196922,28.491924665313313,28.56342216854507,28.645050978991343,28.737790907060305,28.842673440186331,28.960761352102185,29.093095343871692,29.240585655681539,29.403857935938678
431,28.15887156465249,28.160743566273112,28.166398010172962,28.175950267190906,28.189592774950547,28.207595179199988,28.230304368754958,28.258144270902342,28.291615276271514,28.331293189052349,28.377827647698378,28.431940024783291,28.494420877083382,28.566127044678645,28.647978369567348,28.740953242654282,28.846079447850279,28.964410194486035,29.096966705278589,29.244631091511824,29.408004228708421
432,28.160136715070799,28.162017370993123,28.167697788657673,28.177293366430284,28.190996571661884,28.20907706018404,28.231881685308828,28.259834267431032,28.293434997912811,28.333259377407128,28.379956636574853,28.434247647870325,28.49692239335074,28.568837059439982,28.650910616806673,28.744119744274631,28.84948788139474,28.968057921446388,29.100831752607085,29.24866538910009,29.412137918838354
433,28.161407711010664,28.16329702366885,28.169003421377653,28.178642327093975,28.192406233440497,28.210564800990376,28.233464842145782,28.261530065850337,28.295260461334507,28.335231225127902,28.382091181856012,28.436560706891328,28.499429206901517,28.571552190249886,28.653847645887907,28.747290221382315,28.852898409224416,28.971704209491048,29.104690501365422,29.252689087784567,29.416259773077595
434,28.162684554095986,28.164582525694168,28.170314909063649,28.179997148896202,28.193821758759288,28.212058398793523,28.235053835272829,28.263231661309518,28.29709166126937,28.33720872700739,28.384231278695015,28.438879196769321,28.501941308249133,28.574272407884092,28.656789370288365,28.750464477683575,28.856310724139586,28.975348792734529,29.108543002440076,29.256702680197751,29.420370466594314
435,28.163967245795789,28.165873878314159,28.171632252315586,28.18135783144945,28.195243146027728,28.213557850748241,28.236648660720586,28.264939049016814,28.298928592526686,28.339191877892311,28.386376922144617,28.441203111683585,28.504458685152976,28.576997676298767,28.659735693643384,28.753642315412659,28.859724544174107,28.978991453597516,29.112389331558905,29.260706617972918,29.424470599570064
436,28.1652557874284,28.167171082629196,28.172955451606445,28.182724374267941,28.196670393594427,28.215063153990979,28.238249314543037,28.266652224236992,28.300771249985225,28.341180672659242,28.388528107067778,28.44353244481972,28.506981322232484,28.579727952761605,28.662686511689607,28.756823538610391,28.863139612268093,28.982632014983775,29.116229581668822,29.264701316662748,29.428560710002575
437,28.166550180165462,28.168474139598928,28.174284507286107,28.184096776770968,28.19810349974977,28.216574305641114,28.239855792817135,28.268371182288544,28.302619628584139,28.34317510618191,28.390684828030906,28.445867188122012,28.509509200690037,28.582463188206166,28.665641714147046,28.760007955593284,28.866555695254817,28.986270333649042,29.120063857404251,29.268687159998176,29.432641283724937
438,28.167850425035933,28.169783050046238,28.17561941958499,28.185475038286139,28.199542462728242,28.218091302802168,28.2414680916423,28.27009591854004,28.304473723310462,28.345175173288876,28.392847079184097,28.448207332062548,28.512042298149382,28.585203327757245,28.668601186466201,28.763195380705515,28.86997258238706,28.989906294705499,29.123892271178065,29.272664503519671,29.436712762203936
439,28.169156522930091,28.171097814661081,28.176960188617805,28.186859158052567,28.200987280710834,28.219614142562847,28.24308620713941,28.27182642840534,28.30633352918279,28.347180868712332,28.395014854133471,28.450552865439761,28.514580588604517,28.587948311363409,28.671564811378168,28.766385635493027,28.873390083683788,28.993539807084019,29.127714940330119,29.276633677681367,29.44077554879231
440,28.170468474603425,28.172418434004452,28.178306814387042,28.188249135223888,28.202437951827108,28.221142821997876,28.244710135449669,28.273562707337366,28.30819904123031,28.349192187028514,28.397188145813352,28.452903775217575,28.51712404246739,28.590698074476979,28.674532470217304,28.769578549440084,28.87680802825767,28.997170799773343,29.131531985020224,29.280594990514761,29.44483001382148
441,28.171786280680571,28.173744908512081,28.179659296786596,28.189644968871249,28.203894474157426,28.222677338168687,28.246339872732602,28.27530475081997,28.310070254467519,28.351209122592799,28.399366946363433,28.455260046403634,28.519672626685267,28.593452548739705,28.677504044054899,28.772773960417258,28.880226262669673,29.000799218626664,29.135343526633193,29.284548729962761,29.448876498863292
442,28.173109941659028,28.17507723849819,28.181017635605055,28.191046657986192,28.20535684573473,28.224217688123868,28.247975415163577,28.277052554357798,28.311947163864701,28.353231669470617,28.401551247015004,28.457621661969007,28.522226304921219,28.596211662660547,28.680479414641155,28.775971714859676,28.883644649339619,29.00442502372308,29.139149686640224,29.28849516588993,29.452915320221209
443,28.17443945791301,28.176415424159124,28.182381830529199,28.192454201483343,28.206825064546432,28.225763868899193,28.249616758930177,28.278806113463695,28.313829764314033,28.355259821366403,28.403741037990343,28.459988602810899,28.524785037784632,28.59897534225987,28.683458465157763,28.779171667740716,28.887063065068187,29.008048187201354,29.142950585789329,29.292434551809439,29.456946771811349
444,28.175774829697069,28.177759465577001,28.183751881147099,28.193867598203141,28.20829912853597,28.227315877517331,28.251263900227617,28.280565423643655,28.315718050592395,28.357293571553296,28.405936308418568,28.462360847752542,28.527348783089927,28.601743511662953,28.686441080816405,28.782373682427906,28.890481399684273,29.011668691428984,29.14674634349392,29.296367126399552,29.460971127627801
445,28.177116057149746,28.179109362723132,28.185127786951448,28.195286846914328,28.209779035604193,28.22887371098696,28.252916835252851,28.282330480379507,28.31761201732207,28.359332912805964,28.408137046268131,28.464738373573333,28.529917496129116,28.604516093640019,28.689427149336108,28.785577630462182,28.893899554802065,29.015286527437077,29.150537077373805,29.300293114848994,29.464988643873333
446,28.178463140297065,28.180465115461544,28.186509547342492,28.196711946316345,28.211264783610531,28.230437366301366,28.254575560197413,28.284101279109439,28.319511658929805,28.361377837337667,28.410343238296687,28.46712115506601,28.532491129952966,28.607293010093201,28.69241656130778,28.788783391267543,28.89731744268606,29.018901693608314,29.154322902938052,29.304212730037413,29.468999560772041
447,28.179816079056106,28.181826723552266,28.187897161631156,28.198142895041563,28.212756370373786,28.232006840436387,28.25624007123897,28.285877815206671,28.321416969605444,28.363428336742704,28.412554870016479,28.469509165114925,28.535069635653151,28.610074182493054,28.695409210468718,28.791990851818515,28.900734985216062,29.02251419456023,29.158103933363545,29.308126173584643,29.473004104142866
448,28.181174873238284,28.183194186654656,28.18929062904181,28.199579691657437,28.214253793672704,28.233582130347539,28.257910364531405,28.287660083956332,28.323327943260541,28.365484401945803,28.414771925677851,28.471902374794734,28.537652962639662,28.612859532256607,28.698404993885866,28.795199906277556,28.904152112964589,29.026124040221372,29.161880279359032,29.312033636766252,29.477002486738296
449,28.182539522552759,28.184567504330541,28.190689948715089,28.201022334668231,28.215757051245927,28.235163232966332,28.259586436193562,28.289448080531098,28.325244573488344,28.367546023159196,28.416994388267806,28.474300753482275,28.540241058906364,28.615648981073402,28.701403812075053,28.79841045562635,28.907568764367706,29.029731245042754,29.165652049078926,29.315935301330239,29.480994909418289
450,28.183910026609563,28.18594667604734,28.192095119710434,28.202470822516823,28.217266140791775,28.236750145195831,28.2612682822968,28.291241799966166,28.327166853525735,28.369613189847534,28.419222239521414,28.476704268975894,28.542833871281598,28.618442451187857,28.704405569074297,28.801622407300414,28.910984884972958,29.033335827311994,29.169419348071731,29.319831340235311,29.484981562196506
451,28.185286384922801,28.187331701180973,28.193506141008694,28.203925153585939,28.218781059967299,28.23834286390527,28.262955898851505,28.293041237133799,28.329094776217939,28.371685890700494,28.421455459944557,28.479112887620076,28.54543134566277,28.621239865640419,28.707410172476099,28.804835674828258,28.914400426760391,29.036937808565064,29.173182279261109,29.323721918313694,29.488962625163992
452,28.186668596913631,28.188722579018812,28.19492301151428,28.20538532619938,28.220301806386942,28.239941385923917,28.2646492817927,28.29484638671812,28.331028333986076,28.373764113613024,28.423694028846782,28.481526574433421,28.548033427235069,28.624041148471221,28.710417533423286,28.808050177476726,28.917815347531874,29.040537213086509,29.176940942955245,29.327607192864789,29.49293826930138
453,28.188056661913208,28.190119308762348,28.196345730057427,28.206851338622734,28.22182837762066,28.241545708034177,28.266348426964992,28.296657243190111,28.332967518797862,28.375847845672311,28.425937924381845,28.483945293237472,28.550640060674532,28.626846224892372,28.71342756657879,28.811265839907385,28.921229610357567,29.044134067475444,29.180695436872778,29.331487314194529,29.496908657207683
454,28.189450579165477,28.191521889529849,28.197774295396055,28.208323189063893,28.223360771191512,28.243155826963921,28.268053330106937,28.298473800783405,28.334912322141903,28.377937073151838,28.428187123595823,28.48636900678493,28.553251190333395,28.629655021428128,28.716440190071655,28.814482591847259,28.924643183080008,29.047728400275634,29.184445856183768,29.335362426100517,29.50087394374631
455,28.190850347829819,28.19293032035878,28.199208706217494,28.209800875673096,28.224898984572558,28.244771739378006,28.269763986834889,28.300296053471104,28.33686273500614,28.380031781513061,28.430441602482308,28.488797676885529,28.555866760405799,28.632467466022685,28.719455325421446,28.817700367777075,28.92805603787756,29.051320241668204,29.188192293563336,29.339232666302465,29.504834276609266
456,28.192255966983577,28.194344600208026,28.200648961139876,28.211284396542592,28.226443015183218,28.246393441869241,28.271480392626852,28.302123994944157,28.338818747860437,28.382131955412969,28.432701336040932,28.491231264526352,28.55848671507615,28.635283488126657,28.722472897454889,28.82091910663863,28.931468150867907,29.054909623199158,29.191934839247949,29.343098166837908,29.508789796832534
457,28.193667435624384,28.195764727960071,28.202095058713372,28.212773749705985,28.227992860385232,28.248020930948954,28.273202542806608,28.303957618591294,28.340780350642412,28.384237578715258,28.434966298337059,28.493669729987278,28.561110998655526,28.63810301877022,28.725492834218105,28.824138751554969,28.934879501738774,29.058496577532242,29.195673581094496,29.34695905443289,29.512740639275624
458,28.195084752672326,28.197190702422809,28.203546997421093,28.214268933137074,28.229548517477909,28.2496542030371,28.274930432527885,28.305796917480723,28.342747532747016,28.38634863450681,28.437236462564471,28.496113032951008,28.563739555701922,28.640925990614772,28.728515066878209,28.827359249567191,28.938290073421328,29.062081138243073,29.19940860464548,29.35081545083364,29.516686933044287
459,28.196507916971935,28.198622522331174,28.205004775679612,28.215769944748331,28.231109983693141,28.251293254452079,28.276664056759142,28.307641884343649,28.344720283019914,28.388465105118275,28.439511801109102,28.498561132607701,28.566372331126704,28.6437523379889,28.731539529619848,28.830580551387161,28.941699851795857,29.065663339641986,29.203139993196405,29.354667473109327,29.520628801872402
460,28.197936927293942,28.200060186348658,28.206468391839355,28.217276782389039,28.232677256189831,28.252938081400504,28.278403410268744,28.309492511559391,28.346698589753291,28.39058697214703,28.441792285612848,28.501013987754202,28.569009270291122,28.646581996914758,28.734566159540833,28.833802611162522,28.945108825418682,29.069243216613518,29.206867827862951,29.358515233936107,29.52456636447862
461,28.199371782336907,28.201503693068513,28.207937844184674,28.218789443843125,28.234250332048163,28.254588679966716,28.280148487610607,28.311348791142031,28.348682440684492,28.392714216483039,28.444077887037711,28.503471556888627,28.57165031909248,28.649414905123212,28.7375948965446,28.837025386253771,28.948516985272978,29.072820804476894,29.210592187649588,29.362358841859606,29.528499734892566
462,28.200812480728317,28.202953041014467,28.209413130933264,28.220307926826095,28.23582920826297,28.256245046102091,28.281899283111358,28.313210714731262,28.350671823001282,28.394846818340874,28.446368575729363,28.50593379829149,28.574295424024946,28.65225100204475,28.740625683230178,28.840248837043035,28.951924324573838,29.076396138889709,29.214313149517835,29.366198401509379,29.532429022715515
463,28.202259021025675,28.20440822864143,28.210894250235459,28.221832228982109,28.237413881737346,28.257907175615006,28.283655790857939,28.315078273583264,28.352666723345887,28.396984757288831,28.448664321477676,28.508400670106781,28.576944532246138,28.655090228810639,28.743658464789473,28.843472926738372,28.955330838556939,29.079969255734284,29.21803078845101,29.370034013827805,29.536354333402837
464,28.203711401717275,28.205869254335806,28.21238120017335,28.223362347880609,28.239004349276041,28.259575064160561,28.285418004686051,28.316951458563437,28.354667127822015,28.399128012280851,28.450965093576983,28.510872130416956,28.579597591632044,28.657932528242142,28.746693188902093,28.846697621192448,28.958736524293958,29.083540191026763,29.221745177519733,29.373865776274723,29.540275768512675
465,28.20516962122263,28.207336116415505,28.213873978759413,28.224898281012578,28.240600607578475,28.261248707230713,28.287185918169858,28.318830260141755,28.356673022004955,28.401276561690068,28.453270860883897,28.513348137309983,28.582254550820579,28.660777844831845,28.749729805633219,28.849922888737336,28.96214138053028,29.08710898084146,29.22545638794519,29.377693783012145,29.544193425928626
466,28.206633677892601,28.208808813129597,28.215372583934609,28.226440025786385,28.242202653231676,28.262928100145036,28.288959524613155,28.320714668390391,28.35868439095373,28.403430383342517,28.455581591871766,28.515828648939419,28.584915359247059,28.663626124720473,28.752768267335096,28.853148700032083,28.965545407539636,29.090675661246593,29.229164489160148,29.381518125073164,29.548107400061774
467,28.208103570009058,28.210287342657541,28.216877013566414,28.227987579523528,28.243810482703406,28.264613238041704,28.29073881704139,28.322604672982322,28.36070121922441,28.405589454551254,28.457897254683786,28.518313623580795,28.587579967174914,28.666477315670271,28.755808528550062,28.856375027917885,28.968948606989255,29.094240268247319,29.23286954886888,29.385338890521158,29.552017782040245
468,28.209579295784962,28.211771703108806,28.218387265446957,28.229540939454512,28.24542409233521,28.266304115868348,28.292523788192927,28.324500263189005,28.362723490882111,28.407753752149723,28.460217817187019,28.520803019691403,28.590248325731199,28.66933136704256,28.758850545913024,28.859601847266092,28.972350981793792,29.097802837720245,29.236571633107559,29.389156164619251,29.555924659912328
469,28.211060853363094,28.2132618925211,28.219903337289946,28.23110010271369,28.247043478335296,28.268000728374432,28.294314430514689,28.326401427884768,28.36475118952001,28.409923252527207,28.462543247017788,28.52329679594845,28.5929203869144,28.672188229757182,28.761894278063437,28.862829134868619,28.975752536027397,29.101363405387971,29.24027080629822,29.392970029946362,29.559828118779926
470,28.212548240814897,28.2147579088588,28.22142522672771,28.232665066334533,28.24866863677185,28.269703070104121,28.296110736157598,28.328308155550047,28.366784298275991,28.412097931661801,28.464873511626266,28.525794911290593,28.595596103609914,28.675047856260342,28.764939685559803,28.866056869319969,28.979153274819197,29.104922006779262,29.243967131301801,29.396780566527742,29.563728240952248
471,28.214041456139785,28.21625975001179,28.222952931308775,28.234235827245012,28.250299563566191,28.271411135388032,28.297912696970162,28.330220434272334,28.368822799847795,28.414277765154203,28.467208578325714,28.528297324966942,28.598275429612528,28.677910200494249,28.767986730787523,28.869285030886076,28.982553204235064,29.108478677182408,29.247660669475049,29.400587851978553,29.567625106115354
472,28.215540497262495,28.21776741379238,28.224486448493611,28.235812382261969,28.251936254486516,28.273124918338453,28.299720304498912,28.332138251756167,28.370866676515167,28.416462728259823,28.469548414325558,28.530803996556418,28.60095831961743,28.680775217853256,28.771035377887827,28.872513601427791,28.985952331223992,29.112033451637281,29.251351480714678,29.404391961586509,29.571518791424729
473,28.217045362031488,28.219280897933327,28.226025775651539,28.237394728086485,28.253578705141727,28.274844412843255,28.301533549985294,28.334061595327508,28.37291591015649,28.418652795919833,28.471892986772268,28.53331488600487,28.603644729232467,28.683642865151761,28.774085592676737,28.875742564291262,28.989350663522657,29.115586364900654,29.255039623508001,29.408192968432889,29.575409371647162
474,28.218556048217188,28.220800200085616,28.227570910057285,28.238982861298716,28.255226910975011,28.27656961255963,28.303352424363016,28.335990451939598,28.374970482267653,28.420847942793909,28.474242262789598,28.535829953657711,28.606334614983371,28.686513100586541,28.777137342564703,28.878971904206953,28.992748209572746,29.119137451420727,29.258725154982706,29.411990943502541,29.579296919287906
475,28.220072553508597,28.222325317814779,28.229121848886479,28.240576778352715,28.256880867258889,28.278300510911571,28.305176918260909,28.337924808184152,28.377030373982738,28.423048143287488,28.476596209504617,28.538349160273164,28.6090279343031,28.689385883697376,28.780190596494986,28.882201607223916,28.99614497847513,29.12268674533086,29.262408130946046,29.41578595575686,29.583181504672496
476,28.221594875510821,28.223856248598082,28.230678589211994,28.2421764755716,28.258540569089728,28.280037101085362,28.307007022002605,28.339864650299035,28.379095566092726,28.425253371581341,28.478954794081663,28.5408724670475,28.611724645531947,28.692261175330326,28.783245324871885,28.885431660622842,28.999540979920653,29.126234280430388,29.266088605929877,29.41957807222958,29.587063196056768
477,28.223123011742825,28.225392989821881,28.232241128000165,28.243781949142413,28.260206011381776,28.281779376024588,28.308842725605651,28.341809964175699,28.381166039064745,28.427463601662286,28.481317983758007,28.543399835641928,28.614424707918552,28.695138937600294,28.786301499486381,28.888662052825229,29.002936224117555,29.129780090164015,29.269766633237122,29.423367358126431,29.590942059741579
478,28.224656959632767,28.226935538776804,28.233809462105846,28.245393195111564,28.261877188864354,28.283527328431255,28.310684018788795,28.343760735373859,28.383241773062437,28.429678807344068,28.483685745857027,28.545931228180063,28.617128081597713,28.6980191338527,28.789359093472275,28.891892773357842,29.006330721775509,29.133324207629904,29.273442264970942,29.427153876867024,29.594818160116937
479,28.22619671651659,28.228483892655881,28.235383588269158,28.247010209379599,28.263554096074841,28.285280950758548,28.312530890968112,28.345716949126146,28.385322747964508,28.431898962301545,28.486058047832163,28.548466607285892,28.619834727600352,28.700901728626704,28.792418081220713,28.895123812741431,29.009724484011816,29.136866665548233,29.277115552087519,29.430937690205926,29.598691559802877
480,28.227742279632356,28.230038048548913,28.23696350311014,28.24863298769716,28.265236727357671,28.287040235214935,28.314383331267859,28.347678590355276,28.387408943384365,28.434124040085958,28.488434857269802,28.551005936069323,28.622544607823578,28.703786687619136,28.795478438350688,28.898355162477625,29.013117522356584,29.140407496278666,29.280786544417172,29.434718858251976,29.602562319666585
481,28.229293646124013,28.231598003445935,28.238549203131409,28.250261525666573,28.266925076865348,28.288805173766409,28.316241328526704,28.3496456436879,28.389500338694447,28.436354014158777,28.490816141926299,28.553549178153855,28.625257685033258,28.706673977650862,28.798540141641059,28.901586814965629,29.016509848685786,29.143946731801414,29.284455294287653,29.438499245756024,29.606539371651984
482,28.230850813011813,28.23316375420757,28.240140684688573,28.251895818712885,28.268619138531339,28.290575758112947,28.318104871279779,28.351618093443349,28.391596913020901,28.438588857889336,28.49320186972281,28.55609629766187,28.627973922835192,28.709563566623732,28.801603168980112,28.904818763457364,29.019901475206616,29.147484407858986,29.288122359566636,29.442294288787785,29.610602574832303
483,28.232413777226903,28.234735297599403,28.241737944023996,28.2535358621172,28.270318906103814,28.292351979724241,28.319973947798559,28.353595923679844,28.393698645296425,28.440828544611151,28.495592008797519,28.558647259251639,28.630693285685737,28.712455423499538,28.804667499317674,28.908051002008776,29.023292416101825,29.151020671384991,29.291790471543315,29.44611427285362,29.614720151547957
484,28.233982535581767,28.236312630262336,28.24334097723732,28.255181650987851,28.272024373118565,28.294133829816253,28.321848546072996,28.355579118183133,28.395805514254914,28.443073047619244,28.49798652749989,28.561202028101995,28.633415738862368,28.715349518256893,28.807733112620713,28.911283525935641,29.026682709070631,29.154556073542235,29.295463255454973,29.449960736017008,29.618880806236298
485,28.235557084772427,28.237895748714919,28.244949780287769,28.256833180263122,28.273735532903324,28.295921299358536,28.323728653823526,28.357567660484374,28.397917498454255,28.445322340194377,28.500385394410259,28.563760569919758,28.636141248452951,28.718245821863075,28.810799989957726,28.914516336116524,29.030072473715457,29.158091594414564,29.299143580097088,29.453833053834714,29.623078037419475
486,28.237137421374563,28.239484649349233,28.246564348990091,28.258490444707903,28.275452378576041,28.297714379075739,28.32561425850734,28.359561533871922,28.400034576292811,28.447576395620935,28.50278857835314,28.566322850941731,28.638869781341675,28.721144306273015,28.813868114352271,28.917749451295496,29.033461956278138,29.1616284047759,29.302833416763018,29.457730097416402,29.627307477807975
487,28.23872354183926,28.241079328426849,28.248184679010823,28.26015343891061,28.277174903043587,28.29951305944952,28.327505347324966,28.361560721403208,28.402156726025549,28.449835187203771,28.505196048409413,28.568888837935699,28.641601305201291,28.724044944587444,28.816937473425799,28.92098292376981,29.036851524550521,29.165167669286152,29.306534066329238,29.461650670237837,29.631565936004712
488,28.240315442489134,28.242679782074852,28.249810765864495,28.261822157280328,28.278903099000818,28.301317330720888,28.329401907227048,28.363565205916466,28.404283925779534,28.452098688284135,28.507607773927081,28.571458498201988,28.644335788518561,28.726947711616198,28.820008063805666,28.924216849750785,29.040241632982511,29.168710449594332,29.310246370733271,29.465593635608645,29.635850951128997
489,28.241913119514194,28.244286006281943,28.251442604910164,28.263496594044227,28.280636958929925,28.303127182892755,28.331303924921425,28.365574970042505,28.406416153568937,28.454366872254536,28.510023724531454,28.57403179958138,28.647073200711755,28.729852585008828,28.823079895933166,28.927451371222585,29.043632783438824,29.172257671631989,29.313970862145464,29.469557950821788,29.640160553256663
490,28.243516568967973,28.245897996894513,28.253080191347895,28.265176743245203,28.282376475100147,28.30494260573299,28.333211386880262,28.367589996216193,28.408553387309528,28.456639712572905,28.512443870135726,28.576608710483367,28.649813512406425,28.732759546849334,28.826152997802726,28.930686671203823,29.047025493254125,29.175810124297385,29.317707862390716,29.473542670778219,29.644493121018829
491,28.245125786763616,28.247515749612994,28.254723520215588,28.266862598739777,28.284121639567818,28.306763588777578,28.335124279347433,28.369610266687864,28.410695604832597,28.458917182776151,28.514868180955503,28.579189199955007,28.652556695898081,28.735668585409186,28.829227416929776,28.933922965622671,29.050420272775234,29.179368471163148,29.321457549131189,29.477546941226887,29.64884729104249
492,28.24674076867009,28.249139259988159,28.256372586385908,28.268554154196277,28.28587244417665,28.308590121334198,28.337042588345938,28.371635763534524,28.41284278389843,28.461199256494005,28.517296627533025,28.581773237810708,28.655302725776604,28.738579696732771,28.832303220524462,28.937160494260471,29.05381761125393,29.182933266382655,29.325219999931669,29.481569989256244,29.653221897459144
493,28.24836151030857,28.250768523417662,28.258027384563405,28.27025140309323,28.287628880558358,28.310422192485991,28.338966299685445,28.373666468670955,28.414994902209571,28.463485907464744,28.519729180778249,28.584360794830058,28.658051579635696,28.741492885830787,28.835380494318965,28.940399512288977,29.057217968653443,29.186504970639717,29.328995222652821,29.485611113668337,29.65761592912812
494,28.249988007148772,28.252403535142697,28.259687909281816,28.271954338718068,28.289390940133554,28.312259791095457,28.340895398969884,28.37570236386054,28.417151937424077,28.465777109555074,28.522165812033549,28.58695184302081,28.66080323878694,28.744408167384762,28.83845934048276,28.943640283000146,29.06062177173861,29.190083965787984,29.332783176132924,29.489669676122929,29.662028499110274
495,28.251620254505653,28.254044290244728,28.261354154901603,28.273662954165996,28.291158614112877,28.314102905808742,28.342829871605066,28.37774343072611,28.419313867169734,28.468072836786948,28.524606493166488,28.589546355928938,28.663557688898763,28.747325565964108,28.841539875082777,28.946883071976362,29.064029412858925,29.193670567457868,29.33658378477622,29.493745093401422,29.666458821833526
496,28.253258247536035,28.255690783642507,28.263026115607666,28.275377242339164,28.292931893498348,28.315951525059944,28.344769702806392,28.379789650760895,28.421480669059964,28.470373063374183,28.527051196689719,28.592144308970553,28.666314920509848,28.750245115838752,28.844622225424743,28.950128142570559,29.067441250337556,29.197265035806854,29.340396949011083,29.497836830689177,29.670906195602143
497,28.254901981235594,28.257343010089212,28.264703785407246,28.277097195946034,28.294710769085086,28.317805637075626,28.346714877606605,28.381841005339773,28.423652320712584,28.472677763770101,28.529499895904667,28.594745679762671,28.66907492939545,28.7531668604754,28.847706527451056,28.953375752525336,29.07085760991118,29.200867584553816,29.344222552738319,29.50194439580012,29.67536998908523
498,28.256551450435815,28.259000964169719,28.266387158128083,28.278822807501069,28.296495231463073,28.319665229879561,28.348665380863707,28.383897475731551,28.425828799772713,28.474986912728411,28.531952565064049,28.597350448429872,28.671837716766873,28.756090851789608,28.850792923349765,28.956626151628363,29.074278786749971,29.204478388383901,29.348060468612342,29.506067334293132,29.679849630803307
499,28.258206649801281,28.260664640298078,28.268076227416756,28.280554069324513,28.298285271019239,28.321530291297552,28.350621197269181,28.385959043112244,28.42801008394073,28.477300485375384,28.534409179542322,28.599958597869168,28.674603289329923,28.759017149280435,28.853881559435269,28.959879580059276,29.077705047643661,29.208097589201472,29.351910562064887,29.510205225229384,29.684344600474585
500,28.259867573827066,28.262334032715309,28.269770986737239,28.282290973542512,28.300080877939724,28.323400808962482,28.352582311356635,28.388025688580431,28.430196151005759,28.479618457292645,28.536869716007367,28.6025701139631,28.67737165921276,28.761945819090467,28.856972584312874,28.96313626734652,29.081136633295564,29.211725301302849,29.355772694190417,29.514357677539632,29.688854422080613
501,28.261534216836349,28.264009135487164,28.27147142936964,28.284033512087372,28.301882042212387,28.32527677031965,28.354548707511011,28.390097393174557,28.432386978884907,28.481940804607518,28.539334152585791,28.605184985739321,28.680142843791703,28.764876933046533,28.860066147311866,28.966396431767642,29.084573760587393,29.215361615703198,29.359646723885515,29.518524326876616,29.693378658136321
502,28.263206572978149,28.265689942502284,28.273177548409215,28.285781676698122,28.30368875362938,28.327158162632333,28.356520369978888,28.392174137893257,28.434582545668647,28.484267504089406,28.541802469015014,28.607803205467253,28.68291686542252,28.767810567718051,28.863162397213436,28.969660280135191,29.088016624727157,29.219006603664859,29.363532509366845,29.52270483293454,29.697916905034955
503,28.264884636225414,28.267376447470447,28.27488933676554,28.28753545892117,28.305501001790255,28.329044972987845,28.358497282879675,28.394255903718484,28.436782829671166,28.486598533247317,28.54427464677596,28.610424768701041,28.685693751119299,28.77074680353341,28.866261481206124,28.972928007788848,29.091465401240775,29.222660319704922,29.367429909349056,29.526898877086794,29.702468789055512
504,28.266568400373117,28.269068643921102,28.276606787161885,28.289294850111268,28.307318776104967,28.330937188304077,28.360479430218327,28.39634267164163,28.438987809484587,28.488933870425981,28.546750669205,28.613049674275036,28.688473532195278,28.773685723955765,28.86936354403845,28.976199798762003,29.094920247826604,29.226322804133243,29.371338783908413,29.531106160313634,29.707033962982138
505,28.268257859036694,28.270766525201967,28.278329892134881,28.29105984143272,28.309142065797488,28.332834795336577,28.362466795899401,28.398434422692482,28.441197464036303,28.491273494898685,28.549230521584029,28.615677924256595,28.691256243877714,28.77662741472513,28.872468727349833,28.979475826084478,29.098381306061473,29.229994085184213,29.375258995102264,29.535326401386236,29.711612103233335
506,28.269953005650592,28.272470084478076,28.280058644034227,28.292830423860686,28.310970859909553,28.33473778068651,28.364459363742917,28.400531137971253,28.443411772648393,28.493617386953613,28.55171419120482,28.618309523857302,28.694041924908511,28.779571963181589,28.875577169174125,28.982756252186086,29.101848702937517,29.233674180777019,29.379190407391427,29.539559335292264,29.716202907446899
507,28.27165383346717,28.274179314730713,28.28179303502289,28.294606588182937,28.312805147305006,28.33664613080936,28.366457117501849,28.402632798682966,28.4456307150976,28.495965527972142,28.554201667409846,28.620944481314464,28.696830617147263,28.782519457666311,28.878689003569875,28.986041229345336,29.105322552250598,29.237363100015514,29.383132887945287,29.543804711839343,29.720806092379416
508,28.273360335555587,28.275894208756874,28.283533057077186,28.296388325001772,28.314644916674432,28.338559832024657,28.368460040881455,28.404739386173709,28.447854271674288,28.498317900497369,28.556692941611519,28.623582807751031,28.699622365185931,28.785469986993125,28.881804360346976,28.989330900160425,29.1088029558614,29.241060844483016,29.38708630686008,29.548062294403525,29.725421392057495
509,28.275072504801102,28.277614759168717,28.285278701987455,28.29817562473626,28.316490156540524,28.340478870526784,28.370468117560133,28.406850881968385,28.450082423239358,28.500674488291867,28.559188007290476,28.626224517017643,28.702417215978521,28.788423639990473,28.884923364885747,28.992625398038903,29.112290004828978,29.24476740933304,29.391050537291509,29.552331858823756,29.730048556181064
510,28.276790333904458,28.279340958393338,28.28702996135867,28.299968477624844,28.318340855263816,28.342403232396482,28.372481331211613,28.408967267809132,28.452315151278889,28.503035276386743,28.561686859978924,28.628869625524043,28.705215218485645,28.791380505094743,28.888046138017199,28.995924847692734,29.115783780450951,29.248482784244118,29.395025455536814,29.556613192396252,29.734687348693544
511,28.278513815381558,28.281072798672717,28.288786826611485,28.30176687372828,28.320197001049195,28.344332903613846,28.374499665528667,28.411088525694229,28.454552437954781,28.505400251118235,28.564189497224337,28.631518152059076,28.708016423342251,28.794340670013174,28.891172795979084,28.99922936563107,29.119284355178927,29.25220695420467,29.399010941058268,29.560906092997303,29.739337546562137
512,28.280242941563269,28.282810272063955,28.290549288983577,28.303570802933091,28.322058581953087,28.346267870072136,28.376523104248051,28.413214637916965,28.456794266151164,28.507769400153474,28.56669591853921,28.63417011760701,28.710820882549864,28.797304221440143,28.894303450418338,29.002539060637524,29.122791793440577,29.255939900187641,29.403006876477111,29.565210368294654,29.743998938695725
513,28.281977704595608,28.284553370439713,28.292317339531131,28.30538025495537,28.323925585891363,28.348208117592755,28.378551631176133,28.415345587103467,28.459040619515765,28.51014271250612,28.5692061253399,28.63682554516415,28.713628649193133,28.800271244817324,28.897438208425619,29.005854034228282,29.126306152384444,29.25968159974008,29.407013147547723,29.569525835030785,29.748671324972332
514,28.283718096440044,28.286302085488963,28.294090969130956,28.3071952193451,28.325798000647946,28.350153631941012,28.380585230215015,28.41748135624918,28.461291482496222,28.512520178542935,28.571720120877057,28.63948445955846,28.716439777179488,28.803241824132083,28.900577172596087,29.009174381091004,29.129827482555822,29.263432027497579,29.411029643114734,29.573852318370459,29.753354515364308
515,28.285464108874105,28.28805640871791,28.295870168482576,28.309015685491033,28.327675813884191,28.352104398842819,28.382623885389076,28.419621928753752,28.463546840370785,28.514901789980964,28.574237910158104,28.642146887272766,28.719254321003483,28.806216041755015,28.903720441116036,29.012500189503086,29.133355828500395,29.267191155620935,29.415056255053457,29.578189651315952,29.758048329165376
516,28.287215733492197,28.289816331451348,28.297654928110973,28.310841642625963,28.329559013148842,28.35406040400191,28.384667580871408,28.421767288454088,28.465806679274763,28.517287539878328,28.576759499865002,28.644812856272207,28.722072335528662,28.809193978303067,28.906868107864653,29.015831541733228,29.13689122931989,29.270958954184263,29.41909287820161,29.582537674165888,29.762752594282283
517,28.288972961706776,28.291581844834141,28.299445238369572,28.312673079832653,28.331447585888821,28.356021633117848,28.386716301010072,28.423917419654938,28.468070986220692,28.519677422616255,28.57928489826649,28.647482395838814,28.724893875795196,28.812175712538195,28.910020262533621,29.01916851441705,29.140433719160761,29.274735391498137,29.423139410281401,29.586896234034377,29.767467146614244
518,28.290735784749796,28.293352939833248,28.301241089443774,28.314509986050275,28.333341519460621,28.357988071904437,28.388770030354003,28.426072307157089,28.470339749113435,28.522071433874704,28.581814115127717,28.650155536413855,28.727718996847834,28.815161321289356,28.913176990754945,29.022511178910612,29.143983327656894,29.278520434392266,29.427195751818349,29.591265184410712,29.772191829489316
519,28.292504193674503,28.295129607239971,28.303042471354807,28.316352350081484,28.335240801142383,28.35995970610848,28.390828753677976,28.428231936282447,28.472612956759949,28.524469570602413,28.584347161618727,28.652832309449042,28.730547753583533,28.818150879395986,28.916338374234343,29.025859601621502,29.147540080328309,29.282314048460023,29.431261806057627,29.595644384757943,29.776926493155596
520,28.294278179357505,28.296911837672525,28.304849373964036,28.318200160599844,28.337145418146317,28.361936521528637,28.392892456006933,28.430396292897239,28.474890598875628,28.526871830983495,28.586884050222665,28.655512747264076,28.733380200611961,28.821144459664474,28.919504490887316,29.029213844324737,29.151103998952127,29.28611619827997,29.43533747887966,29.600033700136116,29.781670994306292
521,28.296057732501268,28.298699621579146,28.306661786977909,28.32005340615806,28.339055357631832,28.363918504034348,28.394961122638808,28.432565363430939,28.477172666084048,28.529278214398083,28.589424794644714,28.658196882917288,28.736216392140058,28.824142132847317,28.922675414977519,29.032573964449547,29.154675101883399,29.289926847597034,29.439422678715541,29.604433000869808,29.786425195665522
522,28.297842843637,28.300492949241566,28.308479699953143,28.321912075196547,28.340970606718908,28.365905639584444,28.397034739166276,28.434739134893309,28.479459149914582,28.531688721381908,28.591969409722907,28.660884750081539,28.739056381864135,28.8271439676281,28.925851217254174,29.035940015356026,29.158253404359758,29.29374595949119,29.443517316462941,29.608842162230371,29.791188965594234
523,28.29963350312784,28.302291810778744,28.310303102302427,28.323776156052389,28.342891152501672,28.36789791424582,28.399113291497276,28.436917594888829,28.481750042796051,28.534103353582751,28.594517911339647,28.663576382928206,28.741900222876524,28.830150030620111,28.929031965090921,29.039312046593469,29.161838918775025,29.297573496521114,29.447621305402063,29.613261064145881,29.795962177733671
524,28.301429701172612,28.304096196151267,28.312131983300759,28.325645636968989,28.344816982062454,28.369895314211323,28.401196765873724,28.439100731627374,28.484045338045949,28.536522113714064,28.597070316336431,28.666271816022562,28.74474796758895,28.833160386377703,28.93221772262169,29.042690104136192,29.165431654919576,29.301409420844088,29.451734561114055,29.6176895909406,29.800744710688129
525,28.3032314278095,28.305906095165636,28.313966332091621,28.327520506105543,28.3467480824856,28.371897825817847,28.403285148890369,28.44128853393558,28.486345029860608,28.538945005509699,28.599626642428511,28.668971084217119,28.747599667652075,28.836175097403942,28.9354085508762,29.046074230623841,29.169031620228647,29.305253694342095,29.455857001399362,29.622127631067496,29.805536447698188
526,28.305038672921047,28.307721497479996,28.315806137694704,28.32940075154794,28.348684440872017,28.373905435563099,28.405378427508825,28.443480991259104,28.488649113294318,28.541372033672122,28.602186908127226,28.671674222572644,28.750455373916047,28.839194224189992,28.938604507909421,29.049464465546119,29.172638819947757,29.309106278687267,29.45998854620138,29.626575076914762,29.810337276412433
527,28.306851426238971,28.309542392609508,28.317651389013211,28.331286361319123,28.350626044353124,28.375918130121971,28.40747658907242,28.445678093667755,28.490957584243436,28.543803203825664,28.604751132662944,28.674381266270611,28.75331513637321,28.842217825236013,28.941805648927229,29.05286084544835,29.176253257336125,29.31296713543891,29.464129117531165,29.631031824579225,29.815147088613269
528,28.308669677349378,28.31136876993223,28.319502074841633,28.333177323389812,28.352572880104866,28.377935896362441,28.409579621319384,28.447879831857627,28.49327043942683,28.5462385224677,28.607319335910443,28.677092250534738,28.756179004114809,28.845245957083712,28.945012026410872,29.056263404117797,29.179874933840459,29.316836226117939,29.468278639393382,29.635497773666238,29.819965779978482
529,28.310493415698616,28.313200618695639,28.321358183874139,28.335073625689681,28.354524935361695,28.379958721360442,28.411687512393723,28.450086197149894,28.495587676363371,28.548677996919604,28.609891538319374,28.679807210562924,28.759047025299413,28.84827867435466,28.948223690235171,29.059672172751604,29.183503849246108,29.320713512267396,29.472437037716134,29.639972827110377,29.824793249869209
530,28.312322630599681,28.315037928023649,28.323219704713342,28.336975256118677,28.356482197430093,28.381986592413519,28.413800250854067,28.452297181487396,28.497909293348311,28.551121635279092,28.612467760849231,28.682526181466116,28.761919247127768,28.851316029790556,28.951440687781279,29.063087180112674,29.187140001814505,29.324598955505017,29.476604240283745,29.644456891009501,29.829629401134643
531,28.314157311238997,28.316880686923938,28.325086625879322,28.338882202558274,28.35844465370182,28.384019497053675,28.415917825681419,28.454512777429951,28.500235289428655,28.553569446372912,28.615048024906951,28.685249198211842,28.764795715822633,28.854358074295835,28.954663064046212,29.066508452676604,29.190783388409852,29.328492517569089,29.480780176671633,29.648949874468684,29.834474139929345
532,28.315997446682612,28.318728884294813,28.326958935818233,28.34079445288269,28.360412291667455,28.386057423061356,28.418040226288618,28.456732978151788,28.502565664380242,28.556021439709205,28.617632352280719,28.687976295560563,28.767676476600705,28.857404856976192,28.957890861756855,29.069936014792059,29.194434004642702,29.332394160375184,29.484964778178377,29.653451689428582,29.839327375510557
533,28.317843025884642,28.320582508934177,28.328836622912647,28.342711994970688,28.36238509892857,28.388100358474784,28.420167442521866,28.458957777429319,28.504900418678034,28.558477625432765,28.620220765091688,28.690707508033402,28.770561573677266,28.860456425191195,28.961124121462404,29.073369888784391,29.198091844945722,29.336303846031601,29.489157977770557,29.657962250557507,29.844189020116268
534,28.319694037694919,28.322441549547626,28.330719675490997,28.344634816716745,28.364363063209797,28.390148291600493,28.422299464665098,28.461187169633359,28.507239553470804,28.56093801428127,28.62281328573993,28.693442869866637,28.773451050254259,28.863512824596711,28.964362881632802,29.076810095084031,29.20175690268238,29.3402215368769,29.493359710023636,29.662481475113527,29.84905898880438
535,28.321550470866296,28.324305994756369,28.332608081837027,28.346562906042472,28.366346172371614,28.39220121102494,28.424436283445559,28.463421149721896,28.509583070555024,28.5634026175393,28.625409936847198,28.69618241496342,28.776344948508083,28.86657409919011,28.967607178762037,29.080256652358937,29.205429170257258,29.344147195516403,29.497569911060385,29.667009282804219,29.853937199289771
536,28.323412314064555,28.326175833107445,28.334501830200718,28.34849625090785,28.368334414420019,28.394259105619405,28.42657789002968,28.465659713223378,28.511930972345144,28.565871447000987,28.628010741223495,28.698926176879159,28.779243309605942,28.869640291360156,28.970857047440855,29.083709577587879,29.209108639164064,29.348080784825857,29.501788518506359,29.671545595707599,29.858823571856583
537,28.325279555876143,28.328051053081921,28.336400908807779,28.350434839322169,28.370327777518327,28.396321964550086,28.428724276027008,28.467902856228587,28.514283261848323,28.568344514926867,28.630615721814245,28.701674188777577,28.78214617369559,28.872711441930264,28.974112520454039,29.0871688861852,29.212795300089535,29.352022267985785,29.506015471431468,29.676090338138959,29.863718029203582
538,28.327152184817471,28.329931643104551,28.338305305870101,28.352378659355082,28.372326249997244,28.39838977728429,28.430875433488254,28.47015057537644,28.516639942636303,28.570821834005429,28.633224901661873,28.704426483408056,28.785053579913914,28.875787590205878,28.977373628859389,29.090634592088172,29.216489142977199,29.355971608494055,29.5102507103019,29.680643436556849,29.868620496337773
539,28.329030189344575,28.331817591553634,28.340215009596005,28.354327699146879,28.374329820363531,28.400462533594709,28.433031354901747,28.47240286783936,28.519001018818802,28.573303417318417,28.635838303872433,28.707183093087323,28.787965566397123,28.878868774019168,28.980640402059962,29.094106707835657,29.220190157083923,29.359928770175951,29.514494176935667,29.685204819477555,29.873530900477917
540,28.330913557861603,28.333708886769966,28.342130008200332,28.35628194691963,28.37633847731118,28.402540223567801,28.435192033194394,28.47465973131175,28.521366495016242,28.575789278299393,28.638455951569753,28.709944049666561,28.790882170280913,28.881955029775376,28.983912867892531,29.097585244673549,29.223898331062465,29.363893717206601,29.518745814449179,29.689774417362287,29.878449170925272
541,28.332802278742133,28.335605517078022,28.344050289925086,28.358241390995961,28.378352209736249,28.404622837611956,28.437357461730798,28.476921163999489,28.523736376342395,28.57827943071651,28.641077867887944,28.712709384542698,28.793803427734396,28.885046392505465,28.987191052687475,29.101070212607013,29.227613652993714,29.367866414117355,29.523005565645093,29.694351359172884,29.883326811921187
542,28.334696340296961,28.337507470754232,28.345975843008837,28.360206019770025,28.380371006708302,28.406710366426989,28.439527634276949,28.47918716457329,28.526110668344494,28.580773888600781,28.643704075896188,28.715479128594776,28.796729373925452,28.888142895871145,28.990474981308626,29.104561620450841,29.2313361104056,29.371846823915764,29.527273149196507,29.698928738305792,29.888172741055783
543,28.336595730845549,28.339414736098309,28.347906655757473,28.362175821776372,28.382394857535402,28.408802801062304,28.44170254504834,28.481457732204824,28.528489377028226,28.583272666265525,28.646334598622804,28.718253312225318,28.799660043090242,28.891244572266352,28.993764677279934,29.108059475959774,29.235065689639494,29.37583486040652,29.53154731773089,29.703501940395476,29.893001053349099
544,28.338500438685092,28.341327301402451,28.349842716513727,28.364150785659245,28.384423751731838,28.410900132880762,28.443882188667423,28.483732866515897,28.530872508799249,28.585775778244336,28.648969458997627,28.721031965317167,28.802595468512258,28.894351452819667,28.997060162799823,29.11156378561796,29.238802366255229,29.379830257779194,29.535826426901149,29.708070243030846,29.897816734158738
545,28.340410452110699,28.343245154971527,28.351784013677019,28.366130900191308,28.386457679033953,28.413002353569201,28.446066560166152,28.486012567571372,28.533260070447358,28.588283239271149,28.651608679836688,28.723815117233315,28.80553568254636,28.897463567443904,29.000361458753524,29.115074552782055,29.242546079108813,29.383832559543961,29.540109169644811,29.71263388669923,29.90262263738558
546,28.342325759425375,28.345168285132978,28.353730535712984,28.368116154281978,28.388496629405655,28.415109455138818,28.448255654978887,28.488296835863288,28.535652069122833,28.590795064253605,28.654252283820622,28.726602796810187,28.808480716634293,28.900580944862021,29.003668584371457,29.11859177224547,29.24629671042414,29.387841224689392,29.544394638755513,29.71719333695513,29.907420669090353
547,28.344246348949898,28.347096680246633,28.35568227116292,28.3701065369854,28.390540593043429,28.417221429925018,28.450449468934881,28.490585672294955,28.538048512313537,28.593311268247696,28.656900293474859,28.72939503235245,28.811430601317763,28.903703612561589,29.006981556087325,29.122115423287145,29.250054088142139,29.391855715128241,29.548682225764029,29.721749090560852,29.912212213019899
548,28.346172209032716,28.349030328714449,28.357639208652781,28.372102037508046,28.392589560380763,28.419338270586596,28.452647998250377,28.492879078165021,28.540449407822688,28.595831866433986,28.659552731151667,28.732191851628492,28.814385366237143,28.906831596568747,29.010300385612002,29.125645465099172,29.253818001432794,29.39587553881357,29.55297152695664,29.726301618511616,29.916998328954847
549,28.348103328059647,28.350969218990041,28.359601336902188,28.374102645215899,28.394643522092057,28.421459970104465,28.454851239520288,28.495177055151807,28.542854763747258,28.598356874094861,28.662209619013396,28.734993281864114,28.817345040089588,28.90996492096891,29.013625077823917,29.129181835990622,29.257588218195412,29.399900264244963,29.557262277008547,29.730851350865542,29.921779859147925
550,28.350039694463533,28.352913339588138,28.361568644732966,28.376108349641218,28.396702469096063,28.42358652177985,28.457059189709657,28.497479605297549,28.545264588457222,28.600886306593218,28.664870979016698,28.737799349727805,28.820309650516702,28.913103607218979,29.016955629137925,29.132724455538174,29.261364499253261,29.403929521052099,29.561554304791272,29.735398675087417,29.926557491591669
551,28.351981296733758,28.354862679093802,28.363541121077439,28.378119140488906,28.39876639255877,28.425717919232003,28.459271846144869,28.499786730993019,28.547678890575398,28.603420179352128,28.667536832895969,28.74061008129901,28.823279223909584,28.916247673390775,29.020292026658296,29.136273228206839,29.265146608379879,29.407962994870548,29.565847503780304,29.73994393896163,29.93133180049286
552,28.353928123425518,28.356817226171483,28.365518754986535,28.38013500764249,28.400835283895841,28.427854156395501,28.461489206504559,28.50209843496221,28.550097678958021,28.605958507835197,28.670207202143295,28.743425502009792,28.826253785141553,28.919397133485568,29.0236342481276,29.139828047421247,29.268934318592407,29.412000420170649,29.570141812539081,29.74448745488947,29.936103272904003
553,28.355880163168937,28.358776969573743,28.367501535637466,28.382155941169717,28.40290913477466,28.429995227517164,28.46371126881052,28.504414720247294,28.55252096267607,28.608501307526819,28.672882107981696,28.746245636556289,28.829233357262805,28.922551996927798,29.026982262485131,29.143388799341221,29.272727415759235,29.416041573225698,29.574437201227145,29.74902950406096,29.940872327767678
554,28.357837404678005,28.360741898149886,28.369489452341135,28.384181931327639,28.404987937115791,28.432141127152633,28.4659380314183,28.506735590193824,28.554948750996655,28.611048593911399,28.675561571328959,28.749070508783145,28.832217961194701,28.92571226826708,29.030336030801237,29.146955366122576,29.27652570044248,29.420086265587511,29.578733662193962,29.753570340408739,29.945639329640922
555,28.359799836759169,28.362712000854227,28.371482494549234,28.386212968567474,28.407071683094223,28.434291850162541,28.468169493007878,28.509061048436159,28.557381053364971,28.613600382450123,28.67824561274946,28.751900141546109,28.835207615455037,28.928877947102077,29.03369550744145,29.150527628541553,29.280328988397592,29.424134338439,29.583031203633308,29.758110194030184,29.950404598636979
556,28.361767448319839,28.364687266754082,28.373480651860969,28.388249043538913,28.40916036514,28.436447391708498,28.47040565257409,28.511391098882971,28.559817879385562,28.616156688554117,28.680934252394493,28.754734556565584,28.8382023359407,28.932049028186071,29.037060641276305,29.154105468011185,29.284137110392585,29.428185657855689,29.587329844915022,29.762649274123582,29.955168418198213
557,28.363740228376447,28.366667685037559,28.375483914029456,28.390290147094156,28.411253975938685,28.438607747248646,28.472646509417128,28.513725745702864,28.562259238802969,28.618717527553073,28.683627509932609,28.757573774281827,28.841202135778357,28.93522550167112,29.040431376849252,29.1576887680909,29.287949911608553,29.432240110798787,29.591629613218426,29.767187771535351,29.959931041107044
558,28.365718166062361,28.368653245020894,28.377492270967831,28.392336270291509,28.413352508431277,28.440772912533177,28.474892063132888,28.516064993309762,28.564705141481017,28.621282914659233,28.68632540447328,28.760417813720789,28.844207025240163,28.938407353445921,29.043807655466107,29.161277415596928,29.291767250775564,29.436297601739209,29.595930541098088,29.771725860949427,29.964692694240625
559,28.367701250635438,28.370643936155677,28.379505712754938,28.394387404398664,28.415455955813957,28.442942883599379,28.47714231360316,28.518408846348024,28.567155597380246,28.623852864926292,28.689027954485951,28.763266692378387,28.847217011732077,28.941594565548314,29.047189416160169,29.164871301317845,29.295588999161104,29.440358049935622,29.60023266479303,29.776263702717802,29.969453582257422
560,28.36968947148528,28.372639748035606,28.381524229640732,28.396443540895575,28.41756431153733,28.445117656766669,28.479397260985714,28.520757309676952,28.569610616533225,28.626427393204331,28.691735177719746,28.7661204261283,28.850232099836163,28.944787116600381,29.050576596526916,29.168470320492663,29.299415039568441,29.44442138713254,29.604536022903151,29.780801444458969,29.974213890690475
561,28.371682818140187,28.374640670402943,28.383547812051251,28.398504671476974,28.419677569305541,28.447297228631122,28.481656905704096,28.523110388354471,28.572070209017792,28.629006514091856,28.694447091126992,28.768979029156306,28.853252291401276,28.947984982248023,29.053969133426335,29.172074373088769,29.303245265355532,29.448487555643663,29.608840655418387,29.785339222432246,29.978973788473429
562,28.373681280273843,28.376646693154708,28.385576450593422,28.400570788054623,28.421795723074933,28.449481596060131,28.483921248437021,28.525468087619981,28.574534384928082,28.631590241886066,28.697163710792825,28.771842513918532,28.856277585666735,28.951188135591252,29.057366963578826,29.175683363939243,29.307079579484995,29.452556506733092,29.613146602997837,29.78987716273636,29.98373343004813
563,28.375684847711547,28.378657806348556,28.38761013605933,28.402641882759138,28.423918767052506,28.451670756186395,28.486190290107437,28.527830412876014,28.577003154343853,28.63417859053289,28.699885051872947,28.774710891124247,28.859307979414616,28.954396547596673,29.06077002405322,29.179297202755098,29.310917893629085,29.456628199278143,29.617453906451054,29.794415382342265,29.98849295710642
564,28.377693510436277,28.380674000208156,28.389648859430256,28.404717947941588,28.42604669569403,28.453864706401813,28.488464031870937,28.530197369668873,28.57947652729807,28.636771573577594,28.702611128541729,28.77758416974326,28.862343467143397,28.957610187479879,29.064178252649018,29.182915804045141,29.314760127353829,29.460702598671084,29.621762606367216,29.79895398998006,29.993252500034593
565,28.379707258594298,28.382695265128472,28.391692611880341,28.406798976174606,28.428179503701831,28.456063444351038,28.490742475103644,28.53256896366808,28.58195451374365,28.639369204117845,28.705341953951248,28.780462357032661,28.865384041249943,28.960829023052938,29.067591588200752,29.186539086991566,29.318606207376853,29.464779675877526,29.626072742827535,29.803493086924433,29.998012179167283
566,28.381726082500474,28.384721591680485,28.393741384779968,28.408884960253364,28.430317186022315,28.458266967924466,28.493025621389371,28.534945200644852,28.584437123519702,28.641971494760011,28.708077540201117,28.783345458578843,28.868429692213706,28.964053021037646,29.071009970819738,29.19016697529467,29.322456066888517,29.468859406628127,29.630384355188777,29.808032767692126,30.002772105875323
567,28.383749972643248,28.386752970615717,28.395795169698694,28.410975893196056,28.432459737843072,28.460475275250982,28.495313472506115,28.537326086449763,28.586924366318147,28.644578457580039,28.710817898320045,28.786233478354291,28.871480408780805,28.967282147342527,29.074433342072091,29.193799396985458,29.326309644939911,29.472941770751916,29.634697481940712,29.81257312064584,30.007532383478171
568,28.385778919689358,28.388789392870457,28.397853958408046,28.413071768244251,28.434607154589791,28.462688364690216,28.497606030412076,28.539711626989959,28.589416251650807,28.647190104087173,28.713563038253447,28.789126418780633,28.874536178145423,28.970516367319849,29.077861645126983,29.197436284229052,29.330166885869115,29.477026751571998,29.639012160589779,29.817114228554885,30.012293108081401
569,28.387812914488158,28.390830849569554,28.399917742883858,28.415172578862759,28.43675943192266,28.46490623482422,28.499903297230812,28.542101828205677,28.591912788817531,28.64980644519402,28.716312968864667,28.792024280805368,28.877596986125276,28.973755645978912,29.081294824840082,29.201077573107316,29.334027738807745,29.48111433544009,29.643328427604988,29.821656169060113,30.01705436924507
570,28.389851948075556,28.392877332029922,28.401986515308252,28.41727831873914,28.43891656573242,28.46712888444879,28.502205275235902,28.544496696046615,28.594413986876024,28.652427491191627,28.719067697943974,28.794927063983046,28.880662817327575,28.976999948172029,29.084732827809162,29.204723203406147,29.337892157235011,29.48520451132665,29.647646318378438,29.826199015095796,30.021816250585925
571,28.391896011677648,28.394928831763611,28.404060268071298,28.419388981783023,28.441078552136027,28.469356312564081,28.504511966835032,28.546896236448546,28.596919854613706,28.655053251729584,28.72182723222426,28.797834766559014,28.883733655304347,28.980249238755679,29.088175602408011,29.208373118409099,29.34176009857255,29.489297270460813,29.651965867200548,29.830742835272289,30.026578830317245
572,28.393945096714091,28.396985340480786,28.406138993772469,28.421504562124866,28.443245387471862,28.471588518365007,28.506823374553914,28.549300455310114,28.599430400521776,28.657683735801161,28.724591577402983,28.800747385554146,28.886809482697178,28.983503482729951,29.09162309880136,29.212027264695887,29.345631523816724,29.493392606017412,29.656287107249611,29.835287694221694,30.031342181729794
573,28.395999194801096,28.399046850092102,28.40822268522157,28.423625054114549,28.445417068294706,28.473825501230973,28.509139501019774,28.55170935847045,28.601945632771706,28.660318951733156,28.727360738169182,28.803664916850316,28.889890281371091,28.98676264535619,29.095075268940789,29.215685591946276,29.349506397209193,29.49749051285136,29.660610070595681,29.839833652905693,30.036106373612601
574,28.398058297754027,28.40111335271094,28.410311335439445,28.425750452319456,28.447593591370001,28.476067260715404,28.511460348944802,28.55412295168745,28.604465559194463,28.662958907180492,28.730134718235284,28.80658735527506,28.892976032538083,28.990026692255658,29.098532066545868,29.21934805275118,29.353384685941489,29.501590987271079,29.664934788214417,29.8443807688917,30.040871470624545
575,28.400122397589815,28.403184840655225,28.41240493765833,28.427880751522316,28.449774953668054,28.478313796534803,28.513785921109587,28.556541240616831,28.606990187261708,28.665603609123952,28.732913520371319,28.809514694684921,28.896066716871839,28.99329558949502,29.101993447077252,29.223014602431856,29.357266359882978,29.505694026834711,29.669261290004485,29.848929096608227,30.0456375336361
576,28.402191486529052,28.40526130644907,28.414503485321987,28.430015946718711,28.451961152357768,28.480565108557659,28.516116220346564,28.558964230792007,28.60951952406915,28.66825306387133,28.735697146442003,28.812446928047311,28.89916231461428,28.996569303658525,29.105459367700774,29.226685198865464,29.361151391332637,29.509799630172822,29.673589604811287,29.853478687578086,30.050404620036868
577,28.40426555699743,28.407342742823712,28.416606972085084,28.432156033113834,28.454152184799646,28.482821196792706,28.518451249523661,28.561391927606213,28.612053576325231,28.67090727706637,28.738485597449543,28.815384047517711,28.902262805660975,28.999847801889455,29.108929787233922,29.230359802330444,29.365039754825968,29.513907796865471,29.677919760459542,29.858029590602733,30.055172783971713
578,28.40634460162708,28.409429142718338,28.418715391812476,28.434301006119252,28.456348048538828,28.485082061377383,28.520791011528427,28.563824336295109,28.614592350339919,28.673566253696265,28.741278873573151,28.818326044513675,28.90536816964789,29.003131051940326,29.112404666103902,29.234038375353705,29.368931426927713,29.518018527298501,29.682251783778213,29.862581851960876,30.059942076600731
579,28.40842861325763,28.41152049928062,28.420828738578244,28.43645086134919,28.458548741297697,28.487347702566133,28.523135509252583,28.566261461921098,28.617135852016588,28.676229998103146,28.744076974210625,28.821272909785382,28.908478386026584,29.006419022207069,29.115883966296412,29.237720882568453,29.372826386055369,29.522131822551682,29.686585700631408,29.867135515578806,30.064712546317015
580,28.410517584936926,28.413616805866926,28.422947006664309,28.438605594616572,28.460754260968319,28.489618120718617,28.525484745576804,28.56870330935833,28.619684086845261,28.678898513996955,28.746879898020431,28.82422463348394,28.911593434134566,29.009711681758137,29.119367651303364,29.241407290577406,29.376724612312326,29.526247684294354,29.690921535949258,29.871690623192585,30.069484238953549
581,28.412611509921021,28.415718056041822,28.42507019055833,28.440765201928336,28.462964605604274,28.491893316287925,28.527838723356759,28.571149883280878,28.622237059900701,28.681571804472707,28.749687642963558,28.827181205221176,28.914713293249491,29.013009000347882,29.122855686067723,29.245097567834069,29.380626087354386,29.530366114709235,29.695259313760175,29.876247214480671,30.074257197948874
582,28.414710381674265,28.417824243577574,28.427198284951757,28.442929679480894,28.465179773412704,28.494173289808995,28.53019744540935,28.573601188150995,28.624794775840012,28.684249872026946,28.752500206344592,28.83014261412989,28.917837942644969,29.016310948431727,29.126348036928988,29.248791684523006,29.384530794253831,29.534487116413938,29.699599057222823,29.880805327198924,30.079031464515953
583,28.416814193869079,28.419935362453476,28.429331284737497,28.445099023655239,28.467399762746126,28.496458041887092,28.53256091449926,28.576057228207844,28.627357238901169,28.686932718574834,28.755317584852595,28.833108848921849,28.92096736164304,29.019617497178977,29.129844671569597,29.252489612444268,29.388438717368459,29.538610692385262,29.703940788656926,29.885364997311228,30.083807077806046
584,28.41892294038513,28.422051406854461,28.431469185007007,28.447273231011511,28.469624572093892,28.498747573186382,28.534929133326802,28.578518007459284,28.629924452905787,28.689620345470924,28.758139774601492,28.83607989793834,28.924101529652351,29.022928618471241,29.133345558958165,29.256191324914159,29.392349842241678,29.542736845910056,29.708284529575742,29.889926259092761,30.088584075034074
585,28.421036615307692,28.424172371168972,28.433611981046624,28.449452298283084,28.471854200073487,28.501041884419216,28.537302104517451,28.580983529676441,28.632496421264744,28.692312753530906,28.760966771167354,28.83905574919271,28.927240426196569,29.026244284895615,29.136850669297516,29.259896796679975,29.396264155518459,29.546865580544679,29.712630300715134,29.894489145219822,30.09336249158742
586,28.423155212927043,28.426298249987816,28.43575966833496,28.451636222371388,28.474088645422324,28.503340976334915,28.539679830609501,28.583453798384266,28.635073146978691,28.695009943049666,28.763798569627635,28.842036390423754,28.930384030960315,29.029564469752479,29.140359973971666,29.26360600381291,29.400181644827885,29.550996900049913,29.716978122064205,29.899053686888305,30.098142361173156
587,28.425278727735897,28.428429038101086,28.437912242538367,28.453825000339204,28.476327906988811,28.505644849709721,28.54206231404579,28.585928816859788,28.637654632647958,28.697711913825376,28.766635164595449,28.845021809128152,28.933532323802883,29.032889147037473,29.143873445495696,29.267318923641753,29.404102298727683,29.555130808371601,29.721328012892883,29.903619913878195,30.102923715893056
588,28.427407154427328,28.430564730495661,28.440069699506918,28.456018629404713,28.478571983724041,28.507953505337081,28.544449557164707,28.588408588127972,28.640240880478238,28.700418665179189,28.769476550253149,28.84801199259962,28.936685284786218,29.036218291437695,29.147391057468351,29.271035534671043,29.408026106620856,29.559267309598795,29.725679991778993,29.908187854641749,30.1077065863511
589,28.429540487892947,28.432705322352824,28.442232035270685,28.458217106935393,28.480820874673253,28.510266944017197,28.546841562190391,28.590893114956842,28.642831892286555,28.703130195976669,28.772322720388409,28.851006927969795,28.939842894201636,29.039551878324161,29.150912784520809,29.274755816498502,29.411953058675564,29.563406407926205,29.73003407663704,29.912757536389428,30.112491001757189
590,28.431678723219267,28.434850809044182,28.444399246034425,28.460420430441079,28.483074578967475,28.512585166548771,28.549238331227311,28.593382399858665,28.645427669512397,28.705846504649447,28.775173668421992,28.854006602232534,28.943005132578307,29.042889883734993,29.154438602274542,29.278479749760084,29.415883145779105,29.567548107638284,29.734390284741792,29.917328985144831,30.117276989991083
591,28.433821855684553,28.437001186128118,28.446571328172748,28.462628597567438,28.485333095815484,28.514908173720574,28.551639866253844,28.595876445089374,28.648028213226741,28.708567589215779,28.77802938743724,28.857011002272817,28.946171980697603,29.046232284362198,29.157968487297353,29.282207316067495,29.419816359481867,29.571692413086492,29.738748632752877,29.921902225808477,30.122064577677847
592,28.435969880756918,28.439156449347362,28.448748278226251,28.46484160608987,28.487596424495127,28.517235966301001,28.554046169112599,28.598375252643944,28.650633524138236,28.711293447301973,28.780889870215685,28.860020114907158,28.949343419619964,29.049579057544982,29.161502417053132,29.285938497925617,29.423752691916008,29.575839328650339,29.743109136743165,29.926477282244772,30.126853790293147
593,28.438122794088166,28.441316594622535,28.450930092894396,28.467059453905875,28.489864564346252,28.519568545033632,28.556457241511378,28.600878824264989,28.653243602609312,28.714024076161934,28.783755109252489,28.863033926886406,28.952519430670808,29.052930181242655,29.165040369873207,29.289673278714673,29.427692135794192,29.579988858748962,29.74747181221456,29.931054177295749,30.131644652174849
594,28.440280591512472,28.443481618050313,28.453116769032096,28.469282139029168,28.492137514761957,28.521905910626209,28.558873085012159,28.603387161436455,28.655858448660894,28.716759472698488,28.786625096794488,28.866052424940868,28.955699995472891,29.056285634030861,29.168582324903404,29.293411642599395,29.431634684317952,29.584141007795662,29.751836674127922,29.935632932877304,30.136437186640123
595,28.442443269039575,28.445651515896405,28.455308303642227,28.471509659582086,28.494415275182178,28.524248063747486,28.56129370103374,28.605900265393654,28.658478061988745,28.719499633481117,28.789499824851625,28.869075595778369,28.95888509592913,29.059645395075368,29.172128262080594,29.297153574518536,29.435580331182425,29.588295780211499,29.756203736916071,29.940213569986859,30.14123141599006
596,28.444610822852276,28.44782628459259,28.457504693871428,28.473742013789494,28.496697845085492,28.526595005017906,28.563719090843655,28.608418137120296,28.66110244197046,28.722244554766384,28.792379285229408,28.87210342611964,28.962074714244654,29.063009444123391,29.175678162085674,29.300899060110879,29.4395290705055,29.592453180392802,29.76057301451041,29.944796108780441,30.146027361602357
597,28.446783249300474,28.45000592073054,28.459705937003331,28.475979199971675,28.498985223982658,28.528946735005572,28.566149255558898,28.610940777355761,28.663731587679209,28.724994232515133,28.795263469543674,28.875135902703882,28.965268832918809,29.066377761482965,29.179232006316738,29.304648085691511,29.443480896815128,29.596613212713162,29.764944520356078,29.949380568595927,30.150825043956104
598,28.448960544896615,28.452190421056972,28.461912030453025,28.478221216538007,28.501277411410008,28.531303254220575,28.568584196143071,28.613468186597618,28.666365497893572,28.727748662409681,28.798152369241926,28.878173012307187,28.9684674347513,29.069750328009302,29.182789776854914,29.308400638206596,29.447435805010667,29.600775881509495,29.769318267431366,29.953966967999687,30.155624482686395
599,28.451142706311227,28.454379782468845,28.464122971761302,28.480468061980048,28.503574406921928,28.533664563108363,28.571023913403252,28.61600036510481,28.669004171109155,28.730507839873322,28.801045975626216,28.881214741760513,28.971670502845786,29.073127125087694,29.18635145642811,29.312156705188805,29.451393790327046,29.604941191070868,29.773694268268109,29.958555324831647,30.160425696636381
600,28.453329730366754,28.456574002007084,28.466338758588307,28.482719734865391,28.505876210085823,28.536030662047231,28.573468407991509,28.618537312904188,28.67164760554974,28.733271760083877,28.803944279865021,28.884261077955074,28.974878020605082,29.076508134617754,29.189917028387974,29.315916274734061,29.455354848319487,29.60910914563701,29.778072534965112,29.963145656229415,30.165228703884004
601,28.455521614040123,28.458773076858989,28.468559388715338,28.484976233839177,28.508182820483952,28.538401551351917,28.575917680412093,28.621079029803138,28.674295799186083,28.736040417997241,28.806847273017421,28.887312007860821,28.978089971737461,29.079893339004311,29.193486476687525,29.319679335474458,29.459318974843693,29.613279749397044,29.782453081593292,29.967739180855631,30.170105985799012
602,28.457718354426053,28.460977004321258,28.470784860007605,28.487237557586386,28.510494237676038,28.54077723123773,28.578371730989083,28.623625515362697,28.676948749715685,28.738813808332949,28.809754946020636,28.890367518509645,28.981306340228745,29.08328272111466,29.197059785825846,29.323445876519774,29.463286166014637,29.617453009217229,29.78683625897974,29.972346150552408,30.17504411512602
603,28.459919948778765,28.463185781841648,28.473015170455309,28.489503704872831,28.512810461240761,28.543157701864072,28.580830559913551,28.626176768949819,28.679606454620288,28.741591925634847,28.812667289749641,28.893427597048074,28.984527110382768,29.086676264303858,29.200636940860548,29.327215887471006,29.467256419346377,29.621629006165922,29.791223864839008,29.976973389557614,30.180021919641202
604,28.462126394474527,28.46539940698138,28.475250318136119,28.491774674507763,28.515131490739535,28.545542963300523,28.58329416721347,28.628732789712153,28.68226891114546,28.744374764253806,28.815584294999255,28.896492230714156,28.98775226678902,29.090073952372471,29.204217927362389,29.330989358705335,29.471229748054206,29.625808090537998,29.795618292296723,29.981621899838554,30.185031860617961
605,28.464337689013764,28.467617877417151,28.477490301217056,28.49405046534606,28.517457325719526,28.547933015532074,28.585762552762574,28.631293576591514,28.68493611631871,28.747162318368574,28.818505952504101,28.899561406851529,28.990981794326586,29.093475769559987,29.207802731483341,29.334766284246129,29.475206219929191,29.629990898365261,29.800021431066931,29.986291244732872,30.190069590093607
606,28.466553830015204,28.469841190935345,28.47973511794854,28.496331076282463,28.519787965709142,28.550327858456821,28.58823571628162,28.633859128329796,28.687608066959726,28.749954581998431,28.821432252950018,28.902635112915146,28.994215678160824,29.096881700550959,29.211391340531332,29.338546669959744,29.479185987131842,29.634178192706983,29.804434573865048,29.990980652184899,30.195132180790448
607,28.46877481521004,28.472069345426004,28.481984766658549,28.498616506246265,28.522123410213723,28.552727491884106,28.590713657340086,28.636429443474849,28.690284759690197,28.752751549015198,28.824363186984712,28.90571333647646,28.997453903744056,29.100291730586715,29.214983744733452,29.342330544004195,29.483169282802734,29.638370732689864,29.808858567495538,29.995689305443481,30.200217488374385
608,28.471000642436021,28.474302338877049,28.484239245746878,28.500906754195949,28.524463658711579,28.555131915532815,28.593196375357984,28.639004520386507,28.692966190943565,28.755553213154609,28.827298745227615,28.908796065228774,29.000696456838426,29.103705845846832,29.21857994017871,29.346117963723692,29.487156397796237,29.642569209150373,29.813293953535641,30.000416427633024,30.205323855483307
609,28.473231309631512,28.476540169368327,28.486498553679382,28.503201819114093,28.526808710650233,28.557541129030081,28.595683869607928,28.641584357242508,28.695652356974382,28.758359568027249,28.830238918279257,28.911883286996858,29.003943323599518,29.107124034207448,29.222179932022165,29.349909016893996,29.491147654616245,29.646774222692965,29.817741067650896,30.005161304976117,30.210449951431656
610,28.47546681482973,28.478782835065875,28.488762688982447,28.505501700002544,28.529158565442987,28.559955131910204,28.59817613921739,28.644168952044563,28.698343253867403,28.761170607128882,28.83318369673102,28.914974989760104,29.00719449076545,29.110546286309255,29.225783736982187,29.353703818568952,29.495143386107269,29.650986282932887,29.822200105763759,30.009923288816474,30.21559467803354
611,28.477707156152821,28.481030334216086,28.491031650237488,28.507806395877548,28.531513222465616,28.562373923613809,28.600673183171136,28.646758302624274,28.701038877546498,28.763986323850585,28.836133071177564,28.918071161702734,29.01044994597105,29.11397259673015,29.229391384644732,29.357502505667473,29.499143920584206,29.655205816233952,29.82667116798687,30.01470179132491,30.220757109109574
612,28.479952331806093,28.483282665140042,28.493305436075612,28.510115905765367,28.53387268105341,28.564797503487288,28.603175000313811,28.649352406649108,28.703739223783256,28.76680671148905,28.839087032235483,28.921171791303873,29.013709678167011,29.117402965046601,29.233002917604392,29.361305230971247,29.503149572321348,29.659433176261345,29.831154288240562,30.019496279075494,30.225936450030055
613,28.482202340072341,28.485539826227907,28.49558404517235,28.512430228697824,28.536236940498409,28.567225870782423,28.605681589352592,28.651951261628284,28.706444288205482,28.769631763258214,28.842045570573529,28.924276867474145,29.016973678099575,29.120837396632389,29.236618390664507,29.365112157468648,29.507160636228992,29.663668654681562,29.835649454103233,30.024306266635712,30.231132009643638
614,28.484457179306133,28.487801815933356,28.497867476242664,28.514749363708184,28.538606000046862,28.569659024656243,28.608192948860072,28.654554864918662,28.709154066305924,28.772461472303736,28.845008676958532,28.927386379734727,29.020241938789095,29.124275903129909,29.240237869465052,29.368923453549048,29.511177385193914,29.667912490800187,29.84015662080083,30.029131310704084,30.236343179666719
615,28.4867168479283,28.490068632768221,28.500155728035857,28.517073309827161,28.540979858896872,28.572096964171013,28.610709077277097,28.657163213730612,28.711868553451513,28.77529583172209,28.847976342319459,28.930500318426798,29.023514455960786,29.127718502608296,29.243861428807691,29.372739289093936,29.515200069217695,29.672164880036323,29.844675720951699,30.033971004906803,30.24156941945127
616,28.488981344420374,28.492340275297046,28.502448799330899,28.51940206607917,28.543358516196275,28.574539688294454,28.61322997291585,28.659776305134155,28.714587744893862,28.778134834586048,28.850948557830034,28.933618674937669,29.026791228393542,29.131165219439673,29.247489150870969,29.376559832474204,29.519228915755232,29.676425981061264,29.849206671380667,30.038824975337942,30.24681024449141
617,28.491250667319342,28.494616742132049,28.504746688931689,28.521735631478649,28.545741971040737,28.57698719590018,28.61575563396293,28.662394136065245,28.717311635781915,28.780978473978255,28.853925315007984,28.936741441924614,29.030072258162249,29.134616083957056,29.251121123491803,29.380385248352066,29.523264130674125,29.680695921725999,29.853749378058016,30.043692876746999,30.252065217458572
618,28.493524815212275,28.496898031927874,28.507049395662577,28.524074005026726,28.548130222471979,28.579439485768109,28.618286058482699,28.665016703332828,28.720040221177076,28.783826743032566,28.856906605824694,28.939868613522261,29.03335755078141,29.138071131979466,29.254757438582107,29.38421569605887,29.52730589952813,29.6849748040935,29.85830373977187,30.048574389226658,30.257333940990108
619,28.495803786731273,28.49918414337678,28.509356918364009,28.526417185707881,28.550523269476255,28.581896556585317,28.620821244420853,28.667644003626766,28.722773496071948,28.786679634983599,28.859892422821773,28.943000185523239,29.036647115247824,29.141530404234462,29.258398190714068,29.388051328513111,29.531354389058915,29.689262708570801,29.862869650704546,30.053469215401005,30.262616052041295
620,28.498087580548386,28.501475075203714,28.511669255888361,28.528765172486963,28.552921110982965,28.584358406946809,28.623361189608254,28.670276033526982,28.725511455412743,28.789537143223306,28.862882759228448,28.946136155524968,29.039940963996475,29.14499394573194,29.262043475898619,29.391892291540895,29.535409748733844,29.693559697331651,29.867447002334519,30.058377078010089,30.267911217282077
621,28.500376195370823,28.503770826161762,28.513986407095846,28.53111796430624,28.555323745863419,28.586825035356696,28.625905891765452,28.672912789514207,28.728254094125848,28.792399261362984,28.865877609074214,28.949276523036726,29.043239112783304,29.148461805129429,29.265693390562614,29.39573872349774,29.539472112236254,29.697865817160714,29.872035684848512,30.063297717828181,30.273219129303111
622,28.502669629936133,28.50607139502748,28.516308370850712,28.533475560082724,28.557731172929941,28.589296440229571,28.628455348507689,28.675554267982704,28.731001407148256,28.795265983298467,28.868876967291719,28.952421289547861,29.046541580515374,29.151934034118074,29.269348030700954,29.399590755097972,29.543541598881209,29.702181101843589,29.876635588194887,30.0682308918526,30.278539503446765
623,28.50496788300768,28.508376780596645,28.518635146017466,28.535837958705592,28.560143390934925,28.59177261989219,28.631009557350794,28.678200465254726,28.733753389461022,28.798137303276313,28.871880829808852,28.95557045856355,29.049848389045177,29.155410686833566,29.273007491167078,29.403448509401237,29.547618314961397,29.706505574192963,29.8812466028674,30.073176371709913,30.28387207512473
624,28.507270953370117,28.510686981679928,28.520966731457399,28.538205159033847,28.562560398570369,28.594253572585547,28.633568515717911,28.680851377597193,28.736510036125825,28.801013215959681,28.874889193626387,28.958724035604789,29.053159562932162,29.158891819307662,29.276671865117113,29.407312101942143,29.551702354985256,29.710839247709966,29.885868620451244,30.078133942285646,30.289216597599498
625,28.509578839825132,28.513001997098847,28.523303126025066,28.540577159894109,28.564982194467422,28.596739296467447,28.636132220947516,28.683507001240489,28.739271342323843,28.803893716491725,28.877902056879147,28.961882028176394,29.056475129186026,29.1623774889717,29.28034124358534,29.411181640948417,29.555793802797748,29.715182127963271,29.890501534011424,30.083103400534071,30.294572840112568
626,28.5118915411873,28.515321825681919,28.525644328565239,28.542953960078655,28.567408777196466,28.599229789615659,28.638700670302359,28.686167332399187,28.742037303395687,28.806778800554451,28.880919418881515,28.965044445712486,29.059795117007596,29.165867754211156,29.284015715150456,29.415057227597512,29.559892732601657,29.719534213782616,29.89514523839275,30.088084554412465,30.299940586237899
627,28.514209056280105,28.517646466260743,28.527990337909745,28.545335558343638,28.569840145267214,28.601725050031625,28.641273860979894,28.688832367294264,28.744807914881481,28.809668464421971,28.883941280157153,28.968211299502393,29.063119557530822,29.169362673970735,29.287695365685529,29.418938956308448,29.563999209885118,29.723895498269862,29.899799630428237,30.093077221939211,30.305319632463064
628,28.51653138393204,28.519975917666557,28.530341152874616,28.5477219534075,28.572276297129445,28.604225075644859,28.64385179012347,28.691502102176717,28.747583172560631,28.81256270500802,28.8869676424553,28.97138260260169,29.066448483569214,29.172862307402248,29.291380278175051,29.422826915059421,29.568113292267892,29.728265969661113,29.904464609077682,30.098081230353912,30.310709786954192
629,28.51885852297298,28.522310178726723,28.532696772257392,28.550113143949655,28.574717231173992,28.606729864318044,28.646434454835013,28.694176533352078,28.750363072490472,28.815461519906812,28.889998508753386,28.97455836973052,29.069781929370425,29.176366713558647,29.295070532595712,29.426721185719575,29.57223503026124,29.732645612052576,29.909140075510653,30.103096415374683,30.316110868486437
630,28.521190472230639,28.524649248261408,28.535057194834661,28.552509128609483,28.577162945734088,28.609239413852954,28.649021852188572,28.696855657205862,28.753147611043122,28.818364907426187,28.893033883245803,28.977738617161602,29.073119930383836,29.179875951135312,29.298766205852196,29.430621844382951,29.576364467942959,29.737034406007766,29.91382593314728,30.108122620543519,30.321522705520106
631,28.523527230527261,28.526993125080629,28.537422419359761,28.554909905985539,28.579613439087456,28.611753721997129,28.651613979245056,28.699539470229123,28.755936784939728,28.82127286661343,28.896073771322165,28.98092336260385,29.076462523043691,29.183390078249293,29.302467371748797,29.434528961694685,29.580501643566414,29.741432329082773,29.918522087674965,30.113159696635979,30.326945135378448
632,28.52586879667642,28.529341807981233,28.539792444560678,28.557315474635086,28.582068709458628,28.614272786451231,28.654210833067445,28.702227969043832,28.758730591281946,28.824185397274185,28.899118179537016,28.984112625084311,29.079809744567708,29.186909152250852,29.306174100988127,29.438442603166941,29.584646590112783,29.745839356284407,29.92322844704654,30.118207501125507,30.332378003510637
633,28.528215169480013,28.531695295744203,28.542167269138282,28.55972583307404,28.584528755021925,28.616796604877255,28.65681241073683,28.70492115042769,28.761529027580004,28.827102499984676,28.902167115572219,28.987306424829853,29.083161632771528,29.190433229564967,29.309886461193564,29.44236282948458,29.588799335789748,29.750255460464981,29.927944921461393,30.123265897699653,30.337821162836232
634,28.530566347725522,28.534053587132217,28.544546891764742,28.562140979777237,28.586993573905016,28.619325174907278,28.659418709368701,28.707619011338174,28.764332091777231,28.830024176096849,28.905220588192059,28.990504783149781,29.086518225900054,29.193962365563475,29.313604516955774,29.446289696798424,29.592959904473904,29.754680612652677,29.932671423330095,30.128334755830277,30.343274473172411
635,28.5329223301833,28.536416680887207,28.546931311082112,28.564560913178934,28.589463164192697,28.621858494152661,28.662029726129454,28.710321548935742,28.767139782272459,28.832950427740524,28.908278607196294,28.993707722320305,29.08987956246736,29.197496614449562,29.317328329885758,29.450223257009728,29.597128316130263,29.75911478235993,29.937407867236196,30.133413950363934,30.348737800690561
636,28.535283115604205,28.538784575728332,28.549320525701319,28.566985631673855,28.591937523931488,28.624396560214034,28.664645458253165,28.713028760605642,28.769952097937637,28.83588125781727,28.911341183365789,28.996915265472051,29.093245681117967,29.201036029177121,29.321057958691551,29.454163558036402,29.601304587167537,29.763557937822718,29.942154169883068,30.138503361172237,30.3542110174632
637,28.537648702717448,28.541157270350176,28.551714534201562,28.569415133618701,28.594416651134793,28.626939370691787,28.667265903058251,28.715740643978005,28.772769038131276,28.838816669988724,28.914408328405216,29.000127436483204,29.096616620504975,29.204580661390835,29.324793459262384,29.458110644060355,29.605488730754349,29.768010046206157,29.946910250038599,30.143602872835835,30.359694001057939
638,28.540019090228611,28.543534763421118,28.554113335129763,28.571849417333954,28.596900543788326,28.62948692319668,28.669891057963632,28.71845719694635,28.775590602709595,28.841756668662786,28.91748005488629,29.00334425987754,29.099992419176669,29.208130561372677,29.328534884751605,29.462064555764325,29.609680757120646,29.772471073800101,29.951676028481227,30.148712374341063,30.365186634147893
639,28.542394276817994,28.545917053582055,28.556516927000533,28.574288481106063,28.599389199856088,28.632039215360798,28.672520920504546,28.721178417684403,28.778416792033838,28.844701258975409,28.920556376189321,29.006565760728201,29.103373115477112,29.211685778005503,29.332282285666292,29.466025330553563,29.613880673824941,29.776940986182577,29.956451427942191,30.153831758807733,30.370688804166939
640,28.544774261139096,28.548304139445296,28.558925308296381,28.576732323190107,28.601882617286638,28.634596244848577,28.675155488347826,28.723904304661268,28.781247606975228,28.84765044677005,28.923637306444551,29.009791964565643,29.106758747456091,29.215246358746132,29.336035709958999,29.469993002766504,29.618088486000815,29.781419748365984,29.961236373047033,30.158960923235288,30.37620040299047
641,28.547159041817501,28.55069601959384,28.561338477468375,28.579180941812879,28.604380794019885,28.637158009367965,28.677794759306323,28.726634856654073,28.784083048915662,28.850604238573116,28.926722860473735,29.013022897293844,29.110149352794419,29.218812349613433,29.33979520312176,29.473967603867013,29.622304196570351,29.785907324915851,29.96603079025644,30.164099768278557,30.381721326656994
642,28.549548617449922,28.553092692580886,28.563756432936906,28.581634335176091,28.606883727993914,28.639724506681503,28.680438731352915,28.729370072759895,28.786923119747616,28.853562641568981,28.929813053732314,29.016258585108385,29.113544968732139,29.222383795178974,29.343560808280085,29.477949162632637,29.626527806450845,29.790403680064202,29.970834607807241,30.169248198029649,30.38725147509804
643,28.551942986603706,28.555494156929818,28.566179173093168,28.584092501460475,28.609391417152484,28.642295734617274,28.683087402632943,28.732109952404176,28.789767821868974,28.856525663571016,28.93290790225306,29.019499054425349,29.116945632015412,29.225960738574408,29.347332566287044,29.481937705318622,29.630759314722429,29.794908777792973,29.975647755654457,30.174406119834376,30.392790751914738
644,28.5543421478163,28.557900411134053,28.568606696300439,28.586555438829368,28.611903859452063,28.644871691079707,28.685740771477072,28.734854495350277,28.792617158179997,28.859493312994886,28.936007422590215,29.022744331806742,29.120351378835505,29.229543221489894,29.35111051581497,29.48593325583143,29.634998718813943,29.79942258193282,29.980470165414218,30.179573444092707,30.398339064132159
645,28.556746099595543,28.560311453657835,28.571039000896366,28.589023145433544,28.614421052869801,28.647452374060165,28.688398836411604,28.737603701703428,28.795471132072365,28.862465598825743,28.939111631766263,29.025994443903031,29.123762244796886,29.233131284198659,29.35489469344764,29.489935835864621,29.639246014627009,29.803945056213713,29.985301770307906,30.184750084114256,30.40389632202826
646,28.559154840420021,28.562727282937161,28.573476085195281,28.591495619415934,28.616942995411144,28.650037781646894,28.69106159616809,28.740357571914689,28.798329747419654,28.865442530588329,28.942220547221918,29.029249417395835,29.127178264879912,29.236724965572016,29.358685133765718,29.493945465038571,29.643501196674666,29.808476164330987,29.990142505109684,30.189935955961236,30.409462438943773
647,28.561568368739593,28.565147897380687,28.575917947490602,28.59397285891632,28.619469685117355,28.652627912034838,28.69372904969299,28.743116106784736,28.801193008567576,28.86842411831692,28.945334186765695,29.032509278940935,29.130599473404988,29.240324303096791,29.362481869433815,29.497962161038483,29.647764258214945,29.813015870006005,29.994992306093014,30.19513097829617,30.415037331099505
648,28.563986682976378,28.567573295371233,28.578364586057766,28.59645486207657,28.622001120073339,28.655222763535065,28.696401196155524,28.745879307464669,28.804060920320861,28.871410372523634,28.948452568526868,29.035774055120559,29.134025904009135,29.243929332900901,29.366284931283641,29.501985939734595,29.652035191360333,29.817564137030651,29.999851110980057,30.200335072251299,30.42062091744155
649,28.566409781526293,28.5700034752678,28.580815999157696,28.598941627046052,28.624537298415142,28.657822334583187,28.699078034953722,28.748647175454739,28.80693348792882,28.874401304167794,28.951575710912525,29.039043772402152,29.137457589628603,29.247540089780838,29.370094348392211,29.506016815291101,29.656313987174272,29.822120929304159,30.004718858893813,30.205548161310563,30.426213119502375
650,28.568837662760849,28.572438435407861,28.583272185040258,28.601433151987194,28.627078218337381,28.660426623747291,28.701759565720042,28.751419712602384,28.809810717070544,28.877396924625526,28.954703632565874,29.042318457099427,29.140894562484064,29.251156607230488,29.373910148158398,29.5100548002704,29.660600635761945,29.826686210866434,30.009595490311263,30.210770171196881,30.431813861268758
651,28.571270325028102,28.574878174108751,28.585733141947223,28.603929435080527,28.629623878100865,28.663035629737291,28.704445788329288,28.754196921103524,28.812692613842604,28.88039724565898,28.957836352319259,29.045598135323246,29.144336854054373,29.254778917463987,29.377732356385785,29.514099905756531,29.664895126385296,29.831259945946869,30.014480947012732,30.216001029736827,30.437423069020603
652,28.57370776665643,28.577322689671824,28.588198868117477,28.606430474531169,28.632174276039319,28.665649351409666,28.707136702897827,28.756978803492476,28.815579184737956,28.883402279387319,28.960973889166507,29.048882832968697,29.147784495089848,29.2584070514575,29.38156099734201,29.518152141411615,29.669197447495836,29.835842098961859,30.019375172045546,30.221240666802395,30.443040671268101
653,28.576149985955695,28.579771980384162,28.590669361790006,28.608936268573856,28.634729410566774,28.668267787776237,28.709832309790968,28.759765362642732,28.818470436633753,28.886412038256914,28.964116262217701,29.052172575667843,29.151237515586971,29.262041038971347,29.38539609383918,29.522211515596222,29.673507586847112,29.840432634562831,30.024278109674572,30.226489014178473,30.448666598593796
654,28.57859698122105,28.582226044522724,28.59314462120906,28.611446815479191,28.63728928018406,28.670890938008665,28.712532609622112,28.76255660175724,28.821366376771127,28.889426535013435,28.967263490672138,29.055467388776055,29.15469594479945,29.265680908589008,29.38923766729194,29.526278035427652,29.677825531531923,29.845031517637789,30.029189705346393,30.231746005501016,30.454300783584564
655,28.581048750736095,28.584684880357813,28.59562464462859,28.613962113559165,28.639853883484758,28.673518801443372,28.715237603253829,28.765352524362253,28.82426701273906,28.892445782676031,28.970415593788083,29.058767297348364,29.158159811235322,29.269326687746243,29.393085737778936,29.530351706857523,29.68215126804645,29.849638713331579,30.034109905650979,30.237011576171245,30.459943160732095
656,28.583505292775229,28.587148486155922,28.598109430316267,28.616482161172897,28.642423219162431,28.676151377588617,28.717947291801529,28.768153134302985,28.827172352457772,28.895469794507392,28.97357259084523,29.062072326108112,29.161629142650245,29.272978402763449,29.396940324114098,29.534432534762097,29.68648478236457,29.854254187069284,30.039038658277995,30.242285663258468,30.465593666320441
657,28.585966605608728,28.589616860184957,28.600598976559095,28.619006956732207,28.644997286014917,28.678788666125374,28.720661676628563,28.770958435731462,28.830082404160159,28.898498583993064,28.976734501129233,29.065382499444642,29.165103966063278,29.276636078878603,29.400801443888859,29.538520522980953,29.690826059960081,29.858877904553754,30.043975911989431,30.2475682054556,30.47125223837762
658,28.588432687505332,28.592090000717249,28.603093281667547,28.621536498707215,28.647576082951019,28.681430666913641,28.723380759349105,28.773768433101708,28.832997176375475,28.90153216481302,28.979901343896643,29.068697841384466,29.168584307751541,29.280299740278622,29.40466911354018,29.542615674402906,29.695175085877164,29.863509831787553,30.048921616577712,30.252859142986274,30.476918816568169
659,28.590903536736853,28.594567906034364,28.60559234398082,28.624070785631744,28.650159608995068,28.684077379994164,28.726104541824689,28.776583131159171,28.835916677911676,28.904570550820051,28.983073138356016,29.07201837558377,29.172070193261401,29.283969410131299,29.408543348397199,29.546717991013633,29.699531844762099,29.868149935075529,30.053875722835784,30.258158417551176,30.482593342133445
660,28.593379151582141,28.597050574431314,28.608096161871547,28.626609816108598,28.652747863291776,28.686728805591336,28.728833026162537,28.779402534932114,28.838840917838571,28.90761375601658,28.986249903644687,29.075344125314924,29.175561647414753,29.287645110616733,29.412424162733323,29.550827473953394,29.70389632090545,29.872798181032827,30.058838182524216,30.263465972263955,30.488275757819146
661,28.595859530337389,28.599538004226982,28.610604733756539,28.629153588820088,28.655340845115681,28.689384944119556,28.731566214716985,28.782226649726411,28.841769905476493,28.910661794540566,28.989431658818042,29.078675113467053,29.179058694327505,29.291326862965029,29.416311569817275,29.554944123568788,29.708268498279118,29.877454536594811,30.063808945002396,30.268780062698326,30.493864204782728
662,28.598344671298008,28.602030193746202,28.613118058079362,28.63170210251101,28.657938553853629,28.692045796163793,28.734304110065573,28.785055481095036,28.844703650358039,28.913714680621105,28.992618422804558,29.082011362509174,29.182561357389712,29.295014687458,29.420205581932311,29.559067939435245,29.712648360532604,29.882118965120625,30.068787486828054,30.274086254222247,30.499377515507103
663,28.600834572796408,28.604527141357678,28.615636133348389,28.634255356026536,28.660540989041536,28.694711362513345,28.73704671503808,28.787889034860793,28.847642162244799,28.916772428592381,28.995810214423468,29.085352894520014,29.186069659315102,29.298708603501407,29.424106210466125,29.563198920442364,29.71703588949164,29.886791325993208,30.073771252233609,30.279374928161829,30.504845403760644
664,28.603329233184567,28.607028845456618,28.618158958119629,28.636813348294787,28.663148150345574,28.697381644140346,28.739794032690252,28.790727317084116,28.850585451089554,28.919835052853152,28.999007052346848,29.088699731159306,29.189583622126769,29.302408629625557,29.428013465915733,29.567337064334584,29.721431044998251,29.891471100558775,30.078756849361042,30.284644645580848,30.510278430453408
665,28.605828650844316,28.609535304475095,28.620686531006964,28.639376078336575,28.665760037570692,28.700056642205155,28.742546066304719,28.793570334058341,28.853533527026542,28.922902567854937,29.002208955091188,29.092051893669737,29.193103267175143,29.306114783518691,29.431927357814903,29.571482363694116,29.72583371031126,29.896157369044246,30.083741593759431,30.289895989112924,30.515682674224635
666,28.608332824192001,28.612046516886664,28.623218850686911,28.641943545269697,28.668376650663138,28.702736358056097,28.745302819386101,28.796418092299426,28.856486400356438,28.925974988085322,29.005415941004529,29.095409402873997,29.196628615149244,29.30982708202572,29.435847893934554,29.57563479443704,29.730243650255836,29.900849033381203,30.088723640111574,30.295130012932393,30.521062218142994
667,28.610841751683239,28.614562481211248,28.625755915903135,28.64451574831277,28.670997989712884,28.705420793228662,28.748064295655915,28.799270598535781,28.859444081531937,28.929052328052371,29.008628028254602,29.098772279172582,29.200159686082195,29.313545540997978,29.439775077808243,29.579794301139621,29.734660516027567,29.905545001134282,30.093701769863216,30.300347834697696,30.526420045178281
668,28.613355431817688,28.617083196019717,28.628297725470958,28.647092686788969,28.673624054955461,28.708109949444484,28.750830499047158,28.802127859697993,28.86240658114372,28.932134602269823,29.011845234818207,29.102140542541271,29.203696499325684,29.317270174764911,29.443708904609291,29.583960787345422,29.739083877777876,29.910244276220332,30.098675193512317,30.305550515865178,30.531758455440425
669,28.615873863143715,28.619608659938589,28.630844278281664,28.649674360129474,28.676254846773649,28.710803828609826,28.753601433698677,28.804989882908686,28.865373909906879,28.935221825243129,29.015067578471182,29.105514212522486,29.207239073438192,29.321000995073625,29.447649356652885,29.588134113841505,29.743513261323933,29.914945989342414,30.103643411259338,30.310739029999034,30.537079289680861
670,28.618397044263062,28.622138871654574,28.633395573306696,28.65226076787669,28.678890365698791,28.713502432813907,28.756377103949404,28.807856675472507,28.868346078647846,28.938314011456292,29.018295076777935,29.108893308197821,29.210787425926032,29.324738009597517,29.451596399893408,29.592314103059927,29.74794817803755,29.919649399398367,30.108606119776205,30.315914259262787,30.542384062892658
671,28.620924973835468,28.624673829919086,28.635951609601719,28.654851909687288,28.68153061241183,28.716205764326887,28.759157514332411,28.810728244866162,28.871323098291782,28.941411175359146,29.021527747077286,29.112277848122257,29.214341572807946,29.328481220292961,29.455549982092638,29.596500546708519,29.752388145789702,29.924353882356115,30.113563150654215,30.321077000850941,30.547674048493739
672,28.623457650583155,28.627213533552606,28.638512386310442,28.657447785334853,28.684175587744022,28.718913825597461,28.761942669568803,28.81360459872861,28.87430497985029,28.944513331354312,29.024765606459258,29.115667850202012,29.217901528030662,29.3322306219168,29.459510032645028,29.60069321420599,29.756832702198814,29.929058916533421,30.118514428898983,30.326227975787781,30.55295033534474
673,28.625995073295268,28.629757981448918,28.641077902668357,28.660048394712504,28.686825292677398,28.721626619250479,28.764732574561616,28.816485744851448,28.877291734409503,28.947620493782473,29.028008671726106,29.119063331508229,29.221467302803525,29.335986200906266,29.463476463674269,29.604891860616053,29.761281412279565,29.933764067577879,30.123459944663946,30.331367838000126,30.558213867503138
674,28.628537240832195,28.632307172579303,28.643648158006254,28.662653737835093,28.689479728344974,28.724344148084096,28.767527234389501,28.819371691169319,28.880283373117859,28.950732676903623,29.031256959330939,29.122464308029585,29.22503890492883,29.339747934722773,29.467449171991998,29.609096233429511,29.76573387204709,29.938468974838376,30.128399733958169,30.336497182556844,30.563465472749805
675,28.631084152129734,28.634861105996496,28.646223151753532,28.665263814841264,28.692138896030677,28.727066415066837,28.770326654300504,28.822262445750468,28.8832799071732,28.953849894871865,29.034510485290639,29.125870794381761,29.22861633820385,29.343515791643586,29.471428041455194,29.613306078018997,29.770189709728669,29.943173339561511,30.133333864865776,30.341616552922794,30.568705884098723
676,28.633635806203184,28.637419780838524,28.648802883441377,28.667878625995311,28.69480279716905,28.729793423334488,28.773130839705601,28.825158016787096,28.886281347808183,28.956972161701181,29.037769265073216,29.129282803496007,29.232199601937225,29.347289730931955,29.475412945458572,29.617521141882197,29.774648585372738,29.947876914807786,30.138262427829861,30.346726447253641,30.57393575608527
677,28.636192202151232,28.639983196332416,28.651387352705722,28.670498171688656,28.697471433344727,28.732525176186737,28.77593979617227,28.828058412585289,28.889287706272921,28.960099491220411,29.041033313462265,29.132700346307949,29.235788690607421,29.351069703316647,29.479403749370221,29.621741177768111,29.779110189464991,29.952579497062182,30.143185528764437,30.35182732376775,30.579155677307611
678,28.638753339159717,28.642551351797728,28.653976559289948,28.673122452441334,28.700144806291696,28.735261677083766,28.778753529417902,28.830963641554284,28.892298993813789,28.9632318970163,29.04430264440472,29.13612343147075,29.239383593674788,29.354855651683391,29.483400312756462,29.625965945883802,29.783574241084967,29.957280919286259,30.14810328402756,30.356919605329637,30.58436618036637
679,28.641319216505259,28.645124246649864,28.656570503047508,28.675751468903037,28.70282291789233,28.738002929642548,28.781572045302777,28.833873712194404,28.895315221647561,28.966369392365895,29.047577270850926,29.139552065105789,29.242984295522515,29.358647511879362,29.487402491368492,29.630195215456581,29.788040485856602,29.961981045043064,30.153015816657692,30.362003683432761,30.589567749968477
680,28.643889833558614,28.647701880403257,28.659169183944268,28.678385221854096,28.705505770176263,28.740748937633025,28.784395349822837,28.836788633083348,28.898336400930319,28.969511990158985,29.050857204593331,29.14298625060157,29.24659077552306,29.362445213594867,29.491410138861564,29.634428765697258,29.792508693784082,29.96667976367852,30.157923253711012,30.367079921588775,30.594760829371573
681,28.64646518978801,28.650284252674403,28.661772602060637,28.681023712206194,28.708193365319001,28.743499704974035,28.787223449101649,28.83970841286034,28.901362542720701,28.97265970281293,29.054142456110949,29.146425988465225,29.250203008204618,29.366248681261638,29.495423108247142,29.638666386338368,29.79697865713851,29.971376986313029,30.162825724286154,30.372148658252286,30.599945825701997
682,28.649045284762188,28.652871363184566,28.664380757593587,28.683666941002869,28.710885705640397,28.746255235728899,28.790056349381601,28.84263306020766,28.904393657937732,28.975812542182585,29.057433034426854,29.149871276230268,29.253820963497343,29.370057834927209,29.499441253086641,29.6429078778561,29.801450188460699,29.976072642505109,30.167723358060826,30.377210209349197,30.605123114372912
683,28.65163011815325,28.65546321176247,28.666993650858352,28.686314909419824,28.713582793602768,28.749015534100611,28.792894057013989,28.845562583829448,28.907429757313849,28.978970519469033,29.060728946983904,29.153322108415971,29.257444607032042,29.373872591078598,29.503464428466067,29.647153051476693,29.80592311869605,29.980766677444787,30.172616284201844,30.382264870483635,30.610293042803942
684,28.654219689739435,28.658059798346695,28.669611282290052,28.688967618765023,28.716284631808914,28.7517806044266,28.79573657844789,28.848496992427794,28.910470851344542,28.982133645129196,29.064030199537811,29.156778476527318,29.26107390047315,29.377692863417543,29.507492491799997,29.651401729024368,29.810397295447093,29.985459049560138,30.177504630550651,30.387312918890821,30.615455933607233
685,28.656813999407568,28.660661122987911,28.67223365244503,28.691625070478594,28.718991222999787,28.754550451172818,28.798583920217641,28.851436294675935,28.913516950234509,28.985301928788779,29.067336796073505,29.160240369101611,29.264708801881437,29.381518563565045,29.511525303440639,29.655653742621517,29.814872581387959,29.990149728561981,30.182388523069864,30.392354615113998,30.620612087226082
686,28.659413047155446,28.663267185850863,28.674860762001959,28.694287266132427,28.721702570051715,28.757325078927206,28.80143608892854,28.85438049918864,28.916568063842135,28.988475379161152,29.070648738744463,29.163707771791,29.268349266086201,29.385349601691072,29.515562727139063,29.659908934313069,29.819348852831887,29.994838693797313,30.187268085444217,30.397390204478064,30.625761784199202
687,28.662016833093855,28.665877987216319,28.677492611762926,28.696954207429648,28.724418675973332,28.760104492392173,28.804293091241163,28.857329614490535,28.919624201623645,28.991654003974055,29.073966027833617,29.167180667470728,29.27199524505291,29.389185887074586,29.519604630397989,29.664167155655509,29.823825998428315,29.99952593282736,30.192143438782686,30.402419918408494,30.630905287151243
688,28.664625357448621,28.668493527482543,28.680129202654001,28.699625896203653,28.72713954390213,28.762888696376383,28.807154933853816,28.860283648982449,28.922685372578091,28.994837809905572,29.077288661735064,29.170659036369152,29.275646688241839,29.393027328594872,29.523650884724645,29.668428267274749,29.828303917985405,30.004211440223781,30.197014701420102,30.407443975598397,30.636042842513152
689,28.667238620562241,28.671113807166869,28.682770535725862,28.702302334416984,28.729865177100237,28.765677695785456,28.810021623483802,28.863242610906649,28.925751585193918,28.998026802528461,29.080616636952666,29.174142856212992,29.27930354295572,29.396873835167405,29.527701365807854,29.672692138406134,29.832782521395742,30.008895216531975,30.201881988789204,30.412462583056932,30.641174682037366
690,28.669856622895509,28.673738826906867,28.685416612154039,28.704983524159893,28.732595578950026,28.768471495611795,28.812893166847051,28.866206508311084,28.928822847397967,29.001220986264936,29.083949948117279,29.177632102386429,29.282965754670364,29.400725316115125,29.531755953616734,29.676958646427213,29.837261727678893,30.013577267404642,30.206745413356067,30.417475937032663,30.646301024104616
691,28.672479365028739,28.676368587461347,28.688067433238945,28.70766946764833,28.735330752948723,28.771270100923211,28.815769570636395,28.86917534901314,28.931899166508192,29.004420364352374,29.087288588020389,29.181126748098826,29.286633267343646,29.404581681481197,29.535814532440277,29.681227676397839,29.841741464127516,30.018257602868459,30.211605084597615,30.42248422383453,30.651422074866119
692,28.675106847662949,28.679003089711202,28.690723000405558,28.710360167221872,28.738070702702586,28.774073516850699,28.818650841498901,28.872149140563696,28.934980549190168,29.007624938818758,29.09063254766,29.184626764554814,29.290306023702048,29.408442842294935,29.539876990887969,29.685499120615656,29.846221665535001,30.022936236685801,30.216461109004022,30.427487620575416,30.656538029265878
693,28.677739071620692,28.681642334659823,28.693383315202979,28.713055625340825,28.740815431920325,28.776881748575079,28.821536986012386,28.875127890212184,28.938067001418514,29.010834710467371,29.093981816296512,29.188132121123971,29.293983965504907,29.412308710797408,29.543943221859731,29.689772878187689,29.8507022734948,30.027613185798128,30.221313590101797,30.432486295847553,30.661649071958138
694,28.680376037846756,28.684286323433533,28.696048379303445,28.715755844583192,28.743564944405872,28.779694801313028,28.824428010661503,28.878111604872569,28.941158528443019,29.014049678870709,29.097336381517401,29.191642785508961,29.297667033786215,29.416179200627209,29.548013122486385,29.694048854619368,29.855183235771992,30.032288469850734,30.226162628496787,30.43748041032957,30.666755378119284
695,28.683017747408556,28.68693505728157,28.69871819450125,28.718460827641056,28.746319244050376,28.782512680302119,28.827323921813385,28.881100291090938,28.944255134759239,29.017269842371739,29.1006962293085,29.195158723910531,29.301355169077002,29.420054226975573,29.552086594049513,29.698326961419653,29.85966450573164,30.036962110778614,30.231008321930233,30.442470117340481,30.67185711418054
696,28.685664201496319,28.689588537575855,28.701392762711155,28.721170577316411,28.74907833482375,28.785335390785303,28.830224725693398,28.884093955014862,28.947356824084221,29.020495198093048,29.104061344131075,29.198679901188051,29.305048311606104,29.423933706708997,29.556163541882491,29.702607115727371,29.864146041827244,30.041634132452444,30.235850765344988,30.44745556333929,30.676954438480198
697,28.68831540142294,28.692246765810484,28.704072085966438,28.723885096516494,28.751842220765202,28.788162937994702,28.833130428360949,28.887092602365051,28.950463599337773,29.023725741953619,29.1074317090035,29.202206281012941,29.308746401478018,29.42781755846234,29.560243875257935,29.706889239960795,29.868627807145238,30.046304560377493,30.240690050958843,30.452436888374617,30.682047501843851
698,28.690971348623652,28.694909743600849,28.706756166416653,28.726604388248703,28.7546109059735,28.790995327135068,28.836041035685749,28.890096238408905,28.953575462627416,29.026961468690075,29.110807305584469,29.205737826016534,29.312449378836583,29.43170570271533,29.564327507269457,29.711173261482912,29.873109768982605,30.050973421422068,30.245526268340324,30.457414226504863,30.687136448122928
699,28.693632044655228,28.697577472682404,28.709445006324785,28.729328455614731,28.757384394596325,28.793832563366692,28.838956553324781,28.893104867937481,28.95669241524017,29.030202371885931,29.114188114259161,29.209274497927353,29.31615718400225,29.435598061838697,29.568414354703425,29.715459112295996,29.877591898484688,30.055640743599049,30.250359504488777,30.462387706165114,30.692221414658203
700,28.696297491194933,28.700249954909214,28.712138608064034,28.732057301804382,28.760162690819257,28.796674651788543,28.841876986700214,28.896118495244476,28.959814457636856,29.033448444002179,29.117574114223189,29.212816257701817,29.319869757601122,29.439494560135994,29.572504337914449,29.719746728747442,29.88207417029631,30.060306555855096,30.255189843912007,30.467357450522382,30.697302532728578
701,28.698967690039197,28.70292719225192,28.714836974114366,28.734790930088845,28.762945798854499,28.799521597421066,28.844802340978301,28.899137124107959,28.962941589450939,29.036699676412351,29.120965283566989,29.216363065646977,29.323587040677008,29.443395123866875,29.576597380695532,29.724036051255368,29.886556562252689,30.064970887895097,30.260017368706631,30.472323577794988,30.702379927949298
702,28.701642643101849,28.70560918679551,28.71754010705822,28.737529343813424,28.7657337229289,28.802373405189375,28.847732621049513,28.902160757774944,28.966073809491526,29.039956059441014,29.124361599359371,29.219914881534809,29.327308974788217,29.447299681256016,29.580693410146942,29.72832702405314,29.891039055102791,30.069633770032489,30.264842158638196,30.477286201543201,30.707453720631019
703,28.704322352412053,28.708295940736697,28.720248009576309,28.740272546390024,28.768526467272057,28.805230079906416,28.850667831509409,28.905189398947492,28.969211115748156,29.043217582403333,29.127763037729494,29.223471664711504,29.331035502097432,29.451208162497451,29.584792356547194,29.732619594943653,29.895521632245465,30.074295233047895,30.269664291219772,30.482245430948588,30.712524026124228
704,28.707006820111875,28.710987456380881,28.72296068444269,28.743020541289081,28.771324036103934,28.808091626256431,28.853607976640959,28.908223049771916,28.972353505399951,29.046484233647856,29.131169573947432,29.227033374197571,29.33476656544584,29.455120499744609,29.588894153223176,29.736913715073474,29.900004279499367,30.078955308074857,30.274483841790349,30.487201371063133,30.717590955122432
705,28.709696048453164,28.713683736138393,28.72567813451904,28.745773332030744,28.774126433622147,28.810958048779039,28.85655306039947,28.911261711832655,28.975500974830403,29.049756000602251,29.13458118250032,29.230599968773387,29.338502108406875,29.459036627085755,29.592998736425187,29.741209338735406,29.90448698491274,30.083614026513185,30.279300883589393,30.49215412302285,30.722654613918824
706,28.712390039794276,28.716384782520617,28.728400362749014,28.748530922176197,28.776933663989496,28.813829351853904,28.859503086397787,28.914305386146019,28.978653519640638,29.053032869816715,29.13799783716631,29.234171407065439,29.342242075344608,29.462956480526469,29.597106045205869,29.745506423167289,29.908969738562224,30.088271419931775,30.284115487829744,30.497103784270767,30.727715104676424
707,28.715088796596579,28.719090598135882,28.731127372152262,28.751293315318662,28.779745731321473,28.816705539685525,28.862458057892418,28.917354073155483,28.981811134665065,29.056314827008993,29.141419511087843,29.237747647627565,29.34598641146362,29.46687999796421,29.601216021298718,29.749804928361687,29.913452532370407,30.092927519986294,30.288927723770279,30.502050448762905,30.73277252567534
708,28.717792321419971,28.721801185684374,28.733859165817538,28.754060515073682,28.782562639673653,28.819586616289421,28.865417977773099,28.920407772732318,28.984973813992085,29.059601857110355,29.144846176837515,29.24132864900578,29.349735062839425,29.470807119152234,29.605328609005571,29.754104816905382,29.917935359960953,30.097582358360903,30.293737658782959,30.506994207140163,30.737826971516171
709,28.720500616918507,28.724516547953105,28.736595746895851,28.756832525069751,28.785384393029414,28.822472585478693,28.868382848552457,28.923466484175737,28.988141550983386,29.062893944310016,29.148277806483353,29.244914369804881,29.353487976452616,29.474737785666953,29.609443755084584,29.758406053815317,29.922418216507676,30.102235966705429,30.298545358419897,30.511935146905071,30.742878533329776
710,28.723213685835034,28.727236687810034,28.739337118592946,28.759609348938302,28.788210995287958,28.825363450851821,28.871352672358132,28.926530206216448,28.99131433829648,29.066191072099755,29.151714371648907,29.24850476874364,29.357245100209553,29.478671940867962,29.613561408644657,29.762708606395666,29.926901098610507,30.106888376589698,30.303350886476391,30.516873352573686,30.74792729895551
711,28.725931530996846,28.72996160819908,28.742083284162522,28.762390990304283,28.791042450251929,28.82825921577907,28.874327450922312,28.929598937016706,28.994492167904198,29.069493223318688,29.155155843578861,29.252099804721443,29.361006382976292,29.482609529865108,29.61768152103323,29.767012444073615,29.931384004144505,30.111539619440556,30.308154305058,30.52180890585263,30.752973353151496
712,28.728654155308654,28.732691312132516,28.744834246897298,28.765177452775571,28.793878761616323,28.831159883393813,28.877307185580381,28.932672674181958,28.997675031123013,29.072800380195872,29.158602193184578,29.255699436847777,29.364771774572159,29.486550499466581,29.621804045748124,29.771317538302984,29.935866932191612,30.116189726530358,30.312955674633194,30.526741885738605,30.758016777706288
713,28.731381561747259,28.735425802685178,28.747590010121591,28.767968739933412,28.796719932956975,28.834065456580895,28.880291877263385,28.935751414764113,29.000862918634169,29.076112524392872,29.162053391102603,29.259303624497896,29.368541225793702,29.490494798143516,29.625928938334628,29.775623862419387,29.940349882910695,30.120838728925499,30.317755054095194,30.531672368675036,30.763057651623903
714,28.734113753354961,28.738165082987326,28.750350577182815,28.770764855322199,28.799565967719474,28.836975937967356,28.883281526495189,28.938835155270915,29.00405582050983,29.079429637045845,29.165509407743095,29.26291232734911,29.372314688416772,29.494442375983375,29.630056156294167,29.779931391531104,29.94483285745229,30.125486657463426,30.322552500816691,30.536600428667136,30.768096051255633
715,28.736850733232025,28.740909156216674,28.753115951442521,28.773565802439595,28.802416869209566,28.839891329915755,28.886276133393,28.94192389167798,29.007253726239011,29.082751698803001,29.16897021332931,29.266525505406836,29.376092115192399,29.498393184645636,29.634185659004995,29.784240102427258,29.949315857888397,30.130133542735436,30.327348070698161,30.541526137381013,30.773132050413224
716,28.739592504530545,28.743658025591792,28.755886136268401,28.776371584726718,28.805272640582146,28.842811634514351,28.889275697662907,28.945017619435756,29.010456624751388,29.086078689866159,29.172435777949239,29.270143119048011,29.379873459857436,29.502347177320136,29.638317407627252,29.788549973455861,29.953798887110793,30.134779415052975,30.332141818224855,30.546449564273729,30.778165720519947
717,28.74233907044632,28.746411694363587,28.758661135025058,28.779182205558385,28.808133284832479,28.845736853572095,28.892280218602608,28.948116333483608,29.013664504443842,29.089410590025928,29.175906071589484,29.27376512903944,29.38365867712394,29.506304308681838,29.642451365030791,29.79286098444593,29.95828194877571,30.139424304438393,30.336933796511104,30.55137077667764,30.783197130705528
718,28.745090434211139,28.749170165807417,28.76144095106525,28.781997668233895,28.810998804787527,28.848666988613004,28.895289695102534,28.951220028261588,29.016877353205079,29.092747378696973,29.179381064172528,29.277391496562384,29.387447722675027,29.510264534848218,29.646587495718883,29.797173116619344,29.962765047236701,30.144068240608849,30.341724057346966,30.556289839895538,30.788226347914648
719,28.747846599085598,28.751933443215364,28.764225587721249,28.78481797596724,28.813869203096242,28.851602040869118,28.898304125645559,28.954328697721515,29.020095158440956,29.096089034955792,29.182860725597955,29.281022183241397,29.391240553163222,29.514227813335676,29.650725765746706,29.801486352494653,29.967248187469938,30.14871125295674,30.346512651247746,30.5612068173041,30.793253437025367
720,28.750607568350215,28.754701529887178,28.767015048295644,28.787643131878379,28.816744482222933,28.854542011278646,28.901323508312906,28.957442335342712,29.023317907099486,29.099435537570162,29.186345025767114,29.284657151152956,29.39503712619419,29.518194103016963,29.654866142661444,29.805800675827818,29.971731375036178,30.153353370548093,30.35129962749162,30.566121770419535,30.798278460921576
721,28.753373345305548,28.757474429130326,28.769809336060483,28.790473138991924,28.819624644446616,28.857486900488357,28.904347840793356,28.960560934151982,29.026545585703609,29.102786865042123,29.189833934627476,29.288296362856372,29.398837400328148,29.522163364083401,29.659008595429913,29.810116071526579,29.976214616014442,30.157994622105598,30.356085035898712,30.571035632774006,30.803354149501363
722,28.756143933231666,28.760252144219162,28.772608454216925,28.793308000197783,28.822509691824433,28.860436708822338,28.907377120359524,28.963684486708299,29.029778180342486,29.106142995600862,29.193327422159339,29.291939781366764,29.402641335035419,29.526135557986379,29.663153094376536,29.814432525600036,29.980697916982315,30.162635038021133,30.360869170172972,30.575955902314362,30.808470790590107
723,28.758919335427464,28.763034678434277,28.775412405933803,28.796147718289522,28.825399626231018,28.863391436324665,28.910411343917428,28.966812985162885,29.033015676743808,29.109503907284211,29.196825458457035,29.295587370220449,29.406448890728516,29.530110647424578,29.667299611128552,29.818750025087244,29.985181285771692,30.167274702286971,30.365653374888581,30.580887584270528,30.813613041458321
724,28.761699555170541,28.76582203502209,28.778221194307523,28.798992295925103,28.828294449321582,28.86635108272721,28.913450507981402,28.969946421242682,29.036258060264689,29.11286957793266,29.2003280137187,29.299239093451913,29.410260028720888,29.534088596285656,29.671448118552551,29.823068558242202,29.989664741858409,30.171913894278497,30.370439426503506,30.58583145124793,30.818775467124667
725,28.764484595716304,28.768614217194152,28.781034822361448,28.801841735627104,28.831194162534626,28.869315647456986,28.916494608688534,28.973084786273144,29.039505315922192,29.116239985223228,29.203835058275285,29.302894915608292,29.414074711218472,29.538069369613599,29.675598590764903,29.827388116577584,29.99414834457777,30.176553100794749,30.375228734811749,30.590787228821249,30.823954951049586
726,28.767274460289411,28.771411228118549,28.783853293037534,28.804696039775532,28.834098767087202,28.872285129636101,28.919543641805323,28.976228071193177,29.042757428415271,29.119615106694049,29.207346562610375,29.306554801755119,29.417892901304707,29.542052933586191,29.679751003511807,29.831708700787072,29.998632214799763,30.181192900594674,30.380022274898543,30.595754398021651,30.829149407723961
727,28.770069152075219,28.774213070911316,28.78667660918827,28.807555210600814,28.837008263970699,28.875259528082182,28.922597602734989,28.979376266570011,29.046014382146105,29.122994919767805,29.210862497378304,29.310218717480851,29.421714562928415,29.546039255570204,29.683905335419134,29.836030328307427,30.003116532379309,30.185833869348279,30.384820697041103,30.600732406088817,30.834357320063457
728,28.772868674211161,28.777019748628089,28.789504773568694,28.81041925017734,28.839922653947113,28.878238841309422,28.925656486524925,28.982529362614006,29.049276161240705,29.126379401773722,29.21438283342064,29.313886628900743,29.425539660907287,29.550028304372212,29.688061570093954,29.840353038308283,30.007601519298646,30.190476532647715,30.389624429016674,30.605720728571189,30.839577523353402
729,28.775673029778304,28.779831264255726,28.7923377888287,28.813288160417169,28.842841937545771,28.88122306753014,28.928720287874697,28.985687349193391,29.052542749568882,29.12976852996848,29.217907541781386,29.317558502662955,29.429368160975784,29.554020050765903,29.692219698427269,29.84467689255138,30.012087420628959,30.195121350346071,30.394433748165813,30.610718885644598,30.844809089857943
730,28.778482221793055,28.782647620704186,28.795175657505609,28.816161943064255,28.845766115060602,28.884212204656652,28.931789001144089,28.988850215848917,29.055814130763622,29.133162281555922,29.22143659372162,29.321234305963856,29.433200029909347,29.558014468244142,29.696379720373635,29.849001973074309,30.016574489104066,30.199768715800044,30.399248829576912,30.615726444074106,30.850051259619931
731,28.781296253198832,28.785468820798457,28.798018382016927,28.819040599688979,28.848695186547779,28.887206250303741,28.934862620361525,28.992017951808283,29.05909028823967,29.136560633705841,29.22496996073502,29.324914006582304,29.437035235738897,29.562011533847535,29.700541645880097,29.853328378246829,30.021062974209045,30.204418961545997,30.404069778168047,30.620743013896888,30.855303396748464
732,28.784115126858058,28.788294867270796,28.800865964653394,28.821924131683062,28.851629151823815,28.890205201791439,28.937941139232624,28.995190546000412,29.062371205211605,29.13996356357217,29.228507614567508,29.328597572942783,29.440873748043948,29.566011228913677,29.704705494944047,29.857656218352925,30.025553115365895,30.209072367042623,30.408896649918027,30.625768243836418,30.86056496030044
733,28.786938845544224,28.791125762753051,28.803718407572372,28.824812540254843,28.854568010464114,28.893209056148127,28.941024551148924,28.998367987069482,29.065656864711229,29.143371048311426,29.2320495272442,29.332284974211326,29.444715538286392,29.570013539634338,29.70887129702086,29.861985611491871,30.030045137962041,30.213729166324722,30.413729466641307,30.630801816718595,30.86583548349677
734,28.789767411934168,28.7939615097693,28.80657571279141,28.827705826424875,28.857511761801867,28.896217810114081,28.94411284919671,29.001550263388797,29.068947249604783,29.146783065102586,29.235595671107045,29.335976180421461,29.448560580146136,29.574018457382589,29.713039090004237,29.866316680030177,30.034539251397572,30.218389555130642,30.418568226071557,30.635843445159125,30.871114558961295
735,28.792600828600602,28.796802110728631,28.809437882182166,28.830603991022038,28.860460404927363,28.899231460145202,28.94720602616589,29.004737363074369,29.072242342609904,29.150199591169628,29.239146018865554,29.339671162623905,29.452408849821719,29.57802597879834,29.717208918965969,29.87064954776308,30.039035648541965,30.223053697000363,30.423412908810793,30.640892867866715,30.876401827811467
736,28.795439098004788,28.799647567918214,28.812304917464704,28.833507034679801,28.863413938687678,28.902250002417073,28.950304074559025,29.007929273998528,29.075542126313273,29.153620603808253,29.242700543660153,29.343369893045686,29.456260326268595,29.582036105679993,29.721380834851928,29.874984337721258,30.043534505902173,30.227721728448316,30.428263483449083,30.645949846422031,30.881696971167976
737,28.798282222489558,28.802497883496713,28.815176820201877,28.83641495783295,28.86637236168664,28.905273432829329,28.953406986600402,29.011125983803389,29.078846583189154,29.157046080417647,29.246259219136359,29.347072345247941,29.460114991365405,29.586048844725024,29.725554893212433,29.879321170521173,30.048035984288319,30.232393763342031,30.433119910198133,30.651014162496818,30.886999703631918
738,28.801130204272447,28.805353059487782,28.81805359179431,28.839327760714681,28.869335672285203,28.908301747010057,28.956514754245081,29.014327479914673,29.082155695619413,29.160475998537429,29.249822019526871,29.350778494272667,29.463972830006764,29.590064207162381,29.729731153019902,29.883660163176327,30.052540229774998,30.237069896545147,30.437982143500335,30.656085615484461,30.892309768148511
739,28.803983045439249,28.808213097774036,28.820935233475453,28.842245443353917,28.872303868602071,28.91133494032071,28.959627369188336,29.017533749555835,29.085469445915791,29.163910335890336,29.253388919738597,29.354488316768926,29.467833830117929,29.594082208306904,29.733909675625412,29.888001428325509,30.057047374793466,30.241750206875274,30.442850133885543,30.661164020501552,30.897626931972972
740,28.806840747937738,28.81107800009115,28.823821746307051,28.845168005573107,28.875276948514681,28.914373007860977,28.962744822874949,29.020744779763007,29.088787816344421,29.167349070429321,29.256959895438658,29.358201791092554,29.471697982609928,29.598102867092976,29.73809052386169,29.892345073712523,30.061557539209549,30.24643475961199,30.447723829419164,30.666249206643769,30.902950983291099
741,28.809703313571699,28.813947768022366,28.826713131175001,28.848095446986225,28.878254909660438,28.917415944473984,28.965867106509158,29.023960557400674,29.092110789152844,29.170792180387817,29.260534923136799,29.361918897379709,29.475565281286816,29.602126205600761,29.742273761273093,29.89669120187304,30.066070831401777,30.251123608605518,30.452603176762462,30.671341015474706,30.908281728446731
742,28.812570743995245,28.816822402993239,28.829609388785268,28.851027766997053,28.881237749438142,28.920463744751789,28.968994211064615,29.027181069178539,29.095438346599281,29.174239644331902,29.26411398026146,29.365639617593303,29.479435722712445,29.60615224858854,29.746459451470265,29.901039909997206,30.070587349303921,30.255816798023872,30.45748812193963,30.676439299723796,30.913618989664041
743,28.815443040707407,28.819701906266637,28.832510519660435,28.853964964797918,28.884225465009894,28.923516403041059,28.972126127295219,29.03040630166959,29.098770470984231,29.177691441213543,29.267697045226619,29.369363935540552,29.483309306043555,29.610181023047332,29.750647657613143,29.905391289933188,30.075107181373845,30.260514363780946,30.462378610883277,30.681543922173461,30.918962603179537
744,28.818320205047133,28.822586278938179,28.835416524136299,28.856907039368611,28.887218053303116,28.926573913449129,28.975262845746219,29.0336362413295,29.102107144683874,29.181147550422555,29.271284097487488,29.373091836865836,29.487186032844246,29.614212557789777,29.754838441997208,29.909745428268902,30.079630407477609,30.265216334744618,30.467274589851137,30.686654754683396,30.924312417644575
745,28.821202238188409,28.825475521931835,28.838327402358939,28.859853989475649,28.890215511012947,28.929636269850413,28.978404356766251,29.036870874517096,29.105448350184307,29.184607951836277,29.27487511758471,29.376823309023404,29.491065906892189,29.618246883075805,29.759031865720559,29.914102406461524,30.084157099700327,30.269922733775047,30.472176005746444,30.691771677324741,30.929668292739926
746,28.824089141135836,28.828369635995983,28.841243154282051,28.862805813671841,28.893217834604911,28.932703465893265,28.981550650519949,29.040110187516316,29.108794070116545,29.188072625865303,29.278470087175833,29.380558341231257,29.494948933979902,29.622284030276941,29.763227988428973,29.918462301014706,30.088687323083803,30.27463357858678,30.477082806338164,30.696894577627955,30.935030098012295
747,28.826980914720394,28.83126862169949,28.844163779664424,28.865762510296086,28.896225020317885,28.935775495007135,28.984701717001272,29.043354166558537,29.112144287291219,29.191541553496251,29.282068989058526,29.384296924414461,29.498835121716041,29.626324031566714,29.767426868107915,29.922825183678817,30.093221136312625,30.279348882509318,30.481994940431253,30.70202334989844,30.940397711834095
748,28.829877559595577,28.834172479428418,28.847089278067958,28.868724077473534,28.899237064167469,28.9388523504104,28.987857546047664,29.04660279784607,29.11549898473293,29.195014716328778,29.28567180717992,29.388039051131969,29.502724479328947,29.630366919655408,29.771628560947683,29.927191121680934,30.097758592315969,30.284068655092057,30.486912357963497,30.707157894637049,30.945771020552616
749,28.832779076233805,28.837081209382912,28.850019648855898,28.871690513116082,28.902253961949658,28.941934025118613,28.991018127354948,29.049856067576286,29.118858145713368,29.198492096607403,29.289278526635858,29.391784715495092,29.506617017478099,29.634412727559067,29.775833121250614,29.931560177957778,30.102299738808053,30.288792902624873,30.491835010073146,30.71229811802241,30.951149917739862
750,28.835685464923198,28.83999481157425,28.852954891191246,28.87466181492319,28.905275709245068,28.945020511953324,28.994183450492823,29.053113961965625,29.122221753782696,29.201973677247697,29.292889133661333,29.395533913080971,29.510512748076323,29.638461488398722,29.780040601368935,29.935932411385341,30.106844618777757,30.293521628592654,30.496762849144943,30.717443931443551,30.956534303523764
751,28.838596725764575,28.842913285822451,28.855895004035762,28.877637980382968,28.90830230142328,28.94811180355142,28.997353504920905,29.056376467273825,29.125589792798888,29.205459441857073,29.296503615613705,29.399286640843048,29.514411684122862,29.642513235225991,29.784251051667795,29.940307877004788,30.111393270933281,30.298254834070274,30.50169582883651,30.722595251078161,30.961924083993498
752,28.841512858668771,28.845836631754057,28.858839986148944,28.880619006773667,28.911333733647886,28.951207892374981,29.000528280005206,29.059643569827507,29.128962246954416,29.208949374750059,29.300121960948491,29.403042897019585,29.518313839548,29.646568000875028,29.788464520513539,29.944686626244888,30.115945730100321,30.302992518056808,30.506633904084634,30.727751997517863,30.967319170681318
753,28.84443386335434,28.84876484880008,28.861789836087574,28.883604891165465,28.914370000881789,28.954308770721518,29.003707765034843,29.062915256043485,29.132339100800962,29.21244346095888,29.30374415919044,29.406802681041405,29.522219229067584,29.650625817834623,29.792681054279686,29.949068707138867,30.120502027584134,30.307734677765875,30.511577031099009,30.732914095428445,30.972719480098952
754,28.847359739345389,28.851697936194544,28.864744552205526,28.886595630422693,28.917411097892938,28.957414430734822,29.006891949239009,29.066191512451088,29.135720339270939,29.215941686238807,29.307370200898823,29.410565993440297,29.526127868050473,29.654686718143896,29.796900697370805,29.95345416453144,30.125062191490098,30.312481308870357,30.516525167345613,30.738081473248283,30.978124933332293
755,28.850290485969818,28.854635892973047,28.867704132653703,28.889591221206238,28.920457019260414,28.96052486441592,29.010080821803921,29.069472325713935,29.139105947697384,29.219444037070755,29.311000077630972,29.414332835759009,29.530039772393046,29.658750733297889,29.801123492251634,29.957843040279187,30.129626247026696,30.317232405729708,30.521478271526973,30.743254062902455,30.983535455658963
756,28.853226102357979,28.857578717971911,28.870668575380634,28.892591659976617,28.923507759381216,28.963640063634774,29.013274371889935,29.072757682650092,29.142495911829013,29.222950500655838,29.314633781898294,29.418103210463411,29.533954958413783,29.662817894186983,29.805349479500038,29.96223537343479,30.134194216748138,30.321987961552026,30.526436303548099,30.748431799572323,30.988950976249882
757,28.856166587441574,28.860526409827525,28.873637878133337,28.895596942997283,28.926563312477164,28.966760020142058,29.016472588648103,29.076047570250868,29.145890217843405,29.226461064908491,29.31827130712368,29.421877120859765,29.537873442754332,29.666888231038158,29.809578697853283,29.966631200420984,30.138766120792887,30.326747968560664,30.531399224488755,30.753614621466053,30.994371427868256
758,28.85911193995274,28.863478966976004,28.876612038458362,28.898607066338265,28.929623672602279,28.969884725580986,29.019675461236524,29.079341975698558,29.149288852357873,29.229975718447122,29.321912647597916,29.42565457101502,29.541795242288096,29.670961773365747,29.813811184259222,29.971030555197977,30.143341977103127,30.331512418141003,30.53636699657174,30.758802469607325,30.999796746595866
759,28.862062158423704,28.866436387653209,28.879591053703287,28.901622025880215,28.932688833650431,28.973014171499411,29.022882978836211,29.082640886382428,29.152691802437271,29.233494450580995,29.325557798434346,29.429435565681182,29.545720374040783,29.675038549936971,29.818046973934134,29.97543346941864,30.147921801615457,30.336281300960131,30.54133958312779,30.763995287649536,31.005226871596022
760,28.865017241186514,28.869398669895034,28.882574921018541,28.904641817318737,28.935758789363266,28.976148349361882,29.026095130666459,29.085944289913588,29.156099055599995,29.237017251295427,29.329206755523725,29.433220110222951,29.549648855116761,29.679118588743165,29.822286100421195,29.979839972576698,30.152505608439874,30.341054607077428,30.546316948560495,30.769193021700158,31.010661744890363
761,28.867977186373178,28.872365811538028,28.885563637359542,28.907666436169084,28.938833533338371,28.979287250561768,29.029311905999684,29.089252174138284,29.159510599821488,29.240544111234595,29.332859515488703,29.437008210549429,29.553580702634171,29.68320191698038,29.826528595651883,29.984250092145576,30.157093410019243,30.345832326037581,30.551299058309564,30.774395620162565,31.016101311160423
762,28.870941991916414,28.875337810220682,28.888557199489462,28.910695877771527,28.941913059037965,28.982430866433187,29.032533294174996,29.092564527148475,29.162926423533708,29.24407502168096,29.336516075638887,29.440799873053603,29.557515933674289,29.687288561043587,29.830774490008729,29.988663853699908,30.161685217259411,30.350614446940543,30.556285878814478,30.77960303360317,31.021545517583579
763,28.873911655550039,28.878314663384248,28.89155560398158,28.913730137296113,28.94499735979705,28.985579188262893,29.035759284612411,29.095881337294134,29.166346515627822,29.247609974538026,29.34017643392691,29.444595104546934,29.561454565219428,29.691378546507757,29.835023812383799,29.993081281049644,30.166281039685508,30.355400958534524,30.561277377479886,30.784815214595739,31.026994313636859
764,28.876886174810618,28.88129636827491,28.894558847223006,28.91676920974886,28.948086428832628,28.988732207301993,29.03898986682459,29.099202593189755,29.169770865447997,29.251148962305177,29.34384058890484,29.44839391221003,29.565396614121909,29.695471898140063,29.839276590243077,29.997502396338074,30.170880885532082,30.360191849253987,30.566273522639118,30.790032117623646,31.032447650981009
765,28.879865547039,28.884282921945921,28.897566925418225,28.919813089977769,28.95118025925245,28.991889914776959,29.042225030428046,29.102528283721327,29.173199462787405,29.254691978056329,29.347508539683904,29.452196303542344,29.569342097064727,29.699568639898779,29.843532849682234,30.001927220146829,30.175484761855415,30.364987107280292,30.571274283521941,30.795253698962753,31.037905483315644
766,28.882849769381782,28.887274321259458,28.900579834592502,28.92286177267848,28.954278844063705,28.995052301901069,29.045464765155174,29.105858398054192,29.176632297884964,29.258239015418372,29.351180285892589,29.456002286309058,29.573291030520227,29.703668794933357,29.847792615486565,30.006355771604373,30.180092674646239,30.369786720599681,30.576279630219982,30.800479916564239,31.043367766235864
767,28.885838838793898,28.890270562889711,28.903597570596443,28.925915252401033,28.957382176182122,28.998219359884807,29.048709060863157,29.109192925635689,29.180069361416106,29.261790068546556,29.35485582763939,29.459811868502751,29.577243430729194,29.707772385598552,29.852055911185925,30.010788068467392,30.184704628904839,30.374590677035396,30.581289533655699,30.805710729970425,31.048834457131942
768,28.88883275204121,28.893271643326038,28.906620129110419,28.928973523556422,28.960490248440653,29.00139107994584,29.051957907542764,29.11253185619854,29.183510644485214,29.265345132101874,29.358535165476205,29.463625058302846,29.581199313675011,29.711879433463732,29.85632275910887,30.01522412720719,30.189320628724364,30.379398964286249,30.58630396555121,30.810946100223898,31.054305515079907
769,28.891831505703141,28.896277558876001,28.90964750564908,28.932036580423087,28.963603053598248,29.00456745331914,29.055211295327236,29.115875179763886,29.186956138617454,29.268904201227862,29.362218300361832,29.467441864036207,29.585158695059867,29.715989959324041,29.860593180436744,30.019663963093457,30.193940677370733,30.384211569962588,30.591322898397618,30.816185989779594,31.059780900736079
770,28.894835096175644,28.899288305668819,28.912679695566137,28.935104417153738,28.966720584348678,29.007748471266677,29.058469214500153,29.119222886643033,29.190405835749377,29.272467271527102,29.36590523362694,29.471262294141255,29.589121590285313,29.720103983214191,29.864867195256323,30.024107590271981,30.198564777354004,30.389028481616506,30.596346305424991,30.821430362424458,31.065260576241521
771,28.897843519675718,28.902303879660302,28.915716694060361,28.9381770277827,28.969842833328716,29.010934125084887,29.06173165549928,29.122574967434133,29.193859728215667,29.276034339038336,29.369595966946957,29.475086357146967,29.593088014448998,29.724221524430156,29.869144822603538,30.028555021816498,30.203192930468227,30.393849686752581,30.601374160577787,30.826679183225909,31.070744505163113
772,28.900856772243223,28.905324276635163,28.918758496179418,28.941254406232098,28.972969793127138,29.01412440611584,29.064998608927521,29.125931413028049,29.197317808743382,29.279605400213388,29.373290502301554,29.478914061625161,29.597057982311224,29.728342601534866,29.873426080521863,30.033006269827279,30.207825137890072,30.398675172875976,30.606406438481343,30.831932418426959,31.076232652366279
773,28.903874849747552,28.908349492214011,28.921805096827494,28.944336546319917,28.976101456292042,29.01731930575146,29.068270065550958,29.129292214597957,29.200780070433595,29.283180451895753,29.376988841959172,29.482745416190159,29.601031508313422,29.732467232389478,29.877710986092744,30.037461345447493,30.212461400176569,30.403504927477538,30.61144311442489,30.837190035433562,31.081724984005351
774,28.906897747889587,28.911379521855771,28.924856490769209,28.947423441766254,28.979237815339719,29.020518815444422,29.071546016309437,29.132657363604881,29.204246506755403,29.286759491297648,29.380690988437145,29.486580429452367,29.605008606546033,29.736595434159842,29.881999555493401,30.04192025895961,30.217101717360617,30.408338938079865,30.616484164328462,30.842452002712527,31.087221467399932
775,28.909925462208165,28.91441436086437,28.92791267263695,28.950515086200959,28.982378862761546,29.023722926712168,29.074826452315016,29.136026851788543,29.207717111529508,29.290342515980402,29.384396944486276,29.490419110014894,29.608989290761265,29.740727223342418,29.88629180402657,30.046383019808019,30.221746088959339,30.413177192230741,30.62152956472589,30.847718289769936,31.092722071013117
776,28.912957988083893,28.917454004393012,28.930973636936052,28.953611473170238,28.985524591031812,29.026931631144809,29.078111364857541,29.139400671167149,29.21119187891858,29.293929523833384,29.388106713061127,29.494261466444311,29.612973574358669,29.744862615778185,29.890587746166798,30.050849636665465,30.226394514034258,30.418019677527806,30.626579292738356,30.852988867081972,31.098226764369493
777,28.915995320744269,28.920498447449575,28.934039378051093,28.95671259614388,28.988674992615181,29.03014492041115,29.081400745406707,29.14277881403261,29.214670803413959,29.297520513053453,29.391820297297365,29.498107507254502,29.616961470384535,29.749001626672726,29.894887395598463,30.055320117477578,30.231046991225515,30.422866381627621,30.631633326052619,30.858263706049453,31.10373551800312
778,28.919037455269706,28.923547684902776,28.937109890252447,28.959818448521897,28.991830059972553,29.033362786262295,29.084694585611427,29.146161272944148,29.218153879823156,29.301115482128399,29.395537700495691,29.501957240897408,29.620952991535262,29.753144270614701,29.899190765245859,30.059794469495454,30.235703518775033,30.427717292249806,30.636691642903358,30.863542778964035,31.109248303419573
779,28.922084386597497,28.926601711486626,28.94018516770188,28.962929023641696,28.994989785569526,29.036585220539859,29.087992877305069,29.149548040726717,29.221641103258044,29.304714429814066,29.399258926092156,29.505810675736601,29.624948150147702,29.757290561593681,29.90349786731959,30.064272699337462,30.240364094579569,30.432572397196545,30.641754222046902,30.868826058944748,31.114765093021525
780,28.925136109529028,28.929660521807612,28.943265204459575,28.966044314784352,28.998154161880663,29.03981221517677,29.091295612501369,29.152939110461649,29.225132469121796,29.308317355121318,29.40298397765017,29.509667820048669,29.628946958211085,29.761440513019529,29.907808713336898,30.068754813003519,30.245028716194895,30.437431684346894,30.646821042748964,30.874113519922975,31.120285860093688
781,28.928192618741765,28.932724110356972,28.946349994497158,28.969164315188525,29.00132318140378,29.043043762210292,29.094602783403708,29.156334475489441,29.228627973103141,29.311924257302092,29.406712858842692,29.513528682009856,29.63294942736831,29.765594137745683,29.912123314166191,30.073240815929932,30.249697380882154,30.442295141675633,30.651892082418485,30.879403952001926,31.125739175186123
782,28.931253908766898,28.935792471488451,28.949439531675758,28.972289018028416,29.004496836636985,29.04627985375706,29.097914382376779,29.15973412937705,29.232127611139649,29.315535135811089,29.410445573416578,29.517393269668091,29.636955568899459,29.769751448064479,29.916441680030172,30.077730712992238,30.254370085594608,30.447162754517294,30.65696698668858,30.884687244364546,31.131138260376137
783,28.934319974037852,28.93886559946699,28.952533809794815,28.97541841646256,29.007675120126599,29.049520482058288,29.101230401986921,29.163138065951195,29.235631379442943,29.319149990324185,29.414182125208583,29.521261590963892,29.640965393755206,29.773912455757966,29.920763820572301,30.082224508571262,30.259046825930142,30.452034435156769,30.662043975564426,30.889956663825409,31.13650396942046
784,28.937390808867899,28.941943488446366,28.95563282257001,28.978552503611667,29.010858024444122,29.052765639454773,29.104550834973722,29.16654627926571,29.239139274462239,29.322768820700361,29.417922518109918,29.525133653702309,29.64497891254014,29.778077172092985,29.925089744856248,30.086722206227659,30.263727581992985,30.456909830615952,30.667120682445749,30.895211214236227,31.141843722365405
785,28.940466407463347,28.945026132482489,28.958736563646561,28.981691272571648,29.014045542198016,29.056015318396096,29.107875674255123,29.169958763601464,29.242651292879085,29.326391626973439,29.42166675605894,29.529009465551937,29.648996135522577,29.782245607842178,29.929419461313536,30.09122380588882,30.268412280106563,30.461788306380342,30.672195236820937,30.900451317269589,31.147161795052423
786,28.943546763929767,28.94811352553965,28.961845026605406,28.984834716419282,29.017237666038238,29.059269511442633,29.111204912925544,29.173375513459657,29.246167431596252,29.330018409338503,29.425414843029088,29.532889034039261,29.653017072638971,29.786417773280018,29.933752977180394,30.095729295774049,30.273100763446401,30.466669102819171,30.677266356523162,30.905677725046971,31.152461063722054
787,28.946631872278058,28.951205661496601,28.964958204969307,28.987982828217916,29.020434388660409,29.06252821126721,29.114538544253808,29.176796523555169,29.24968768772683,29.333649168138972,29.429166783017738,29.536772366543644,29.6570417334942,29.790593678074892,29.938090296762493,30.100238642102237,30.277792795394213,30.471551464189819,30.682333198835892,30.910891233893842,31.157743633099759
788,28.949721726430699,28.95430253415276,28.968076092208751,28.991135601022695,29.023635702809838,29.065791410656495,29.117876561680681,29.180221788809746,29.253212058583664,29.337283903854338,29.432922580035793,29.540659470292123,29.661070127340331,29.794773330915376,29.942431418538668,30.104751782298294,30.282488082454272,30.476434702093776,30.68739522185389,30.916092600890615,31.163011128226003
789,28.952816320227832,28.957404137234263,28.971198681747911,28.994293027885874,29.026841601285113,29.069059102512053,29.121218958816335,29.183651304345336,29.256740541669092,29.340922617088488,29.436682238097916,29.544550352350097,29.665102262995212,29.798956738764883,29.94677633200488,30.109268623771474,30.287186299947383,30.481318217056998,30.692452086648043,30.921282521044073,31.168264852288832
790,28.955915647433383,28.960510464400055,28.97432596697033,28.997455101861707,29.030052076941537,29.072331279851085,29.12456572943751,29.187085065477245,29.260273134664914,29.344565308558568,29.440445761212406,29.548445019598873,29.669138148657353,29.803143905811247,29.951125015216967,30.113789047022006,30.291887113001746,30.486201499308933,30.697503592032842,30.926461625264434,31.173505879486257
791,28.959019701741159,28.963621509247854,28.9774579412246,29.00062181601125,29.033267122694223,29.075607935806993,29.127916867484579,29.19052306770752,29.263809835422805,29.348211979084226,29.444213153368576,29.552343478686232,29.673177791597325,29.807334832313046,29.955477433507653,30.118312910980851,30.296590191208075,30.491084121124878,30.702549631316426,30.931630484614214,31.178735114562485
792,28.96212847678084,28.966737265320063,28.980594597829846,29.003793163406975,29.036486731521027,29.078889063629575,29.131272367058433,29.193965306718216,29.267350641954817,29.351862629576594,29.44798441851793,29.556245735938148,29.677221197746,29.811529513555978,29.95983353934993,30.122840058920733,30.301295217989804,30.495965726465982,30.70759016307127,30.936789616604138,31.183953332757326
793,28.965241966123916,28.969857726109552,28.983735930081064,29.006969137137048,29.039710896465124,29.08217465668514,29.134632222417224,29.197411778364849,29.270895552424186,29.355517261026186,29.451759560544104,29.560151797224563,29.681268371223059,29.815727939066438,29.964193273143806,30.127370324035304,30.306001895868913,30.500846020405106,30.712625191567895,30.941939491541376,31.18916120742794
794,28.968360163289535,28.972982885065406,28.986881931254352,29.010149730309607,29.042939610637404,29.085464708456225,29.137996427973036,29.200862478669826,29.274444565135909,29.35917587448785,29.455538583217244,29.564061667783061,29.685319313866426,29.819930092151317,29.968556564577376,30.13190353417259,30.310709949048302,30.505724759642913,30.717654753064863,30.947080538279803,31.194359330292219
795,28.971483061750241,28.976112735598473,28.990032594611918,29.013334936056641,29.046172867218701,29.088759212541341,29.141364978288451,29.204317403815821,29.277997678526827,29.362838471061472,29.459321490130929,29.567975352013217,29.689374024808334,29.824135949739787,29.972923334272579,30.136439515695731,30.315419124303467,30.510601744151586,30.722678906098555,30.952213149359341,31.199548226554214
796,28.974610654937631,28.979247271086848,28.993187913407038,29.016524747537787,29.04941065946166,29.092058162654304,29.144737868072948,29.207776550139169,29.281554891154499,29.366505051866092,29.463108284620198,29.571892853253999,29.693432500134534,29.828345482511995,29.977293495547404,30.140978096428498,30.320129190623085,30.515476810153906,30.727697724850106,30.957337685386602,31.204728366124417
797,28.977742936247893,28.982386484881236,28.996347880888695,29.019719157943893,29.052652980692532,29.095361552623555,29.148115092179331,29.21123991412281,29.285116201684144,29.370175618006538,29.466898969664104,29.575814173563497,29.697494732642873,29.832558655230869,29.981666956114591,30.145519107848788,30.324839938278764,30.520349824246502,30.732711294221009,30.962454478808297,31.209900172530549
798,28.980879899047139,28.985530370310087,28.999512490306209,29.022918160500367,29.055899824312714,29.09866937639126,29.151496645599824,29.214707492388651,29.288681608872778,29.373850170531824,29.470693547776897,29.579739313515642,29.701560711708773,29.836775427221056,29.98604361963659,30.150062386648131,30.329551177550609,30.525220678503953,30.73771970628572,30.967563837140936,31.215064029917755
799,28.984021536676753,28.988678920684713,29.002681734913569,29.026121748470423,29.059151183800051,29.101981628012233,29.154882523462053,29.218179281689206,29.292251111550438,29.377528710386226,29.474492020893756,29.583668272021654,29.705630423237764,29.840995752930077,29.990423387128299,30.154607775840415,30.33426273727563,30.530089286339141,30.742723057661028,30.972666045776101,31.220220288737259
800,28.987167842458437,28.991832129304164,29.005855607973704,29.029329915157934,29.062407052710064,29.105298301652642,29.158272721024641,29.22165527889786,29.29582470859723,29.381211238353053,29.478294390254785,29.587601046186776,29.709703849713595,29.845219582550985,29.994806158157662,30.159155125411857,30.338974463316557,30.534955579165526,30.747721447686196,30.977761370338726,31.225369270205491
801,28.990318809699225,28.994989989459981,29.009034102762502,29.032542653910362,29.06566742467685,29.10861939158859,29.161667233672279,29.225135480997572,29.299402398916591,29.384897754992899,29.482100656294079,29.591537631205309,29.713780970314787,29.849446862649021,29.999191831854336,30.16370429269357,30.3436862170946,30.539819503597435,30.752714977029942,30.982850058735245,31.230511270040026
802,28.993474431696278,28.998152494440724,29.012217212572658,29.035759958121339,29.06893229341388,29.111944892204299,29.165066056910288,29.228619885067936,29.302984181404909,29.388588260579411,29.48591081853802,29.59547802029233,29.717861761080727,29.853677536768867,30.003580307753975,30.168255142539586,30.348397874193729,30.544681019074339,30.757703746631478,30.98793234294909,31.235646561612828
803,28.996634701741595,29.00131963753654,29.015404930717381,29.038981821233016,29.072201652714604,29.115274797990086,29.168469186358166,29.232108488270097,29.306570054917831,29.392282755033456,29.489724875515151,29.599422204651507,29.721946195118512,29.857911546014222,30.007971486486486,30.172807547330176,30.353109323042741,30.549540095889544,30.762687856945281,30.993008440593886,31.240775398558021
804,28.999799613126413,29.004491412043258,29.018597250533986,29.042208236738418,29.075475496452697,29.118609103539971,29.171876617742548,29.235601287829983,29.310160018233784,29.395981237858113,29.493542824679498,29.603370173474033,29.726034242836583,29.862148829589859,30.012365270332882,30.177361386854933,30.357820463691088,30.554396713533297,30.767667407388181,30.998078556273747,31.245898016981165
805,29.002969159145682,29.007667811266643,29.021794165387117,29.045439198183434,29.078753818582296,29.12194780354865,29.175288346888781,29.239098281019032,29.313754070015314,29.399683708075944,29.49736466235024,29.607321913970328,29.730125872198027,29.866389325293024,30.0167615636467,30.181916548098151,30.362531206702279,30.559250859332334,30.772642495956934,31.003142882755697,31.251014637302251
806,29.006143333102159,29.010848828526179,29.024995668672027,29.048674699168636,29.082036613137639,29.125290892808106,29.178704369711578,29.242599465133452,29.317352208769201,29.403390164170656,29.501190383667016,29.611277411424876,29.734221048978561,29.870632969953466,30.021160273179866,30.186472924981434,30.367241472149647,30.564102527284259,30.777613218939599,31.008201602012239,31.256125465863025
807,29.009322128310377,29.014034457158921,29.028201753817456,29.051914733350948,29.085323874232703,29.128638366203568,29.182124682204389,29.24610483747168,29.320954432806509,29.407100604034273,29.505019982560423,29.615236649269637,29.738319737021534,29.874879699824803,30.025561308331874,30.19103041807821,30.371951188701161,30.568951717055374,30.78257967070515,31.013254886151881,31.261230696331644
808,29.012505538100573,29.017224690523008,29.031412414288503,29.055159294445009,29.088615596060194,29.131990218708619,29.18554928042759,29.249614395310562,29.324560740203058,29.410815024920964,29.508853451738105,29.619199609174025,29.742421898487581,29.879129450925653,30.029964581322218,30.195588934300403,30.376660292798004,30.573798433148838,30.787541943572926,31.01830289823253,31.266330510896744
809,29.015693555822306,29.020419522001127,29.0346276435892,29.058408376224367,29.09191177289042,29.135346445379994,29.188978160495889,29.253128135880878,29.328171128760971,29.414533423405675,29.512690782679801,29.623166271142708,29.746527494097649,29.883382159350397,30.03437000732292,30.200148386578263,30.38136872788975,30.578642684158602,30.792500127715602,31.023345793012801,31.271425081356998
810,29.018886174847925,29.023618945003712,29.037847435264915,29.061661972522352,29.095212399069545,29.138707041351299,29.192411318564329,29.256646056341825,29.331785595972068,29.41825579535157,29.51653196564919,29.627136613627155,29.750636483362822,29.887637761523276,30.038777504518674,30.204708693528588,30.386076443773035,30.583484482181579,30.797454311124863,31.028383717589037,31.276514570016502
811,29.022083388575947,29.026822952971983,29.041071782904545,29.064920077232614,29.098517469017363,29.142072001826058,29.195848750813425,29.26016815375537,29.335404138983655,29.421982135884534,29.520376989715857,29.631110613641457,29.754748824799265,29.891896194416024,30.043186994133311,30.209269779132487,30.390783395994067,30.588323842304423,30.802404579596452,31.033416811972835,31.28159913048831
812,29.025285190434065,29.030031539380737,29.044300680142417,29.068182684309409,29.101826977224714,29.145441322070052,29.19929045343363,29.263694425060713,29.339026754567282,29.425712439374589,29.524225842785469,29.63508824687948,29.758864476127258,29.896157395733496,30.047598400430843,30.213831572424795,30.395489545306326,30.593160782153713,30.807351016731509,31.038445209616402,31.286678908417283
813,29.028491573882199,29.033244697741061,29.047534120660018,29.071449787767556,29.105140918250171,29.148814997402898,29.20273642260921,29.267224867049528,29.34265343909075,29.429446699423586,29.528078511637084,29.639069487831776,29.762983394454817,29.900421304071099,30.052011650694901,30.218394007193965,30.400194857178352,30.597995321504317,30.812293703953255,31.043469037889707,31.291754042128144
814,29.03170253241511,29.03646242160271,29.050772098187455,29.074721381681904,29.108459286716467,29.152193023189099,29.206186654501732,29.270759476341876,29.34628418849357,29.433184908859857,29.531934981967058,29.643054309901633,29.767105536445335,29.904687859043616,30.056426675185911,30.222957021693766,30.404899301354227,30.602827481948566,30.817232720539327,31.048488418506945,31.296824663194819
815,29.034918059565005,29.039684704556326,29.054014606504637,29.077997460186641,29.111782077306181,29.155575394828443,29.209641145233324,29.274298249363017,29.349918998265213,29.436927059737368,29.535795238436954,29.647042685519235,29.771230858472752,29.908957001393599,30.060843407084615,30.227520558365374,30.409602851451673,30.607657286605381,30.822168143662537,31.053503467918141,31.301890896957893
816,29.038138148903865,29.042911540235419,29.057261639442142,29.08127801747402,29.115109284757036,29.158962107745889,29.213099890869938,29.277841182321811,29.353557863427685,29.440673143341314,29.539659264726549,29.651034586252269,29.77535931675941,29.913228673074332,30.06526178242073,30.232084563576528,30.414305484607357,30.61248475987697,30.827100048439497,31.058514297657844,31.306952862978715
817,29.041362794045501,29.046142922318133,29.060513190881871,29.08456304779282,29.118440903856754,29.16235315738113,29.216562887404592,29.281388271190135,29.357200778520525,29.444423150197252,29.54352704358833,29.655029982912698,29.779490867503132,29.917502817319491,30.069681739996618,30.236648987372032,30.419007181147748,30.617309927228291,30.832028507981622,31.063521014671494,31.31201067546181
818,29.044591988647383,29.0493788445287,29.063769254757275,29.087852545446317,29.12177692943726,29.165748539177571,29.220030130740863,29.284939511684218,29.360847737590259,29.448177070086221,29.54739855690589,29.65902884565855,29.783625466986717,29.921779378688946,30.074103221298795,30.241213783242099,30.423707924305535,30.622132815010911,30.836953593452694,31.068523721600396,31.317064443617056
819,29.047825726412231,29.052619300638554,29.067029825053236,29.091146504789773,29.125117356368424,29.169148248571144,29.223501616677051,29.288494899248295,29.364498734183879,29.451934892063875,29.551273785752386,29.663031144087945,29.787763071672625,29.926058303101112,30.078526170409308,30.245778907908978,30.42840769996447,30.626953450307543,30.841875374124918,31.073522517042573,31.322114271989861
820,29.051064001089305,29.055864284467336,29.070294895805706,29.094444920227637,29.128462179551612,29.172552280979129,29.226977340890834,29.292054429039318,29.368153761343549,29.455696604480035,29.555152710447548,29.667036847329886,29.791903638293896,29.930339537863393,30.082950533918616,30.250344321118657,30.433106496410822,30.63177186078158,30.846793917434404,31.078517495807237,31.327160260782787
821,29.054306806475481,29.059113789883408,29.073564461100943,29.097747786210391,29.131811393912788,29.175960631788932,29.230457298924655,29.295618095913859,29.371812811605235,29.459462195002541,29.559035310615656,29.671045924128492,29.7960471239303,29.934623031686137,30.087376260833391,30.254909985449352,30.437804304119858,30.636588074557316,30.85170928903915,31.083508749137895,31.332202506132848
822,29.05755413641597,29.062367810804222,29.076838515074439,29.101055097230894,29.135164994395375,29.1793732963468,29.233941486171869,29.299185894416809,29.375475876999634,29.463231650642577,29.562921565242505,29.675058342922007,29.800193486076008,29.938908734689363,30.091803302484717,30.259475866131258,30.442501115559256,30.64140212011305,30.856621552876152,31.08849636492037,31.337241100368786
823,29.060805984804936,29.06562634119647,29.080117051909632,29.104366847820639,29.138522975952942,29.182790269946651,29.237429897863286,29.302757818770939,29.379142949054422,29.467004957781143,29.566811452731912,29.679074071919093,29.8043426827027,29.943196598405528,30.096231612436224,30.264041930871972,30.447196925002384,30.646214026181969,30.861530771218504,31.093480427882021,31.34227613225621
824,29.064062345585356,29.068889375075454,29.083400065835807,29.107683032545186,29.141885333541332,29.186211547819198,29.240922529055876,29.306333862870872,29.38281401880235,29.470782102199685,29.57070495095974,29.683093079161893,29.808494672300963,29.947486575763669,30.100661146392998,30.268608149710417,30.451891728386723,30.651023821687524,30.866437004730734,31.098461019750697,31.347307687188529
825,29.067323212749098,29.072156906504667,29.086687551126278,29.111003645999858,29.145252062111187,29.189637125121351,29.244419374620897,29.309914020275471,29.386489076786596,29.474563069107706,29.574602037327061,29.687115332593496,29.81264941393205,29.951778621085055,30.105091862113888,30.273174494858935,30.456585523148778,30.655831535658365,30.871340312522964,31.103438219434565,31.352335847407211
826,29.070588580336448,29.075428929594814,29.089979502095904,29.114328682804803,29.14862315659996,29.193066996925673,29.247920429233695,29.313498284203739,29.390168113071002,29.478347843174259,29.578502688811934,29.691140800115019,29.816806867261466,29.956072690062268,30.109523719322876,30.277740940568506,30.461278308097874,30.660637197174204,30.876240752204584,31.108412103167129,31.357360692174552
827,29.073858442434851,29.078705438502212,29.093275913097944,29.117658137599616,29.151998611923947,29.196501158210864,29.251425687365845,29.317086647534015,29.393851117253089,29.482136408559132,29.582406882015785,29.695169449632548,29.820966992582317,29.960368739734935,30.113956679628554,30.282307463011133,30.46597008330798,30.66544083532073,30.881138379933116,31.113382744635675,31.362382297926292
828,29.077132793178119,29.081986427427299,29.096576778521264,29.120992005038275,29.155378422970664,29.199939603852219,29.254935143276189,29.320679102801037,29.397538078474188,29.485928748942225,29.586314593211181,29.699201249110544,29.825129750848323,29.964666728472363,30.118390706441318,30.286874040149449,30.47066084999182,30.670242479132725,30.886033250464905,31.118350215125176,31.367400738444378
829,29.080411626745061,29.085271890612884,29.099882092787102,29.124330279783699,29.158762584590935,29.203382328612342,29.258448791003364,29.324275642195648,29.401228985432937,29.489724847554754,29.590225798387458,29.703236166617138,29.829295103694932,29.968966615947583,30.122825764893207,30.29144065162258,30.47535061039811,30.675042157553147,30.890925417203732,31.123314583641626,31.37241608500273
830,29.083694937357201,29.088561822341472,29.103191850345041,29.127672956501872,29.162151091591326,29.206829327133448,29.261966624361179,29.327876257568025,29.404923826401095,29.493524687209231,29.59414047328961,29.707274170358346,29.833463013449649,29.973268363107429,30.127261821765757,30.296007278651302,30.480039367731369,30.679839899405721,30.895814932244825,31.128275917013877,31.377428406485834
831,29.086982719276669,29.091856216932559,29.106506045669093,29.131020029856089,29.165543938726813,29.210280593929664,29.265488636933682,29.331480940430247,29.408622589238455,29.497328250328955,29.598058593457854,29.711315228714174,29.837633443144679,29.977571932144038,30.131698845417233,30.300573903940503,30.484727126067618,30.684635733364772,30.900701846419214,31.133234279998995,31.382437769511967
832,29.090274966804824,29.095155068740866,29.109824673254472,29.134371494501583,29.168941120692949,29.213736123377902,29.269014822067721,29.335089681955825,29.412325261405819,29.501135518978536,29.601980134272754,29.715359310284413,29.841806356539781,29.981877286470919,30.136136805703135,30.305140511563199,30.489413890248144,30.689429687911367,30.905586209342133,31.138189735408549,31.387444238583075
833,29.093571674277779,29.098458372151487,29.113147727611842,29.137727345078936,29.172342632119527,29.217195909714015,29.272545172875152,29.338702472990999,29.416031829986135,29.504946474890865,29.605905070978665,29.719406383896494,29.845981718105655,29.986184390682318,30.140575673923422,30.309707086914294,30.494099665856069,30.694221791339743,30.910468069445479,31.143142344156402,31.392447876135325
834,29.096872836065174,29.101766121578176,29.11647520326423,29.141087576208797,29.175748467562897,29.220659947023741,29.276079682225078,29.342319304053692,29.41974228169661,29.508761099497065,29.609833378729196,29.723456418652901,29.850159493049222,29.990493210531142,30.145015422742706,30.314273616591603,30.498784459105583,30.699012071710307,30.915347474026543,31.148092165388924,31.397448742694042
835,29.100178446565447,29.105078311458282,29.119807094741219,29.14445218248547,29.179158621500068,29.22412822923971,29.279618342746883,29.345940165345318,29.423456602909461,29.512579373951841,29.613765032608104,29.727509383936631,29.854339647296285,29.994803712890132,30.149456026141188,30.318840088353319,30.503468276820552,30.70380055685575,30.920224469278519,31.153039256530231,31.402446896921674
836,29.103488500202829,29.108394936249436,29.123143396574623,29.147821158471373,29.182573088322371,29.227600750135611,29.283161146827922,29.349565046755362,29.427174779666903,29.516401279159609,29.617700007662055,29.731565249439335,29.858522147499034,29.99911586572485,30.153897459351029,30.323406491034152,30.508151126362829,30.708587274356105,30.925099100329916,31.157983673374289,31.407442395725354
837,29.10680299142399,29.111715990425786,29.126484103293699,29.151194498691023,29.185991862328788,29.231077503320773,29.286708086612315,29.353193937868344,29.430896797698828,29.520226795802024,29.621638278931261,29.73562398518278,29.862706961034437,30.003429638060421,30.158339698794972,30.327972814473785,30.512833015577623,30.713372251525517,30.929971411282295,31.162925470161976,31.412435294344736
838,29.110121914692982,29.115041468472782,29.129829209419679,29.154572197625637,29.189414937721832,29.234558482239201,29.290259154005128,29.356826827974732,29.434622642439876,29.524055904357642,29.625579821465436,29.73968556152359,29.866894055992034,30.007744999951505,30.162782722044465,30.332539049475397,30.517513952766752,30.718155515411183,30.934841445237318,31.167864699628481,31.417425646404492
839,29.113445264488448,29.118371364883952,29.133178709461337,29.157954249707156,29.192842308600348,29.238043680162786,29.293814340669453,29.360463706075961,29.438352299046262,29.527888585130945,29.629524610359027,29.743749949181549,29.871083401178442,30.012061922450496,30.167226507752488,30.337105187721921,30.522193946620682,30.722937092772778,30.939709244337813,31.172801413093424,31.422413504018341
840,29.116773035298007,29.121705674155258,29.136532597909383,29.161340649313196,29.196273968956351,29.241533090191901,29.297373638032422,29.364104560896539,29.442085752412474,29.5317248182693,29.633472620762195,29.747817119238555,29.875274966101095,30.016380377578091,30.171671035618392,30.341671221745713,30.526873006202813,30.727717010086725,30.944574849791156,31.17773566049668,31.42739891782751
841,29.120105221622588,29.125044390789064,29.139890869239544,29.164731390769248,29.199709912676941,29.245026705258638,29.300937037292407,29.367749380898513,29.445822987194749,29.53556458379439,29.637423827913942,29.751887043162242,29.879468720969975,30.020700338295001,30.176116286332324,30.346237144861885,30.531551140896703,30.7324952935308,30.949438302440736,31.18266776021288,31.432398197165206
842,29.123441817939174,29.128387509256953,29.143253517875721,29.168126468312696,29.203150133510555,29.248524518097081,29.304504529395182,29.371398154264202,29.449563987799685,29.539407861593137,29.641378207130238,29.75595969278621,29.883664636667039,30.025021778462929,30.180562241535288,30.350802951138025,30.536228360397164,30.737271969618927,30.954299717883174,31.187600056571362,31.43740837358439
843,29.126782818744623,29.131735024043184,29.146620538232501,29.171525876134467,29.20659462510816,29.252026521285572,29.308076105079394,29.375050868947184,29.453308738441415,29.543254631478899,29.645335733862296,29.760035040354552,29.887862684765469,30.029344672830995,30.185008883774984,30.355368635335303,30.54090467491033,30.742047081201573,30.959159535701708,31.192534123447974,31.442424739005602
844,29.130128218518678,29.135086929607777,29.149991924678474,29.174929608343039,29.21004338098933,29.255532707216503,29.31165175485188,29.378707512654287,29.457057223129823,29.54710487318296,29.649296383686515,29.764113058504542,29.892062837501229,30.033668996996958,30.189456196464143,30.359934192948931,30.545580098351497,30.746820731265309,30.964018328286528,31.197470227462837,31.447445643784146
845,29.133478011727139,29.138443220389494,29.153367671539165,29.178337658967756,29.213496394546812,29.259043068103583,29.315231468999389,29.382368072862711,29.460809425692496,29.550958566378338,29.653260132324494,29.768193720276003,29.896265067766109,30.037994727382834,30.193904163862594,30.364499620816716,30.550254657039023,30.751593086639932,30.968876554368151,31.202408311318305,31.452470153205734
846,29.1368321928169,29.141803890801011,29.156747773092246,29.181750021954539,29.216953659043732,29.262557595982102,29.318815237593217,29.386032536830061,29.464565329789423,29.554815690696206,29.657226955655968,29.772276999114506,29.900469349096369,30.042321841212818,30.198352771173447,30.369064918920465,30.554928396378063,30.756364342397482,30.973734537966099,31.20734824149871,31.457497650401592
847,29.140190756211105,29.145168935223932,29.16013222356268,29.185166691161729,29.220415167611129,29.266076282709378,29.322403050494209,29.389700891604431,29.468324918927404,29.558676225741575,29.661196829730684,29.776362868873626,29.904675655662164,30.046650316515546,30.202802004908985,30.373630092711188,30.559601380067939,30.761134692380519,30.978592502462046,31.212289873615966,31.462527692994687
848,29.14355369630422,29.148538348003999,29.163521017118224,29.188587660356294,29.223880913245811,29.269599119965747,29.325994897357869,29.393373124034344,29.472088176473793,29.562540151107825,29.665169730779027,29.780451303816513,29.908883962261598,30.050980132186432,30.207251853516592,30.378195154622325,30.564273684899231,30.765904314864521,30.98345060196306,31.217233071262022,31.467559947238843
849,29.146921007457184,29.151912123446252,29.166914147864823,29.192012923210129,29.227350888808569,29.27312609925573,29.329590767639875,29.397049220778786,29.475855085669966,29.566407446390706,29.66914563522187,29.784542278617703,29.913094244328271,30.055311268136244,30.211702308077072,30.382760124336343,30.568945394833325,30.770673367545946,30.988308943846494,31.222177711381811,31.472594151595445
850,29.150292683992529,29.155290255810289,29.17031160984228,29.195442473296684,29.230825087022637,29.276657211909665,29.333190650601612,29.400729168317071,29.479625629644282,29.570278091201384,29.673124519679568,29.7886357683673,29.917306477962107,30.059643705510435,30.216153362840654,30.387325028040433,30.573616596209614,30.775441987433087,30.993167603551825,31.227123684686955,31.477630095815872
851,29.153668720189668,29.158672739305597,29.173713397020084,29.198876304087804,29.234303500472514,29.280192449085479,29.336794535315978,29.40441295295858,29.483399791424549,29.574152065178762,29.677106360980808,29.792731748580653,29.921520639988969,30.063977426933228,30.220605015490943,30.391889897180171,30.578287374417211,30.780210292598515,30.998026634401931,31.232070894726881,31.482667607446526
852,29.157049110280216,29.162059568087084,29.177119503293333,29.202314408950816,29.237786121603069,29.283731801770827,29.340402410673203,29.408100560852368,29.487177553950023,29.578029348001159,29.681091136172196,29.796830195216817,29.92573670804374,30.068312416723145,30.225057267143338,30.396454767102586,30.582957811791989,30.784978384522152,31.002886074185117,31.237019256489347,31.487706542879991
853,29.160433848443351,29.165450736250545,29.180529922478886,29.205756781145809,29.241272942718826,29.287275260785439,29.344014265386889,29.411791977996632,29.490958900082973,29.581909919397773,29.685078822529675,29.800931084706363,29.929954660665583,30.072648661054508,30.229510122156963,30.401019675771185,30.587627986334738,30.789746350473173,31.007745949820162,31.241968694997293,31.492746780833098
854,29.163822928801416,29.168846237828429,29.183944648311648,29.209203413823218,29.244763955983704,29.290822816783646,29.347630088000034,29.415487190248076,29.494743812620033,29.585793759160154,29.689069397572879,29.805034393988414,29.934174477394798,30.076986148048046,30.233963587803569,30.405584662650352,30.592297971116896,30.794514265718789,31.012606280449059,31.246919143998912,31.497788217830138
855,29.167216345415444,29.172246066785668,29.187363674441102,29.212654300021615,29.248259153420761,29.294374460257231,29.351249866891141,29.419186183330989,29.498532274303013,29.589680847154064,29.693062839083048,29.809140100555208,29.938396138859087,30.08132486778328,30.238417673856556,30.410149767823199,30.596967834137619,30.799282195407027,31.01746707952163,31.251870544831487,31.502830764962514
856,29.170614092281042,29.17565021701564,29.190786994427935,29.216109432665704,29.251758526912475,29.297930181538302,29.354873590280402,29.422888942846278,29.502324267829856,29.59357116333241,29.697059125124774,29.813248182499077,29.942619626839242,30.085664812252169,30.242872392179322,30.414715031311314,30.601637638355125,30.804050196150207,31.02232835642091,31.256822845454124,31.507874345229801
857,29.174016163324261,29.179058682336336,29.194214601740992,29.219568804564549,29.255262068200899,29.301489970802429,29.358501246235814,29.426595454280363,29.506119775865557,29.597464687749294,29.70105823407048,29.817358618558526,29.946844924312906,30.09000597526969,30.247327756325706,30.419280492550637,30.60630744186971,30.808818317382748,31.027190117631015,31.261775999603294,31.512918891490745
858,29.177422552397651,29.182471456486613,29.197646489754259,29.223032408410056,29.25876976888841,29.305053818071944,29.362132822679495,29.430305703014049,29.509918781053287,29.601361400575353,29.705060144627073,29.821471388160841,29.951072015476996,30.094348352351943,30.25178378116242,30.42384619000639,30.610977298215314,30.813586602502841,31.032052367549696,31.266729966063846,31.517964344901159
859,29.180833253276518,29.185888533122775,29.201082651744155,29.226500236775657,29.262281620438287,29.308621713219281,29.365768307393765,29.434019674331282,29.513721266025961,29.605261282114654,29.709064835863803,29.825586471458536,29.955300885745984,30.098691940568379,30.256240482531577,30.42841216092415,30.615647256704612,30.818355089791417,31.036915109045605,31.271684708063045,31.523010653712291
860,29.184248259655337,29.189309905815122,29.204523080887057,29.229972282115181,29.265797614175845,29.312193645970524,29.369407688027511,29.437737353428151,29.517527213418347,29.609164312822468,29.713072287239974,29.829703849357642,29.959531521730565,30.10303673838461,30.260697876962126,30.432978441171322,30.620317362766304,30.823123813170813,31.041778343897441,31.276640192755497,31.528057772257121
861,29.187667565144277,29.192735568044874,29.207967770256882,29.233448536762001,29.269317741289449,29.3157696059091,29.373050952102531,29.441458725421953,29.521336605879583,29.613070473324097,29.717082478630839,29.833823503537083,29.96376391120134,30.107382745506825,30.265155981425906,30.437545065134337,30.624987658263425,30.827892802853466,31.046642073147186,31.281596390770474,31.533105660086544
862,29.191091163266048,29.196165513201173,29.211416712823016,29.236928992928263,29.272841992831896,29.319349582479475,29.376698087019911,29.445183775360452,29.525149426086447,29.616979744433785,29.721095390351092,29.837945416458609,29.967998043040179,30.111729962731133,30.269614813134698,30.442112065667342,30.629658181803439,30.832662085881871,31.051506297346116,31.2865532758222,31.53815428128344
863,29.194519047452733,29.199599734578289,29.214869901448338,29.240413642704432,29.276370359721867,29.322933564991047,29.380349080066534,29.448912488231439,29.528965656756778,29.620892107173553,29.725111003175961,29.842069571371049,29.972233907185664,30.11607839179743,30.274074389360898,30.446679474070514,30.634328969039068,30.837431686601303,31.056371016748148,31.291510824360373,31.543203603866111
864,29.197951211042973,29.203038225372982,29.21832732888744,29.243902478058921,29.279902832745535,29.326521542622196,29.384003918421815,29.452644848972476,29.532785280663415,29.624807542791643,29.729129298358444,29.846195952305006,29.976471494569083,30.12042803525263,30.278534727300034,30.451247320113357,30.639000052945349,30.842201627026739,31.06123623142998,31.29646901528421,31.548253599325292
865,29.201387647279276,29.206480978682201,29.221788987785121,29.247395490838024,29.283439402558436,29.330113504424375,29.387662589164481,29.456380842480979,29.536608280648245,29.628726032780037,29.733150257642709,29.850324544060669,29.980710797047095,30.124778896325779,30.282995843962361,30.455815632075439,30.643671464067232,30.846971927153209,31.066101941389164,31.301427829691988,31.553304242219141
866,29.204828349305487,29.209927987500759,29.225254870675048,29.250892672765882,29.286980059687412,29.333709439326483,29.391325079279596,29.46012045362443,29.540434639636231,29.632647558890721,29.73717386327375,29.854455332190284,29.98495180733352,30.129130978815756,30.287457756087271,30.460384436796208,30.648343230742878,30.85174260522334,31.070968146621194,31.306387250658467,31.558355509821574
867,29.208273310164568,29.213379244719423,29.228724969978543,29.254394015444827,29.290524794532722,29.337309336139199,29.394991375665729,29.463863667250877,29.544264340649299,29.636572103150232,29.74120009800307,29.858588302976052,29.989194518931996,30.13348428699123,30.291920480076474,30.464953759731351,30.653015379306186,30.856513677957313,31.075834847177877,31.311347263037803,31.563407381817871
868,29.211722522796418,29.21683474312303,29.23219927800362,29.257899510355713,29.294073597370328,29.34091318355965,29.398661465142283,29.4676104681994,29.548097366819704,29.640499647872812,29.745228945091402,29.862723443405198,29.993438926070347,30.137838825500474,30.296384031940448,30.469523625012769,30.657687934273227,30.861285160754349,31.080702043211506,31.316307853286084,31.568459840036265
869,29.215175980035998,29.220294475388876,29.235677786944244,29.261409148858533,29.297626458354387,29.344520970176191,29.402335334457078,29.471360841310712,29.551933701402781,29.644430175671026,29.749260388306997,29.866860741141302,29.997685023638059,30.142194599295284,30.300848427263528,30.474094055513714,30.662360918505378,30.866057067853038,31.085569734999332,31.321269009312402,31.573512868231216
870,29.218633674611507,29.223758434085152,29.239160488879556,29.264922922193062,29.301183367519744,29.348132684473221,29.406012970293869,29.475114771437671,29.555773327789559,29.648363669466193,29.753294411923935,29.871000184496154,30.001932807124259,30.146551613554696,30.305313681168553,30.478665072914087,30.667034353371996,30.870829412490902,31.090437922968846,31.326230720330567,31.578566451865964
871,29.222095599142964,29.227226611669884,29.242647375773618,29.268440821479956,29.304744314784813,29.351748314836303,29.409694359280135,29.478872243455509,29.559616229517715,29.652300112494785,29.757331000713968,29.875141762396755,30.006182272561393,30.150909873630532,30.309779808309461,30.483236697771126,30.671708258873895,30.875602207004107,31.095306607700508,31.331192976752895,31.583620577964936
872,29.22556174614077,29.230699000489675,29.246138439475054,29.271962837721716,29.308309289954458,29.355367849557382,29.413379487994884,29.482633242272094,29.563462390282481,29.656239488314849,29.76137013993937,29.879285464354844,30.010433416470853,30.155269384991026,30.3142468228558,30.48780894958113,30.676382653772002,30.880375462947157,31.100175789942007,31.33615577007231,31.588675234944745
873,29.229032108004471,29.234175592778815,29.249633671716936,29.275488961803926,29.311878282723029,29.358991276840072,29.417068342976471,29.486397752837924,29.567311793946644,29.660181780810518,29.765411815342762,29.88343128043401,30.014686235811112,30.159630153174358,30.318714738490769,30.492381846846079,30.681057555698274,30.885149191180197,31.105045470608246,31.341119092766728,31.593730412483065
874,29.232506677022027,29.237656380658791,29.253133064117112,29.279019184496892,29.315451282677781,29.362618584805276,29.420760910730497,29.490165760155396,29.571164424548172,29.664126974192182,29.769456013132697,29.887579201217388,30.018940727936045,30.163992183759962,30.323183568420699,30.496955407129445,30.685732981237862,30.889923401932062,31.109915650778969,31.346082938225045,31.598786101418831
875,29.235985445368904,29.241141356137646,29.256636608178372,29.282553496457158,29.319028279302245,29.366249761496668,29.424457177737477,29.493937249287843,29.575020266308229,29.668075052998368,29.773502719972448,29.891729217778369,30.023196890551109,30.168355482329495,30.32765332537187,30.501529647112417,30.690408946029304,30.89469810488378,31.11478633170158,31.351047300658255,31.603842293629018
876,29.239468405107292,29.244630511109492,29.260144295288779,29.286091888229166,29.322609261979608,29.369884794886261,29.428157130460576,29.497712205368583,29.578879303638676,29.672026002096317,29.777551922966566,29.89588132164921,30.027454721671244,30.172720054435572,30.332124021597767,30.506104582651126,30.695085464850013,30.899473309232853,31.119657514788162,31.356012175024276,31.608898981927229
877,29.242955548185918,29.248123837354608,29.263656116722562,29.289634350247404,29.326194219996626,29.373523672880271,29.431860755353068,29.501490613608397,29.582741521146264,29.675979806678079,29.781603609644755,29.900035504793379,30.031714219590828,30.177085905585439,30.336595668892247,30.510680228822988,30.699762551677406,30.904249023733836,31.124529201608226,31.36097755697455,31.613956159994448
878,29.246446866439889,29.251621326539471,29.267172063640899,29.293180872838501,29.329783142547413,29.377166383324763,29.435568038865544,29.505272459302983,29.586606903637392,29.679936452257884,29.785657767947182,29.904191759577998,30.035975382850609,30.181453041220536,30.341068278601583,30.51525659997619,30.704440219754463,30.909025256742954,31.129401393882603,31.365943442796571,31.6190138223037
879,29.249942351590029,29.255122970216433,29.270692127092452,29.296731446223063,29.333376018737003,29.380812914011283,29.439278967453514,29.509057727841469,29.590475436124642,29.683895924671635,29.789714386210804,29.908350078744188,30.040238210199341,30.185821466688203,30.345541861630345,30.519833709781885,30.709118481671297,30.913802016281565,31.13427409348169,31.370909829341283,31.624071964021507
880,29.253441995243708,29.258628759824816,29.274216298015201,29.300286060518719,29.336972837585936,29.38446325268281,29.442993527583766,29.512846404710931,29.594347103825928,29.687858210067343,29.793773453150891,29.912510455385313,30.044502700579741,30.190191187246523,30.350016428466876,30.524411571267045,30.713797349385707,30.918579310036193,31.139147302411597,31.375876714005287,31.629130580990839
881,29.256945788894669,29.262138686690935,29.277744567237235,29.303844705742154,29.340573588033902,29.388117387039237,29.446711705741382,29.516638475503658,29.59822189216942,29.691823294903312,29.797834957847606,29.91667288292043,30.048768853095222,30.194562208040548,30.354491989189309,30.528990196861042,30.718476834295714,30.923357145414958,31.144021022812513,31.380844094665832,31.634189669643025
882,29.260453723923597,29.265652742028958,29.281276925478394,29.307407371811976,29.34417825894413,29.391775304743202,29.450433488436207,29.52043392592228,29.602099786794014,29.695791165940417,29.801898889728854,29.920837355071569,30.053036666991467,30.198934534100367,30.358968553486037,30.53356959843115,30.723156947272436,30.928135529561825,31.148895256948293,31.385811969651442,31.639249226962981
883,29.263965791599208,29.26917091694229,29.284813363352345,29.310974048551891,29.347786839107787,29.395436993425392,29.454158862207979,29.524232741782889,29.605980773547895,29.699761810234293,29.805965238556251,29.925003865846982,30.057306141643512,30.203308170338943,30.363446130668379,30.53814978730891,30.72783769869098,30.93291446937587,31.153770007201139,31.390780337713064,31.64430925045227
884,29.267481983078071,29.272693202423614,29.28835387136742,29.314544725692841,29.351399317247846,29.399102440690363,29.457887813633803,29.528034909022598,29.609864838493028,29.703735215131768,29.810033994409022,29.929172409512734,30.061577276524222,30.207683121535272,30.367924729685598,30.542730774338448,30.732519098491093,30.937693971550569,31.158645276063996,31.395749197970794,31.649369738060333
885,29.271002289406859,29.276219589357336,29.291898439929724,29.318119392876941,29.355015682023826,29.402771634121326,29.461620329331424,29.531840413699147,29.61375196789929,29.707711368259769,29.814105147671274,29.933342980584207,30.065850071205197,30.212059392344592,30.37240435913893,30.547312569887779,30.737201156181811,30.942474042571465,31.163521066134571,31.400718549907602,31.654430688178728
886,29.274526701522333,29.279750068519895,29.295447059344198,29.321698039659843,29.358635922035738,29.40644456128587,29.465356395966282,29.535649241997749,29.617642148247963,29.711690257521035,29.818178689016094,29.937515573799658,30.070124525328623,30.21643698728473,30.376885027296833,30.551895183893173,30.741883880895806,30.947254688750945,31.16839738010788,31.405688393321213,31.659492099579243
887,29.278055210253399,29.283284630582024,29.29899971981747,29.32528065551443,29.362260025828586,29.41012120974057,29.469096000254918,29.539461380231412,29.621535366227317,29.715671871084716,29.822254609393447,29.941690184109888,30.074400638603493,30.220815910741361,30.381366742108153,30.55647862587541,30.746567281401997,30.952035916232013,31.173274220770342,31.410658728311436,31.664553971399428
888,29.281587806322669,29.286823266110488,29.302556411460245,29.328867229834088,29.365887981896517,29.413801567035669,29.472839128969156,29.543276814843136,29.625431608730796,29.719656197378992,29.826332900017334,29.945866806662885,30.078678410794264,30.225196166967848,30.385849511216225,30.561062904964068,30.751251366129829,30.956817731000715,31.17815159099337,31.415629555257514,31.669616303114946
889,29.285124480346859,29.290365965568789,29.306117124288793,29.332457751935454,29.369519778687156,29.417485620720932,29.476585768942698,29.547095532411191,29.629330862858019,29.723643225084437,29.830413552349906,29.950045436781561,30.082957841700104,30.229577760077547,30.390333341973729,30.56564802993416,30.755936143212505,30.961600138912701,31.183029493726316,31.420600874779261,31.674679094489942
890,29.288665222840315,29.293912719320822,29.309681848228919,29.336052211062672,29.373155404605686,29.421173358348469,29.480335907071343,29.550917519645541,29.633233115907238,29.727632943124519,29.83449655809406,29.954226069962662,30.087238931162243,30.23396069405657,30.394818241453091,30.570234009206896,30.760621620478048,30.96638314568219,31.187907931992381,31.425572687742871,31.679742345586998
891,29.292210024215194,29.297463517631336,29.313250573117291,29.339650596390076,29.376794848019223,29.424864767478883,29.484089530320048,29.554742763393811,29.637138355376937,29.731625340659029,29.838581909176654,29.958408701852537,30.091521679041065,30.238344972755229,30.399304216462617,30.574820850889289,30.76530780549556,30.971166756910019,31.192786908880798,31.430544995219485,31.684806056714425
892,29.295758874784951,29.301018350669533,29.316823288705287,29.343252897026218,29.380438097260569,29.428559835683778,29.487846625722998,29.558571250637971,29.641046568959176,29.735620407075867,29.842669597742084,29.962593328245909,30.095806085221344,30.2427305998972,30.403791273554347,30.57940856277645,30.769994705571818,30.975950978078188,31.19766642754389,31.435517798486423,31.689870228429321
893,29.299311764765601,29.304577208510565,29.320399984661204,29.34685910201712,29.384085140632603,29.432258550550948,29.491607180388545,29.562402968497192,29.644957744538029,29.739618131983171,29.846759616138197,29.966779945069046,30.100092149599586,30.247117579078747,30.408279419039012,30.583997152378352,30.774682327778489,30.980735814564049,31.202546491190184,31.440491099001989,31.694934861506582
894,29.302868684278433,29.30814008113839,29.323980650573418,29.350469200349771,29.387735966411832,29.435960899687348,29.495371181500737,29.566237904226899,29.648871870185616,29.743618505202669,29.850851956908361,29.970968548372944,30.104379872080901,30.251505913771204,30.412768658994477,30.58858662693212,30.779370678963573,30.985521271645716,31.207427103080821,31.445464898394171,31.699999956925247
895,29.306429623352436,29.311706958448379,29.327565275953472,29.354083180955772,29.391390562852454,29.439666870722913,29.499138616321691,29.570076045218414,29.65278893415789,29.747621516761622,29.854946612781383,29.975159134324684,30.108669252575737,30.255895607325382,30.417258999276942,30.593176993415984,30.784059765762695,30.990307354506076,31.212308266524762,31.450439198449203,31.705065515855161
896,29.30999457192647,29.315277830249613,29.331153850238785,29.357701032714647,29.395048918190028,29.443376451314165,29.502909472194354,29.573917378999631,29.656708924892062,29.751627156886233,29.859043576661467,29.979351699196418,30.112960290992234,30.260286662972014,30.421750445531746,30.597768258567722,30.788749594617535,30.99509406824221,31.217189984873908,31.455414001094312,31.710131539635828
897,29.313563519852416,29.318852686268173,29.334746362796189,29.361322744457492,29.398711020644935,29.447089629146735,29.506683736543081,29.577761893232893,29.66063183100162,29.755635415994814,29.863142841621617,29.983546239361498,30.117252987236711,30.264679083826572,30.426243003200824,30.60236042889214,30.793440171780805,30.999881417866398,31.22207226152009,31.460389308392003,31.71519802977004
898,29.317136456897149,29.322431516149251,29.338342802924519,29.364948304970262,29.402376858426283,29.450806391939402,29.510461396876899,29.581609575716033,29.664557641273579,29.759646284690415,29.867244400892439,29.987742751282607,30.121547341206178,30.269072872890906,30.430736677534917,30.606953510680125,30.798131503334275,31.004669408314676,31.226955099889658,31.465365122522908,31.720264987903157
899,29.320713372746152,29.326014309460803,29.341943159858282,29.368577702997239,29.406046419734707,29.454526727445543,29.514242440788923,29.585460414379444,29.668486344663677,29.763659753755434,29.871348247857973,29.991941231510314,30.125843352790103,30.273468033057544,30.435231473598723,30.611547510012809,30.802823595190738,31.009458044446458,31.231838503441491,31.470341445783102,31.725332415820365
900,29.324294257005064,29.329601055695374,29.345547422770203,29.372210927244609,29.409719692766959,29.458250623458259,29.518026855960727,29.589314397287833,29.672417930293499,29.767675814142926,29.875454376042207,29.996141676668735,30.130141021861267,30.277864567111237,30.439727396285058,30.616142432784333,30.807516453116069,31.014247331055355,31.23672247566066,31.475318280563126,31.730400315421114
901,29.327879099210353,29.333191744280551,29.349155580781019,29.375847966388971,29.413396665722384,29.461978067814105,29.521814630163245,29.59317151263911,29.676352387449263,29.771694456977841,29.8795627791147,30.00034408346545,30.13444034828721,30.282262477737259,30.444224450315577,30.620738284694276,30.812210082717804,31.019037272861958,31.241607022212797,31.480296714260362,31.735534083080918
902,29.331467888807637,29.336786364557657,29.352767622939183,29.379488809058603,29.417077326785897,29.465709048377533,29.525605751241663,29.597031748747995,29.680289705562288,29.775715673533362,29.883673450863803,30.004548448665421,30.138741331910673,30.286661767514001,30.448722640248036,30.625335071265763,30.816904489470275,31.023827877007651,31.246492453042539,31.485285986868973,31.740721588577379
903,29.335060615189747,29.340384905819668,29.356383538258413,29.383133443870101,29.420761664163187,29.469443553073667,29.529400207144789,29.600895094071365,29.684229874230098,29.779739455248272,29.887786385211641,30.008754769105185,30.143043972564353,30.291062438928826,30.453221970492269,30.629932797866257,30.821599679745056,31.02861921758117,31.25138038422617,31.490292245644603,31.745943713194475
904,29.338657267676687,29.343987357291329,29.360003315698123,29.386781859409265,29.424449666061786,29.473181569869304,29.533197985905623,29.60476153718805,29.688172883195659,29.783765793706486,29.891901576195345,30.012963041677619,30.147348270060721,30.295464494373263,30.457722445313131,30.634531470010373,30.826295673755009,31.033411611635636,31.256272969452322,31.495316384459471,31.751193641864745
905,29.342257835524531,29.347593708138067,29.363626944172275,29.390434044239754,29.428141320699158,29.47692308677993,29.536999075646587,29.608631066801752,29.692118722347789,29.7877946806355,29.896019017964786,30.01717326333069,30.151654224193464,30.299867936149308,30.462224068915436,30.639131095974392,30.830992540642306,31.038205634131064,31.261171908486975,31.50035799914917,31.756467440136468
906,29.345862307928517,29.35120394746907,29.367254412552565,29.394089986906149,29.431836616305411,29.480668091871422,29.540803464579717,29.61250367173928,29.696067381717462,29.79182610790124,29.900138704777344,30.021385431063791,30.155961834737209,30.304272766490968,30.466726845988021,30.643731694223668,30.835690425417351,31.043001974614651,31.266078362639959,31.505416383722373,31.761762455728459
907,29.349470674026204,29.354818064340499,29.370885709671576,29.397749675936943,29.435535541125731,29.484416573261566,29.544611141006712,29.616379340948757,29.700018851474127,29.795860067503206,29.904260630992891,30.025599541924294,30.160271101451308,30.30867898768081,30.471230783321399,30.648333302865918,30.840389545875276,31.047801319169746,31.270993091121817,31.510490792119565,31.767076743867324
908,29.353082922900533,29.358436047758563,29.374520824325792,29.40141309984741,29.439238083422754,29.488168519121523,29.548422093318901,29.620258063497776,29.7039731219221,29.799896551569656,29.908384791069142,30.029815593005445,30.16458202410389,30.313086602408802,30.475735892484483,30.652935985908297,30.845090171660367,31.052604292172322,31.275916578051771,31.515580514949615,31.772408799395421
909,29.356699043583063,29.36205788668266,29.378159745278783,29.405080247142468,29.442944231478929,29.491923917677049,29.552236309997063,29.624139828571497,29.707930183497052,29.803935552353149,29.912511179557477,30.034033581448792,30.168894602551397,30.317495614472584,30.480242192741567,30.657539834383698,30.849792600724371,31.057411436715,31.280849121898914,31.520684900046383,31.777757412844217
910,29.360319025057009,29.365683570028523,29.381802461264115,29.408751106319407,29.446653973598618,29.495682757209757,29.556053779611229,29.628024625470754,29.711890026762571,29.807977062226129,29.916639791099879,30.03825350445938,30.173208836912913,30.321906029754157,30.484749713326213,30.662144963553494,30.854497140133052,31.062223213692572,31.2857908954139,31.525803354589222,31.783121584706844
911,29.363942856260387,29.369313086671241,29.385448960988398,29.412425665870611,29.450367298110184,29.49944502605809,29.559874490820302,29.631912443610116,29.715852642406784,29.812021073677123,29.920770620429156,30.042475359346454,30.177524727858536,30.326317857293787,30.489258494639596,30.666751508018894,30.859204092645506,31.067040008982868,31.290741985064106,31.530935340963339,31.788500471390364
912,29.367570526089146,29.37294642544839,29.389099233134186,29.416103914286104,29.454084193368001,29.503210712618337,29.563698432371677,29.635803272515936,29.719818021239124,29.816067579307592,29.924903662375705,30.046699143600733,30.181842276992523,30.330731110259197,30.493768588388591,30.671359616337334,30.863913748194957,31.071862142844015,31.295702417796143,31.536080371116824,31.79389334839458
913,29.371202023400183,29.376583575163021,29.392753266362856,29.419785840056136,29.457804647754259,29.506979805345498,29.567525593100761,29.639697101824488,29.723786154187358,29.820116571830631,29.929038911885062,30.050924855013328,30.186161487289439,30.335145806682291,30.498280056902374,30.675969445938669,30.868626378991092,31.07668987960971,31.300672179116098,31.541238000660048,31.799299584887851
914,29.374837337014426,29.380224524586716,29.396411049317436,29.423471431673551,29.461528649680798,29.510752292753967,29.571355961930436,29.643593921279983,29.727757032295127,29.824168044072895,29.933176364050588,30.055152491834942,30.190482363533018,30.339561969896714,30.502792971891889,30.680581158787355,30.873342237233011,31.081523436429325,31.305651225450728,31.546407823580008,31.804718625337021
915,29.37847645571987,29.383869262462461,29.400072570625362,29.42716067763622,29.465256187590736,29.514528163418341,29.575189527870499,29.647493720732907,29.731730646720234,29.828221988981088,29.937316014163379,30.059382052962555,30.194804912708069,30.343979628686387,30.507307412957765,30.685194917903871,30.878061554327715,31.08636299083496,31.310639493024524,31.551589467555981,31.810149975637529
916,29.382119368274452,29.387517777507604,29.403737818901217,29.430853566449318,29.468987249960122,29.518307405973879,29.579026280017008,29.651396490138303,29.735706988734584,29.832278399635022,29.941457857778868,30.063613538140203,30.199129144320267,30.348398817194543,30.511823466009684,30.689810884644498,30.882784541140868,31.091208687242897,31.315636904097836,31.556782589883262,31.815593192619296
917,29.385766063409129,29.391170058416762,29.40740678274932,29.434550086627489,29.472721825299391,29.522090009117122,29.582866207551767,29.655302219554773,29.739686049726096,29.836337269267993,29.945601890799118,30.067846948160046,30.203455070623303,30.352819574627514,30.516341221716665,30.694429216717321,30.887511388915424,31.096060642325995,31.320643371336477,31.561986874016384,31.82104787601541
918,29.38941652983064,29.394826093864552,29.411079450766355,29.43825022669704,29.476459902154819,29.525875961606324,29.586709299741702,29.659210899143901,29.743667821203552,29.840398591295372,29.949748109566059,30.072082285048278,30.207782706748951,30.357241944825951,30.52086077409373,30.699050066775872,30.892242270457476,31.100918949479425,31.325658801056438,31.567202026600576,31.826513662027061
919,29.3930707562244,29.398485872508438,29.414755811543852,29.441953975197933,29.48020146910984,29.529665252261886,29.590555545938606,29.663122519170727,29.747652294804805,29.844462359350818,29.953896510960366,30.076319552225883,30.2121120707498,30.361665975759731,30.525382219250034,30.703673581444566,30.896977341457617,31.105783682571026,31.330683095609597,31.572427774908512,31.831990218133623
920,29.396728731257316,29.402149382991354,29.418435853670662,29.445661320685836,29.48394651478635,29.533457869966774,29.594404935579014,29.667037070005524,29.751639462308628,29.848528567328607,29.958047092501275,30.080558754641277,30.21644318357038,30.366091718979995,30.52990565428949,30.708299900683535,30.901716741881682,31.110654899084892,31.335716155132314,31.577663864620526,31.837477238860217
921,29.400390443580445,29.405816613944452,29.422119565735343,29.449372251733976,29.487695027845938,29.537253803666992,29.598257458184481,29.670954542126942,29.755629315650534,29.852597209432098,29.962199852443451,30.084799898866958,30.220776068944918,30.370519229051414,30.534431176397529,30.712929157474768,30.906460597347063,31.115532642660614,31.340757878760858,31.58291005794857,31.842974442405485
922,29.404055881831724,29.409487553989567,29.425806936328431,29.453086756934994,29.491446996991019,29.541053042372123,29.602113103362541,29.674874926127305,29.759621846942654,29.856668280225442,29.966354789865832,30.089042993160724,30.225110753246391,30.374948563002608,30.53895888209064,30.717561477695991,30.911209020408947,31.12041694522706,31.345808165560815,31.588166132000595,31.848481567792515
923,29.40772503463857,29.413162191741883,29.429497954044773,29.456804824902747,29.495202410966019,29.544855575156049,29.605971860808296,29.678798212719556,29.763617048496666,29.860741774686531,29.970511904749461,30.093288047495619,30.229447265304131,30.379379779808481,30.543488866598299,30.722196980118991,30.915962111763555,31.125307828823555,31.350866915236775,31.593431877337071,31.853998372433022
924,29.411397890620464,29.416840515812275,29.433192607485626,29.460526444273984,29.498961258558555,29.548661391157879,29.60983372030686,29.682724392746405,29.767614912849673,29.864817688259553,29.97467119804293,30.097535073559811,30.23378563619557,30.383812939907944,30.548021223370608,30.726835776524805,30.920719961367368,31.130205307113126,31.35593402863223,31.598707096717199,31.859524630095407
925,29.415074438391365,29.420522514809786,29.436890885260837,29.464251603710078,29.502723528600605,29.552470479583217,29.613698671736792,29.686653457191259,29.771615432792004,29.868896016905897,29.978832671715296,30.101784084732284,30.238125899023874,30.388248104759786,30.552556043686639,30.731477971894954,30.925482649470009,31.135109386664265,31.361009408093675,31.603991603991556,31.865060129161666
926,29.418754666562254,29.424208177343971,29.440592775990911,29.467980291898616,29.506489209969807,29.556282829705815,29.617566705074555,29.690585397191189,29.775618601396889,29.872976757151712,29.982996328793817,30.106035096032869,30.242468088685673,30.392685336447361,30.557093416369653,30.736123664666245,30.930250247541711,31.140020068001949,31.366092957712361,31.609285223145086,31.870604671167388
927,29.42243856374343,29.427897492027096,29.444298268308966,29.471712497555092,29.510258291590858,29.560098430869669,29.621437810400163,29.694520204051688,29.779624412050531,29.877059906130757,29.987162173387496,30.110288124054239,30.246812241640285,30.397124697330234,30.561633427578492,30.74077294701106,30.935022819109946,31.144937346503351,31.371184583497666,31.614587787447451,31.876158069529453
928,29.426126118546808,29.431590447476438,29.448007350862774,29.475448209424492,29.514030762437155,29.56391727249175,29.62531197790387,29.698457869262565,29.783632858482015,29.881145461621749,29.991330210698091,30.114543186881495,30.251158395686161,30.40156624973822,30.566176160655356,30.745425905128158,30.939800420519482,31.149861213173654,31.376284193501135,31.619899138688925,31.881720148421348
929,29.429817319588246,29.435287032316428,29.451720012316635,29.479187416283015,29.517806611532468,29.567739344065174,29.629189197894007,29.702398384514954,29.787643934792204,29.885233422079658,29.995500447018859,30.11880030400113,30.255506589746517,30.406010055706094,30.57072169602575,30.75008261954337,30.944583101618974,31.154791655303871,31.381391697891186,31.625219126501435,31.887290741795443
930,29.433512155489623,29.438987235180722,29.455436241353269,29.482930106939783,29.521585827953089,29.571564635163117,29.633069460805618,29.706341741719065,29.791657635481311,29.889323786661389,29.999672889723719,30.123059496203357,30.259856863664243,30.410456176741775,30.575270111139467,30.754743165415274,30.949370906385184,31.159728657035284,31.386507008991373,31.630547607748085,31.892869692521039
931,29.437210614881074,29.442691044714334,29.459156026675803,29.486676270238647,29.525368400830153,29.575393135443228,29.636952757210061,29.710287933022173,29.795673955474705,29.893416555245373,30.003847547246636,30.12732078547867,30.264209258008908,30.41490467362997,30.579821480449688,30.75940761283853,30.954163873482244,31.164672199837522,31.391630041290419,31.635884445978942,31.898456851629124
932,29.440912686403049,29.446398449575589,29.462879357009566,29.490425895060181,29.529154319352223,29.579224834652788,29.640839077825461,29.714236950826908,29.799692890146247,29.897511728444396,30.008024429051741,30.131584194911213,30.268563813898616,30.419355606270557,30.584375875424222,30.764076027138781,30.958962036758763,31.169622262910732,31.396760711430517,31.641229510947188,31.904052077652487
933,29.444618358708333,29.450109438438183,29.466606221104072,29.49417897032367,29.53294357276847,29.58305972263442,29.644728413527755,29.718188787809126,29.803714435338833,29.901609307612315,30.01220354559651,30.13584974857212,30.272920572837204,30.423809033545645,30.588933364578125,30.768748469154968,30.963765425693769,31.174578823531128,31.401898938182363,31.646582678173157,31.909655236038553
934,29.448327620464088,29.453823999993133,29.47033660773495,29.497935484989377,29.536736150391949,29.58689778933239,29.648620755362074,29.722143436935319,29.807738587382513,29.905709294846261,30.016384908290785,30.140117471414225,30.277279576563132,30.428265013205611,30.593494013518672,30.773424995511132,30.968574065808085,31.179541857360249,31.407044642413073,31.651943828540229,31.915266198609867
935,29.452040460353846,29.457542122950745,29.474070505705992,29.501695428061037,29.540532041603399,29.590739024799479,29.652516094554539,29.726100891478957,29.811765343108778,29.909811692982114,30.020568529450049,30.144387389170021,30.281640866916771,30.432723601783035,30.598057885006693,30.778105658870839,30.973387979024501,31.18451133870191,31.412197747044381,31.657312847937671,31.920884843094349
936,29.45575686707949,29.461263796042662,29.477807903851257,29.505458788588417,29.544331235855484,29.594583419204202,29.656414422523998,29.730061145035705,29.815794699862231,29.913916505586613,30.024754422247028,30.148659528253276,30.286004485717985,30.437184854519774,30.602625039024751,30.782790508181883,30.978207184000855,31.189487240731307,31.417358177005656,31.662689626929318,31.926511052693829
937,29.459476829363251,29.464989008023846,29.48154879103723,29.50922555567017,29.548133722677207,29.598430962838343,29.660315730893739,29.734024191537987,29.819826655510106,29.918023736946196,30.028942600660866,30.152933915662558,30.290370474653255,30.441648825308491,30.607195532853801,30.787479588911339,30.983031696435496,31.19446953569631,31.422525859182304,31.668074060447349,31.932144715689514
938,29.463200335949736,29.468717747674614,29.485293156165213,29.512995718457002,29.551939491678759,29.602281646124972,29.664220011503101,29.73799002526745,29.823861208447504,29.922133392050071,30.033133079423429,30.157210578891132,30.294738875181046,30.446115566657021,30.611769421159369,30.79217294326051,30.987861529327592,31.199458195077451,31.427700722359916,31.673466047526581,31.937785725105119
939,29.466927375607963,29.472450003802805,29.48904098817367,29.516769266154853,29.555748532556645,29.606135459626401,29.66812725641876,29.741958640867043,29.827898357601843,29.926245476573051,30.037325873966463,30.16148954583911,30.299109728439706,30.450585129653316,30.616346756075096,30.796870610376008,30.992696693234805,31.204453189747962,31.432882697170033,31.678865491040657,31.943433978371694
940,29.470657937133421,29.476185765245983,29.492792276040866,29.520546188028543,29.55956083509929,29.609992394052675,29.67203745794566,29.745930033350575,29.831938102432169,29.930359996851831,30.041521000365961,30.165770844733419,30.303483075176796,30.45505756395681,30.620927587297032,30.801572626537009,30.997537196477591,31.209454490084696,31.438071716030713,31.684272297486423,31.949089377061231
941,29.474392009350314,29.47992502087363,29.496547008787637,29.524326473405662,29.563376389192701,29.613852440269913,29.675950608637034,29.749904198110556,29.835980442926452,29.934476959860667,30.045718475289153,30.170054504053962,30.307858955685024,30.459532917791172,30.625511962171412,30.806279025331897,31.002383045335968,31.214462066078518,31.44326771309175,31.689686376774159,31.954751826625767
942,29.478129581113748,29.483667759589665,29.500305175480289,29.528110111680515,29.567195184826467,29.617715589308407,29.679866701303997,29.753881130925148,29.8400253795979,29.938596373186755,30.049918315942598,30.174340552462517,30.312237409741702,30.464011237939893,30.630099925782197,30.81098983783005,31.007234244237555,31.219475887437163,31.44847062417961,31.695107642026468,31.960421236148399
943,29.481870641312085,29.487413970334856,29.50406676523362,29.531897092318321,29.571017212099679,29.621581832370865,29.683785729024677,29.757860827964006,29.844072913479415,29.942718245003594,30.054120540020079,30.178629018735293,30.316618476556005,30.468492569750094,30.634691521040541,30.815705092744018,31.012090795927651,31.224495923673,31.453680386741798,31.700536009392987,31.966097518116431
944,29.485615178869445,29.491163642089536,29.507831767214274,29.535687404859793,29.574842461227281,29.625451160840353,29.68770768515191,29.761843285791016,29.848123046114043,29.946842584041992,30.058325165653336,30.182919931705676,30.3210021947312,30.472976957147548,30.639286788771521,30.82042481657108,31.016952701608979,31.229522144168666,31.458896939793352,31.705971397892636,31.971780588231042
945,29.48936318274826,29.494916763876326,29.511600170644083,29.539481038925636,29.578670922546308,29.62932356628804,29.691632563320628,29.765828501366901,29.852175779545661,29.950969399561703,30.062532211363376,30.187213320207185,30.325388602226532,30.47746444265114,30.643885767800395,30.825149033734387,31.02181996108105,31.234554518242735,31.464120223863624,31.711413729256375,31.977470365217446
946,29.493114641952019,29.498673324763114,29.515371964803727,29.543277984221398,29.58250258652216,29.633199040480491,29.695560357454259,29.769816472050035,29.856231116307608,29.955098701322228,30.066741696014176,30.191509213022691,30.329777736327244,30.481955067392416,30.648488495035561,30.829877766711864,31.026692572863958,31.239593015205227,31.469350180945426,31.716862927784046,31.983166770653213
947,29.496869545527939,29.502433313865932,29.519147139036253,29.547078230542162,29.586337443754889,29.637077575387234,29.699491061771386,29.773807195597698,29.860289059411777,29.959230499553659,30.070953638765573,30.195807638832004,30.334169633612792,30.486448871134382,30.653095005553023,30.834611036168198,31.031570534325009,31.244637604414336,31.474586754443038,31.722318920198727,31.988869728793663
948,29.50062788257031,29.506196720352531,29.522925682751449,29.550881767778019,29.590175484985572,29.640959163186718,29.703424670788177,29.777800670160449,29.864349612330582,29.963364804925433,30.075168059035374,30.200108626182317,30.338564329954206,30.490945892308428,30.657705332669646,30.839348861042122,31.036453841746201,31.249688255293798,31.479829889127917,31.72778163555515,31.994579166467389
949,29.504389642223337,29.509963533445458,29.526707585429467,29.554688585918754,29.594016701102348,29.644843796273189,29.707361179324323,29.781796894282852,29.868412778986283,29.967501628518665,30.079384976454676,30.204412203437755,30.342961860482376,30.495446168030657,30.662319508023817,30.844091258675917,31.041342490451179,31.25474493739183,31.485079531088797,31.733251005094363,32.000295012901027
950,29.508154813684577,29.513733742425728,29.530492836625243,29.55849867505929,29.597861083146586,29.648731467262262,29.711300582504986,29.785795866897526,29.87247856373315,29.971640981795879,30.083604410831498,30.208718398751067,30.347362259585452,30.499949734137335,30.666937561646506,30.848838244901117,31.046236474872501,31.25980762039935,31.490335627688481,31.738726962152832,32.006017199615165
951,29.511923386208593,29.517507336636658,29.534281425972946,29.562312025404811,29.601708622318448,29.652622168995663,29.71524287576224,29.78979758731969,29.876546971341622,29.97578287657387,30.087826382116827,30.213027240034386,30.351765560900887,30.504456625213095,30.671559522028552,30.853589834127906,31.051135788628773,31.264876274177521,31.495598127522115,31.744209442063777,32.011745660308911
952,29.515695349110175,29.521284305487331,29.538073343190064,29.566128627275887,29.605559309982862,29.656515894547098,29.719188054838273,29.79380205524355,29.880618006983212,29.979927324994712,30.092050910365622,30.217338754923251,30.356171797302583,30.508966874619627,30.676185416194809,30.858346039445692,31.056040424612181,31.269950868789746,31.500866980371836,31.749698382047988,32.017480330731857
953,29.519470691768401,29.525064638456886,29.541868578082163,29.569948471113779,29.609413137674661,29.660412637225587,29.723136115784193,29.797809270733566,29.884691676212299,29.984074339499521,30.096278015709228,30.2216529707589,30.360581000905309,30.513480514529473,30.680815269763407,30.8631068726907,31.060950375039155,31.275031374512828,31.506142137169956,31.755193721140284,32.02322114860057
954,29.523249403630665,29.528848325098679,29.545667120547552,29.573771547485382,29.613270097103527,29.664312390578807,29.727087054959487,29.801819234216801,29.888767984949126,29.988223932802782,30.100507718326622,30.225969914567521,30.364993203065691,30.517997575957899,30.685449107006434,30.867872344518325,31.065865631507034,31.280117761852022,31.511423549961346,31.760695400110663,32.028968053508265
955,29.527031474215963,29.532635355043812,29.549468960581457,29.577597847088519,29.617130180159975,29.668215148398858,29.7310408690348,29.805831946478744,29.892846939464214,29.992376117863433,30.104740038406472,30.23028961302612,30.369408434370762,30.522518088791674,30.69008695092252,30.872642464501144,31.07078618507931,31.285210001572125,31.516711171858837,31.766203361357245,32.034720986799293
956,29.530816893120072,29.536425718006367,29.553274088281306,29.581427360756678,29.620993378918328,29.672120904721286,29.734997554984854,29.809847408649034,29.896928546358556,29.996530907865065,30.108974996135736,30.234612092467334,30.373826724661747,30.527042081825996,30.69472882327446,30.877417241153843,31.07571202629066,31.290308064684169,31.522004957018858,31.771717548878328,32.040479891541807
957,29.53460565001874,29.540219403786853,29.55708249385086,29.585260079464163,29.624859685642821,29.676029653831172,29.738957110091931,29.813865622198044,29.901012812548611,30.00068831618681,30.113212611660185,30.238937378842493,30.378248103019803,30.531569582792159,30.699374744663913,30.882196682036291,31.080643145238003,31.295411922479914,31.527304860595645,31.777237908159897,32.04624471239552
958,29.538397734672948,29.544016402277524,29.560894167605387,29.589095994330531,29.628729092789932,29.679941390261352,29.742919531938018,29.81788658892243,29.905099745247398,30.004848356385551,30.117452905075655,30.243265497728441,30.382672597789835,30.536100618392094,30.704024734565088,30.886980793774882,31.08557953158379,31.300521546519089,31.532610838718938,31.782764386150301,32.052015395586992
959,29.542193136932692,29.547816703466232,29.564709099975978,29.592935096625361,29.632601593013185,29.683856108796029,29.746884818405036,29.821910310938815,29.909189351948836,30.009011042170698,30.121695896397803,30.247596474303251,30.387100236576774,30.540635214327324,30.708678811386992,30.89176958214162,31.090521174621657,31.305636908650346,31.537922848455267,31.788296931173313,32.057791888808829
960,29.545991846741757,29.551620297441289,29.568527281514445,29.596777377772746,29.636477179166206,29.687773804470648,29.750852967669566,29.82593679067201,29.913281640410066,30.013176387384249,30.125941605546583,30.251930333342873,30.391531046260013,30.545173395331108,30.713336992516044,30.896563052094471,31.095468063300697,31.310757981010173,31.543240847780499,31.793835492882287,32.063574141169489
961,29.549793854145761,29.555427174399625,29.572348702901426,29.600622829359114,29.640355844309376,29.691694472576103,29.754823978202587,29.829966030848684,29.917376618638581,30.017344405983266,30.130190052329631,30.256267099213709,30.39596505300397,30.549715185201872,30.717999294368795,30.901361207836029,31.100420186270586,31.315884736036178,31.548564792019572,31.799378239466062,32.069254644359674
962,29.553599149282238,29.559237324636715,29.576173354936145,29.604471443122172,29.644237581697023,29.695618108642769,29.758797848749463,29.833998034473044,29.921474294865185,30.02151511201378,30.134441256421667,30.260606795861985,30.400402282259304,30.554260606813745,30.722665732405083,30.906164052819999,31.105377531862874,31.321017142355785,31.553894137337672,31.8049099437678,32.074853286335866
963,29.557407722406964,29.563050738573015,29.580001228562857,29.608323210977122,29.648122384802647,29.699544708463211,29.762774578347692,29.838032804837077,29.925574677545193,30.025688519604515,30.138695237357478,30.264949446817077,30.404842758788892,30.558809682173042,30.727336321212203,30.910971589837015,31.11034008650153,31.326155058795308,31.559226194552298,31.810420461978364,32.080401440678344
964,29.5612195638838,29.566867406743782,29.583832314860512,29.612178125005737,29.652010247306382,29.703474268076725,29.766754166307315,29.842070345496552,29.929677775331292,30.029864642940048,30.142952014509994,30.269295075179322,30.409286506668003,30.563362432429127,30.732011074514705,30.915783820531662,31.115307813426742,31.331297945104623,31.564557391844595,31.815908284314457,32.085910263926202
965,29.565034664192964,29.570687319807281,29.587666605050604,29.616036177463279,29.655901163100051,29.707406783771358,29.770736612208605,29.846110660263513,29.933783597061808,30.034043496247676,30.147211607081051,30.273643703620781,30.413733549299931,30.567918877903864,30.736690005090157,30.92060074115378,31.120280595055256,31.336444837588889,31.569884904000606,31.821374034745787,32.091386181175693
966,29.568853013935506,29.574510468549132,29.591504090501285,29.6198973607817,29.659795126288664,29.711342252082265,29.774721915896169,29.850153753195766,29.937892151746198,30.03822509378201,30.15147403409,30.277995354383677,30.418183909427881,30.572479038088012,30.741373123921008,30.925422330411294,31.125258188801592,31.34159458430867,31.575206791467846,31.826818834841372,32.096833510957616
967,29.572674603837694,29.578336843886682,29.59534476273118,29.623761667572609,29.663692131191432,29.715280669789824,29.778710077472919,29.854199628586212,29.942003448551144,30.042409449810641,30.155739314363554,30.282350049279504,30.422637609140413,30.577042931480413,30.746060437578823,30.930248533976663,31.130240232145905,31.346746039228833,31.580521776183058,31.832243873052487,32.102255410460323
968,29.576499424755429,29.582166436873191,29.599188613413254,29.627629090629963,29.667592172342591,29.719222033917291,29.782701097293788,29.858248290952499,29.94611749678695,30.046596578600411,30.160007466526583,30.286707809687559,30.427094669844173,30.581610575028041,30.750751943868607,30.9350792542519,31.13522627702779,31.351898157975437,31.585829032878095,31.837650278394108,32.107654315934688
969,29.580327467678448,29.585999238701977,29.603035634378337,29.631499622932608,29.671495244491844,29.723166341728337,29.786694975959385,29.862299745026593,29.950234305894533,30.050786494404665,30.164278508993384,30.291068656547001,30.431555112145535,30.586181983004465,30.755447627077942,30.939914348546054,31.140215828590229,31.357050029959129,31.591128042002399,31.843039086979687,32.1130321786369
970,29.584158723734518,29.589835240710411,29.606885817618622,29.635373257646485,29.675401342604623,29.72711359072423,29.790691714309403,29.86635399574455,29.954353885432841,30.054979211451059,30.168552459958413,30.295432610328753,30.436018955576806,30.59075716543369,30.760147454275526,30.94475363371523,31.145208376733066,31.362200879869036,31.596418491290382,31.84841123833333,32.118390605860363
971,29.587993184193504,29.593674434383789,29.610739155290894,29.639249988126632,29.679310461862009,29.731063778640753,29.794691313416067,29.870411048236495,29.95847624506666,30.059174743929859,30.172829337383003,30.2997996909669,30.440486218135899,30.595336126353235,30.764851373375951,30.949596894217962,31.150203418209671,31.367350055918092,31.601700210825626,31.853767582180552,32.123730949768728
972,29.591830840471257,29.597516811359085,29.614595639719568,29.643129807919021,29.683222597660404,29.735016903445061,29.798693774577352,29.874470907816697,29.962601394554934,30.063373105981761,30.177109158972257,30.304169917730444,30.444956915669238,30.599918862247588,30.769559312950875,30.954443891012154,31.155200470618002,31.372497014316341,31.606973129201066,31.85910888773769,32.129054367620071
973,29.595671684133464,29.601362363428496,29.618455263399678,29.647012710762059,29.687137745610961,29.738972963332163,29.802699099310313,29.878533579973762,29.966729343739171,30.067574311683867,30.181391942135349,30.308543309027371,30.449431061168433,30.604505360863644,30.774271183384297,30.959294369929928,31.160199080468583,31.377641303408318,31.612237243701454,31.864435853294179,32.134361863713224
974,29.599515706899279,29.605211082542915,29.622318018999458,29.650898690587958,29.691055901538874,29.742931956721307,29.806707289344239,29.882599070361135,29.970860102531706,30.071778375031325,30.185677703921986,30.312919882143898,30.453908664062968,30.609095600516646,30.778986878937921,30.964148068831722,31.165198826984987,31.382782549293282,31.617492599940718,31.869749114910526,32.139654319503599
975,29.603362900644772,29.609062960815152,29.626183899362875,29.654787741523794,29.694977061482227,29.746893882252262,29.810718346613843,29.886667384787447,29.974993680903157,30.075985309911992,30.189966460931608,30.317299652938352,30.45838972958823,30.613689549867651,30.78370628023567,30.96900472336398,31.170199323388875,31.387920443361089,31.622739277303697,31.875049254081326,32.144932516327373
976,29.607213257406364,29.612917990523037,29.630052897512005,29.658679857892423,29.698901221690875,29.750858738781272,29.814732273252464,29.890738529206917,29.97913008886793,30.080195130071672,30.194258229195647,30.321682635512687,30.462874258274283,30.618287168101869,30.788429256893551,30.973864071435003,31.175200216478334,31.393054731649382,31.627977378708223,31.880336804381365,32.150197152579267
977,29.611066769383914,29.616776164112348,29.633925006648994,29.662575034213088,29.702828378624929,29.754826525377172,29.818749071585085,29.894812509709194,29.983269336466957,30.084407849067684,30.198553024035249,30.326068841884322,30.467362245585093,30.622888405433986,30.793155670087682,30.978725856509122,31.180201185166375,31.398185205994682,31.633207023335338,31.885612257135804,32.155448856952994
978,29.614923428943747,29.620637474199501,29.637800220158091,29.666473265201947,29.706758528953216,29.758797241317016,29.822768744121326,29.898889332508425,29.987411433746214,30.088623480209897,30.202850859901545,30.330458281683622,30.471853681718816,30.627493203834824,30.797885374900336,30.983589829939469,31.185201938539542,31.40331169668957,31.63842834131129,31.890876066265733,32.160688198953942
979,29.618783228621449,29.624501913574118,29.641678531607241,29.670374545772248,29.710691669551409,29.762770886081888,29.826791293548052,29.902969003931084,29.991556390730349,30.092842036490438,30.207151750207739,30.334850961890883,30.476348551544952,30.632101497879564,30.802618222415298,30.988455752613142,31.190202213689698,31.408434066284652,31.643641469745464,31.896128652492738,32.165915697444241
980,29.622646161124507,29.628369475201353,29.645559934749663,29.674278871034449,29.714627797500064,29.766747459352285,29.830816722721707,29.907051530401922,29.995704217390635,30.097063530502766,30.211455707159342,30.339246886624057,30.480846834673812,30.636713215677201,30.807354061530752,30.993323395964914,31.195201773427776,31.413552204504484,31.648846549922748,31.901370406918033,32.171131827446168
981,29.626512219334749,29.632240152224067,29.649444423525086,29.678186236295993,29.718566910082522,29.770726961003472,29.834845034659807,29.911136918427719,29.999854923607096,30.101287974352601,30.215762741590769,30.343646056982095,30.485348505631457,30.641328279817287,30.812092740490325,30.998192542544562,31.200200404053476,31.418666024014733,31.65404372521666,31.906601694113064,32.176337025762166
982,29.630381396310582,29.636113937964833,29.653331992060949,29.68209663706104,29.72250900478241,29.774709391100409,29.83887623253176,29.915225174578268,30.004008519124692,30.105515379563879,30.220072862815581,30.34804847094799,30.489853534119202,30.645946608290814,30.816834108139226,31.003062986248217,31.205197913247797,31.423775456904842,31.659233139548505,31.91182285478784,32.181531695635975
983,29.63425368528906,29.639990825927576,29.657222634673165,29.68601006902988,29.726454079281243,29.778694749892338,29.842910319648343,29.919316305464374,30.008165013504492,30.109745756983042,30.224386078495776,30.352454123345339,30.494361885327503,30.65056811535856,30.821578014954373,31.007934532326644,31.210194128101595,31.42888045171917,31.664414936234401,31.91703420812664,32.186716210688395
984,29.63812907968774,29.643870809799317,29.661116345866951,29.689926528098237,29.730402131455513,29.782683037806915,29.846947299450115,29.923410317713184,30.012324416071277,30.113979116684419,30.228702394529094,30.356863005837852,30.498873520286502,30.655192712368947,30.826324313892485,31.012806997223255,31.215188893268774,31.433980970929468,31.669589257126599,31.922236053852266,32.191890918284386
985,29.642007573106344,29.647753883451436,29.665013120337342,29.693846010356289,29.73435315937364,29.786674255443668,29.850987175494151,29.927507217940178,30.016486735857296,30.118215467879033,30.233021814961628,30.361275106979654,30.503388396249463,30.65982030849932,30.831072861026588,31.017680208251608,31.220182069295639,31.4390769888828,31.67475624203788,31.927428673991152,32.197056142305719
986,29.645889159328302,29.65164004094094,29.668912952969432,29.697768512087599,29.738307161292543,29.790668403566794,29.855029951439164,29.931607012718427,30.020651981544312,30.122454818829553,30.237344341924008,30.365690412301621,30.507906467084045,30.664450811419616,30.835823516033987,31.022554003201279,31.225173531107028,31.444168490056445,31.679916028315915,31.932612334434854,32.20221218555286
987,29.649773832321916,29.655529276511341,29.672815838838542,29.701694029767616,29.742264135653844,29.794665483097074,29.859075631028862,29.935709708545456,30.024820161405216,30.126697176773629,30.24166997559033,30.370108904425358,30.512427683659517,30.669084127882495,30.84057614256816,31.027428229903446,31.230163166629875,31.449255467555648,31.685068750529286,31.937787286335162,32.207359331849737
988,29.653661586241501,29.659421584593591,29.676721773210158,29.705622560062036,29.746224081079532,29.798665495102753,29.863124218073668,29.939815311808214,30.028991283246651,30.130942547856797,30.245998714159391,30.374530563200555,30.516951994224648,30.673720164240418,30.845330608523163,31.032302745762092,31.23515087555085,31.454337921846779,31.690214540261373,31.942953767335336,32.212497847856845
989,29.657552415428338,29.663316959806576,29.680630751539525,29.709554099824949,29.75018699636729,29.802668440789706,29.867175716430999,29.943923828746716,30.033165354352988,30.135190937074078,30.250330553852844,30.378955365857472,30.521479344774402,30.678358826906397,30.850086786221524,31.03717741726782,31.240136568178716,31.459415859658304,31.695353525974365,31.948112002681999,32.217627984678685
990,29.661446314411254,29.667215396957552,29.68454276947126,29.713488646096419,29.754152880485101,29.806674321490398,29.871230129983758,29.948035265416589,30.037342381433106,30.139442348222847,30.254665488934162,30.383383287175487,30.526009679398065,30.683000022742998,30.854844552514614,31.042052119502834,31.245120164436866,31.464489293072354,31.700485832944619,31.953262206197397,32.222749979237712
991,29.665343277907194,29.671116891042328,29.688457822838402,29.717426196100011,29.758121732565289,29.810683138651697,29.875287462617628,29.952149627651234,30.04152237057081,30.143696783867096,30.259003511744353,30.387814299659667,30.530542940604636,30.687643659391519,30.859603788823541,31.046926735655127,31.250101592961503,31.469558238750274,31.705611583239342,31.958404581147789,32.227864055482527
992,29.669243300821449,29.675021437245189,29.692375907661468,29.721366747239585,29.762093551897834,29.814694893821724,29.879347718197156,29.956266921024209,30.045705327179601,30.147954245311833,30.263344612750373,30.392248373720019,30.535079069624501,30.692289645552101,30.864364381139463,31.051801156548738,31.255080790285174,31.474622717257628,31.710730895719408,31.963539321030758,32.232970425470441
993,29.673146378247754,29.678929030938672,29.696297020147032,29.725310297095941,29.766068337923009,29.81870958863577,29.883410900541104,29.960387150812547,30.049891255962095,30.152214732587264,30.26768878060405,30.396685477850156,30.539618006687981,30.696937891221246,30.86912621999144,31.056675280190852,31.260057700096308,31.479682752476123,31.715843886064405,31.968666610290366,32.238069290338288
994,29.677052505468058,29.682839667682984,29.700221156686098,29.729256843422821,29.770046090223385,29.822727224801138,29.887477013397245,29.964510321961345,30.054080160874999,30.156478244442898,30.272036002210807,30.401125578804514,30.544159691279226,30.701588307886215,30.873889200381775,31.061549011337291,31.26503227257729,31.484738371104665,31.720950666819753,31.973786624957089,32.243160841157888
995,29.680961677952219,29.686753343225337,29.704148313852166,29.733206384142562,29.774026808515011,29.826747804081421,29.891546060416857,29.968636439049643,30.058272045097922,30.160744778348477,30.276386262804305,30.405568641772554,30.548704062372178,30.706240808690247,30.878653221701928,31.06642226107385,31.270004463796429,31.489789602217865,31.726051347455719,31.978899533238177,32.248245259716882
996,29.684873891357302,29.690670053498792,29.708078488398783,29.737158917341127,29.778010492638032,29.830771328279919,29.895618045129098,29.972765506258376,30.062466911008467,30.16501433050454,30.28073954602851,30.410014630547845,30.55325105864021,30.710895308558577,30.883418187625352,31.071294946422164,31.274974235172557,31.494836476898115,31.731146034439639,31.984005496041689,32.253322719201577
997,29.688789141526655,29.694589794621024,29.712011677256932,29.741114441262649,29.781997142546448,29.834797799222329,29.899692970915567,29.976897527340686,30.066664760162475,30.169286895860054,30.285095834023686,30.414463507690044,30.557800618644521,30.715551724297335,30.888184005988542,31.076166989968311,31.279941552991179,31.4998790279151,31.736234831313446,31.98910466745491,32.258393384814838
998,29.692707424488688,29.698512562892546,29.715947877531775,29.745072954303392,29.785986758297302,29.838827218739116,29.903770840985452,29.981032505594769,30.070865593279731,30.173562468136545,30.289455107514936,30.418915234678742,30.562352681001066,30.720209974667615,30.892950588663616,31.081038319514604,31.284906387970036,31.504917289449658,31.741317838775348,31.99419719517886,32.263457414331228
999,29.696628736455413,29.702438354794825,29.719887086499245,29.749034455005315,29.789979340039391,29.84285958864761,29.907851658351142,29.985170443838737,30.075069410233112,30.177841039855991,30.293817345901424,30.42336977206131,30.56690718453476,30.724869980445764,30.89771785142722,31.085908867746163,31.289868714853124,31.509951296841965,31.74639515476283,31.999283220937492,32.268514958617146
1000,29.700553073820519,29.706367166987867,29.723829301601945,29.752998942048812,29.793974888001156,29.846894910733791,29.911935425805041,29.989311344389456,30.079276210044732,30.18212260237587,30.298182527346416,30.427827079588255,30.571464068407526,30.729531664456815,30.902485713823921,31.090778571927952,31.29482851206124,31.514981086387117,31.751466874537535,32.004362880836901,32.2735661620816
1001,29.704480433157237,29.710298996307497,29.727774520444704,29.756966414245227,29.797973402478409,29.850933186734274,29.916022145897472,29.993455209043294,30.083485990884508,30.186407145925564,30.302550628865795,30.432287116342781,30.576023272237702,30.734194951600969,30.907254099029977,31.095647373612977,31.299785761361001,31.520006695145575,31.756533090770116,32.009436305707624,32.278611163103562
1002,29.708410811215789,29.714233839762258,29.731722740789813,29.760936870528795,29.80197488382165,29.854974418318246,29.920111820915437,29.997602039059441,30.087698750072587,30.190694659646439,30.306921626416347,30.436749840862955,30.580584736204969,30.738859768865421,30.912022933714432,31.100515218368098,31.304740447565791,31.525028160780103,31.761593893625626,32.014503621418434,32.283650094420203
1003,29.712344204920409,29.718171694529911,29.735673960551548,29.764910309947958,29.805979332422847,29.859018607069725,29.924204452863147,30.00175183514693,30.091914484086981,30.194985131635594,30.311295494981856,30.441215211252146,30.585148401136276,30.743526045320142,30.916792147901443,31.105382055524803,31.309692558275664,31.530045521421659,31.766649370847244,32.019564949155843,32.288683083469252
1004,29.716280611366336,29.722112557953803,29.739628177790816,29.768886731656814,29.809986748702475,29.863065754469943,29.928300043442611,30.005904597451359,30.096133188570295,30.199278548988509,30.315672208658548,30.445683185290502,30.589714208594899,30.748193712117693,30.921561674833999,31.110247837926416,31.314642083609677,31.535058815529073,31.771699607839466,32.024620405709982,32.29371025274002
1005,29.720220027815667,29.726056427538058,29.74358539070839,29.772866134905158,29.813997133095597,29.867115861880457,29.932398594038151,30.010060325549833,30.100354858347366,30.203574897849307,30.320051740735284,30.450153720521268,30.594282100929167,30.752862702459179,30.926331450840021,31.115112521728381,31.319589016021524,31.540068081811754,31.776744687747978,32.029670103686364,32.298731720024939
1006,29.724162451693385,29.730003300943032,29.74754559763845,29.776848519028942,29.81801048603851,29.871168930526835,29.936500105700802,30.014219018444123,30.104579487439171,30.207874163456083,30.32443406377153,30.454626774342234,30.598852021335471,30.757532951577065,30.931101415204619,31.119976066183337,31.324533350083215,31.545073359123684,31.781784691536938,32.034714151745561,32.303747598710871
1007,29.728107880582801,29.733953175980105,29.751508797041559,29.780833883440238,29.822026807955297,29.875224961482797,29.940604579134419,30.01838067455698,30.108807069080182,30.212176330188491,30.328819149672864,30.459102304087914,30.603423913906791,30.762204396706231,30.935871510043455,31.124838433445831,31.329475082299201,31.55007468638123,31.786819698065145,32.039752654815317,32.308757998032767
1008,29.732056312220731,29.737906050606238,29.755474987497333,29.78482222761701,29.826046099244309,29.879283955654913,29.944712014682967,30.02254529173026,30.113037595737818,30.2164813816158,30.333206969763989,30.463580267105844,30.607997723674099,30.766876977050714,30.940641680179159,31.129699588387805,31.334414210934668,31.555072102489735,31.791849784160139,32.044785714289908,32.313763023311317
1009,29.736007744491733,29.741861922917622,29.759444167696284,29.788813551092431,29.830068360264963,29.883345913768967,29.948822412321199,30.026712867227594,30.117271059135547,30.220789300544382,30.337597494854265,30.468060620818793,30.61257339663242,30.771550633743061,30.945411873026501,31.134559498439494,31.339350735875058,31.560065646289903,31.796875024687129,32.049813428200267,32.318762776153136
1010,29.739962175422352,29.74582079114327,29.763416336431739,29.792807853444195,29.834093591324784,29.887410836356473,29.952935771645517,30.030883397736922,30.121507450275253,30.225100069064698,30.341990695302897,30.472543322787072,30.617150879767376,30.776225309804634,30.950182038478079,31.13941813343023,31.344284658484899,31.565055356503354,31.801895492617604,32.054835891384641,32.323757354651619
1011,29.74391960317552,29.749782653638857,29.767391492591909,29.796805134284057,29.83812179266631,29.891478723740903,29.957052091863897,30.035056879371862,30.125746759458959,30.229413668598173,30.34638654108581,30.477028330774424,30.621730121086102,30.7809009501083,30.954952128788378,31.144275465422599,31.349215981457597,31.570041271672011,31.806911259099021,32.059853195667493,32.328746853598894
1012,29.747880026043255,29.753747508878785,29.77136963515046,29.800805393246517,29.842152964454822,29.895549576027214,29.9611713717924,30.039233307681616,30.129988976317019,30.233730079942998,30.350785001848244,30.481515602786885,30.626311069618371,30.785577501326618,30.95972209847465,31.149131468595975,31.354144708726345,31.575023430136042,31.811922393514298,32.064865429981417,32.333731364624711
1013,29.751843442439522,29.757715355448667,29.775350763157569,29.804808629978144,29.846187106766557,29.899623393091421,29.96529360985074,30.043412677658601,30.13423408983336,30.238049283317565,30.355186046958337,30.486005097117605,30.6308936754276,30.790254911888553,30.964491904217681,31.15398611911786,31.359070845355625,31.580001869996803,31.816928963541891,32.069872680506201,32.338710976358449
1014,29.755809850893911,29.761686192038333,29.77933487573133,29.80881484412674,29.850224219576113,29.903700174568449,29.96941880405522,30.04759498374354,30.13848208836967,30.242371258406493,30.359589645567372,30.49049677240086,30.635477889628945,30.79493313193629,30.969261504753586,31.158839394999909,31.363994397417766,31.584976629073054,31.82193103522081,32.074875030822504,32.343685774608737
1015,29.75977925004258,29.765660017432356,29.783321972047418,29.812824035330344,29.854264302746376,29.907779919846309,29.973546952021643,30.051780219841277,30.142732959695245,30.246695984399583,30.363995766645971,30.494990587629388,30.640063664373983,30.799612113273387,30.974030860796354,31.163691276018682,31.368915371940311,31.589947744896079,31.826928672998164,32.079872561997135,32.348655842458228
1016,29.763751638620928,29.76963683050236,29.787312051330122,29.816836203206847,29.858307356017423,29.911862628056543,29.977678050961678,30.055968379328679,30.146986691011456,30.251023440033503,30.368404379035347,30.499486502197133,30.644650952860687,30.804291809322166,30.978799934941414,31.168541743591362,31.373833776802019,31.594915254675133,31.831921939787765,32.084865352716967,32.35362126041931
1017,29.767727015455602,29.773616630198546,29.791305112842746,29.820851347343147,29.862353378995607,29.915948298066084,29.981812097681971,30.060159455066199,30.151243268979147,30.255353603633111,30.372815451492539,30.503984475930814,30.649239709331422,30.808972175075834,30.9835686915767,31.173390780671511,31.378749620652414,31.599879195276973,31.836910897024211,32.089853479400929,32.358582106562089
1018,29.771705379455138,29.777599415540109,29.795301155877581,29.8248694672852,29.866402371145313,29.920036928473543,29.985949088588537,30.064353439413338,30.155502679745425,30.259686453145239,30.377228952721378,30.508484469104751,30.653829889059615,30.813653167052493,30.98833709681238,31.178238371675199,31.38366291286086,31.604839603219226,31.841895604706792,32.094837016281254,32.363538456605326
1019,29.775686729601745,29.781585185606641,29.799300179746464,29.828890562527764,29.870454331779012,29.924128517602234,29.990089019686792,30.068550324240285,30.159764908969802,30.264021966177385,30.381644851414453,30.51298644246976,30.658421448347102,30.818334743249491,30.993105118396453,31.183084502381821,31.388573663439907,31.609796514650938,31.846876121451164,32.099816035510635,32.368490384038964
1020,29.779671064942615,29.785573939529097,29.803302183770967,29.832914632504082,29.874509260047802,29.928223063494357,29.994231886583343,30.072750100941324,30.164029941851034,30.268360120034892,30.38606311629097,30.517490357276444,30.663014344516913,30.823016863097052,30.997872725635453,31.18792915984487,31.393481882979085,31.614749965338468,31.851852504538218,32.104790607259247,32.373437960234114
1021,29.783658384582591,29.789565676482475,29.807307167274892,29.83694167657892,29.878567154936658,29.932320563911112,29.998377684494137,30.076952760453143,30.168297763155081,30.272700891753704,30.390483716124816,30.521996175286574,30.667608535898232,30.827699487414407,31.00263988933045,31.192772332326484,31.398387582600495,31.619699990660685,31.856824815181376,32.109763438698693,32.37854032191477
1022,29.787648687665101,29.793560395666596,29.811315129565415,29.84097169403082,29.882628015249601,29.936421016323269,30.002526408243018,30.081158293262799,30.172568357231111,30.277044258119297,30.394906619757933,30.526503858771516,30.672203981803374,30.832382578366229,31.007406581722631,31.197614009248728,31.403290773948175,31.624646631657786,31.861793853529157,32.114757065487169,32.383768025400663
1023,29.791641973377768,29.797558096311455,29.815326069937552,29.845004684055922,29.886691839613935,29.940524417918425,30.006678052275713,30.085366689432725,30.176841708049931,30.281390195716252,30.399331796151579,30.531013370548955,30.676800642531436,30.837066099420671,31.012172776408807,31.202454181104407,31.408191471571815,31.629590092001415,31.866763595332888,32.119786498792656,32.389074625782015
1024,29.7956382409333,29.801558777658165,29.819339987655429,29.849040645750467,29.890758626465793,29.944630765591949,30.010832610658777,30.08957793860872,30.181117799219578,30.285738680946285,30.403759214398647,30.53552467398023,30.681398479344786,30.84175001530631,31.016938448296266,31.207292840139797,31.413089724418064,31.634531166085807,31.871739322803762,32.124853969489322,32.394443603632517
1025,29.799637489562365,29.805562438951814,29.82335688194539,29.853079578104825,29.894828374046668,29.948740055948448,30.014990077088406,30.093792030037744,30.1853966140112,30.290089690057588,30.408188843747904,30.540037732979425,30.685997454454487,30.846434291974656,31.021703573731152,31.212129986648211,31.417985701119186,31.639471275133765,31.87672521332156,32.129958549047636,32.399865444539117
1026,29.80363971850414,29.809569079432023,29.827376751986858,29.857121479995573,29.898901080398307,29.952852285301585,30.019150444897512,30.098008952583594,30.189678135382053,30.294443199170733,30.41262065362481,30.544552512019305,30.690597531004798,30.851118896605147,31.026468131752608,31.216965646947184,31.422879755373209,31.644412119152946,31.881724133064825,32.135098572640231,32.405333752051192
1027,29.80764492699689,29.813578698323653,29.831399596903488,29.861166350177953,29.902976743358014,29.956967449674458,30.023313707063281,30.10222869474249,30.19396234599802,30.298799184303146,30.417054613650368,30.549068976135967,30.695198673066898,30.855803797843045,31.031232107961305,31.221799896305118,31.427772418503636,31.649355389368012,31.886737968992001,32.14027227684047,32.410843848170714
1028,29.811653114268626,29.817591294827608,29.835425415754504,29.86521418727877,29.907055360554619,29.961085544800611,30.027479856215084,30.106451244658711,30.198249228255225,30.303157621392344,30.421490693658452,30.553587090934279,30.699800845681185,30.860488966628957,31.035995500965427,31.226632874080742,31.432664348486512,31.654302626660808,31.891767937813171,32.145477985770732,32.416392122768698
1029,29.815664279527851,29.821606868111701,29.839454207526334,29.869264989789553,29.911136929404837,29.965206566125463,30.031648884642646,30.110676590140077,30.202538764301099,30.3075184863178,30.425928863712027,30.558106822602575,30.704404015033738,30.865174377856246,31.040758329410689,31.231464786453195,31.437556272627155,31.65925517371938,31.896814803892806,32.150714161371297,32.421975682972111
1030,29.819678421954414,29.82562541730174,29.843485971124419,29.873318756060243,29.915221447110206,29.969330508808309,30.035820784304669,30.114904718673309,30.206830936054608,30.311881754921753,30.430369094120266,30.562628137957187,30.709008148864008,30.869860012707218,31.045520637454601,31.236295899499286,31.442448940843164,31.664214173216209,31.901879024529606,32.155979408324939,32.427592145655538
1031,29.823695540690522,29.829646941472788,29.847520705365355,29.877375484293211,29.919308910654422,29.973457367724713,30.039995546837499,30.119135617439191,30.211125725225958,30.316247403029269,30.434811355461385,30.567151004546695,30.713613217146758,30.874545861220017,31.050282497632288,31.241126527315295,31.447343092954132,31.669180584860612,31.906960846489849,32.161272464383835,32.433239504968945
1032,29.827715634831893,29.833671439640611,29.8515584089693,29.881435172537618,29.923399316801234,29.977587137469342,30.044173163564128,30.123369273327587,30.215423113335504,30.320615406468857,30.439255618619597,30.571675390843691,30.718219193006359,30.879231924612473,31.055044011147263,31.245957018812806,31.452239437900129,31.67415520860618,31.912060370771165,32.166592186398944,32.438916043613787
1033,29.831738703419148,29.837698910753328,29.855599080552739,29.885497818684311,29.927492662092671,29.981719812359191,30.048353625503285,30.127605672952143,30.219723081732546,30.324985741095819,30.443701854847177,30.576201266538931,30.722826053761437,30.883918217026061,31.059805306120875,31.25078774533532,31.457138641988013,31.679138708029512,31.917177596456671,32.171937536247867,32.444620270976884
1034,29.835764745429362,29.841729353683348,29.859642718621405,29.889563420460952,29.931588942847778,29.985855386437084,30.052536923378657,30.131844802664943,30.22402561161412,30.329358382821791,30.448150035860774,30.580728602927291,30.727433781969616,30.888604766564068,31.064566534584376,31.255619090062353,31.462041323017147,31.684131631621195,31.922312451383348,32.177307567922078,32.450350877952218
1035,29.839793759767879,29.845762767219519,29.863689321563726,29.893631975427606,29.93568815516171,29.989993853475593,30.0567230476282,30.136086648571023,30.228330684045289,30.333733307654523,30.452600133978244,30.585257373363955,30.732042366367963,30.893291615620605,31.069327868768642,31.260451439457366,31.466948048520194,31.689134431310062,31.927464813326338,32.182701416165699,32.456106703743103
1036,29.843825745260336,29.849799150059518,29.867738887644407,29.897703480972744,29.939790294905215,29.994135206981174,30.060911988413675,30.140331196543094,30.232638279981909,30.338110491751884,30.457052122296464,30.589787553754082,30.736651802627044,30.897978820599636,31.074089497204465,31.265285176703912,31.471859336425691,31.694147478088869,31.932634525123149,32.188118286699392,32.461886710474218
1037,29.847860700644986,29.853838500802624,29.87179141499848,29.901777934309539,29.943895357724518,29.998279440198633,30.065103735630125,30.144578432237044,30.236948380297875,30.34248991149267,30.461505974903535,30.594319123037881,30.741262093884821,30.902666451181371,31.078851620947937,31.270120676791578,31.476775657101339,31.699171075179695,31.937821405645476,32.193557447789352,32.467689963343688
1038,29.851898624565301,29.857880817942657,29.875846901625575,29.905855332472541,29.948003339041477,30.002426546115757,30.069298278915834,30.148828341108477,30.241260965818011,30.346871543565332,30.465961667116435,30.598852063642436,30.745873251054224,30.907354589257427,31.083614450079633,31.274958303001405,31.48169743625877,31.704205468996793,31.943025257660892,32.19901822302905,32.473515615050687
1039,29.855939515562753,29.861926099861329,29.879905345384593,29.909935672314756,29.952114234054179,30.006576517468361,30.073495607662597,30.153080908431267,30.245576017358797,30.351255365074962,30.470419175733724,30.603386361872055,30.750485292903804,30.912043327648913,31.088378200611501,31.279798404572464,31.486625058231681,31.709250858154995,31.948245873493345,32.204499985203825,32.479362893424167
1040,29.859983372070037,29.865974344821787,29.88396674398874,29.914018950505106,29.956228037737745,30.010729346745588,30.07769571102676,30.157336119318881,30.249893515777149,30.355641353664915,30.47487847928813,30.607922008223468,30.755098245958131,30.916732768740811,31.093143091809971,31.284641315166319,31.491558869299176,31.714307401050586,31.953483039309106,32.210002150962573,32.485231091190286
1041,29.864030192404559,29.870025550962573,29.888031095000741,29.918105163526036,29.9603447448456,30.014885026195497,30.081898577941164,30.161593958748899,30.254213442027872,30.360029487650134,30.479339558289386,30.612458997617626,30.759712144241604,30.921423023089151,31.097909343931466,31.289487352004759,31.496499180974556,31.71937522215136,31.958736538226574,32.215524176232094,32.491119557628821
1042,29.868079974762097,29.874079716291856,29.892098395828601,29.922194307671724,29.964464349910944,30.019043547831391,30.086104197128471,30.165854411591582,30.258535777229348,30.364419746157811,30.483802395448631,30.616997329550426,30.764327028903573,30.926114208053491,31.102677176331955,31.294336815503353,31.501446273155352,31.724454417251952,31.964006152607183,32.221065552238251,32.497027691636326
1043,29.872132717211013,29.878136838681939,29.896168643721531,29.926286379046427,29.968586847248716,30.023204903438454,30.090312557116189,30.170117462642736,30.262860502737137,30.368812109271527,30.48826697587565,30.621537008157919,30.768942947745725,30.930806446499162,31.107446805952076,31.299189989300586,31.50640039705241,31.729545057808156,31.969291665703565,32.226625802080264,32.502954935983205
1044,29.876188417686517,29.882196915864181,29.900241835766309,29.930381373563311,29.972712230957914,30.027369084581487,30.094523646253698,30.174383096661312,30.267187600223615,30.373206558173088,30.492733287243581,30.626078042208963,30.773559954696427,30.935499865600583,31.112218446100282,31.304047140518094,31.511361777882684,31.734647194609547,31.9745928629054,32.232204477718597,32.508900772401347
1045,29.880247073985547,29.886259945424236,29.904317968883888,29.934479286943528,29.97684049492435,30.031536082613357,30.098737452731541,30.178651298411133,30.271517051761897,30.377603075278341,30.497201319920308,30.63062044503679,30.778178109253442,30.940194595746604,31.1169923054862,31.308908520197278,31.516330617346149,31.739760860888357,31.979909532649813,32.237801157322089,32.514864717384427
1046,29.884308683761638,29.890325924797452,29.908397039826447,29.938580114715741,29.980971632824083,30.035705888684671,30.102953964603003,30.182922052706548,30.275848839912261,30.382001644364841,30.501671067067669,30.635164234419161,30.782797475909415,30.944890769546252,31.121768587469202,31.31377436386672,31.521307095894976,31.744886074955382,31.985241467073593,32.243415442922576,32.520846318574542
1047,29.888373244520462,29.89439485126487,29.912479045174631,29.94268385221601,29.985105638127287,30.039878493754639,30.107173169808462,30.187195344462033,30.280182947809898,30.386402250687269,30.506142524703122,30.639709432407422,30.787418123573602,30.949588520955576,31.126547489524253,31.318644892208926,31.526291374764199,31.750022842373639,31.990588462439526,32.249046958378827,32.526845151712784
1048,29.892440753615396,29.898466721949308,29.916563981335354,29.946790494588168,29.989242504103022,30.044053888603557,30.111395056202216,30.191471158744722,30.284519359251583,30.390804881078797,30.510615691728979,30.644256065122011,30.79204012500934,30.954287984512138,31.131329202858286,31.323520311761776,31.53128359780483,31.755171157819195,31.995950319434236,32.254695347561892,32.532860817969535
1049,29.896511208243655,29.902541533811995,29.920651844539805,29.950900036784624,29.993382223824717,30.04823206384658,30.115619611581749,30.195749480828933,30.288858058779354,30.395209524037526,30.515090569933079,30.648804162524929,30.796663556295055,30.958989294665198,31.136113912143514,31.328400815632911,31.536283893146596,31.76033100668861,32.001326843368354,32.260360272724746,32.53889294158607
1050,29.900584605442624,29.90661928364938,29.924742630841926,29.955012473567805,29.997524790176662,30.052413009949301,30.119846823719268,30.200030296251914,30.293199031759702,30.399616169796285,30.519567163961796,30.653353758173679,30.801288496313919,30.963692585201091,31.140901795360989,31.333286584221579,31.541292374689501,31.76550236645765,32.006717844282676,32.266041413056243,32.544941167824383
1051,29.904660942086537,29.910699968090345,29.928836336117229,29.95912779951194,30.001670195861216,30.056596717244577,30.124076680394893,30.204313590870068,30.297542264458471,30.404024810379706,30.524045481273625,30.657904888965078,30.80591502626876,30.96839798873874,31.145693023718234,31.338177785935681,31.546309143469905,31.770685207870955,32.012123136997744,32.271738463363668,32.551005161126703
1052,29.90874021488359,29.914783583593877,29.932932956062125,29.963246009005765,30.005818433407246,30.060783175951219,30.128309169431809,30.208599350915055,30.301887744108889,30.408435439643139,30.528525532068091,30.662457594869622,30.810543229234529,30.973105636316244,31.150487761654592,31.343074577892573,31.551334288863803,31.775879495925761,32.017542541099907,32.277451132916717,32.557084603531962
1053,29.912822420373345,29.918870126446969,29.93703248619374,29.967367096255739,30.009969495179707,30.064972376194159,30.13254427873277,30.21288756304882,30.306235458972452,30.412848053296539,30.533007329197641,30.667011918665217,30.815173189746957,30.977815657046357,31.155286166899618,31.347977106592253,31.556367889668817,31.781085190719786,32.022975880895054,32.283179144404407,32.563179193265405
1054,29.916907554924531,29.922959592763107,29.941134921850161,29.971491055290052,30.014123373390142,30.069164308025993,30.136781996317332,30.217178214416617,30.310585398392309,30.417262648914683,30.537490888066873,30.671567905674998,30.819804993426064,30.982528177828428,31.160088390568419,31.352885508560036,31.561410015084871,31.786302248192452,32.028422985340448,32.288922232985037,32.569288643467551
1055,29.920995614733322,29.92705197848105,29.945240258191305,29.975617879963455,30.018280060108406,30.073358961449717,30.141022310359553,30.221471292697757,30.314937552839002,30.421679225935161,30.541976226521943,30.676125603511601,30.824438726632479,30.987243323109858,31.164894577287122,31.357799910959518,31.566460725603584,31.7915306207714,32.033883687958124,32.294680145420379,32.575412681048135
1056,29.925086595821902,29.931147279364122,29.949348490200347,29.979747563962775,30.022439547275525,30.077556326442664,30.145265209225627,30.225766786152892,30.319291913947811,30.426097785643545,30.546463364730819,30.680685061829653,30.829074476159047,30.991961214698716,31.169704865347743,31.362720432172715,31.571520073801544,31.796770257920898,32.039357826730551,32.300452639297831,32.581551045671361
1057,29.929180494037521,29.935245490999947,29.953459612685631,29.983880100813263,30.026601826717233,30.081756392980974,30.149510681511352,30.230064683669234,30.323648474550495,30.430518331151205,30.550952325059271,30.685246332085111,30.833712328944756,30.996681971605781,31.174519386877407,31.367647182356993,31.576588105076933,31.802021106636229,32.044845243988711,32.306239482303965,32.587703488814824
1058,29.933277305052055,29.939346608800719,29.95757362028337,29.988015483885896,30.030766890158887,30.085959151065243,30.153758716078993,30.234364974800968,30.328007228697267,30.434940867360226,30.555443131940205,30.689809467307676,30.838352371827995,31.001405709936833,31.179338268029539,31.372580263961087,31.581664858289077,31.807283111846722,32.05034578628873,32.312040451584842,32.59386977295366
1059,29.937377024362007,29.943450628004001,29.961690507460975,29.992153706405432,30.034934729241211,30.090164590746458,30.158009302092967,30.238667649806231,30.33236817167192,30.439365400921083,30.559935811741596,30.69437452188513,30.842994691325401,31.006132542811496,31.184161629180959,31.377519772210899,31.586750366342553,31.812556216773359,32.055859304287416,32.317855333154967,32.600049670811636
1060,29.941479647289171,29.947557543674169,29.965810268521093,29.996294761459335,30.039105335536767,30.094372702152139,30.162262429054362,30.242972699679701,30.336731300000185,30.443791940183676,30.564430392634385,30.698941551360296,30.847639373435904,31.010862580307133,31.188989585133072,31.382465795565853,31.591844656718088,31.817840363241835,32.061385652616032,32.323683921353471,32.606242964677797
1061,29.945585168981701,29.951667350704394,29.969932897606299,30.000438642007552,30.043278700567292,30.098583475512701,30.166518086833712,30.247280116181297,30.341096611451725,30.448220495142937,30.568926904461325,30.703510612240674,30.852286503467678,31.015595929424414,31.193822245315243,31.387418416146641,31.596947751953973,31.823135491956037,32.066924689754515,32.329526018344211,32.612449445783035
1062,29.949693584415773,29.955780043819143,29.974058388704471,30.004585340892923,30.047454815821393,30.102796901187475,30.170776265702116,30.251589891860863,30.345464105036758,30.452651077380231,30.573425378607674,30.708081761819749,30.856936165884832,31.020332694070049,31.198659713988469,31.392377710138312,31.602059670087119,31.828441542739796,32.072476277905906,32.335381433651904,32.61866891372572
1063,29.953804888398,29.959895617577523,29.978186735655026,30.008734850852488,30.051633672772923,30.10701296969042,30.175036956360124,30.255902020078096,30.34983378099615,30.457083700000126,30.577925847874798,30.712655058012967,30.861588444177713,31.025072975059761,31.203502090448204,31.397343748162506,31.607180425044564,31.833758454740423,32.078040282872486,32.341249983742557,32.624901175957085
1064,29.957919075568174,29.964014066376997,29.982317932155517,30.01288716452914,30.055815262899578,30.11123167171549,30.179300149965346,30.260216495020277,30.354205640788958,30.461518377565799,30.582428346355766,30.717230559200285,30.86624342074284,31.029816870128734,31.208349469225723,31.402316595636375,31.612310027015063,31.839086166617609,32.083616573933078,32.34713149162183,32.631146047290606
1065,29.962036140402958,29.968135384458101,29.986451971769359,30.017042274484407,30.059999577701923,30.115452998161242,30.183565838156788,30.264533311713816,30.358579687072428,30.465955126030057,30.586932909316122,30.721808324087565,30.87090117679087,31.034564473963439,31.213201940285117,31.407296313093376,31.617448482764132,31.844424616691075,32.089205023724197,32.35302578648394,32.637403349478603
1066,29.966156077220223,29.972259565909606,29.990588847934056,30.021200173211472,30.064186608722412,30.119676940154442,30.187834013077346,30.268852466032978,30.362955923679468,30.47039396266635,30.59143957307915,30.726388411576792,30.87556179226382,31.039315878237449,31.218059589214402,31.412282956489019,31.622595795931883,31.849773743078405,32.094805508124765,32.358932703376432,32.643672910808363
1067,29.970278880183603,29.976386604674204,29.994728553969747,30.025360853148548,30.068376347564474,30.123903489073381,30.192104667395082,30.273173954706962,30.367334355594501,30.474834905999309,30.595948374913224,30.730970880641259,30.880225345759001,31.044071171651872,31.222922497414583,31.417276577496548,31.627751967316602,31.855133483822677,32.100417906142134,32.364852082878066,32.649954565715895
1068,29.974404543308435,29.980516494555442,29.998871083089082,30.029524306693229,30.07256878591166,30.128132636569301,30.196377794319801,30.277497775319528,30.371714988921834,30.479277975733218,30.600459352928571,30.735555790223653,30.884891914481511,31.048830439993118,31.22779074227789,31.422277223759973,31.632916995102022,31.860503776982693,32.106042099805308,32.370783770827849,32.656248154465764
1069,29.978533060467932,29.984649229224789,30.003016428407214,30.033690526216741,30.076763915546262,30.132364374586903,30.200653387619038,30.281823926308704,30.376097830855585,30.483723192683339,30.604972545976594,30.740143199134156,30.889561574192673,31.053593766184424,31.23266439736209,31.427284939149285,31.63809087509226,31.865884560730933,32.11167797405998,32.376727618048086,32.66255352282203
1070,29.982664425400085,29.988784802229532,30.007164582952306,30.037859504078423,30.080961728367765,30.136598695383931,30.20493144163137,30.286152406963083,30.380482889646391,30.488170578706754,30.609487993554374,30.744733165959445,30.894234399172266,31.058361230345859,31.237543532559254,31.43229976399406,31.643273600918167,31.871275773432256,32.117325416666738,32.382683480093974,32.668870521753654
1071,29.986798631715111,29.992923207001152,30.011315539676652,30.042031232640582,30.085162216410943,30.140835591549308,30.20921195127783,30.290483217415542,30.384870174566455,30.492620156634203,30.6140057357137,30.749325748979984,30.89891046218866,31.06313290985705,31.242428214258517,31.437321735303108,31.648465164227538,31.87667735371333,32.122984318103327,32.388651217018264,32.67519900715871
1072,29.990935672903323,29.997064436864154,30.015469291468023,30.046205704283395,30.089365371863714,30.145075056020609,30.213494912071827,30.294816358635273,30.389259695873463,30.497071950202514,30.618525812973544,30.753921006092714,30.903589834474555,31.067908879422149,31.247318505504825,31.442350886974015,31.653665554863608,31.882089240525033,32.128654571468957,32.394630693147192,32.68153883960283
1073,29.995075542344708,30.001208485046337,30.019625831162102,30.050382911420076,30.093571187083828,30.149317082098268,30.217780320123715,30.299151832413855,30.393651464771168,30.501525983990341,30.623048266245174,30.758518994753754,30.908272585721825,31.072689211140819,31.252214466141655,31.44738724996667,31.658874761003226,31.887511373181944,32.13433607239778,32.400621776895036,32.687889884106134
1074,29.999218233317244,30.005355344688098,30.023785151554179,30.054562846511597,30.097779654615863,30.153561663461439,30.222068172148813,30.303489641355792,30.398045493373232,30.505982283353113,30.627573136749604,30.763119771907149,30.912958784061232,31.077473974572236,31.25711615296299,31.45243085250257,31.664092769325833,31.892943691420665,32.140028718967059,32.406624340549961,32.694252009893205
1075,30.003363739007369,30.009505008853552,30.027947245412211,30.058745502081898,30.101990767206903,30.15780879417995,30.226358465468657,30.307829788861216,30.402441794662302,30.51044087436151,30.63210046595082,30.767723393939438,30.917648496067692,31.082263236808352,31.262023619845689,31.457481720217327,31.669319565128855,31.898386135426925,32.145732411616599,32.412638260110874,32.700625090207538
1076,30.007512052520724,30.013657470541947,30.032112105489759,30.062930870732497,30.106204517821094,30.162058468724684,30.230651198011024,30.312172279108513,30.406840382451112,30.514901783743777,30.636630295493116,30.772329916636227,30.922341786763649,31.087057062541781,31.266936917875991,31.462539876310007,31.67455513244397,31.903838645865982,32.151447053071109,32.41866341512533,32.707009002125908
1077,30.01166316689217,30.017812722698356,30.036279724538577,30.067118945157112,30.110420899654908,30.166310681979738,30.234946368312436,30.316517117039375,30.41124127134405,30.519365038825377,30.641162667132235,30.776939395130867,30.927038719616672,31.091855514134071,31.271856095484086,31.467605341706083,31.679799454166332,31.909301163918936,32.15717254825816,32.424699688514238,32.713403626356786
1078,30.015817075097512,30.021970758225933,30.040450095322097,30.07130971815603,30.114639906150334,30.170565429250178,30.239243975514619,30.320864308338212,30.415644476697306,30.5238306674749,30.645697622681759,30.781551883873465,30.931739356553255,31.096658651685139,31.276781198558911,31.472678135184182,31.685052512146854,31.914773631300367,32.162908804237155,32.430746966433581,32.719808847084082
1079,30.01997377006527,30.026131569998149,30.044623210628579,30.075503182649804,30.11886153100718,30.174822706268916,30.243544019360545,30.325213859411999,30.420050014580543,30.528298698052332,30.650235203961593,30.786167436600802,30.936443757971734,31.101466533100336,31.281712270559858,31.477758273500278,31.690314287283272,31.920255990276331,32.168655730129913,32.436805138138432,32.726224551813402
1080,30.024133244687672,30.030295150870312,30.048799063284161,30.079699331693718,30.123085768196994,30.179082509206246,30.247846500193411,30.329565777372185,30.424457901737895,30.532769159352586,30.654775452738161,30.790786106296839,30.941151982749059,31.106279214158988,31.2866493526396,31.482845771529494,31.695584759628016,31.925748183690029,32.174413237045158,32.44287409582931,32.732650631196663
1081,30.028295491837156,30.034461493696156,30.05297764616919,30.083898158492463,30.127312611973473,30.183344834672024,30.25215141894672,30.33392007001094,30.428868155553083,30.537242080568213,30.659318410698521,30.795407945192895,30.945864088276348,31.111096748583208,31.291592483731026,31.487940642347084,31.700863908438595,31.931250154965248,32.180181233838674,32.448951617575695,32.738959371588152
1082,30.032460504366856,30.038630591328801,30.05715895222038,30.088099656403461,30.13154205687524,30.187609679714075,30.256458777132828,30.338276745773687,30.433280794002702,30.541717491226603,30.663864119384073,30.800033004719165,30.950580130451328,31.115919188084867,31.296541700640724,31.49304289733486,31.706151712235453,31.936761843247908,32.18595903742753,32.455019575764723,32.745174343927026
1083,30.036628275139467,30.042802436649769,30.061342974459809,30.092303818964663,30.135774097749938,30.191877041834907,30.26076857684787,30.34263581374962,30.437695835633338,30.546195421161233,30.668412620169928,30.804661335509934,30.955300163724498,31.120746582457269,31.301497038175228,31.498152546304034,31.711448146927228,31.9422830575303,32.191743418024735,32.461065880330942,32.751332759462542
1084,30.04079879702941,30.04697702257123,30.065529705997314,30.096510639896128,30.140008729752758,30.196146918983587,30.265080820753134,30.346997283639617,30.442113299516866,30.550675900460416,30.672963954219231,30.809292987378495,30.960024241106893,31.12557897961829,31.306458529200984,31.503269596973368,31.716753160573351,31.947813133165617,32.197530098473614,32.467088695376177,32.757447823059913
1085,30.044972062938271,30.05115434205155,30.069719140045748,30.100720113114036,30.144245948356851,30.200419309559145,30.269395512067643,30.351361165735693,30.446533205217893,30.555158959429608,30.677518162452667,30.813928009309187,30.964752414197282,31.130416425673296,31.311426204586251,31.508394049966409,31.722066604975659,31.953350902925344,32.203315688940286,32.473088720008725,32.763527122090963
1086,30.049148065807636,30.055334388107983,30.07391126993349,30.10493223274155,30.148485749360418,30.204694212410551,30.273712654557567,30.355727470897925,30.450955572759966,30.55964462855356,30.682075285518284,30.818566449448969,30.969484733205782,31.135258964938032,31.316400092233014,31.513525884428656,31.727388183249605,31.958894976262624,32.209097852086437,32.479067245358031,32.769575743408133
1087,30.053326798631872,30.059517153829553,30.078106089116531,30.109146993119296,30.152728128892964,30.208971626835794,30.27803225252509,30.360096210531598,30.455380422592739,30.564132938460325,30.68663536376383,30.823208355101055,30.974221246970597,31.140106639774494,31.321380214009576,31.518665039664704,31.732717455839055,31.96444396994956,32.214875036845747,32.485025642736673,32.775597396275984
1088,30.057508254470907,30.063702632389479,30.082303591190406,30.1133643888151,30.156973083420919,30.213251552580196,30.28235431079662,30.364467396564123,30.459807775560073,30.568623919887372,30.691198437211565,30.827853772718829,30.978962002935987,31.144959489950921,31.326366580612717,31.523811403030709,31.738053881419489,31.96999662164059,32.220646230566139,32.490965214204067,32.781594934323934
1089,30.061692426462827,30.067890817057695,30.086503769901693,30.117584414633296,30.161220609752373,30.217533989833953,30.286678834710557,30.368841041422346,30.464237652869254,30.573117603649454,30.695764545534988,30.832502747893148,30.983707047022861,31.149817551337097,31.331359185960771,31.528964807776688,31.743396862897129,31.975551828267527,32.226410784188452,32.496887152159445,32.78757063684165
1090,30.065879307836379,30.072081701213044,30.09070661915915,30.121807065623432,30.16547070504118,30.221818939228886,30.291005830104641,30.37321715800994,30.468670076061265,30.577614020608369,30.700333728035829,30.837155325316662,30.988456423314123,31.154680854054426,31.336358002833155,31.534125038624659,31.748745784910358,31.981108647516507,32.232168295623602,32.502792535429478,32.793526375136949
1091,30.070068891923228,30.076275278355201,30.094912133044531,30.126032337088407,30.169723366790379,30.226106401834734,30.295335303302945,30.377595759685025,30.473105066981947,30.582113201643939,30.704906023617415,30.841811548700701,30.993210173519579,31.159549420439909,31.341362980603261,31.539291841332858,31.754100040071059,31.986666284113909,32.237918532376888,32.508682336963723,32.799463718739737
1092,30.074261172170093,30.08047154211642,30.099120305822971,30.130260224592075,30.173978592854848,30.230396379154588,30.299667261102556,30.381976860238204,30.477542647754348,30.58661517762545,30.70948147074748,30.846471460622755,30.997968336255493,31.164423263205116,31.346374045028966,31.544464933302677,31.759459045678607,31.992224071253343,32.243661379455716,32.514557435012932,32.805384006660226
1093,30.078456142150515,30.084670486272945,30.103331131952913,30.134490723966241,30.178236381443416,30.23468887311995,30.304001710760094,30.386360473870813,30.481982840751566,30.591119979381599,30.714060107401831,30.851135102292478,31.002730946218382,31.169302384057474,31.351391099686349,31.549644013551486,31.764822253146789,31.997781451784533,32.249396804265835,32.52041862440457,32.811288396871973
1094,30.082653795576373,30.088872104756032,30.107544606095662,30.138723831317126,30.182496731120345,30.23898388608519,30.308338659977935,30.390746615173526,30.486425668570092,30.595627637666091,30.718641970980954,30.855802513243709,31.007498033359656,31.174186772894043,31.356414028414399,31.554828771216645,31.770189152701743,32.003337961184855,32.255124832002274,32.52626662684898,32.817177902513144
1095,30.086854126309184,30.093076391662688,30.111760723124405,30.142959543031282,30.186759640806152,30.24328142082166,30.312678116890478,30.395135299105245,30.49087115400248,30.60013818311598,30.723227098195363,30.860473730972338,31.012269622143453,31.179076407550241,31.361442698301985,31.560018892458743,31.775559274873448,32.008893212653227,32.260845528514707,32.532102100048874,32.823053418639255
1096,30.09105712837086,30.097283341266035,30.115979478132903,30.147197855780959,30.191025109778035,30.247581480511208,30.317020090050086,30.399526540971891,30.495319320008367,30.604651646198977,30.727815524918281,30.865148790545852,31.017045730952919,31.183971254049091,31.366476962852392,31.565214065743152,31.780932189919103,32.014446884578675,32.266558988271925,32.537925645510995,32.828915742422197
1097,30.09526279595433,30.101492948025243,30.12020086644355,30.151438766528884,30.195293137669506,30.251884068739429,30.32136458841299,30.403920356404999,30.499770189682518,30.609168057147855,30.732407286011082,30.869827724217892,31.021826371677076,31.188871267214658,31.371516665029421,31.570413985776788,31.786307506191541,32.019998710018413,32.272265325554137,32.543737815263306,32.834765589029956
1098,30.099471123433617,30.105705206595076,30.124424883615106,30.155682272532644,30.199563724469854,30.256189189488548,30.325711621325034,30.408316761339517,30.504223786218599,30.613687445881411,30.737002415129755,30.874510561070007,31.026611549473873,31.19377639153684,31.376561640082894,31.575618356372768,31.791684867857494,32.025548467854925,32.277964668046216,32.549539117646198,32.840603604200687
1099,30.103682105373593,30.109920111835013,30.128651525449914,30.159928371348432,30.20383687052281,30.2604968471299,30.330061198506932,30.412715771990307,30.508680132867386,30.618209841911238,30.741600944519487,30.879197326701938,31.031401262714692,31.198686562216785,31.381611718058938,31.580826892349929,31.797063952258529,32.031095975550663,32.283657152301231,32.555330022219863,32.8464303741249
1100,30.107895736539252,30.114137658817945,30.132880788000584,30.164177060834302,30.208112576524979,30.264807046416045,30.334413330039155,30.417117404826687,30.513139252888664,30.622735274237005,30.746202904809007,30.883888042983259,31.036195503080357,31.203601706288179,31.386666725962836,31.586039320748256,31.802444467234718,32.036641083113643,32.28934292034738,32.561110963990423,32.852246433550512
1101,30.112112011904689,30.118357842838396,30.137112667576226,30.168428339153056,30.212390843523682,30.269119792472502,30.338768026345971,30.421521676544458,30.517601169496597,30.627263771232965,30.750808324814177,30.888582727872894,31.040994255778362,31.208521743747731,31.391726489589157,31.591255381543373,31.807826148512646,32.04218366803741,32.295022117146111,32.566882347073182,32.858052272493367
1102,30.116330926661444,30.122580659420365,30.141347160748289,30.172682204774482,30.216671672914423,30.273435090788947,30.343125298178517,30.425928604035164,30.522065905798939,30.631795360529278,30.755417231357171,30.893281395304058,31.045797499854601,31.213446588664919,31.396790835052773,31.59647482796057,31.813208757190861,32.04772363107837,32.300694888736402,32.57264454786614,32.863848341784212
1103,30.120552476226631,30.126806104324622,30.14558426435584,30.176938656477212,30.22095506643787,30.277752947209937,30.347485156596626,30.430338204352058,30.526533484730766,30.63633006889129,30.760029649106215,30.89798405513238,31.050605208577142,31.21837615024101,31.401859590042896,31.601697426487714,31.818592077381563,32.053260892726833,32.306361380870349,32.578397917807429,32.869635057712728
1104,30.12477665625039,30.131034173555591,30.149823975510351,30.181197693350185,30.225241026176363,30.282073367924795,30.351847612949047,30.434750494672556,30.531003928983001,30.64086792210016,30.764645600442485,30.902690713149266,31.055417349875299,31.22331033378827,31.406932584801361,31.606922956649704,31.82397591405466,32.058795390307836,32.312021738047953,32.584142785745769,32.875412805877694
1105,30.129003462623047,30.135264863367819,30.154066291600113,30.185459314793377,30.229529554549863,30.286396359456855,30.356212678852003,30.439165492257462,30.535477260928165,30.645408944839069,30.76926510535441,30.907401371142715,31.060233886798478,31.228249041621527,31.412009652910182,31.612151210672106,31.829360091062334,32.064327075481728,32.317676102765688,32.589879460052053,32.881181944547421
1106,30.133232891481693,30.139498170271814,30.158311210294066,30.189723520518328,30.233820654311355,30.290721928651557,30.360580366165681,30.443583214407138,30.539953502544304,30.649953160587661,30.773888181361258,30.912116027002671,31.065054777986138,31.233192173858278,31.417090631894517,31.617381993037153,31.834744449343471,32.06985591215161,32.323324614990113,32.595608230465992,32.886942807510685
1107,30.137464939216418,30.143734091039665,30.162558729545278,30.193990310548077,30.238114328541666,30.295050082663746,30.36495068696923,30.44800367841535,30.544432675338893,30.654500591524744,30.778514843459799,30.916834674856222,31.069879978138552,31.238139629145724,31.422175363695299,31.622615119978548,31.840128845270772,32.075381874652237,32.328967411770847,32.601329369754183,32.892695706583503
1108,30.141699602476059,30.147972622710018,30.166808847593874,30.198259685216502,30.242410580643579,30.299380828943661,30.369323653533442,30.452426901520742,30.548914800273316,30.659051258443348,30.783145104101287,30.921557305237751,31.074709438480092,31.243091305289109,31.427263694986642,31.627850418920954,31.845513149183887,32.080904946267424,32.334604627003309,32.607043135143222,32.898440933715548
1109,30.145936878173305,30.152213762592609,30.171061562969477,30.202531645167227,30.246709414335118,30.303714175221714,30.37369927829166,30.45685290085661,30.553399897690056,30.663605180678339,30.787778973192982,30.926283905279792,31.079543107203403,31.248047099797507,31.432355477390249,31.633087727907558,31.85089724407019,32.086425117963579,32.340236391272732,32.6127497695961,32.904178762834519
1110,30.150176763489629,30.156457508272336,30.175316874493149,30.206806191351806,30.25101083364213,30.308050129491939,30.378077573808991,30.461281693400082,30.557887987243582,30.668162376046975,30.792416458120286,30.931014458916071,31.084380929889473,31.253006910358113,31.437450567614373,31.638326895031629,31.856281024369579,32.091942387289627,32.345862831754147,32.618449502963038,32.909909451485795
1111,30.154419255879468,30.160703857612894,30.179574781278859,30.211083325027463,30.255314842889863,30.312388699994315,30.382458552750148,30.465713295921283,30.562379087836014,30.672722860802509,30.797057563787508,30.935748947092993,31.089222849901695,31.257970635244352,31.442548827526437,31.643567777874999,31.861664394895495,32.097456757431146,32.351484072164368,32.624142553013812,32.915633242279576
1112,30.158664353074105,30.16495280875985,30.183835282734407,30.215363047754078,30.259621446693846,30.316729895195685,30.386842227846035,30.470147724932804,30.566873217557983,30.677286649600038,30.801702292674705,30.940487347986167,31.094068808754056,31.262938173663716,31.447650124167751,31.64881024295649,31.867047269863363,32.102968236402909,32.357100232757738,32.629829126362338,32.921350364164724
1113,30.16291205308508,30.169204360143336,30.188098378561843,30.219645361390537,30.26393064994971,30.321073723769732,30.391228611859653,30.474584996640349,30.571370393634833,30.681853755473753,30.806350644907337,30.945229637218564,31.098918746453922,31.26790942605394,31.452754329724957,31.654054165197042,31.872429572010493,32.108476836348814,32.362711430350366,32.635509419304462,32.927061033567419
1114,30.167162354206969,30.173458510480142,30.19236406875725,30.223930268090424,30.26824245782209,30.325420194575639,30.395617717551044,30.479025126894896,30.57587063237963,30.686424189827079,30.811002618339522,30.949975788077364,31.103772601813116,31.272884294322349,31.457861321458864,31.659299427408961,31.877811231817031,32.113982572953972,32.3683177783711,32.641183618561044,32.932765455386324
1115,30.171415255019756,30.177715258775265,30.196632353609942,30.228217770296784,30.27255687573253,30.329769316635762,30.400009557642189,30.483468131147092,30.58037394915295,30.690997962433862,30.815658208646138,30.954725771725546,31.10863031273017,31.277862682041409,31.462970981607334,31.664545919811879,31.88319218680547,32.11948546493646,32.373919386926723,32.646851901950782,32.938463823882657
1116,30.175670754390691,30.181974604323013,30.200903233701098,30.232507870736338,30.276873909346591,30.334121099112568,30.404404144781918,30.487914024404134,30.584880358328554,30.695575081447895,30.820317409420284,30.959479557406787,31.113491816448857,31.282844494612721,31.468083197272762,31.669793539571959,31.888572380898712,32.124985533595286,32.379516362875414,32.652514439010496,32.944156323494724
1117,30.179928851475548,30.186236546707477,30.2051767099017,30.236800572412825,30.281193564559938,30.338475551284837,30.408801491511255,30.492362821189761,30.58938987326615,30.700155553421951,30.824980212276003,30.964237112641481,31.118357049788877,31.28782963939512,31.473197860292963,31.675042190369059,31.893951763845976,32.130482802422968,32.385108809909077,32.658171391554646,32.949843129564186
1118,30.184189545719391,30.190501085802403,30.209452783369844,30.241095878599531,30.285515847483651,30.342832682523383,30.413201610229621,30.496814535507564,30.593902506290643,30.704739383334267,30.829646606953755,30.968998403413408,31.123225949352825,31.292818025804454,31.478314867100629,31.680291781988746,31.899330290705137,32.135977296770747,32.390696828642156,32.663822914183989,32.955524408989007
1119,30.188452836856875,30.194768221770744,30.213731455547492,30.245393792831347,30.28984076442908,30.347192502266594,30.417604513161606,30.501269180806375,30.598418268675047,30.709326574619183,30.834316581427274,30.97376339435095,31.128098451719158,31.297809565396996,31.48343411857692,31.685542229929442,31.904707921357687,32.141469043543275,32.396280516703307,32.669469154765252,32.96120032083568
1120,30.192718724911813,30.199037955063197,30.218012728156442,30.249694318895656,30.294168321891526,30.351555019995498,30.422010212325095,30.505726769950485,30.602937170631886,30.713917129207239,30.838990122012813,30.97853204889423,31.132974493603346,31.302804171917227,31.488555519894199,31.690793455045227,31.910084620095471,32.146958070955705,32.401859968831268,32.675110254847581,32.966871016862115
1121,30.196987210196149,30.203310286416443,30.222296603193573,30.253997460822823,30.298498526533656,30.355920245209042,30.426418719500901,30.510187315192798,30.607459221309121,30.718511047568317,30.843667213476827,30.983304329453237,31.137854012003867,31.307801761333529,31.493678980360077,31.696045383207807,31.915460355236036,32.152444408311709,32.407435276969544,32.680746350053916,32.972536642007633
1122,30.201258293308413,30.207585216850521,30.226583082925458,30.258303222875796,30.302831385168279,30.360288187399426,30.430830046203717,30.514650828151531,30.611984428790674,30.723108328758858,30.848347839142303,30.988080197555888,31.142736944331361,31.312802251858432,31.498804413260597,31.701297944989104,31.920835098772915,32.157928085809338,32.413006530360391,32.686377570441614,32.978197334840637
1123,30.205531975131571,30.211862747665805,30.23087216988241,30.262611609539217,30.307166904740811,30.364658856027749,30.435244203654587,30.519117319789906,30.616512800101319,30.727708970472147,30.853031980993666,30.99285961398714,31.147623228522548,31.317805563955748,31.503931735703404,31.70655107536308,31.926208826056818,32.163409134370696,32.418573815638425,32.692004040835648,32.983853227969433
1124,30.209808256829962,30.216142880438994,30.235163866851565,30.2669226255076,30.311505092311268,30.369032260500326,30.439661202756103,30.523586800400789,30.621044341217381,30.732312969091712,30.857719619777178,30.997642538913546,31.152512803133959,31.322811620333351,31.509060868465394,31.711804713434852,31.93158151551566,32.16888758549905,32.424137216920819,32.697625881127273,32.98950444840753
1125,30.214087139845898,30.220425617018705,30.239458176869526,30.271236275673417,30.315845955036295,30.373408410145405,30.444081054068647,30.528059279592856,30.625579057078657,30.736920319744751,30.862410735099267,31.002428932003756,31.157405607430722,31.327820345932544,31.514191735841688,31.71705880217722,31.93695314838542,32.174363471143856,32.429696815896754,32.70324320656286,32.995151117925509
1126,30.218368625895334,30.224710959520181,30.243755103214291,30.275552565114189,30.320189500151006,30.377787314190979,30.448503767789195,30.53253476628128,30.630116951605693,30.741531016358369,30.867105305520859,31.007218752535582,31.162301581456092,31.332831667903292,31.519324265498192,31.722313288193654,31.942323708479393,32.179836823593632,32.435252691914059,32.708856127998047,33.00079335335743
1127,30.22265271696363,30.228998910320129,30.248054649397115,30.279871499079981,30.324535734950896,30.382168981742428,30.452929353729971,30.537013268677708,30.634658027715748,30.746145051714588,30.871803308651494,31.012011959505088,31.167200666105142,31.33784551558357,31.524458388325158,31.727568121476345,31.947693181948445,32.185307675361024,32.440804922065517,32.714464752160239,33.006431266918412
1128,30.226939415299601,30.233289472049815,30.252356819152823,30.284193082979495,30.328884666773558,30.386553421762116,30.457357821302079,30.541494794288326,30.639202287347466,30.750762417508835,30.876504721234852,31.01680851171189,31.172102803166464,31.342861820456573,31.529594038298708,31.732823255209418,31.953061557105126,32.190776059113176,32.446353581269527,32.720069181853432,33.012064966446374
1129,30.231228723409288,30.237582647587764,30.256661616429941,30.288517322366172,30.333236302980811,30.390940643049888,30.461789179500368,30.545979349912923,30.643749731485247,30.755383104406189,30.881209519230548,31.021608367841274,31.177007935363676,31.347880516111942,31.534731152348254,31.738078645575929,31.958428824246692,32.196242007597689,32.45189874234768,32.725669516163329,33.017694555646038
1130,30.235520644049632,30.241878440052695,30.260969045380882,30.292844222924508,30.33759065094107,30.395330654223706,30.466223436888104,30.550466941643244,30.648300360182699,30.760007102097049,30.885917677896366,31.026411486548149,31.181916006399671,31.352901538208592,31.539869670223215,31.743334251561429,31.963794975474023,32.201705553566299,32.457440476102981,32.731265850666105,33.023320134336949
1131,30.239815180220912,30.246176852795017,30.265279110350939,30.297173790455563,30.341947718011802,30.399723463702081,30.47066060158577,30.554957574867327,30.652854172591475,30.764634399353444,30.890629171862265,31.031217826523246,31.186826960979786,31.357924824425844,31.545009534369061,31.748590034789643,31.969160004551473,32.207166729724925,32.462978851392116,32.736858277599758,33.028941798653783
1132,30.244112335158547,30.250477889387732,30.269591815866946,30.301506030862679,30.346307511522891,30.40411907968819,30.475100681261882,30.559451254275356,30.657411166989768,30.769264984082302,30.895343975199136,31.036027346554221,31.191740744832927,31.362950314417347,31.550150689810103,31.753845959365769,31.97452390677174,32.212625568684416,32.468513935194409,32.742446886029484,33.034559641240286
1133,30.24841211232474,30.254781553617342,30.273907166625975,30.305840950137121,30.350670038760114,30.408517510154148,30.479543683123939,30.563947983865454,30.661971340810908,30.77389884337876,30.900062061487372,31.040840005585984,31.19665730473147,31.367977949763819,31.555293084032421,31.759101991721973,31.979886678824442,32.218082102914018,32.474045792680535,32.748031762009902,33.040173751438495
1134,30.252714515399848,30.259087849474415,30.278225167483711,30.310178554343704,30.35503530694881,30.412918762825889,30.48398961391057,30.568447766951092,30.666534690672886,30.77853596357895,30.904783403882856,31.045655762776754,31.201576588506938,31.373007673924377,31.560436666869986,31.764358100469995,31.985248318672348,32.223536364699235,32.479574487279471,32.753612988739931,33.045784215469133
1135,30.257019548272179,30.26339678114271,30.282545823441858,30.314518849606319,30.35940332323889,30.417322845171267,30.48843847988848,30.572950606173283,30.671101212410132,30.783176330309391,30.909507975172076,31.050474577537962,31.206498545050994,31.378039432183837,31.565581390403903,31.769614256282143,31.990608825459212,32.228988386117564,32.485100080737922,32.759190646687145,33.051391116573924
1136,30.261327215028153,30.267708352988691,30.286869139635982,30.318861842093838,30.363774094690008,30.421729764387837,30.492890286848187,30.577456503511101,30.675670901103771,30.787819928535818,30.914235747829004,31.055296409578464,31.211423124321918,31.383073171603606,31.570727208860021,31.774870431764612,31.995968199407208,32.234438199006817,32.490622633181076,32.764764813721605,33.056994535170261
1137,30.26563751994275,30.272022569551272,30.291195121323355,30.323207538005708,30.368147628256139,30.426139527389676,30.497345040098992,30.581965460291723,30.680243751112172,30.792466742613701,30.918966694074594,31.060121218951348,31.216350277352223,31.388108840971192,31.575874078502935,31.780126601326369,32.001326441710958,32.239885834932835,32.496142203175054,32.77033556525339,33.062594549010001
1138,30.269950467466707,30.276339435528691,30.295523773869256,30.327555943558348,30.372523930774296,30.430552140802295,30.501802744474478,30.586477477209829,30.684819756103632,30.797116756327675,30.92370078591042,31.064948966066659,31.221279956229179,31.393146390747678,31.581021957562676,31.785382741107611,32.006683554492476,32.245331325188097,32.501658847771445,32.775902974309538,33.068191233264173
1139,30.274266062217368,30.280658955768661,30.299855102735204,30.33190706497108,30.376903008949078,30.43496761094892,30.506263404326234,30.59099255433604,30.689398909085742,30.801769952942127,30.92843799518052,31.069779611742668,31.226212114107305,31.398185773019566,31.586170806125985,31.790638828840979,32.012039540686054,32.250774700753723,32.507172622571474,32.781467111680001,33.07378466069256
1140,30.278584308965563,30.284981135255045,30.304189113465274,30.336260908452996,30.381284869342327,30.439385943846617,30.510727023530499,30.595510691136749,30.693981202437207,30.806426315238237,30.933178293601653,31.074613117215588,31.231146705187886,31.403226941448079,31.591320586067429,31.795894843785469,32.017394403997514,32.256215992299389,32.512683581768279,32.787028045989516,33.079374901722694
1141,30.282905212628684,30.289305979100405,30.308525811677587,30.340617480193355,30.385669518364207,30.443807145201173,30.515193605491707,30.600031886491529,30.698566627942025,30.811085825562486,30.937921652815341,31.079449444176994,31.236083684721191,31.40826985122327,31.596471260959866,31.801150766619163,32.022748148819339,32.261655230158517,32.518191779492113,32.792586494748242,33.085001261061876
1142,30.287228778242117,30.293633492517444,30.312865203035813,30.344976786334392,30.390056962249069,30.448231220389211,30.519663153133827,30.604556138695088,30.703155176800337,30.815748465840212,30.942668044394722,31.084288554763589,31.241023008972856,31.413314459008703,31.601622796008922,31.806406579382166,32.028100780205456,32.267092445833114,32.523697451100823,32.798148065030901,33.090656525732371
1143,30.291555010971347,30.297963680830655,30.317207293259877,30.349338832981154,30.394447207066403,30.452658174473601,30.524135668925279,30.609083445496971,30.707746839685608,30.820414217647009,30.947417439918119,31.089130411613461,31.245964635241346,31.418360722906662,31.606775157970155,31.811662265374807,32.033452304394281,32.272527710657506,32.529201614397572,32.803716506266021,33.096329286922121
1144,30.295883916083838,30.302296549448137,30.321552088097764,30.353703626174333,30.398840258696499,30.457088012184929,30.528611154869285,30.613613804102641,30.712341606755107,30.825083062223058,30.9521698109779,31.093974977858551,31.250908521826414,31.423408602402986,31.611928315082974,31.816917809277086,32.038802736536219,32.277961241433282,32.534705608506577,32.809292414021549,33.102015516519046
1145,30.300215498940418,30.306632103852881,30.325899593316898,30.35807117188255,30.403236122825632,30.461520737922612,30.533089612514228,30.618147211195176,30.716939467682341,30.829754980511055,30.956925129213776,31.098822217140864,31.255854628017655,31.428458058325486,31.617082237052188,31.822173198644204,32.044152121694324,32.283393409373133,32.540210499003521,32.814875603365259,33.107712912595034
1146,30.304549764982831,30.310970349590324,30.330249814691864,30.362441475991201,30.407634804938098,30.465956355752777,30.537571042960415,30.62268366295287,30.721540411684373,30.834429953187893,30.961683366339479,31.103672093622571,31.260802914078869,31.433509052811342,31.622236895306443,31.827428428283277,32.049500550970187,32.288824654199104,32.545717027139538,32.8204657063702,33.113419941158433
1147,30.308886719721187,30.315311292255824,30.334602757992297,30.366814544291781,30.412036310308721,30.470394869406864,30.542055446867437,30.627223155066797,30.726144427548292,30.839107960694868,30.966444494167401,31.108524571994316,31.265753341234163,31.43856154933226,31.627392263904827,31.832683505882923,32.054848159621613,32.294255413070388,32.551225691942314,32.826062329688249,33.119135490453822
1148,30.313226368721622,30.319654937482436,30.33895842897109,30.371190382471635,30.416440643996197,30.474836282280926,30.546542824462062,30.631765682758484,30.730751503657032,30.843788983266215,30.971208484631155,31.113379617482295,31.270705871665626,31.443615512867403,31.632548321084968,31.837938455686288,32.060195114422932,32.299686085893178,32.556736826228381,32.831665100252451,33.124858711163441
1149,30.317568717593829,30.324001290928571,30.343316833352787,30.375568996104143,30.4208478108369,30.479280597435665,30.551033175546536,30.636311240797387,30.735361628014314,30.848473000956108,30.975975309806365,31.118237195856381,31.275660468543403,31.44867091028016,31.637705050952434,31.843193319131135,32.065541599536147,32.305117023371032,32.562250650482184,32.837273677921289,33.130588929578806
1150,30.321913771978853,30.328350358265983,30.347677976822368,30.379950390639486,30.425257815439451,30.483727817596989,30.555526499507366,30.640859823518422,30.739974788268842,30.853159993664356,30.980744941930308,31.123097273444376,31.280617096112429,31.453727710864424,31.642862444794808,31.848448153099501,32.070887804930969,32.310548526620828,32.567767308696659,32.842887756658889,33.136325596594162
1151,30.326261537536904,30.33270214516784,30.352041865014222,30.38433457139573,30.429670662179795,30.48817794515724,30.560022795324294,30.645411424839242,30.744590971737644,30.857849941160691,30.985517353421628,31.12795981716015,31.285575719847689,31.458785886949869,31.648020501741257,31.853703026932244,32.076233918351292,32.31598085140773,32.573286892076162,32.848507062180865,33.142068255239721
1152,30.330612019935433,30.337056657297087,30.356408503501566,30.38872154355051,30.434086355196897,30.492630982176873,30.564522061579801,30.649966038277327,30.749210165428707,30.862542823108178,30.990292516902322,31.13282479455216,31.290536306665118,31.463845414444851,31.653179228802955,31.858958019167563,32.081580120118218,32.321414213753371,32.57880945526427,32.854131348641474,33.147816518462172
1153,30.334965224837308,30.341413900294953,30.360777897786146,30.393111312133133,30.438504898388899,30.497086930386793,30.569024296468537,30.65452365696693,30.753832356062862,30.867238619086201,30.995070405224617,31.137692173876403,31.295498825165453,31.468906273240638,31.658338640408754,31.86421321443504,32.086926580204661,32.326848795806235,32.584335027079334,32.85976039509746,33.15357005415737
1154,30.339321157889344,30.34577387976983,30.365150053288247,30.397503882017187,30.442926295409968,30.501545791190857,30.573529497807272,30.659084273675706,30.758457530094987,30.871937308614076,30.999850991505426,31.142561924191824,31.300463245878753,31.473968447438907,31.663498757618008,31.86946870081173,32.092273456827137,32.332284751065998,32.58986361801491,32.865394002407385,33.159328574105764
1155,30.343679824710932,30.350136601286341,30.369524975337242,30.401899257913531,30.44735054966754,30.506007565669169,30.578037663044693,30.663647880821081,30.763085673735141,30.876638871176151,31.004634249169886,31.147434015471905,31.305429541480486,31.479031925403749,31.668659607181386,31.874724567705808,32.097620895954819,32.337722208909511,32.595395225593563,32.871031990479423,33.165091825693416
1156,30.348041230883112,30.354502070354755,30.373902669162344,30.406297444363847,30.451777664319987,30.510472254581416,30.582548789271591,30.668214470486582,30.767716772969411,30.881343286249493,31.009420152003283,31.152308418723106,31.31039768696581,31.484096699677824,31.673821220554647,31.879980904170729,32.102969031417601,32.343161278526047,32.600929838173691,32.876674195842128,33.170859585639313
1157,30.352405381937732,30.358870292420747,30.378283139883816,30.410698445734642,30.456207642274954,30.514939858370798,30.587062873230991,30.672784034437896,30.772350813581507,30.886050533334942,31.01420867421167,31.157185106103327,31.315367659765826,31.489162766767578,31.678983632927046,31.885237797693691,32.108317985465476,32.348602052122608,32.606467437527513,32.882320469629114,33.176631655301946
1158,30.356772283347112,30.363241272855401,30.382666392504607,30.415102266211594,30.460640486187934,30.519410377168153,30.591579911328441,30.677356564139064,30.776987781174967,30.890760591991686,31.018999790487449,31.16206405103069,31.320339439809505,31.494230126857769,31.684146882332751,31.890495333306902,32.113667869452868,32.354044607620139,32.612008000853095,32.887970675832655,33.182407856800346
1159,30.36114194051396,30.36761501694571,30.387052431902351,30.419508909794491,30.4650761984614,30.523883810796434,30.596099899642461,30.681932050768847,30.781627661196847,30.895473441875705,31.023793476077746,31.166945228275814,31.325313009528582,31.499298783474785,31.689311008869062,31.895753592986686,32.119018784613537,32.359489010884573,32.617551502215925,32.893624689811979,33.188188029970824
1160,30.365514358761576,30.371991529885289,30.391441262821758,30.423918380292427,30.469514781244211,30.528360158775445,30.600622833935088,30.686510485237473,30.786270438962653,30.900189062780633,31.02858970685195,31.171828614036979,31.330288353822766,31.504368743130922,31.6944760540038,31.901012655234577,32.124370822872386,32.364935317631151,32.623097913631483,32.899282396990074,33.193972029854343
1161,30.369889543324458,30.376370816765512,30.395832889867393,30.428330681319583,30.473956236431523,30.532839420326905,30.605148709662732,30.691091858203869,30.790916099682967,30.904907434681213,31.033388459366662,31.176714185993816,31.335265459982431,31.509440014956859,31.699642059990545,31.90627259485311,32.129724067659858,32.370383574963093,32.628647205821643,32.904943691758774,33.199759724697145
1162,30.374267499339336,30.380752882567048,30.40022731749692,30.432745816291256,30.478400565665019,30.537321594379723,30.609677521987201,30.695676160093608,30.795564628491526,30.909628537777809,31.038189710925327,31.181601923339816,31.340244317581089,31.514512610342344,31.704809069383227,31.911533482845975,32.135078594678475,32.375833822654428,32.634199348787028,32.910608476530015,33.205550994281339
1163,30.378648231836433,30.385137732151765,30.404624550014724,30.437163788420495,30.482847770333425,30.541806679575661,30.61420926578727,30.700263381117651,30.800216010474788,30.914352352541123,31.04299343963033,31.186491806793558,31.345224918345462,31.519586542597448,31.709977124643373,31.916795386406722,32.140434472609044,32.381286094222389,32.639754312237486,32.916276660913809,33.211345728526965
1164,30.383031745731241,30.389525370255033,30.409024591565863,30.441584600714911,30.487297851573622,30.546294674275288,30.618743935670452,30.704853511291844,30.804870230702342,30.919078859755448,31.047799624426453,31.191383818592485,31.350207256014393,31.524661826640187,31.715146267817197,31.922058368957501,32.145791763763739,32.386740417849509,32.645312065925047,32.921948160991001,33.217143826288165
1165,30.387418045816631,30.393915801478361,30.413427446130516,30.446008255974043,30.491750810271757,30.550785576564248,30.623281525985444,30.70944654045725,30.809527274257885,30.923808040560104,31.052608245136007,31.196277942471607,31.355191326189345,31.529738478707838,31.72031654027511,31.92732249023895,32.151150524692945,32.39219681715651,32.650872579880335,32.92762289867968,33.222945194340873
1166,30.391807136755244,30.398309030282427,30.417833117518729,30.450434756786947,30.496206647064991,30.555279384259848,30.627822030834885,30.714042458301005,30.814187126270372,30.928539876488326,31.0574192824857,31.201174163629418,31.360177126180385,31.534816516092743,31.725487982505314,31.932587806435748,32.156510806740613,32.397655311855608,32.656435824585607,32.933300801176649,33.228749746513998
1167,30.396199023072406,30.402705060980569,30.422241609365592,30.454864105530294,30.500665362343476,30.559776094918217,30.632365444088826,30.718641254377896,30.818849771945061,30.933274349502518,31.062232718123596,31.206072468680443,31.365164654851014,31.539895956909366,31.73066063396481,31.937854370329042,32.16187265653847,32.403115918286339,32.662001771090466,32.938981800476881,33.2345574029628
1168,30.400593709149476,30.407103897732636,30.426652925126852,30.459296304366831,30.505126956252777,30.564275705841645,30.636911759398568,30.72324291813246,30.823515196593743,30.938011442025573,31.067048534627276,31.210972845598913,31.370153912466925,31.544976819889769,31.735834532970319,31.943122231457846,32.167236116449111,32.408578649872588,32.667570391095488,32.944665832947948,33.240368089536666
1169,30.404991199217399,30.411505544539192,30.431067068074842,30.463731355244153,30.509591428696623,30.568778214086599,30.641460970211103,30.727847438921124,30.828183385663898,30.942751136967971,31.071866715504949,31.215875283657056,31.375144900551469,31.550059124203131,31.741009716616855,31.948391436281675,32.172601224968588,32.414043517522366,32.673141657014675,32.950352838946365,33.246181737216276
1170,30.409391497350775,30.41591000523615,30.435484041294824,30.468169259893894,30.514058779340058,30.573283616471961,30.646013069783905,30.732454806034411,30.832854324766366,30.94749341775066,31.076687245189714,31.220779773359272,31.380137621748368,31.55514288929772,31.746186220720684,31.953662028343572,32.177968017091686,32.419510529974033,32.67871554201794,32.956042762473487,33.251998281616906
1171,30.413794607462396,30.42031728348983,30.439903847681798,30.472610019831411,30.518529007613093,30.577791909587827,30.650568051200111,30.737065008718936,30.837527999700836,30.952238268322628,31.081510109026553,31.225686306372975,31.385132079694127,31.560228134768035,31.751364079788651,31.958934048433566,32.183336524634115,32.424979694080236,32.684292020050258,32.961735550877385,33.257817662568783
1172,30.418200533297846,30.424727382792192,30.444326489937385,30.477053636355453,30.523002112714423,30.582303089804483,30.655125907383791,30.741678036199183,30.842204396480643,30.956985673177094,31.086335293257935,31.23059487545931,31.390128278893147,31.56531488022776,31.756543326993487,31.964207534751345,32.188706776543206,32.430451015078113,32.689871065847107,32.967431154565368,33.263639823714016
1173,30.422609278430834,30.429140306456727,30.448751970567475,30.481500110548726,30.527478093615898,30.586817153282048,30.659686631115665,30.746293877698488,30.846883501354181,30.961735617360571,31.091162785000339,31.235505474400828,31.395126224607051,31.570403145216268,31.761723994181619,31.969482523063629,32.194078799150525,32.435924496785688,32.695452654927081,32.973129526773484,33.269464712194711
1174,30.42702084625882,30.433556057614634,30.453180291880102,30.485949443278596,30.531956949067293,30.591334095980333,30.664250215048732,30.750912522459483,30.851565300824493,30.96648808647911,31.095992572218822,31.240418097931311,31.40012592275167,31.575492949114555,31.766906111883422,31.974759046851876,32.199452616409076,32.441400141788797,32.701036763586004,32.978830623346589,33.275292278353888
1175,30.431435239998841,30.43797463921122,30.457611455983585,30.490401635198037,30.536438677601268,30.595853913668851,30.668816651723862,30.755533959763799,30.856249781667451,30.971243066702527,31.100824643700172,31.245332741666513,31.405127379799129,31.580584311069135,31.77208970932891,31.980037137456947,32.20482825011684,32.446877951611171,32.706623368886625,32.984534402532454,33.281122475458574
1176,30.435852462684029,30.442396054002998,30.462045464785312,30.494856686747301,30.540923277539029,30.600376601937423,30.673385933585429,30.760158178950469,30.860936930946107,30.976000544762222,31.105658989020171,31.250249402036644,31.410130602695279,31.585677249941369,31.777274814480691,31.985316824210827,32.210205720096241,32.452357926838808,32.712212448638923,32.990240824814883,33.286955259481118
1177,30.440272517160366,30.44682030455505,30.466482319990707,30.499314598155848,30.545410746996108,30.604902156206762,30.677958052996495,30.764785169433235,30.865626736023451,30.98076050794835,31.110495598512554,31.255168076223363,31.41513559878144,31.590771784255949,31.782461454060172,31.990598134561914,32.215585044373725,32.457840067250039,32.717803981384932,32.995949852745461,33.292790588875945
1178,30.444695406083756,30.451247393238564,30.470922023102734,30.503775369444476,30.549901083888486,30.609430571739068,30.682533002253628,30.769414920716841,30.870319184573436,30.985522944104407,31.11533446323639,31.260088762097798,31.420142375722094,31.595867932159493,31.787649653581578,31.995881094196488,32.220966239340214,32.463324371923242,32.723397946377837,33.001661450793719,33.29862842438525
1179,30.449121131917671,30.455677322229157,30.475364575421708,30.508239000428105,30.554394285939143,30.613961843648983,30.687110773601404,30.774047422411751,30.875014264588987,30.990287841618617,31.120175574941957,31.265011458162718,31.425150941443146,31.600965711391616,31.792839437390956,32.001165727149008,32.226349319888136,32.468810839324135,32.72899432355927,33.007375585217375,33.304468728872628
1180,30.453549696930523,30.460110093504781,30.47980997804498,30.512705490718233,30.558890350684344,30.618495966914271,30.691691359246978,30.778682664249622,30.879711964391525,30.995055189416991,31.125018926037601,31.26993616349294,31.430161304064946,31.606065139249111,31.798030828701354,32.006452055917421,32.231734299561488,32.474299467405622,32.734593093538521,33.013092223920971,33.310311467139982
1181,30.45798110319479,30.464545708845385,30.484258231868285,30.517174839727048,30.563389275481196,30.623032936386796,30.696274751372794,30.783320636093485,30.884412272631607,30.999824976947099,31.129864509553904,31.27486287768814,31.435173471864967,31.611166232584598,31.803223849641288,32.011740101547943,32.237121190639122,32.479790253646925,32.740194237565127,33.018811336373282,33.316156605828134
1182,30.462415352584877,30.468984169831394,30.48870933758592,30.521647046670331,30.567891057514252,30.627572746803143,30.700860942150296,30.787961327951297,30.889115178295899,31.004597194169268,31.134712319111401,31.279791600818395,31.44018745321905,31.616269007777401,31.808418521289273,32.017029883740371,32.242510004270059,32.48528319514304,32.745797737509236,33.02453289347828,33.322004113249918
1183,30.466852446776524,30.473425477843662,30.493163295692366,30.526122110571791,30.572395693803127,30.632115392795416,30.705449923752095,30.792604729985175,30.893820670706823,31.009371831539884,31.139562348885718,31.284722333379662,31.44520325656735,31.621373480733713,31.813614863720293,32.02232142092835,32.247900750552404,32.490778288642197,32.751403575835717,33.03025686749595,33.327853959294622
1184,30.471292387246692,30.477869634063889,30.497620106484334,30.530600030267557,30.576903181210081,30.636660868901362,30.710041688362743,30.797250832518817,30.898528739520899,31.014148879995606,31.144414593576634,31.289655076254924,31.450220890383527,31.626479666883739,31.818812896043941,32.027614730352667,32.253293438612907,32.496275530589983,32.757011735583333,33.035983231961701,33.333706115328027
1185,30.475735175272476,30.482316639474117,30.502079770061897,30.535080804410047,30.581413516447157,30.641209169574918,30.714636228191114,30.801899626048023,30.903239374731225,31.018928330940287,31.149269048375231,31.29458983066656,31.455240363130986,31.631587581169477,31.824012636445136,32.032909828150885,32.258688076707998,32.501774917187319,32.762622200341674,33.041711961588163,33.339560554069237
1186,30.480180811931969,30.486766494858127,30.506542286331428,30.539564431473249,30.585926696084119,30.64576028919593,30.719233535479528,30.806551101245063,30.907952566662072,31.023710176226558,31.15412570893433,31.299526598144947,31.460261683244308,31.636697238052701,31.829214102222924,32.038206729416288,32.264084672278777,32.507276444414828,32.768234954230259,33.047443032206246,33.345417249520217
1187,30.484629298104814,30.491219200802515,30.511007655008253,30.544050909757615,30.590442716555891,30.650314222079516,30.723833602513142,30.811205248964356,30.912668305965951,31.028494408140187,31.158984571339822,31.304465380493554,31.465284859103011,31.641808651515429,31.83441730982824,32.043505448264746,32.269483232019297,32.512780108067538,32.773849981877525,33.05317642069523,33.351276176880567
1188,30.489080634472575,30.495674757697596,30.51547587561906,30.548540237394867,30.594961574170142,30.654870962485873,30.728436421629826,30.815862060248595,30.917386583620843,31.033281019383782,31.16384563208063,31.30940617975283,31.470309899004981,31.646921835061057,31.839622274902553,32.048805997902733,32.274883761946079,32.518285903790158,32.779467268399713,33.058912104911684,33.357137312460381
1189,30.493534821520445,30.50013316573963,30.519946947505513,30.553032412353652,30.599483265114927,30.659430504628947,30.733041985227462,30.820521526330971,30.9221073909235,31.038070003059197,31.168708888022735,31.314348998174072,31.475336811152669,31.652036801724041,31.844829012313582,32.05410839067828,32.280286267443259,32.523793827095112,32.785086799381432,33.064650063639796,33.363000633621787
1190,30.497991859538722,30.504594424932726,30.524420869827583,30.557527432444861,30.604007785466099,30.663992842684983,30.737650285771533,30.825183638638411,30.92683071948419,31.042861352651226,31.173574336383119,31.319293838191133,31.480365603635292,31.657153564075539,31.850037536189873,32.059412638136116,32.285690753316082,32.529303873387839,32.790708560856928,33.070390276534454,33.368866118710137
1191,30.502451748624047,30.509058535090638,30.528897641566768,30.562025295327,30.608535131194937,30.668557970801569,30.742261315803308,30.829848388795099,30.931556561221331,31.047655062010456,31.17844197470242,31.32424070239086,31.485396284410665,31.662272134230271,31.855247859957622,32.064718751074409,32.291097223844119,32.534816037990417,32.796332539289999,33.07613272406445,33.374733746986074
1192,30.506914488683602,30.513525495841321,30.533377261531584,30.566525998512667,30.613065298175023,30.673125883103374,30.746875067941957,30.834515768618562,30.936284908350466,31.052451125336937,31.183311800828495,31.329189593503681,31.490428861308388,31.66739252386305,31.860459996365314,32.070026739568718,32.29650568279601,32.540330316142246,32.801958721560872,33.081877387490444,33.38060349860136
1193,30.511380079434542,30.517995306626933,30.537859728359294,30.571029539373114,30.617598282190162,30.677696573703017,30.751491534896385,30.839185770128097,30.941015753382981,31.057249537163301,31.188183812882745,31.33414051436122,31.495463341997084,31.672514744207682,31.86567395752698,32.07533661305014,32.301916133509721,32.545846703041086,32.807587094942441,33.08762424878396,33.386475354499893
1194,30.515848520410579,30.522467966710597,30.542345040523088,30.575535915145412,30.622134078940334,30.68227003670372,30.756110709462295,30.843858385535121,30.945749089111466,31.062050292340299,31.193058009253157,31.339093467902355,31.500499734002588,31.677638806078924,31.870889754936435,32.080648380304602,32.30732857887913,32.551365193827408,32.81321764709287,33.093373290631177,33.392349296426033
1195,30.520319810961514,30.526943475176569,30.546833196334013,30.580045122937182,30.626672684049776,30.686846266210328,30.760732584533901,30.848533607251088,30.950484908607507,31.066853386019034,31.197934388560558,31.344048457132182,31.505538044677856,31.68276471987404,31.876107399510893,32.085962049548122,32.31274302142949,32.55688578362161,32.818850366031718,33.099124496355941,33.398225306830987
1196,30.524793950259621,30.531421830936775,30.551324193947721,30.584557159733155,30.631214093072256,30.691425256331463,30.765357153101224,30.853211427879174,30.955223205209371,31.071658813638884,31.202812949652142,31.349005485125183,31.510578281215455,31.687892495589359,31.881326901604321,32.09127762843157,32.318159463313357,32.562408467515596,32.82448524013261,33.104877849916065,33.404103368870942
1197,30.529270937300751,30.535903032732396,30.555818031367615,30.589072022400565,30.635758301498822,30.69600700118886,30.769984408258587,30.857891840218095,30.959963972516604,31.076466570909776,31.207693691573326,31.35396455499512,31.515620450629406,31.693022142827736,31.886548271045029,32.096595124098044,32.32357790636415,32.567933240596496,32.830122258102932,33.110633335845954,33.409983466338481
1198,30.533750770909993,30.540387079139698,30.560314706450939,30.593589707695198,30.640305304762911,30.700591494920054,30.774614343203325,30.862574837255984,30.964707204379803,31.081276653800629,31.212576613558927,31.35892566989288,31.520664559761542,31.698153670811955,31.89177151715171,32.101914543195996,32.328998352102296,32.573460097944533,32.835761408974889,33.116390939244006,33.415865583649406
1199,30.538233449744457,30.544873968573199,30.564814216912989,30.598110212267041,30.644855098247195,30.705178731685255,30.779246951240697,30.86726041217042,30.969452894893152,31.086089058523743,31.217461715012124,31.363888832987048,31.525710615273074,31.703287088394809,31.89699664876288,32.107235891919551,32.334420801770378,32.578989034646632,32.84140268208958,33.122150645732404,33.421749705795349
1200,30.542718972298033,30.549363699290655,30.569316560332588,30.602633532666111,30.649407677289059,30.709768705671273,30.783882225784463,30.871948558324341,30.974201038385324,31.090903781522179,31.222348995491927,31.368854047456225,31.530758623646044,31.708422404071218,31.902223674257066,32.112559176030231,32.339845256348426,32.584520045799302,32.847046067085913,33.127912441435953,33.427635818320013
1201,30.547207336909175,30.553856269401024,30.573821734160692,30.607159665351698,30.653963037190085,30.714361411099858,30.788520160362413,30.876639269266828,30.978951629414475,31.095720819459466,31.227238454700913,31.373821316480086,31.53580859118367,31.713559625991603,31.907452601578122,32.117884400887391,32.345271716579113,32.590053126517866,32.852691551435932,33.13367507558393,33.433449322393244
1202,30.551698541751655,30.558351676855384,30.578329735711392,30.611688606683202,30.658521173205745,30.718956842215466,30.793160748601096,30.881332538714364,30.983704662746682,31.100540169197728,31.232130092466125,31.378790643226477,31.540860524005144,31.718698761963346,31.912683438239682,32.123211571450895,32.350700182957276,32.595588269090896,32.858338775851649,33.139427999607712,33.439204041958874
1203,30.556192584860057,30.562849919472651,30.582840562188412,30.616220352947614,30.663082080573592,30.723554993312664,30.797803984250308,30.886028360569863,30.988460133367443,31.105361827801072,31.237023908737353,31.383762030850757,31.545914428054367,31.723839819475621,31.917916191366967,32.128540692325124,32.356130654614077,32.601125389415671,32.863985891671994,33.1451641927598,33.444921772386614
1204,30.560689464120205,30.567350994930191,30.587354210676001,30.620754900350253,30.667645754503212,30.728155858724275,30.80244986116843,30.890726728904472,30.993218036460366,31.110185792513327,31.241919903567016,31.388735482481302,31.550970309093437,31.728982805700632,31.923150867698887,32.133871767421141,32.361563114555324,32.606664126232694,32.869630437297104,33.150882626654059,33.45061027648503
1205,30.565189177277766,30.571854900772447,30.591870678147686,30.62529224502368,30.672212190184418,30.73275943282793,30.807098373325925,30.895427637956992,30.997978367402411,31.115012060750242,31.246818077102315,31.393711001215724,31.556028172706437,31.734127727505133,31.928387473520591,32.13920479700581,32.366997489658701,32.612203824121181,32.875270469126839,33.156583753620389,33.456274032477509
1206,30.569691721943155,30.576361634416003,30.596389961471537,30.629832383032763,30.676781382791766,30.737365710048767,30.81174951480503,30.900131082129782,31.002741121755914,31.119840630089151,31.251718429575387,31.398688590115107,31.561088024300677,31.739274591439511,31.933626014066043,32.14453976925806,32.37243361999117,32.617743696898074,32.880904657922144,33.162268370886842,33.461916056370441
1207,30.57419709559651,30.5808711931546,30.600912057415282,30.634375310379724,30.681353327488676,30.741974684861827,30.816403279799363,30.904837055984661,31.007506295260928,31.124671498259165,31.256620961294075,31.403668252198781,31.566149869103711,31.744423403618367,31.938866491696874,32.149876649510333,32.377871262310968,32.62328296235642,32.88653213329227,33.167937321616819,33.467538557982536
1208,30.578705295592734,30.585383574164172,30.605436962651357,30.638921023008962,30.685928019431437,30.746586351794203,30.821059662613209,30.909545554238615,31.012273883827664,31.129504663131687,31.261525672633308,31.408649990438668,31.57121371213756,31.749574169323616,31.944108902869015,32.155215373143399,32.383310113996671,32.628820908566425,32.892152338872698,33.173591407718099,33.473143245851432
1209,30.583216319166514,30.589898774508015,30.609964673762079,30.643469516811763,30.690505453772992,30.751200705426943,30.825718657660524,30.914256571759587,31.017043883529155,31.13434012271151,31.266432564026779,31.413633807749161,31.576279558130409,31.754726892219672,31.9493532348279,32.160555844305399,32.388749839884539,32.634356916395362,32.897764930157273,33.179231366036035,33.47873149204154
1210,30.587730163437417,30.594416791141747,30.614495187244493,30.648020787630941,30.695085625666415,30.755817740396679,30.830380259463961,30.918970103562138,31.021816290594078,31.139177875128201,31.271341635958191,31.418619706963042,31.581347411319765,31.759881573250194,31.954599463033919,32.165897939146511,32.394190094191693,32.639890460347125,32.903369706331205,33.184857866224085,33.484304429223577
1211,30.592246825414936,30.598937620918406,30.619028499515363,30.652574831265191,30.699668530268315,30.760437451397102,30.835044462653531,30.923686144803181,31.026591101399813,31.144017918627668,31.276252888949593,31.423607690779296,31.5864172751265,31.76503820942694,31.959847549816356,32.17124151139484,32.399630535814481,32.645421100537718,32.908966565143416,33.190471515211975,33.489863012793457
1212,30.596766302003555,30.603461260593466,30.623564606915952,30.657131643473399,30.704254162741965,30.765059833180143,30.839711261965256,30.92840469077758,31.031368312465624,31.14886025156332,31.28116632354304,31.428597761669888,31.591489151721479,31.770196792734144,31.965097444223154,32.176586398520485,32.405070838116522,32.650948471897841,32.914555472344297,33.196072863768862,33.4954080626771
1213,30.601288590007744,30.607987706829778,30.628103505716787,30.661691219978806,30.708842518260219,30.769684880557058,30.844380652239636,30.933125736913951,31.036147920445867,31.153704872385909,31.286081940270439,31.433589921738836,31.596563041529684,31.775357309301199,31.970349082834801,32.181932427559339,32.410510694432901,32.656472273114908,32.920136441254279,33.201662413157862,33.50094029216752
1214,30.605813686137001,30.612516956202505,30.6326451921223,30.666253556472945,30.713433592008304,30.77431258839923,30.849052628420001,30.937849278770237,31.040929922122952,31.158551779630145,31.290999739606885,31.438584172536906,31.601638942734933,31.780519738916169,31.975602391182001,32.187279420055006,32.415949820754975,32.661992256726258,32.925709518463769,33.207240621142908,33.506460329070862
1215,30.61034158701068,30.617049005203999,30.637189662275318,30.670818648619505,30.718027379186349,30.778942951638864,30.853727185550742,30.942575312029405,31.04571431439966,31.163400971896646,31.295919721905545,31.443580514845497,31.606716850834349,31.785684054857747,31.980857285459294,32.192627196077289,32.421387956654378,32.667508220405892,32.931274773703471,33.212807907359441,33.511968731495784
1216,30.614872289162996,30.621583850248506,30.64173691226156,30.675386492058067,30.722623875011884,30.783575965269481,30.858404318775527,30.947303832494736,31.05050109428996,31.168252447826905,31.300841887312895,31.44857894844333,31.611796758278423,31.790850224020875,31.98611367435641,32.197975577305876,32.426824864926353,32.673019999612812,32.936832292876055,33.218364657906569,33.517465999635576
1217,30.619405789047775,30.626121487676929,30.646286938113878,30.679957082407498,30.72722307472192,30.78821162434631,30.863084023335251,30.952034836084998,31.055290258907888,31.173106206070422,31.305766235667477,31.453579471874693,31.616878654215565,31.79601820726074,31.991371460831463,32.20332438931198,32.432260330596506,32.678527461460995,32.942382172955966,33.223911229288866,33.52295258503564
1218,30.623942083043143,30.630661913761433,30.65083973581654,30.684530415269521,30.731824973575179,30.79284992398647,30.867766294565815,30.956768318828608,31.060081805453265,31.177962245242732,31.310692766386566,31.458582082236088,31.621962524349179,31.801187959888995,31.996630543727633,32.208673463178215,32.437694159591224,32.684030499614529,32.947924518283251,33.229447951792508,33.528428897914345
1219,30.628481167456265,30.635205124709909,30.655395301309259,30.689106486231804,30.736429566853889,30.797490859369042,30.872451127895825,30.961504276857184,31.064875731194167,31.182820563876096,31.315621478347296,31.463586774988364,31.627048350884696,31.806359432254339,32.001890819232898,32.214022636656409,32.443126177224492,32.689529029958436,32.953459437808888,33.23497513242436,33.533895313124319
1220,30.633023038527867,30.639751116670507,30.659953630491145,30.693685290871226,30.741036849865626,30.802134425734902,30.87713851884358,30.966242706397416,31.06967203344519,31.187681160362157,31.320552369765743,31.468593543805227,31.632136112575161,31.811532570387353,32.007152182132408,32.219371754849838,32.448556226596445,32.695022987101083,32.958987043189587,33.240493057386551,33.539352174829176
1221,30.637567692436654,30.644299885735819,30.664514719224591,30.698266824756629,30.745646817944838,30.806780618386394,30.881828463013893,30.970983603761514,31.074470709541469,31.192544032888843,31.325485438081085,31.473602380462328,31.637225784841259,31.816707316652842,32.012414526856595,32.224720670591033,32.45398416705364,32.700512321463265,32.96450744735224,33.246001994214609,33.544799800389477
1222,30.642115125303796,30.648851427947179,30.669078563338964,30.702851083451833,30.750259466454288,30.811429432686726,30.886520956093868,30.9757269653355,31.07927175680878,31.197409179374354,31.330420679849443,31.478613274765003,31.642317339942466,31.821883610379636,32.01767774835568,32.23006924462134,32.459409872733254,32.705996996803705,32.970020763392284,33.251502193654133,33.550238483656834
1223,30.646665333197024,30.653405739298734,30.673645158634152,30.707438062518115,30.754874790786332,30.816080864058975,30.89121599384816,30.980472787565542,31.084075172530035,31.202276597399667,31.335358090649898,31.483626214512789,31.647410747189383,31.827061388461384,32.022941742816407,32.235417345596026,32.464833231185658,32.711476988152434,32.975527103779847,33.256993891292574,33.555668497715359
1224,30.651218312134908,30.657962815741399,30.678214500884124,30.712027757516935,30.759492786363911,30.820734907984836,30.895913572113002,30.985221066942159,31.088880953909133,31.207146284141594,31.340297665004154,31.488641185496771,31.652505973184489,31.832240585918811,32.028206408240436,32.240764849960001,32.470254142094291,32.716952280079376,32.981026579784604,33.262477308985368,33.561090097195745
1225,30.655774058090874,30.66252265318678,30.682786585840116,30.71662016401207,30.764113448641428,30.825391560002711,30.900613686789256,30.989971799982122,31.093689098031991,31.212018236308271,31.345239396313183,31.493658171530633,31.657602982083841,31.837421136410192,32.033471644882198,32.246111641721434,32.475672516116269,32.722422865272009,32.986519301078957,33.267952656086642,33.566503520206538
1226,30.66033256699702,30.667085247510826,30.687361409233919,30.721215277571979,30.76873677310515,30.830050815705391,30.905316333834136,30.994724983208346,31.098499601826493,31.21689245007904,31.350183276810473,31.498677154507,31.662701735864211,31.842602972687118,32.038737355584111,32.251457612176985,32.481088273833123,32.727888743324748,32.992005375444172,33.27342013053854,33.571908990009661
1227,30.664893834748074,30.671650594557555,30.691938966780924,30.725813093771688,30.773362755273595,30.834712670736955,30.910021509251681,30.999480613128103,31.103312462022032,31.221768921049822,31.35512929753094,31.503698114472627,31.667802194587175,31.847786026999785,32.044003446031837,32.256802659610564,32.486501344795279,32.733349919694511,32.997484908553233,33.278879919846624,33.577306716490945
1228,30.669457857204915,30.67621869014242,30.696519254182938,30.730413608194656,30.777991390697238,30.839377120789038,30.914729209082051,31.004238686209746,31.108127675109763,31.226647644185686,31.360077448295666,31.508721029720419,31.672904316656911,31.852970231450968,32.049269824934285,32.262146688966169,32.491911666660599,32.738806404825766,33.002958003832987,33.28433220193736,33.582696897420043
1229,30.674024630198211,30.680789530055748,30.701102267131006,30.735016816434307,30.782622674958095,30.844044161596447,30.919439429389726,31.00899919885865,31.112945237303556,31.231528613778575,31.365027717707427,31.513745876891022,31.678008059070944,31.858155518313875,32.054536404153531,32.267489611509021,32.497319184400688,32.744258213383581,33.008424762371078,33.289777145939041,33.588079719578189
1230,30.678594149531836,30.685363110065971,30.705688001307983,30.739622714095415,30.787256603668741,30.848713788931846,30.924152166250376,31.013762147392111,31.117765144503068,31.236411823413452,31.369980093161704,31.518772631086748,31.683113377657936,31.863341820297698,32.059803098769834,32.272831344478902,32.502723849603704,32.749705363629907,33.013885282877268,33.295214912857631,33.593455359710219
1231,30.683166410986104,30.689939425922592,30.710276452390872,30.744231296795061,30.791893172470854,30.853385998599745,30.928867415736946,31.018527528014001,31.122587392259106,31.241297265942215,31.374934560868972,31.523801265990947,31.688220227299858,31.868529070772151,32.065069827106242,32.278171810751097,32.50812561984921,32.755147876888721,33.019339661670926,33.30064565618359,33.598823985367062
1232,30.687741410320939,30.694518473359238,30.714867616053048,30.748842560163478,30.796532377033248,30.858060786429583,30.933585173904582,31.023295336789541,31.127411975742074,31.246184933464463,31.379891105885999,31.528831753989138,31.69332856213757,31.873717203957938,32.070336510725809,32.283510938508897,32.513524458141895,32.760585777079754,33.024787992686214,33.306069522441859,33.604185755660652
1233,30.692319143278841,30.699100248096258,30.719461487966253,30.753456499844397,30.801174213049393,30.862738148268186,30.938305436775323,31.028065569620566,31.13223888971353,31.25107481731543,31.384849712154416,31.533864066289933,31.698438335760326,31.878906155087702,32.075603074406075,32.288848660928366,32.518920332398913,32.766019090312774,33.03023036749272,33.31148665169215,33.60954082194155
1234,30.69689960558771,30.703684745843454,30.724058063802303,30.758073111495143,30.805818676234441,30.867418079971554,30.943028200322079,31.032838222221702,31.137068128501525,31.255966908060028,31.389810362545692,31.538898173044693,31.703549501379175,31.884095860539063,32.080869446093367,32.294184915874929,32.524313214987266,32.771447844539011,33.035666875329866,33.316897177979889,33.61488932840188
1235,30.701482792963525,30.708271962302309,30.728657339234573,30.76269239078627,30.810465762321517,30.872100577395795,30.947753460452418,31.037613290097642,31.141899685979542,31.260861195493835,31.394773038911854,31.543934043464656,31.708662011982984,31.88928625793972,32.08613555683781,32.299519645615256,32.529703082313866,32.776872069258921,33.041097603153666,33.322301229739018,33.620231412604333
1236,30.706068701112816,30.712861893168331,30.733259309939331,30.767314333401028,30.815115467057907,30.876785636388021,30.952481212992417,31.042390768521226,31.146733555547545,31.265757668646479,31.399737722137672,31.548971645935641,31.713775820486926,31.894477286262607,32.091401340724488,32.304852796537368,32.535089914434259,32.7822917952466,33.046522635684752,33.327698930178101,33.625567205988801
1237,30.71065732573495,30.717454534132969,30.737863971596692,30.771938935034253,30.819767786200433,30.881473252776331,30.957211453670318,31.047170652513316,31.151569730117995,31.270656315793023,31.404704392198937,31.55401094812823,31.71889087985917,31.899668885888545,32.096666734784691,32.310184318890961,32.540473694722664,32.787707054337631,33.05194205546848,33.33309039760988,33.630896834294226
1238,30.715248662524168,30.722049880885329,30.74247131989112,30.776566191390746,30.824422715510096,30.886163422359317,30.961944178100499,31.051952936824776,31.156408202106313,31.275557124470652,31.409673028222805,31.55905191710108,31.724007143229986,31.90486099864885,32.1019316789016,32.315514166548269,32.545854409580947,32.793117879249202,33.057355942935885,33.338475745747012,33.636220417934162
1239,30.71984270717148,30.72664792911365,30.747081350511873,30.781196098183454,30.829080250746706,30.890856140895707,30.96667938176806,31.056737615919737,31.16124896342318,31.28046008149656,31.414643608546736,31.564094519399546,31.729124563995271,31.910053567865674,32.107196115719795,32.320842296772881,32.551232048155448,32.798524303403234,33.062764376462255,33.34385508399199,33.641538072365599
1240,30.724439455366142,30.731248674506542,30.751694059152964,30.785828651131101,30.833740387662896,30.895551404093599,30.971417060013966,31.061524683961068,31.166092005470656,31.285365172989973,31.419616110778463,31.569138721147894,31.734243095904805,31.915246538374937,32.112459990548672,32.326168670005529,32.556606602089808,32.803926360782569,33.068167432428993,33.349228517693419,33.64684990841004
1241,30.729038902797193,30.735852112754039,30.756309441512965,30.790463845955696,30.838403121997953,30.900249207599774,30.97615720802051,31.066314134796702,31.170937319139753,31.290272384395507,31.424590511855872,31.574184488138815,31.739362693145612,31.92043985654459,32.117723251265538,32.331493249656219,32.561978065288464,32.809324085795254,33.073565185285069,33.354596148393597,33.652156032562758
1242,30.7336410451544,30.740458239548076,30.760927493294144,30.795101678379211,30.84306844947092,30.904949546988927,30.980899820798339,31.071105961950014,31.175784894814189,31.295181700511694,31.429566788105557,31.579231785910252,31.744483310402877,31.925633470272352,32.122985848217347,32.336816001924248,32.567346433727593,32.814717513177023,33.078957707608524,33.359958074033301,33.657456547243513
1243,30.738245878129067,30.745067050583007,30.765548210201608,30.799742144120255,30.84773636577394,30.909652417753051,30.985644893173561,31.075900158609855,31.180634722372933,31.300093105518041,31.434544915300638,31.584280579823698,31.749604902924617,31.930827328987483,32.128247734123413,32.342136895614424,32.572711705258904,32.82010667788748,33.084345070167558,33.365314389162833,33.662751551056054
1244,30.742853397414521,30.749678541555529,30.770171587941849,30.804385238890315,30.852406866565115,30.914357815291158,30.99039241977642,31.08069671762383,31.185486791197395,31.305006583005376,31.439524868716649,31.589330835132163,31.75472742656979,31.936021383638849,32.133508863979827,32.347455901975437,32.578073879446755,32.825491615031098,33.089727341979511,33.370665185123379,33.668041139008146
1245,30.74746359870668,30.754292708164876,30.774797622221563,30.809030958390071,30.857079947461557,30.919065734898819,30.99514239502934,31.085495631490357,31.190341090176783,31.309922116004831,31.444506623188005,31.594382517051997,31.759850837862814,31.94121558668855,32.138769194963324,32.352772994529595,32.583432957392468,32.830872359768698,33.09510459037088,33.376010550239727,33.673325402746549
1246,30.752076477703362,30.758909546111553,30.779426308744906,30.813679298304262,30.861755604031497,30.923776171758632,30.999894813139175,31.0902968923589,31.195197607723617,31.314839687022928,31.44949015315769,31.599435590809453,31.764975094010172,31.94640989207619,32.144028686340988,32.3580881489547,32.588788941635933,32.836248947285156,33.100476881031767,33.381350569943578,33.678604430699913
1247,30.75669203010408,30.763529051096764,30.784057643211483,30.818330254297518,30.866433831787361,30.928489120930951,31.004649668087961,31.095100492025956,31.200056331782797,31.319759278070912,31.45447543272779,31.604490021700197,31.770100152941236,31.951604255205819,32.149287299382181,32.363401342936029,32.594141836006195,32.841621412716762,33.105844278070826,33.386685326942043,33.683878308283269
1248,30.761310251609686,30.768151218821533,30.788691621314079,30.822983822009714,30.871114626178301,30.933204577344284,31.009406953624072,31.099906421932769,31.20491724984354,31.324680870697087,31.45946243571046,31.609545775143598,31.775225973337776,31.956798632921245,32.154544997267784,32.368712556031518,32.599491645496805,32.846989791099091,33.11120684407085,33.392014901364199,33.68914711807215
1249,30.765931137920653,30.772776044984496,30.793328238735132,30.827639997050461,30.875797982582899,30.937922535787742,31.014166663257942,31.104714673169415,31.209780348956855,31.329604446018912,31.464451135668529,31.61460281671684,31.780352514641766,31.961992983471792,32.159801745013134,32.374021769572941,32.604838376183494,32.85235411734002,33.116564640136133,33.397339370868224,33.694410939926918
1250,30.770554684735952,30.77740352528037,30.797967491143808,30.832298774994264,30.880483896302156,30.942642990902925,31.01892879025571,31.10952523647525,31.214645615748935,31.334529984753605,31.469441505960518,31.619661112200685,31.78547973707764,31.967187266486338,32.16505750938498,32.37932896654582,32.610182035114732,32.857714426175797,33.121917725943717,33.402658810773019,33.699669851148712
1251,30.775180887751699,30.782033655398113,30.80260937419288,30.836960151375362,30.885172362552346,30.947365937176002,31.023693327633694,31.114338102240968,31.219513036436506,31.339457467249574,31.474433519783748,31.624720627619652,31.790607601667482,31.972381442943181,32.17031225882117,32.384634131479665,32.61552263021558,32.863070752135108,33.127266159792818,33.407973294177971,33.704923926619969
1252,30.7798097426586,30.786666431017959,30.807253883514587,30.841624121682042,30.889863376458376,30.952091368931878,31.028460268156678,31.11915326051535,31.224382596845391,31.344386873516367,31.479427150208835,31.629781329267278,31.795736070230717,31.977575475133278,32.175565963360881,32.389937250365676,32.620860170224589,32.868423129523649,33.132609998647943,33.4132828920512,33.710173238904993
1253,30.78444124514013,30.791301847809137,30.81190101471714,30.846290681351569,30.894556933047088,30.956819280327334,31.033229604333979,31.123970701008698,31.229254282426137,31.349318183254507,31.484422370218955,31.634843183741491,31.800865105395651,31.982769326630283,32.180818594569416,32.39523831055557,32.62619466460589,32.873771592392373,33.137949298185511,33.418587673340774,33.715417858380299
1254,30.789075390870082,30.795939901427047,30.816550763380736,30.85095982576464,30.899253027240665,30.96154966534499,31.038001328417231,31.128790413098869,31.23412807827194,31.354251375885337,31.48941915274527,31.63990615797189,31.805994670601592,31.987962962255217,32.186070125467452,32.400537300675595,32.631526123481116,32.879116174518671,33.143284112837584,33.423887705067521,33.720657853341066
1255,30.793712175508709,30.800580587509089,30.821203125052723,30.855631550239817,30.903951653851404,30.966282517790575,31.042775432403001,31.133612385841918,31.239003969138036,31.359186430576099,31.494417470690014,31.64497021923032,31.81112473008751,31.99315634804028,32.191320530476737,32.405834210570511,32.636854557591654,32.884456909402587,33.14861449582628,33.429183052387543,33.725893290071006
1256,30.798351594701376,30.805223901672864,30.825858095244364,30.860305850028382,30.908652807574516,30.971017831284886,31.047551908027145,31.138436607974057,31.243881939457076,31.36412332627167,31.499417296970158,31.650035335171729,31.816255248907456,31.998349451198155,32.196569785338788,32.411129031192765,32.642179978202108,32.889793830231469,33.153940499213796,33.434473778712288,33.731124232982957
1257,30.802993644073304,30.80986983951064,30.830515669425086,30.864982720308866,30.913356482984526,30.975755599264364,31.05233074677199,31.143263067926604,31.248761973359713,31.369062041714738,31.504418604528539,31.655101473828513,31.821386192906143,32.003542240084734,32.201817867076684,32.416421754575907,32.647502397092836,32.89512696989177,33.1592621739278,33.439759945740391,33.736350744650963
1258,30.807638319227596,30.814518396587125,30.835175843019051,30.869662156181928,30.918062674528564,30.980495814974297,31.057111939862565,31.148091753829689,31.253644054690565,31.374002555475769,31.509421366372774,31.660168603644767,31.826517528728715,32.008734684167443,32.207064753919845,32.421712373736142,32.652821826476718,32.900456360940865,33.164579569807863,33.445041613564626,33.741572885935014
1259,30.812285615740631,30.81916956843466,30.839838611400008,30.874344152665238,30.922771376522519,30.985238471468257,31.061895478271655,31.152922653524481,31.258528167026856,31.37894484597399,31.514425555591369,31.665236693479272,31.831649223805073,32.01392675399125,32.212310425259339,32.427000882630274,32.658138278974057,32.905782035608574,33.169892735634683,33.450318840720492,33.746790716034027
1260,30.816935529158801,30.823823350549517,30.844503969886929,30.879028704688473,30.92748258314607,30.989983561604717,31.066681352720586,31.157755754571269,31.263414293695604,31.383888891502298,31.519431145380373,31.67030571262303,31.83678124634589,32.01911842114567,32.217554861589292,32.432287276088005,32.66345176756117,32.911104025785377,33.175201719167156,33.45559168426108,33.752004292571165
1261,30.821588054996074,30.828479738389593,30.849171913741593,30.883715807091246,30.932196288442196,30.994731078049981,31.071469553687422,31.162591044263582,31.268302417792434,31.388834670246933,31.524438109057336,31.675375630800712,31.841913565327161,32.024309658233058,32.222798044465804,32.437571549773274,32.668762305546409,32.91642236302232,33.180506571594577,33.460862434082571,33.757348348674434
1262,30.826243188720841,30.833138727360883,30.853842438154583,30.88840545460868,30.936912486303033,30.999481013266067,31.076260071399428,31.167428509628298,31.273192522191266,31.393782160305356,31.529446420081648,31.680446418183301,31.847046150484129,32.029500438837431,32.228039956454971,32.442853700127657,32.674069906544929,32.92173708364772,33.185807969827977,33.466150168439341,33.762797952992017
1263,30.830900925766223,30.837800312827746,30.858515538255126,30.893097641881297,30.941631170480758,31.004233359524129,31.081052895850927,31.172268137448995,31.278084589572249,31.398731339715201,31.534456052077864,31.685518045397583,31.852178972300152,32.034690737491026,32.233280581082184,32.448133724327519,32.67937458652937,32.927048361660361,33.191109279565303,33.471467595003816,33.76831377981059
1264,30.835561261515856,30.842464490098564,30.863191209096936,30.897792363441248,30.946352334575387,31.008988108895483,31.085848016799396,31.177109914268421,31.282978602430436,31.403682186466213,31.539466978845411,31.690590483527011,31.857312001993197,32.039880529645536,32.238519902800874,32.453411620866767,32.684676390479147,32.932356871220982,33.196414972825629,33.476816600584485,33.773881841156943
1265,30.840224191301996,30.8471312544238,30.867869445656137,30.90248961371071,30.951075972034555,31.013745253254264,31.090645423772624,31.181953826401259,31.287874543093391,31.408634678519675,31.544479174374153,31.695663704116154,31.862445211503694,32.04506979164448,32.243757907108652,32.458687394892763,32.689975464617731,32.937663817207316,33.201728586071553,33.482196397823451,33.779494079233302
1266,30.84488971040108,30.851800600991623,30.87255024282689,30.907189386998098,30.955802076151215,31.018504784278132,31.095445106074003,31.186799859944763,31.292772393736531,31.413588793825198,31.549492612857151,31.700737679173148,31.867578573482277,32.050258500732546,32.24899458161606,32.463961073434326,32.695272111775814,32.942970640486344,33.207052545840639,33.487605575801247,33.785145076655709
1267,30.849557814029325,30.856472524923401,30.877233595417248,30.911891677494424,30.960530640061748,31.023266693449497,31.100247052788163,31.19164800078952,31.297672136397978,31.41854451033667,31.554507268702476,31.705812381171484,31.872712061285643,32.055446635261134,32.254229919329433,32.469232724825282,32.700566785076113,32.948278774498753,33.212388449675124,33.49304264022544,33.790830871192981
1268,30.854228497338347,30.861147021269385,30.881919498144928,30.916596479270048,30.965261656744435,31.028030972056953,31.105051252786758,31.196498234630045,31.30257375299297,31.423501806027144,31.559523116543716,31.71088778305246,31.877845649013413,32.060634175395556,32.259463924116154,32.474502471525931,32.705860044788203,32.953589525404091,33.217737327702459,33.498506171051453,33.796548404903803
1269,30.858901755410724,30.865824085004459,30.886607945633394,30.921303786271508,30.969995119018144,31.032797611197175,31.109857694734551,31.201350546975373,31.307477225327712,31.42846065890302,31.564540131249945,31.715963858235963,31.882979311658733,32.065821104522584,32.26469661666291,32.479770492440259,32.711152509808528,32.958904031551896,33.223099827118673,33.503994865092046,33.802295227191692
1270,30.863577583255729,30.870503711023758,30.891298932407942,30.926013592318697,30.974731019541455,31.037566601777062,31.114666367095566,31.206204923159493,31.312382535112835,31.433421047017337,31.569558287936694,31.721040580656503,31.88811302545469,32.071007411232749,32.269928039117687,32.485037017064414,32.716444818099141,32.964223261938791,33.228476335230518,33.509507540106654,33.808069319188085
1271,30.86825597580502,30.875185894138696,30.895992452892092,30.930725891102213,30.979469350811975,31.042337934516144,31.119477258139575,31.211061348351738,31.317289663976322,31.438382948482818,31.574577561981943,31.726117924850151,31.893246768453395,32.076193091498055,32.275158257518882,32.490302315430121,32.721737599018205,32.969548030661251,33.233867061115518,33.515043126640393,33.813868981601274
1272,30.872936927908476,30.87987062907278,30.900688501403987,30.93544067618101,30.984210105166003,31.047111599949336,31.124290355948453,31.21591980756688,31.322198593476045,31.443346341485373,31.579597929054398,31.731195866115655,31.898380521300929,32.081378150642898,32.280387362051812,32.495566686940208,32.727031455700121,32.974879016537201,33.239272090545782,33.520600656181152,33.819692759506268
1273,30.877620434330137,30.88455791045774,30.905387072153125,30.940157940980196,30.988953274778517,31.051887588429821,31.129105648422843,31.220780285675261,31.327109305112149,31.448311204300268,31.584619365163046,31.736274380762278,31.903514268123828,32.086562604826213,32.285615465569848,32.500830449876887,32.732326955122417,32.980216782939038,33.244691423043477,33.526179249230985,33.825539390038742
1274,30.882306489744149,30.889247732829784,30.910088159237105,30.944877678789211,30.993698851663307,31.05666589013228,31.13392312328876,31.225642767412626,31.332021780339719,31.453277515313669,31.589641846736253,31.7413534464363,31.908647997414558,32.091746481918975,32.290842701047481,32.506093932454803,32.737624623160244,32.985561795774522,33.250124997824592,33.531778104387548,33.831407764163671
1275,30.886995088731005,30.893940090625865,30.91479175663871,30.949599882760097,30.998446827673412,31.061446495056177,31.13874276810434,31.230507237390125,31.336936000582735,31.458245253052915,31.594665350734719,31.746433042505405,31.913781702829734,32.096929821795342,32.29606921845722,32.511357465559634,32.742924943033529,32.990914439217853,33.255572711855919,33.537396488696643,33.837296898409114
1276,30.891686225773817,30.898634978180255,30.919497858223128,30.954324545906104,31.003197194501894,31.066229393029335,31.143564570266545,31.235373680104363,31.341851947250191,31.463214396229073,31.599689854799994,31.751513150473595,31.918915383830665,32.102112676091885,32.301295181458087,32.516621377208772,32.748228355935815,32.996275028918411,33.261034432526642,33.543033729382515,33.843205913527768
1277,30.896379895254672,30.903332389721164,30.924206457735288,30.959051661100432,31.007949943682696,31.071014573711647,31.148388517018159,31.240242079948239,31.346769601756257,31.468184923794176,31.604715337432197,31.756593754391034,31.924049046133998,32.107295107586793,32.306520764212095,32.521885988411199,32.753535262752038,33.001643823120425,33.266510006957752,33.548689206719402,33.849134017663999
1278,30.901076091451326,30.908032319367578,30.928917548797529,30.963781221075287,31.012705066591728,31.075802026598964,31.153214595454809,31.245112421222633,31.35168894554516,31.473156815013098,31.609741778188784,31.761674841235831,31.929182701976764,32.112477189309885,32.311746148424781,32.527151610166932,32.758846026492272,33.007021031991194,33.271999268724421,33.554362347891193,33.855080493075604
1279,30.905774808533877,30.912734761126291,30.933631124907372,30.968513218421116,31.017462554448336,31.080591741027082,31.158042792532488,31.249984688150025,31.356609960122888,31.478130049551613,31.614769157896671,31.766756401244695,31.934316370186188,32.117659003457305,32.316971520725836,32.532418541501649,32.764160975092516,33.012406825237711,33.277502042602521,33.560052621798938,33.861044685709032
1280,30.910476040561772,30.917439708889063,30.938347179435553,30.973247645586021,31.022222398316714,31.085383706176156,31.162873095075604,31.254858864890121,31.361532627095794,31.483104607576738,31.619797458864817,31.771838428179997,31.939450076095767,32.122840640234962,32.322197070406041,32.537687068180951,32.76948040423563,33.017801338510367,33.283018148182329,33.565759534553578,33.867025996548094
1281,30.91517978148082,30.922147156430011,30.943065705624214,30.977984494875454,31.026984589107784,31.090177911075127,31.167705489785835,31.2597349355589,31.366456928216909,31.48808046986759,31.624826665087738,31.776920919523182,31.944583851326094,32.128022196684199,32.32742298751706,32.54295746199363,32.774804580123913,33.023204678706477,33.288547402495041,33.571482625603132,33.873023874563231
1282,30.91988602512054,30.926857097403168,30.947786696585286,30.982723758452078,31.031749117581047,31.09497434460679,31.172539963252202,31.264612884250301,31.371382845438724,31.493057617931534,31.629856762434166,31.782003876605224,31.949717733475296,32.133203775529218,32.332649461258733,32.548229980415385,32.780133742149381,33.028616928472822,33.294089621995589,33.577221464330641,33.879037810762895
1283,30.92459476519161,30.931569525340198,30.952510145299126,30.987465428335806,31.036515974346951,31.099772995513135,31.177376501962396,31.269492695062301,31.376310360973196,31.498036034124283,31.634887738812729,31.787087304661554,31.954851765719244,32.138385484079265,32.337876678700411,32.553504866645078,32.785468105383089,33.034038149860798,33.299644623934498,33.582975647158783,33.885067333356233
1284,30.929305995283517,30.936284433648407,30.957236044613321,30.992209496404161,31.041285149869314,31.10457385240149,31.182215092316085,31.274374352126628,31.381239457357008,31.503015701768014,31.639919584310405,31.792171212824897,31.95998599636507,32.143567433215679,32.343104823759845,32.558782349841174,32.790807862856219,33.039468387414686,33.305212227393703,33.588744795008246,33.891112003618488
1285,30.934019708862436,30.941001815608814,30.961964387241686,30.996955954392742,31.046056634468247,31.109376903751343,31.18705572063989,31.279257839642288,31.386170117520404,31.507996605264566,31.644952291302427,31.797255614067236,31.965120478380761,32.148749736469114,32.348334076388475,32.564062645489649,32.796153187654724,33.044907670810396,33.310792254066065,33.594528551045379,33.897171412318713
1286,30.938735899269275,30.945721664374545,30.966695165763536,31.001704793896064,31.050830418323422,31.114182137922096,31.191898373204612,31.284143141912498,31.391102324858345,31.512978730201027,31.649985854533483,31.802340525096206,31.970255268911011,32.153932509186276,32.353564611945664,32.569345955886789,32.801504234831675,33.050356017073945,33.3163845288015,33.600326578703267,33.903245176673437
1287,30.943454559717868,30.950443972969325,30.971428372623048,31.006456006368548,31.055606491477835,31.118989543161906,31.196743036244413,31.28903024338457,31.3960360633025,31.517962063446081,31.65502027117132,31.80742596621511,31.975390428791197,32.159115867785189,32.358796600730386,32.574632470694894,32.806861143146079,33.055813432460546,33.321988879986307,33.606138559930784,33.909332937715945
1288,30.948175683293474,30.955168734286215,30.976164000128964,31.011209583125893,31.060384843842076,31.123799107617593,31.201589695978342,31.293919128692647,31.400971317392688,31.522946593234444,31.66005554083063,31.812511961149113,31.980526022070801,32.164299929108417,32.364030207662864,32.57992236754535,32.812224036615682,33.061279914018023,33.32760513978377,33.611964193660043,33.915434358049389
1289,30.952899262951405,30.959895941086646,30.980902040454517,31.015965515346792,31.065165465199396,31.128610819346065,31.206438338634037,31.298809782702342,31.405908072346129,31.5279323092381,31.665091665571509,31.817598536850568,31.98566211555692,32.169484809861927,32.36926559207101,32.585215812652116,32.817593025916942,33.066755450927275,33.333233144291619,33.617803194437073,33.921549119871557
1290,30.95762529151585,30.964625585999421,30.985642485637552,31.02072379407506,31.069948345211277,31.133424666326849,31.211288950473126,31.30370219055628,31.410846314122864,31.5329192026248,31.67012864987678,31.822685723291279,31.990798778382633,32.174670626128218,32.37450290755617,32.59051296142195,32.822968209654633,33.072240025665451,33.338872733638084,33.623655291186388,33.927676923220076
1291,30.962353761678983,30.969357661520306,30.990385327581045,31.025484410222091,31.074733473424004,31.138240636476045,31.21614151781846,31.308596337720129,31.415786029486689,31.53790726610233,31.675166500608672,31.827773553244931,31.995936081603055,32.179857492952195,32.379742301934677,32.595813959059804,32.828349675500078,33.077733614991317,33.344523752016926,33.629520226111197,33.933817484438947
1292,30.967084666000243,30.974092160011509,30.995130558053731,31.030247354569905,31.079520839275872,31.143058717661468,31.220996027082485,31.313492210028357,31.42072720606156,31.542896493952316,31.680205226951475,31.832862062064951,32.00107409781409,32.185045523981373,32.384983917230272,32.601118941163449,32.833737501233358,33.083236190808755,33.350186047685035,33.63539775369,33.939970534798704
1293,30.971817996905784,30.978829073701579,30.999878168691275,31.035012617774623,31.084310432105308,31.14787889771921,31.225852464796969,31.318389793729363,31.425669832381718,31.547886882049475,31.685244840336829,31.837951287459294,32.00621290080413,32.190234831173797,32.390227889725644,32.606428034297444,32.83913175566272,33.088747720884506,33.355859472920727,33.641287639790619,33.946135819299975
1294,30.976553746688307,30.983568394685655,31.004628150997682,31.039780190370649,31.08910224116002,31.152701164471285,31.230710817643516,31.323289075528983,31.430613897935384,31.552878427868734,31.690285354356917,31.84304126926763,32.011352565236713,32.195425524559383,32.395474350049838,32.61174135654062,32.844532499449393,33.09426816946533,33.361543883960408,33.64718966087122,33.952313095607579
1295,30.981291907507096,30.988310114925781,31.009380496347177,31.044550062775301,31.09389625560696,31.157525505744452,31.235571072484426,31.328190042632038,31.435559393201924,31.557871130481736,31.695326784669231,31.848132049244491,32.016493166361734,32.200617712043154,32.400723423290394,32.617059018005996,32.849939785855653,33.099797497818017,33.367239140922244,33.653103603251367,33.958502133087784
1296,30.986032471388334,30.993054226251832,31.014135195986409,31.049322225294212,31.098692464543149,31.162351909389912,31.240433216393658,31.333092682781366,31.440506309682458,31.562864990543989,31.700369148895252,31.853223670849655,32.021634779753853,32.205811499245293,32.405975229123243,32.622381121334278,32.85535366142318,33.105335664701279,33.372945107719268,33.659029262445067,33.964702711936482
1297,30.990775430225671,30.997800720362463,31.018892241037282,31.054096668127269,31.103490857007468,31.167180363303597,31.245297236687367,31.33799698429398,31.445454639924108,31.567860010273051,31.705412466514176,31.85831617904693,32.026777481077033,32.211006989375527,32.411229881959997,32.627707762160732,32.860774166585053,33.110882626773609,33.378661651962751,33.664966442555396,33.970914622396265
1298,30.995520775781287,31.002549588826714,31.023651622500072,31.058873381375363,31.10829142199308,31.172010855447187,31.250163120954003,31.342902936094237,31.450404377537648,31.572856193418946,31.710456758752979,31.863409620111938,32.031921345874416,32.216204283139049,32.416487491107908,32.6330390295551,32.866201336215738,33.116438338942743,33.384388644858973,33.670914955724129,33.97713766405343
1299,31.000268499687106,31.007300823085817,31.028413331257177,31.063652355047573,31.113094148460686,31.176843373869474,31.255030857083582,31.347810527743952,31.455355517209846,31.57785354522845,31.715502048475123,31.868504041449032,32.037066449379083,32.22140347866516,32.421748160936595,32.638375006437528,32.871635200133625,33.122002754674909,33.390125961103323,33.676874621623696,33.983371645193415
1300,31.005018593446408,31.01205441445536,31.0331773580772,31.068433579068994,31.117899025352209,31.181677906727877,31.259900433296185,31.352719749470069,31.460308054711273,31.582852072404727,31.720548360068353,31.87359949141613,32.042212866341956,32.226604671454602,32.427011991049461,32.643715769974762,32.877075783565026,33.127575826270309,33.395873478772408,33.682845266983428,33.989616382204616
1301,31.009771048436079,31.016810354128193,31.03794369361993,31.073217043289727,31.122706041605728,31.186514442310372,31.264771838168556,31.357630592186265,31.465261986893786,31.587851783056404,31.725595719331437,31.878696019168302,32.047360670899124,32.231807954367646,32.432279076464042,32.64906139192999,32.882523107521621,33.133157505066187,33.40163107921326,33.688826725192484,33.995871699088404
1302,31.014525855909103,31.021568633177605,31.042712328441645,31.078002737493932,31.127515186170331,31.191352969056979,31.269645060659542,31.362543047512968,31.470217311687165,31.592852686648225,31.73064415336529,31.883793674506101,32.052509936439684,32.237013417606292,32.437549507782926,32.654411939007858,32.887977189183026,33.138747741650377,33.407398646938255,33.694818835897827,34.002137426959798
1303,31.019283006997536,31.02632924256093,31.047483253000962,31.082790651409713,31.132326448021448,31.196193475580962,31.274520090133841,31.367457107793761,31.475174028090684,31.597854793947533,31.735693690465457,31.88889250773558,32.057660735494288,32.242221148715259,32.442823371366487,32.659767473174284,32.893438042234997,33.144346486038401,33.413176069519373,33.70082144464255,34.008413403602781
1304,31.024042492715953,31.03109217312382,31.05225645766529,31.087580774719459,31.137139816176592,31.201035950689644,31.279396916383877,31.372372766107983,31.4801321361597,31.602858116967727,31.740744360017683,31.893992569539456,32.06281313964044,32.24743123259681,32.448100749503702,32.665128051953026,32.898905677172259,33.149953687824592,33.418963237484554,33.706834402535236,34.014699473068141
1305,31.028804303965376,31.035857415604834,31.057031932717759,31.092373097070642,31.141955279711144,31.205880383404683,31.28427552965012,31.377290016280821,31.485091636989736,31.607862668910805,31.74579619239633,31.899093910856124,32.067967219418321,32.252643751532361,32.453381720579792,32.670493728707314,32.90438010158099,33.15556929631898,33.424760044216136,33.71285756593835,34.02099548529538
1306,31.03356843153766,31.040624960640553,31.061809668364649,31.097167608087069,31.146772827774349,31.210726762981807,31.289155920639633,31.382208852890262,31.490052532696946,31.612868464108164,31.750849218865969,31.904196582768254,32.073123044260072,32.257858785213934,32.4586663592411,32.675864552902567,32.909861320393667,33.161193260664099,33.430566385851343,33.718890796181469,34.027301295767884
1307,31.038334866120589,31.045394798771561,31.066589654743613,31.101964297380761,31.151592449605339,31.215575078929362,31.294038080541746,31.387129271269476,31.495014826393916,31.617875517960037,31.755903471488907,31.909300636405963,32.07828068243716,32.263076410786809,32.463954736552985,32.681240570341387,32.915349336106942,33.166825529927543,33.436382161187559,33.724933959307734,34.033616765211285
1308,31.04310359830323,31.050166920448451,31.071371881932006,31.106763154563772,31.156414134548939,31.220425321026372,31.298922001042946,31.392051267508744,31.499978522165765,31.622883846876462,31.76095898303474,31.914406122851137,32.083440201007384,32.268296702889728,32.469246920154802,32.686621823397751,32.920844149002157,33.17246605319766,33.442207271588927,33.730986925818961,34.039941759288894
1309,31.047874618581705,31.054941316038416,31.076156339955674,31.111564169260447,31.161237872071521,31.225277479340011,31.303807674340181,31.396974838454526,31.504943625043108,31.627893468216719,31.766015786892979,31.919513093050899,32.088601665774171,32.273519733703736,32.474542974411833,32.692008351233127,32.926345757339597,33.178114779660845,33.448041620895268,33.737049570444213,34.046276148328296
1310,31.052647917366322,31.059717975833063,31.080943018798845,31.116367331120284,31.166063651776312,31.2301315442405,31.308695093149201,31.40189998170214,31.50991014097027,31.632904400230171,31.771073916997004,31.924621597751248,32.093765141266722,32.278745573009353,32.479842960552681,32.697400189976833,32.931854157511466,33.183771658654685,33.453885115339624,33.743121771947024,34.052619807096505
1311,31.057423484988174,31.064496890055828,31.085731908413656,31.121172629830259,31.170891463418446,31.23498750641631,31.313584250714293,31.406826695591281,31.51487807677676,31.637916661999117,31.776133407745601,31.929731687422493,32.098930690708734,32.283974288236109,32.485146936809755,32.702797372922163,32.937369344216627,33.189436639735767,33.459737663463358,33.749203412913623,34.058972614550314
1312,31.062201311706339,31.069278048869794,31.090522998729938,31.125980055127499,31.175721296919921,31.239845356888807,31.318475140816631,31.41175497919917,31.519847440146393,31.642930273380522,31.781194293927097,31.934843412191892,32.104098375996706,32.289205944518059,32.490454958556562,32.708199930708247,32.942891310616055,33.195109672734624,33.465599176033614,33.755294379558364,34.065334453608898
1313,31.066981387716439,31.074061442386913,31.095316279666122,31.130789596812189,31.180553142383403,31.244705087023547,31.323367757777149,31.416684832327725,31.524818239583201,31.647945254951594,31.7862566106567,31.939956821796372,32.109268257696684,32.294440604754364,32.495767078428436,32.713607891466538,32.94842004844935,33.200790707788833,33.471469565970125,33.761394561567016,34.071705210973604
1314,31.071763703158915,31.078847060676917,31.100111741139823,31.135601244760192,31.185386990105901,31.249566688541819,31.328262096460392,31.421616255492282,31.52979048437869,31.652961627955722,31.791320393311967,31.945071965531131,32.114440395036119,32.299678329667429,32.501083346445398,32.719021280974516,32.953955548159755,33.206479695381447,33.477348748270821,33.767503851932098,34.078084776937843
1315,31.076548248127033,31.08363489377594,31.1049093730782,31.140414988935596,31.190222830592706,31.254430153533022,31.333158152279477,31.426549249911481,31.534764184579888,31.657979414247492,31.796385677465409,31.950188892193914,32.119614845891761,32.304919177859617,32.506403810138565,32.724440122817093,32.959497799028767,33.212176586385311,33.483236639935214,33.77362214677926,34.084473045185121
1316,31.081335012676945,31.08842493169707,31.109709165429638,31.145230819403334,31.195060654569208,31.259295474461918,31.338055921193412,31.431483817489177,31.539739350953482,31.662998636243685,31.801452498836003,31.95530765005757,32.124791666803326,32.310163205876798,32.511728514652631,32.729864438497053,32.965046789253918,33.217881332075365,33.489133159901598,33.779749345248646,34.090869912655982
1317,31.086123986837329,31.093217164440404,31.114511108174899,31.150048726341311,31.19990045299236,31.264162644176125,31.342955399705694,31.436419960798698,31.544715994952675,31.668019316875704,31.80652089323862,31.960428286836144,32.129970912978258,32.315410468265569,32.517057502850193,32.73529424755737,32.970602506043392,33.223593884152606,33.495038228982885,33.785885349361713,34.097275279395618
1318,31.090915160618064,31.098011582002307,31.119315191337922,31.154868700052937,31.204742217063909,31.269031655916805,31.347856584866772,31.441357683070144,31.549694128683925,31.673041479536494,31.811590896522791,31.965550849638586,32.135152638288389,32.320661017632681,32.522390815430441,32.740729567725502,32.976164935730957,33.229314194777054,33.500951769794455,33.792030063866385,34.103689048375784
1319,31.09570852402209,31.102808174387455,31.124121404997869,31.159690730978227,31.209585938238195,31.273902503319459,31.352759474263898,31.446296988167202,31.55467376487276,31.678065148043238,31.816662544545117,31.970675384964668,32.140336895298034,32.325914904703367,32.52772849100355,32.746170414981492,32.981734063815068,33.235042216563748,33.506873706706614,33.798183396159793,34.110111125410754
1320,31.1005040670541,31.107606931618033,31.128929739299924,31.164514809706315,31.214431608235138,31.278775180424283,31.357664066023393,31.451237880574379,31.55965491683078,31.683090346585054,31.821735873109059,31.975801938659313,32.145523735260568,32.331172178379752,32.53307056620784,32.751616803700955,32.987309875073201,33.240777902615655,33.512803965773358,33.80434525613466,34.116541418980411
1321,31.105301779735566,31.112407843748688,31.133740184469499,31.169340926987633,31.219279219047902,31.283649681675932,31.362570358799747,31.456180365375079,31.564637598426287,31.688117099694558,31.826810917948823,31.980930555919436,32.150713208152773,32.336432885798146,32.538417075776756,32.757068746713443,32.992892353595686,33.246521206523845,33.518742471502158,33.810513943446402,34.122882632421991
1322,31.110101652103406,31.117210900865661,31.138552730812716,31.174169073735658,31.224128762944694,31.288526001922403,31.367478351766582,31.461124448228798,31.569621824044024,31.693145432192068,31.831887714668927,31.986061281248197,32.155905362665791,32.341697072370017,32.543768052622738,32.762526255398797,32.998481482838919,33.25227207866061,33.524688697656444,33.81667564142608,34.129152713588731
1323,31.114903674237194,31.122016093114024,31.143367368743192,31.178999241052246,31.228980232490287,31.293404136429388,31.37238804462028,31.466070135362166,31.574607608565099,31.698175369161316,31.836966298727894,31.991194158461663,32.161100246246669,32.346964781861637,32.549123527945845,32.767989339793743,33.004077244208482,33.258030370317968,33.530640178094039,33.822821132975804,34.135380001689789
1324,31.119707836259526,31.126823410698076,31.148184088782592,31.183831420227431,31.233833620543329,31.298284080872186,31.377299437563362,31.471017433541245,31.579594967328898,31.70320693590627,31.842046705400012,31.996329230667861,32.16629790510509,32.352236056430051,32.554483531283132,32.773458008196407,33.009679597841057,33.263795572015503,33.536593648959538,33.82894901260638,34.141574548406261
1325,31.124514128349592,31.131632843895002,31.153002881573947,31.188665602751534,31.238688920265158,31.303165831338344,31.382212531297689,31.47596635005365,31.584583916105185,31.708240157918947,31.847128969749534,32.001466540260445,32.171498384236862,32.357510936677372,32.559848090473629,32.778932263367686,33.015288430486237,33.26956679144368,33.54254652260687,33.835059805892278,34.147742126747573
1326,31.129322540754195,31.136444383065758,31.157823737892183,31.193501780324222,31.243546125125462,31.308049384327219,31.387127327015104,31.480916892688544,31.589574471065109,31.713275060847177,31.852213126605115,32.006606128911741,32.176701727444524,32.362789461673671,32.565217230927914,32.784412091578105,33.020903515581281,33.275342966249539,33.548497013191707,33.841154489772237,34.153886604907498
1327,31.134133063798654,31.141258018665916,31.162646648654377,31.198339944863086,31.248405228907348,31.312934736748741,31.392043826387514,31.485869069716816,31.594566648752984,31.718311670463979,31.857299210536482,32.011748037567727,32.181907977352573,32.368071668837544,32.570590973300014,32.789897448627194,33.026524517823837,33.281123039732243,33.55444393394577,33.847234102436914,34.160010801926497
1328,31.13894568789765,31.14607374125633,31.16747160492972,31.203180088511871,31.25326622571168,31.317821885921649,31.396962031556388,31.490822889871133,31.599560466059081,31.723350012638711,31.862387255833195,32.016892306443197,32.187117175393489,32.373357593453918,32.575969329578307,32.795388250625287,33.032151024358129,33.286906047295837,33.560386508429914,33.853299629436719,34.166116885323973
1329,31.143760403565988,31.150891541513669,31.172298597949229,31.208022203648049,31.258129109960876,31.322710829570909,31.401881945122042,31.495778362326348,31.604555940193194,31.728390113309786,31.867477296485017,32.022038975012336,32.192329361711664,32.378647267685196,32.58135229882123,32.800884372358517,33.037782579813516,33.292691145716319,33.566324237270507,33.859351973104268,34.172206585093164
1330,31.148577201429138,31.15571141024073,31.177127619115137,31.212866282890058,31.262993876402035,31.327601565824672,31.406803570132414,31.50073549667982,31.609553088659101,31.733431998458851,31.87256936616274,32.027188081981613,32.197544574926177,32.383940719166318,32.58673986384477,32.806385651551679,33.043418714843206,33.298477614269004,33.572256809434926,33.865391949315566,34.178281320720686
1331,31.153396072233697,31.160533338376627,31.181958660009865,31.217712319103974,31.26786052010949,31.33249409321062,31.411726910071664,31.505694302932245,31.614551929229997,31.738475694086222,31.877663498196341,32.032339665227127,32.202762851727009,32.389237969459501,32.592131989490504,32.811891896135783,33.049058966195105,33.304264844333517,33.578184043032522,33.871420293492918,34.184342282101952
1332,31.15821700685758,31.165357317006549,31.186791712404759,31.22256030540975,31.272729036486819,31.337388410651823,31.416651968848498,31.510654791468564,31.619552479924732,31.743521226186687,31.882759725545313,32.037493761678235,32.207984226326595,32.394539032655942,32.597528622493272,32.817402892366744,33.054702889324545,33.310052325131551,33.584105846027043,33.877437669090313,34.190390483430953
1333,31.163039996319959,31.170183337371441,31.191626768268353,31.227410235186884,31.277599421268274,31.342284517462097,31.421578750784288,31.515616973039208,31.62455475898463,31.748568620724388,31.887858080754562,32.042650407140421,32.213208729835451,32.39984391433169,32.602929692558448,32.822918412391225,33.060350065686883,33.315839629533237,33.590022189106122,33.883444676135611,34.196426801359664
1334,31.167865031791042,31.175011390877245,31.196463819774326,31.232262102079737,31.282471670519726,31.347182413341034,31.426507260601102,31.52058085874172,31.629558784850747,31.75361790360461,31.892958595890079,32.047809636061729,32.21843638963464,32.405152610930358,32.608335114229426,32.828438220767957,33.06600010631459,33.321626400958813,33.595933087061937,33.889441859138827,34.202452002379353
1335,31.172692104601456,31.179841469103948,31.201302859309049,31.237115900002255,31.287345780639125,31.35208209836852,31.431437503409601,31.52554646000241,31.634564576140754,31.758669100639924,31.898061302450166,32.052971481256129,32.223667228813248,32.410465109589211,32.613744789190086,32.833962079692711,33.071652652849849,33.327412342112765,33.601838585900893,33.895429713970266,34.208466763016276
1336,31.177521206251377,31.184673563814187,31.20614387947866,31.241971623142323,31.2922217483564,31.356983572998974,31.436369484696876,31.530513788558295,31.639572151624598,31.763722237508233,31.903166231252506,32.058135973608287,32.228901265721213,32.415781388327048,32.619158608655233,32.839489753031522,33.077307377209785,33.333197205425996,33.607738753470748,33.901408693822432,34.214471685443534
1337,31.182352328419388,31.189507666961614,31.210986873115889,31.246829265965587,31.297099570733046,31.361886838055298,31.441303210314093,31.535482856438701,31.644581530198113,31.768777339701462,31.908273412301526,32.063303141780274,32.234138513650123,32.421101416502971,32.624576455706695,32.84502100937631,33.082963980350272,33.338980784949904,33.613633672721505,33.907379214365029,34.220467309620446
1338,31.187185462970923,31.19434377069884,31.215831833286313,31.251688823218881,31.301979245161196,31.366791894722443,31.446238686464106,31.540453675946413,31.649592730853339,31.773834432463211,31.913382874638938,32.068473011939624,32.239378980663389,32.426425155499167,32.629998207450576,32.850555624158986,33.088622190451652,33.344762909736801,33.619523437015765,33.913341658088001,34.226454122615579
1339,31.192020601966369,31.199181867384965,31.22067875329434,31.256550289933173,31.306860769362249,31.371698744540723,31.45117591968873,31.545426259637825,31.654605772644718,31.778893540716549,31.918494646187323,32.073645607523822,32.244622669553038,32.431752559513185,32.635423736932587,32.856093381129241,33.094281760956022,33.350543438274876,33.625408146551713,33.919296378063002,34.232432566280117
1340,31.196857737668871,31.204021949592914,31.225527626688642,31.261413661426111,31.311744141385276,31.376607389398842,31.456114916855718,31.550400620301748,31.659620674650508,31.783954688982615,31.923608753593534,32.078820949054659,32.249869577917799,32.437083576411659,32.640852914777803,32.861634073283611,33.099942468543986,33.356322253895598,33.631287905777761,33.925243701153121,34.238403043406528
1341,31.201696862551721,31.208864010116141,31.23037844726732,31.266278933304168,31.316629359604871,31.381517831526612,31.461055685145094,31.555376770936274,31.664637455929711,31.789017901293505,31.928725222078487,32.083999053997552,32.255119698323256,32.442418148595308,32.646285610612104,32.86717750344004,33.105604111127256,33.362099260867389,33.637162821431211,33.931183930828951,34.244365922885244
1342,31.206537969305316,31.213708041975178,31.235231209082567,31.271146101464335,31.321516422718691,31.386430073487194,31.465998232034831,31.560354724723773,31.66965613547401,31.794083201100232,31.933844075298563,32.089179936676047,32.260373018546787,32.447756213853332,32.651721694224278,32.872723484451939,33.111266505925201,33.367874381223167,33.64303300116805,33.937117349557809,34.250321543859357
1343,31.211381050843865,31.218554038423569,31.240085906444957,31.276015162095455,31.326405329744688,31.391344118169048,31.470942565285512,31.56533449500294,31.67467673215523,31.799150611179346,31.938965335224264,32.094363608237174,32.265629521877692,32.453097706171313,32.657161036505457,32.87827183920146,33.116929487684857,33.373647552111805,33.648898552541446,33.943044220876978,34.256270219215288
1344,31.21622610031152,31.223401992953608,31.244942533927286,31.280886111679067,31.331296080017815,31.396259968777169,31.475888692923832,31.570316095238784,31.679699264669772,31.8042201535415,31.944089022038781,32.0995500766603,32.270889187447743,32.458442556476534,32.662603510211937,32.883822400460957,33.12259290704246,33.37941872353548,33.654759582214254,33.948964791225684,34.262212238588866
1345,31.221073111088295,31.228251899301512,31.249801086368098,31.28575894698999,31.336188673186346,31.401177628823849,31.4808366232248,31.575299538989871,31.684723751480515,31.809291849344135,31.949215154058074,32.104739346804912,32.276151990582228,32.463790693318927,32.668048990566874,32.889375010635916,33.128256629017457,33.385187856455182,33.660616195397679,33.954879291543769,34.26814787090121
1346,31.225922076795456,31.233103751452326,31.254661558874758,31.290633665096429,31.341083109207894,31.406097102118704,31.485786364692721,31.580284839873705,31.689750210757744,31.814365718809256,31.954343747669292,32.109931420487293,32.28141790316041,32.469142043495395,32.673497355740899,32.894929521433689,33.13392053162417,33.390954921162312,33.66646849543406,33.960787938698417,34.274077366567361
1347,31.230772991300611,31.237957543644377,31.259523946826079,31.295510263359652,31.345979388344723,31.411018392757818,31.490737926040531,31.585272011529831,31.694778660319486,31.819441781149155,31.959474817293394,32.115126296590567,32.286686893979351,32.47449653259654,32.678948487190546,32.900485793463382,33.139584504635081,33.396719895952415,33.672316583530737,33.966690936709909,34.280000959335929
1348,31.235625848722314,31.242813270373311,31.264388245874692,31.300388739433274,31.350877511158604,31.415941505112126,31.495691316167715,31.590261067581284,31.699809117572809,31.824520054501036,31.964608375367966,32.120323971195432,32.291958929108368,32.479854085486984,32.684402269902776,32.906043695814432,33.14524844846693,33.402482765990939,33.678160558571278,33.972588477842223,34.285918867897948
1349,31.240480643434292,31.247670926395681,31.269254451948775,31.305269091262019,31.355777478505075,31.420866443814685,31.500646544136799,31.595252021595201,31.704841599457247,31.829600555871274,31.969744432347902,32.12552443772509,32.2972339722279,32.485214626725522,32.689858592568079,32.911603105629283,33.150912273171123,33.408243522330679,33.684000516983943,33.978480743583148,34.291831297310146
1350,31.245337370069326,31.252530506732267,31.274122561253559,31.310151317080141,31.360679291527095,31.425793213747156,31.50560361914874,31.600244887042717,31.709876122391226,31.834683301089655,31.974882996722151,32.130727687100332,32.30251198495079,32.490578080929744,32.695317347692004,32.917163907673945,33.156575897521464,33.41400216106851,33.689836552661845,33.98436790552082,34.297738440245539
1351,31.250196023522623,31.257392006670891,31.278992570272379,31.315035415409245,31.365582951647934,31.430721820025248,31.510562550517115,31.605239677258997,31.714912702221966,31.839768304773241,31.98002407504498,32.135933707901785,32.307792927125334,32.495944373090403,32.700778431651301,32.922725993908671,33.162239248192293,33.419758682628618,33.695668756928605,33.990250126125261,34.303640478087125
1352,31.255056598954948,31.262255421768867,31.283864475767224,31.31992138505564,31.370488460563564,31.435652267983301,31.515523347641587,31.610236405403516,31.719951354178939,31.844855580299104,31.985167671978463,32.141142486536438,32.313076757119916,32.501313428842209,32.706241744709885,32.928289263067754,33.167902259013026,33.425513091140566,33.701497218531934,33.996127559455701,34.309537581903939
1353,31.259919091795236,31.267120747855007,31.288738274778908,31.324809225107153,31.375395820234132,31.440584563157891,31.520486019980549,31.615235084421219,31.724992092832537,31.849945139787888,31.990313790347948,32.146354007405662,32.318363432083309,32.506685174684513,32.711707190991717,32.933853620254467,33.173564870311452,33.431265393921713,33.707322023665284,34.002000351783344,34.315429913295681
1354,31.264783497742748,31.271987981031224,31.293613964626722,31.329698934929365,31.380305032874812,31.445518711270633,31.525450577023381,31.62023572700485,31.730034932057055,31.855036994095304,31.995462431205038,32.151568253071538,32.323652908184847,32.51205953816887,32.717174678431647,32.939418976553092,33.179227028315026,33.437015601021365,33.713143256002574,34.007868642161249,34.32131762515759
1355,31.269649812768844,31.276857117673629,31.298491542907577,31.334590514161206,31.385216100945797,31.450454718210132,31.530417028262448,31.625238345559186,31.735079884999408,31.860131152813238,32.000613593898834,32.156785204419236,32.328945140829774,32.517436448047697,32.722644118702142,32.944985248663187,33.184888684621455,33.442763724836084,33.718960996746468,34.013732562931516,34.327200862352313
1356,31.274518033118422,31.281728154433299,31.303371007494722,31.339483962709998,31.390129027141739,31.455392590013467,31.535385383165359,31.630242952167311,31.740126964052454,31.865227624276681,32.005767276149804,32.162004840812983,32.334240084857633,32.522815834402998,32.728115427132828,32.950552358551448,33.190549795707192,33.44850977975927,33.724775324680259,34.019592240199003,34.333079762334087
1357,31.279388155310748,31.286601088236452,31.308252356535874,31.344379280745923,31.395043814380458,31.460332332847116,31.540355651147628,31.635249558559192,31.745176180833582,31.870326415577836,32.010923474128134,32.167227140246311,32.339537694719944,32.528197628746504,32.733588522613672,32.956120233122206,33.196210322490337,33.454253781886784,33.730586316230145,34.025447794254788,34.338954455697909
1358,31.284260176139981,31.291475916284348,31.313135588450969,31.349276468695933,31.399960465791064,31.465273952987626,31.545327841545664,31.640258176082057,31.750227546166776,31.875427532584592,32.016082182534298,32.172452079487854,32.34483792464431,32.533581764102344,32.739063327490676,32.961688803902533,33.201870229927025,33.459995748753251,33.736394045531299,34.031299339970168,34.344825066686873
1359,31.289134092675202,31.2963526360525,31.318020701929221,31.354175527236922,31.404878984701462,31.470217456801848,31.550301963590616,31.645268815674111,31.755281070070971,31.880530979966267,32.021243394682052,32.17767963421764,32.350140728775557,32.538968175062763,32.744539767451606,32.967258006752168,33.207529486660825,33.465735699116117,33.742198584498063,34.037146987143451,34.350691713632507
1360,31.294009902259941,31.3012312452896,31.322907695925782,31.359076457288499,31.409799374625415,31.47516285072718,31.555278026383039,31.650281487840147,31.760336761751439,31.885636761221928,32.026407102581132,32.182909779157491,32.35544606130572,32.544356797834169,32.750017771411969,32.97282778158668,33.213188064693291,33.471473652755506,33.74800000289364,34.042990840828963,34.356554509371044
1361,31.298887602511279,31.306111742015833,31.327796569657814,31.363979260005113,31.414721639249077,31.480110141251686,31.560256038868456,31.655296202629952,31.765394629595832,31.890744878713647,32.031573297020756,32.188142488193762,32.360753876587182,32.549747570264394,32.755497271395008,32.978398072119631,33.218845939092994,33.477209630308003,33.753798368402435,34.048831001631619,34.362413561611341
1362,31.303767191318162,31.310994124520423,31.332687322599728,31.368883936767332,31.41964578241684,31.485059334894405,31.565236009814811,31.660312969621106,31.770454681176354,31.895855333704443,32.036741967651082,32.193377734486901,32.366064129224569,32.555140431852379,32.760978202413213,32.983968825631628,33.22450308774502,33.482943653130135,33.75959374670019,34.054667565966177,34.368268973255908
1363,31.308648666839645,31.315878391359117,31.337579954478304,31.373790489173057,31.424571808117477,31.490010438186065,31.570217947790717,31.665331797902255,31.775516923251722,31.900968126394599,32.041913103062186,32.198615490579776,32.371376774167864,32.560535323762153,32.766460502353816,32.989539992738905,33.230159491095989,33.488675743156435,33.765386201522226,34.060500626320447,34.374120842727649
1364,31.313532027502244,31.320764541350826,31.342474465267067,31.378698919028079,31.429499720469686,31.494963457650105,31.575201861145292,31.670352696060156,31.780581361774207,31.906083255962123,32.047086690861917,32.203855728495341,32.37669176678736,32.565932188819367,32.771944111862467,32.995111527185131,33.235815131938772,33.494405922789468,33.771175794732216,34.066330271482997,34.379969264248494
1365,31.318417271997127,31.325652573574001,31.347370855180312,31.383609228336315,31.434429523707646,31.499918399784107,31.580187757989073,31.675375672168222,31.785648001898306,31.911200720603723,32.052262717751688,32.209098419829751,32.382009062942544,32.571330971504516,32.777428974229196,33.000683385641331,33.241469995207346,33.500134214796439,33.776962586389125,34.072156586761807,34.385814328106186
1366,31.323304399276623,31.330542487362365,31.35226912466651,31.388521419289564,31.439361222166344,31.504875271041737,31.58517564617658,31.680400733778111,31.790716847992869,31.916320517577521,32.057441169599649,32.214343535836882,32.387328619038819,32.576731617936787,32.782915035276211,33.006255527522455,33.247124067796733,33.505860642224285,33.782746634813023,34.077979654180524,34.391656120891149
1367,31.32819340854979,31.335434282299683,31.35716927440091,31.393435494256615,31.444294820266997,31.509834077815707,31.59016553329171,31.685427887915338,31.795787903657132,31.921442643246802,32.062622031509029,32.219591047501147,32.39265039206947,32.582134075848742,32.788402243251198,33.01182791482541,33.252777338411391,33.511585228333416,33.788527996646827,34.083799552649268,34.397494725700582
1368,31.333084299278681,31.34032795821533,31.362071305278782,31.398351455773028,31.449230322502601,31.514794826420381,31.595157426630973,31.690457141071434,31.800861171732805,31.926567093121637,32.067805287889207,32.224840925619908,32.397974339671791,32.58753829457212,32.793890548718473,33.017400511948317,33.258429797385126,33.517307996510816,33.794306726920304,34.089616358160605,34.403330222375935
1369,31.337977071172432,31.345223515177651,31.366975218406633,31.403269306529303,31.454167733423276,31.519757523076578,31.600151333193033,31.695488499205975,31.805936654326455,31.931693861904442,32.07299092251624,32.230093140857399,32.403300420145278,32.592944224997588,32.799379904460345,33.022973285563289,33.264081436575935,33.523028970235423,33.800082879106789,34.095430143918314,34.40916268765217
1370,31.342871724181784,31.350120953487632,31.371881015093962,31.408189049359677,31.459107057622376,31.52472217389672,31.60514725966771,31.700521967746319,31.811014352827836,31.936822943531357,32.078178918592755,32.235347663805122,32.408628592483268,32.598351819548,32.804870265381297,33.028546204474161,33.269732249233989,33.528748173021327,33.805856505179101,34.101240980489521,34.414992195339117
1371,31.347768258493652,31.355020273672903,31.376788696845104,31.413110687230976,31.464048299722251,31.529688784869521,31.610145212423841,31.705557551586363,31.816094267928133,31.941954331215058,32.083369258810379,32.240604465044676,32.41395881640468,32.603761032149229,32.810361588407936,33.034119239471927,33.275382229869962,33.534465628363627,33.811627655667792,34.107048935956513,34.42081881650163
1372,31.352666674523903,31.359921476479816,31.381698265349556,31.418034223230695,31.468991464360759,31.534657361847657,31.615145197503111,31.710595255092748,31.82117639964374,31.947088017486156,32.088561925399937,32.24586351518861,32.419291052363199,32.609171818191413,32.815853832403867,33.039692363227729,33.28103137416732,33.540181359710331,33.817396379710651,34.112854076027958,34.426642619588385
1373,31.357566972910487,31.364824562865891,31.386609722472723,31.422959660555495,31.473936556178241,31.539627910535369,31.620147220612893,31.715635082109081,31.826260747337578,31.952223994233194,32.093756900183365,32.25112478492666,32.424625261563705,32.614584134494763,32.821346958082614,33.045265550176644,33.286679678883011,33.545895390426608,33.823162725103643,34.118656464160594,34.432463670574208
1374,31.3624691545064,31.369729533992224,31.391523070246638,31.427887002499677,31.47888357980429,31.544600436476099,31.625151287119255,31.720677035960584,31.831347309741069,31.95736225274312,32.098954164625049,32.256388245070312,32.429961405976186,32.619997939274093,32.826840927921076,33.050838776404298,33.292327141751038,33.551607743760783,33.828926738351335,34.12445616167777,34.438282033098474
1375,31.367373220371906,31.374636391215095,31.396438310860013,31.432816252443441,31.483832539845139,31.549574945041631,31.630157402042446,31.725721119461461,31.836436084977645,31.96250278374032,32.104153699877905,32.261653866589164,32.435299448342072,32.625413192100737,32.832335706079299,33.056412019547764,33.297973761402766,33.557318442820183,33.834688464713842,34.130253227872537,34.444097768584015
1376,31.372279171765349,31.37954513607643,31.40135544664771,31.437747413841496,31.488783440872741,31.554551441424476,31.635165570056611,31.73076733492606,31.841527070587155,31.967645577421429,32.109355486819325,32.266921620633674,32.440639352169526,32.630829853863325,32.837831258333047,33.061985258720185,33.303619537311263,33.563027510559181,33.840447948246769,34.136047720086786,34.449910936326908
1377,31.37718701013689,31.384455770296807,31.406274480081809,31.442680490211426,31.493736287410869,31.559529930623967,31.640175795480683,31.735815684171396,31.846620263546956,31.972790623497492,32.114559506107582,32.272191478587175,32.445981081754169,32.636247886733884,32.843327551981012,33.067558474384398,33.309264469681295,33.568734969737875,33.846205231855109,34.141839693843309,34.455721593651461
1378,31.382096737116679,31.389368295763443,31.411195413759625,31.447615485122711,31.498691083927291,31.564510417444861,31.645188082286545,31.740866168536112,31.851715660298712,31.977937911220703,32.119765738197671,32.277463412061408,32.451324602151971,32.641667254125608,32.848824555802238,33.07313164832469,33.314908559443069,33.574440842936006,33.851960357319562,34.147629202876338,34.461529795940372
1379,31.387008354508531,31.394282714523293,31.416118250394842,31.452552402185216,31.503647834820047,31.569492906483624,31.650202434090069,31.745918788883053,31.856813256769321,31.983087429426305,32.124974163397312,32.282737392947993,32.45666987919958,32.647087920658912,32.854322239963913,33.078704763521536,33.320551808143222,33.580145152512209,33.857713365350136,34.153416299262524,34.467335596788296
1380,31.39192186427838,31.399199028771452,31.421042992805976,31.457491245038735,31.508606544410121,31.574477402127123,31.655218854158623,31.75097354561666,31.861913048395689,31.988239166557982,32.130184761883406,32.288013393417216,32.462016879492211,32.652509852123181,32.859820575978432,33.084277804117676,33.326194217930166,33.585847920611833,33.86346429561285,34.159201033458615,34.473139048041219
1381,31.396837268549667,31.404117240845977,31.425969643910172,31.462432017345542,31.513567216933716,31.579463908547215,31.660237345411993,31.756030438694914,31.867015030151123,31.993393110707725,32.135397513747492,32.293291385953971,32.467365570391323,32.657933015443049,32.86531953663021,33.089850755326481,33.331835791478966,33.591549169141807,33.869213186474738,34.164983307790813,34.478931362858241
1382,31.401754569578252,31.409037353202894,31.430898206698284,31.467374722766532,31.51852985652118,31.584452429684635,31.665257910413448,31.761089467628501,31.872119196550862,31.998549249622986,32.140612398997241,32.298571343346367,32.472715919996652,32.663357378636064,32.870819095927764,33.095423603392256,33.337476531972378,33.597248919443366,33.874960034269535,34.170761921315702,34.484714229431596
1383,31.406673769764932,31.413959368428319,31.435828684246239,31.472319364971916,31.52349446720822,31.589442969263605,31.670280551391709,31.766150631514321,31.877225541699516,32.003707570765506,32.145829397617561,32.303853238733431,32.478067897163555,32.668782910788835,32.876319229041705,33.100996335507979,33.343116442890739,33.602947183564375,33.880704657770465,34.176536089929478,34.490490278581817
1384,31.411594871630808,31.41888328921376,31.44076107969035,31.477265947617205,31.528461052914295,31.594435530774742,31.675305270230769,31.771213929033671,31.882334059296468,32.008868061319788,32.151048489574841,32.309137045597367,32.483421471477605,32.674209582014363,32.881819912252588,33.106568939728199,33.348755526246606,33.608643940441382,33.886446802285128,34.182305737869363,34.496260477376254
1385,31.416517877810779,31.423809118349585,31.445695396220746,31.482214474337457,31.533429617438994,31.599430117475993,31.680332068477995,31.776279358469132,31.887444742661216,32.01403070822284,32.156269654843577,32.314422737777257,32.48877661324714,32.679637363420802,32.887321122891358,33.112141404564653,33.354393777801761,33.614339133904636,33.892186273600402,34.188070963453534,34.502025402298003
1386,31.421442791043443,31.428736858714849,31.450631637071428,31.487164948738112,31.538400164455293,31.604426732390472,31.685360947348794,31.781346917717666,31.892557584754044,32.019195498188573,32.161492873427093,32.319710289477356,32.494133293491977,32.685066227076305,32.892822839219974,33.117713717943019,33.360031183393986,33.620032691978317,33.897922949442339,34.193831904809592,34.507785454833879
1387,31.426369614160915,31.433666513267177,31.455569805510393,31.492117374386208,31.543372697503276,31.609425378304806,31.690391907731872,31.786416604303845,31.897672578196396,32.024362417731041,32.166718125376875,32.324999675274107,32.499491483930854,32.690496145961617,32.898325040167769,33.123285865868269,33.365667719317464,33.62572454297591,33.903656760987097,34.199588704049219,34.513540940112307
1388,31.431298350078862,31.438598085032844,31.460509904830062,31.497071754802,31.548347219984507,31.614426057768156,31.695424950194706,31.791488415392951,31.902789715290204,32.02953145318628,32.171945390810109,32.33029087012148,32.504851156965991,32.695927093892237,32.903827704931452,33.12885783154745,33.371303355116957,33.631414623205465,33.909387675916676,34.205341497378804,34.519292102231724
1389,31.436229001786216,31.443531577096635,31.465451938337697,31.502028093450775,31.553323735156606,31.619428773091638,31.700460074989714,31.796562347804308,31.907908988037345,32.034702590733488,32.177174649925973,32.33558384935467,32.510212285659286,32.701359045392451,32.909330812532183,33.13442959518499,33.376938056795474,33.637102879753904,33.915115686067132,34.211090412077532,34.525039144567103
1390,31.441161572335528,31.448466992592294,31.47039590934644,31.506986393735346,31.558302246128733,31.62443352634833,31.705497282060243,31.801638398024121,31.913030388157583,32.03987581641433,32.182405883020166,32.340878588690941,32.515574843696534,32.706791975537847,32.914834341478873,33.14000113433228,33.382571789313253,33.642789270502433,33.92084079968447,34.216835566424415,34.530782240722615
1391,31.446096064832862,31.453404334692657,31.475341821166111,31.511946658988531,31.563282755857045,31.629440319373636,31.710536571047349,31.806716562218629,31.918153907106685,32.045051116151818,32.187639070498136,32.346175064226088,32.520938805335042,32.712225859779608,32.920338269561434,33.145572424510668,33.388204518433575,33.64847376321778,33.926563035893203,34.222577070210249,34.536521542299823
1392,31.451032482428172,31.458343606600174,31.480289677094653,31.51690889246629,31.568265267141015,31.634449153766155,31.715577941296427,31.811796836246966,31.923279536093577,32.050228475767774,32.192874192885895,32.35147325242523,32.526304145338727,32.717660673786632,32.925842573798491,33.151143439908338,33.393836211843002,33.654156334262822,33.932282421159726,34.228315025565728,34.542257183802228
1393,31.455970828305585,31.463284811537562,31.485239480409486,31.521873097341025,31.573249782619857,31.63946003088892,31.720621391864281,31.816879215673847,31.928407266096929,32.055407880999155,32.198111230838684,32.356773130107008,32.53167083890505,32.723096393318556,32.931347230499284,33.156714154043044,33.399466839784722,33.659836967274323,33.937998986892438,34.234049527803982,34.547989286080238
1394,31.460911105674047,31.468227952738584,31.490191234359447,31.526839276695345,31.578236304769632,31.644472951870931,31.725666921526283,31.821963695782156,31.933537087881234,32.060589317513148,32.203350165146439,32.362074674421329,32.537038861591554,32.72853299414033,32.93685221539954,33.16228454032165,33.405096375363875,33.665515651983071,33.943712767742312,34.239780666165807,34.553717958929809
1395,31.465853317758114,31.473173033439299,31.495144942156884,31.531807433516249,31.583224835900555,31.649487917609179,31.730714528783519,31.827050271585058,31.938668992011653,32.065772770920198,32.208590976735408,32.367377862823105,32.542408189250452,32.733970451982394,32.942357503836654,33.167854572465735,33.410724794605976,33.671192383221332,33.949423800510935,34.245508524468384,34.559443302884048
1396,31.470797467789001,31.478120056869312,31.500100606970154,31.536777570689694,31.588215378154853,31.654504928770731,31.735764211870141,31.832138937837996,31.943802968868489,32.070958226785734,32.213833646667332,32.372682673043364,32.547778797972931,32.739408742529243,32.94786307092982,33.173424224852511,33.416352076423692,33.676867160046761,33.955132123295748,34.251233181690978,34.565165410697631
1397,31.475743558995724,31.48306902624336,31.505058231916202,31.54174969099526,31.593207933504853,31.659523985795342,31.740815968760774,31.837229689050464,31.948939008660822,32.076145670640045,32.219078156135446,32.377989083060292,32.553150664044558,32.744847841433014,32.953368891759453,33.178993472769733,33.421978202496497,33.682539985000275,33.960837774876339,34.256954712481054,34.570884368521028
1398,31.480691594596546,31.488019944753049,31.510017820053623,31.546723797101372,31.598202503751324,31.664545088898073,31.745869797178077,31.842322519497461,31.954077101439129,32.081335087986616,32.224324486458578,32.383297071071297,32.558523763912817,32.750287724347359,32.958874941535115,33.184562292590847,33.427603157094786,33.68821086349336,33.966540794292321,34.262673187588561,34.576600256808135
1399,31.485641577790652,31.492972815559003,31.514979374375901,31.551699891560862,31.603199090522434,31.669568238072358,31.75092569459995,31.847417423230343,31.959217237106845,32.086526464307894,32.229572619073132,32.388606615467829,32.563898074168875,32.755728366977259,32.964381195742817,33.190130661876132,33.433226926875044,33.693879803317671,33.972241220569401,34.268388674232433,34.582313151005465
1400,31.490593511750209,31.497927641783264,31.519942897805166,31.556677976806853,31.608197695272779,31.674593433093136,31.755983658267123,31.852514394087404,31.964359405430777,32.091719785070062,32.234822535524358,32.393917694814178,32.569273571540037,32.761169745134985,32.969887630266875,33.195698559427797,33.438849500678678,33.699546814238261,33.977939092515463,34.274101236418758,34.588023122127574
1401,31.495547399612509,31.502884426501865,31.524908393186053,31.561658055148868,31.613198319282802,31.679620673520144,31.761043685190337,31.857613425703839,31.969503596050579,32.096915035725964,32.240074217457554,32.399230287830733,32.57465023289091,32.766611834795569,32.975394221488848,33.201265965316914,33.444470869344215,33.705211907647289,33.98363444855574,34.279810935222052,34.593730237259415
1402,31.50050324447259,31.507843172737875,31.529875863279997,31.566640128769418,31.618200963658506,31.68464995870147,31.766105772157573,31.862714511521329,31.974649798487132,32.10211220171724,32.245327646610029,32.404544373381981,32.580028035230633,32.772054612149837,32.980900946367228,33.206832860888362,33.450091025528863,33.710875096270271,33.989327326608972,34.285517829033893,34.599434559985731
1403,31.505461049376009,31.512803883454627,31.534845310759813,31.571624199720819,31.62320562933132,31.689681287777059,31.771169915741062,31.867817644796769,31.979798002149842,32.107311268475513,32.250582804804168,32.409859930469011,32.585406955725851,32.777498053654561,32.986407782497032,33.212399228740608,33.455709963538283,33.716536393932934,33.995017764015543,34.291221973774135,34.605136150727958
1404,31.510420817311818,31.517766561549088,31.53981673820439,31.576610269922103,31.628212317058168,31.694714659682365,31.776236112304197,31.87292281861107,31.984948196343836,32.112512221423657,32.255839673940706,32.415176938222359,32.590786971713221,32.782942136081537,32.9919147081687,33.217965052707108,33.461327679160384,33.722195815327289,34.000705797459666,34.296923423102179,34.610835067087187
1405,31.515382551206027,31.52273120984578,31.544790148093959,31.5815983411565,31.633221027421957,31.699750073152121,31.781304358008128,31.878030025876722,31.990100370275343,32.11771504597575,32.261098235994062,32.420495375902391,32.596168060720331,32.788386836560576,32.997421702394853,33.223530317801114,33.466944169516566,33.727853375870822,34.006391462965922,34.302622228569852,34.616531364050289
1406,31.520346253915378,31.527697831091007,31.549765542805627,31.586588415069254,31.638231760832081,31.704787526724097,31.786374648818228,31.883139259345008,31.995254513056761,32.122919727537322,32.266358473009333,32.425815222901463,32.601550200485761,32.793832132615684,33.002928744928028,33.229095010164691,33.472559432933501,33.733509091572621,34.012074795878952,34.308318439767206,34.622225094206676
1407,31.525311928221289,31.532666427947269,31.554742924609151,31.591580493165427,31.643244517525307,31.70982701874286,31.791446980510081,31.888250511612732,32.000410613711352,32.128126251506032,32.271620367100418,32.431136458747858,32.606933368977892,32.799278002195628,33.008435816273732,33.234659117021849,33.478173468824849,33.739162978907814,34.017755830843498,34.31401210446051,34.627916307954102
1408,31.530279576824043,31.537637002987847,31.559722295662805,31.59657457680801,31.648259297566497,31.714868547363537,31.796521348675608,31.89336377512878,32.005568661177662,32.133334603272182,32.276883900448873,32.436459063110526,32.61231754441458,32.804724423703,33.013942897697959,33.240222626624416,33.483786277575653,33.7448150547105,34.023434601800666,34.319703268718435,34.633605053675097
1409,31.535249202337564,31.542609558691971,31.564703658009922,31.601570667216496,31.653276100849776,31.719912110555523,31.801597748728543,31.898479042199583,32.010728644313005,32.138544768219873,32.282149055305958,32.441783015808198,32.617702705281182,32.810171376009869,33.019449971217362,33.245785528199818,33.489397860456677,33.750465336099573,34.02911114198811,34.325391977012067,34.639291377878898
1410,31.5402208072842,31.547584097440232,31.569687013575479,31.606568765465472,31.65829492709965,31.724957706106164,31.806676175909807,31.903596304994721,32.015890551897655,32.143756731728828,32.287415813994201,32.447108296816062,32.623088830346113,32.815618838475977,33.024957019597743,33.251347811901205,33.495008219528529,33.756113840396445,34.034785483945136,34.331078272320404,34.644975325342067
1411,31.545194394090174,31.552560621510231,31.574672364163082,31.611568872483591,31.663315775872373,31.730005331624234,31.811756625292457,31.908715555551908,32.021054372638069,32.148970479176377,32.292684158911094,32.452434886274965,32.628475898675717,32.821066790958881,33.030464026338628,33.256909468753605,33.500617357567883,33.761760585076132,34.040457659528485,34.336762196210302,34.650656939210798
1412,31.550169965080201,31.557539133071781,31.579659711451423,31.616570989052057,31.668338646556958,31.735054984543698,31.816839091787308,31.91383678578271,32.026220095171048,32.154185995938846,32.297954072530132,32.457762764498405,32.633863889651359,32.826515213833197,33.035970975671226,33.262470490604599,33.506225277971865,33.767405587678681,34.046127699908794,34.342443788946738,34.656336261157044
1413,31.555147522474357,31.562519634184095,31.584649056992632,31.621575115804657,31.67336353837705,31.740106662126969,31.821923570146694,31.918959987475901,32.031387708066532,32.15940326739571,32.303225537408927,32.463091911984229,32.639252782977486,32.831964087981895,33.04147785252318,33.268030870073233,33.51183198472485,33.773048865817671,34.051795635606943,34.348123089526212,34.662013331403394
1414,31.560127068383213,31.567502126791396,31.589640402209081,31.626581253226487,31.678390450392065,31.745160361468425,31.827010054969687,31.924085152303,32.036557199831741,32.164622278931702,32.308498536191252,32.468422309421307,32.644642558695715,32.837413394810689,33.046984642514111,33.273590600505308,33.517437482313596,33.778690437100614,34.05746149649088,34.353800135777689,34.667688188866478
1415,31.565108604804553,31.572486612720041,31.594633748391654,31.631589401653905,31.683419381498943,31.750216079497669,31.832098540705996,31.929212271821914,32.041728558914393,32.169843015940948,32.313773051614305,32.473753937699968,32.650033197192549,32.842863116241318,33.052491331925204,33.279149675926611,33.523041775689904,33.784330319123498,34.06312531180204,34.35947496440528,34.673360871201908
1416,31.570092133620399,31.577473093675813,31.599629096698084,31.636599561274394,31.688450330433756,31.75527381298259,31.837189021659942,31.934341337480962,32.046901773706722,32.17506546383143,32.319049066514502,32.479086777918482,32.655424679202937,32.848313234706239,33.057997907680381,33.284708091009605,33.528644870229208,33.789968529441587,34.068787110164948,34.365147611043419,34.679031414876235
1417,31.57507765659269,31.58246157124012,31.604626448150341,31.641611732125817,31.693483295773131,31.760333558532849,31.84228149199512,31.939472340623631,32.052076832548998,32.180289608027735,32.324326563831811,32.484420811392276,32.660816985823409,32.853763733155091,33.063504357328192,33.290265841022105,33.534246771664513,33.79560508552855,34.074446919604114,34.370818110329772,34.68469985525897
1418,31.580065175361717,31.587452046868695,31.609625803634223,31.64662591409714,31.698518275936127,31.765395312602529,31.847375945737461,31.944605272491973,32.057253723734085,32.185515433977358,32.329605526617307,32.489756019658657,32.666210098507385,32.859214595037322,33.069010669016677,33.295822921804671,33.53984748607359,33.801240004777256,34.080104767559206,34.376486495931239,34.690366226650887
1419,31.585054691442494,31.592444521888357,31.614627163897172,31.651642106927941,31.703555269185724,31.770459071493448,31.852472376779662,31.949740124231013,32.062432435510949,32.190742927153941,32.334885938037694,32.495092384484515,32.671603999074634,32.864665804304209,33.074516831474398,33.301379329725343,33.545447019824522,33.806873304468041,34.085760680901387,34.382152800606114,34.696030562361848
1420,31.590046206222596,31.597438997495182,31.619630529547379,31.656660310208796,31.708594273630563,31.775524831357981,31.857570778884682,31.954876886892606,32.067612956089029,32.195972073062514,32.34016778138151,32.500429887871448,32.676998669710777,32.870117345398349,33.080022833988401,33.306935061650378,33.55104537954896,33.812505001758389,34.091414685948699,34.387817056241829,34.70169289475502
1421,31.595039720960724,31.602435474753321,31.624635901053377,31.661680523382021,31.713635287226776,31.780592588201866,31.862671145689095,31.960015551439344,32.072795273642761,32.201202857244546,32.345451040064113,32.505768512058857,32.682394092965048,32.875569203241945,33.085528666382132,33.312490114918255,33.556642572124588,33.818135113682658,34.097066808482374,34.393479293881988,34.707353255276452
1422,31.600035236782389,31.607433954591141,31.629643278741412,31.666702745740857,31.718678307779427,31.785662337887544,31.867773470707569,31.965156108748797,32.077979376315007,32.206435265281691,32.350735697633979,32.511108239534082,32.687790251760909,32.881021363238268,33.091034318995476,33.318044487292561,33.562238604614024,33.823763657111328,34.102717073761433,34.399139543798078,34.713011674546486
1423,31.605032754681631,31.612434437803039,31.634652662797507,31.671726976431682,31.723723332944665,31.790734076136175,31.872877747335149,31.97029854961702,32.083165252222493,32.211669282802148,32.356021737776288,32.516449053027294,32.693187129378508,32.886473811245331,33.096539782663086,33.323598176963131,33.567833484293722,33.829390648787808,34.108365506536856,34.404797835471435,34.718668182328905
1424,31.610032275515177,31.617436925044117,31.639664053263633,31.67675321445261,31.728770360231056,31.795807798531396,31.877983968852138,31.975442864762954,32.088352889458918,32.216904895483999,32.361309144320145,32.521790935525779,32.698584709472591,32.891926533583991,33.102045048693263,33.329151182484807,33.573427218571112,33.835016105272658,34.114012131068982,34.410454197685041,34.724322807648029
1425,31.615033800005786,31.622441416833517,31.64467745004092,31.681781458656314,31.733819387001823,31.800883500521099,31.883092128426139,31.980589044831998,32.093542276100635,32.222142089061144,32.366597901239629,32.527133870263341,32.703982976048124,32.897379517008218,33.107550108852806,33.334703502794831,33.579019815030165,33.840640042986912,34.119656971135626,34.416108658490479,34.729975578740238
1426,31.620037328736249,31.62744791354897,31.649692852885831,31.686811707748628,31.73887041047622,31.805961177421072,31.888202219116788,31.985737080400209,32.098733400209866,32.227380849327432,32.371887992662543,32.532477840736107,32.709381913478325,32.902832748710559,33.113054955340388,33.340255137148297,33.584611281352487,33.846262478164853,34.125300050053333,34.421761245295166,34.735626523163333
1427,31.625042862152938,31.632456415430266,31.654710261413424,31.691843960291322,31.743923427731758,31.811040824416981,31.893314233878193,31.990886961978187,32.103926249840072,32.232621162140866,32.377179402868606,32.537822830689677,32.714781506481302,32.908286216298848,33.118559580780158,33.345806085138079,33.590201625354538,33.851883426884832,34.130941390681222,34.427411984836468,34.741275667759439
1428,31.630050400560673,31.637466922574678,31.65972967509423,31.696878214701226,31.748978435705677,31.816122436567678,31.898428165563057,31.996038680015008,32.109120813039645,32.237863013429163,32.382472116299347,32.543168824133566,32.72018174013261,32.913739907793094,33.124063978190598,33.35135634663807,33.595790854928062,33.857502905039716,34.136581015443205,34.433060903251345,34.74692303874015
1429,31.635059944125807,31.642479434939947,31.664751093257017,31.701914469252703,31.754035431197199,31.821206008807533,31.903544006925674,32.001192224902226,32.114317077856242,32.243106389191873,32.387766117554307,32.548515805329018,32.725582599847371,32.919193811610725,33.129568140982649,33.356905921816796,33.601378978062087,33.863120928354704,34.142218946330964,34.43870802606282,34.752568661666672
1430,31.640071492872107,31.647493952340675,31.669774515086544,31.706952722077229,31.759094410869011,31.826291535949409,31.908661750625594,32.00634758697781,32.119515032341447,32.248351275507119,32.393061391401069,32.553863758800425,32.730984071386139,32.92464791655695,33.135072062928856,33.362454811091553,33.606966002799993,33.86873751236913,34.147855204924625,34.444353378235029,34.758212561515627
1431,31.645085046683533,31.65251047445102,31.674799939626137,31.711992971165785,31.76415537124964,31.83137901268729,31.913781389230877,32.011504756529874,32.124714664554027,32.253597658532222,32.398357922770579,32.559212669324722,32.736386140841205,32.93010221181423,33.140575738161715,33.368003015137361,33.612551937255311,33.874352672450485,34.153489812396039,34.449996984164308,34.763854762665588
1432,31.650100605300839,31.65752900080173,31.679827365775829,31.717035214368671,31.769218308734921,31.836468433599034,31.918902915221611,32.016663723800839,32.129915962565136,32.258845524510797,32.403655696766322,32.564562521939884,32.741788794638587,32.935556686930703,33.146079161145714,33.373550534847837,33.618136789575452,33.879966423779528,34.159122789527807,34.455638867727806,34.769495288954673
1433,31.65511816832489,31.662549530783359,31.684856792295385,31.722079449398265,31.774283219590565,31.841559793149106,31.924026320993004,32.021824478990624,32.135118914460477,32.264094859772008,32.408954698658576,32.569913301933958,32.747192019524711,32.941011331810238,33.151582326677193,33.37909737134769,33.623720567962238,33.885578781366817,34.164754156714814,34.461279052269234,34.775134163660766
1434,31.66013773521211,31.667572063642233,31.689888217801641,31.727125673828201,31.779350099953366,31.846653085691315,31.929151598859196,32.026987012261422,32.140323508346697,32.269345650739389,32.414254913895626,32.575264994855765,32.752595802569928,32.946466136700884,33.157085229852498,33.384643525945151,33.629303280625884,33.891189760032944,34.170383933986592,34.46691756065799,34.780771409571827
1435,31.665159305278593,31.672596598484432,31.694921640772101,31.732173885096572,31.784418945833995,31.851748305471528,31.93427874105609,32.032151313740343,32.145529732352614,32.274597883928728,32.419556328096427,32.580617586502299,32.758000131154382,32.951921092185842,33.162587866071625,33.390189000150471,33.63488493581076,33.896799374426564,34.176012141006069,34.472554415268988,34.786407048959177
1436,31.670182877698409,31.677623134274363,31.69995705954431,31.737224080506394,31.78948975311868,31.856845446630391,31.939407739744915,32.037317373523635,32.150737574634135,32.27985154595347,32.424858927055702,32.585971062921622,32.763404992965363,32.95737618917213,33.16809023101753,33.395733795650102,33.640465541773992,33.902407639018321,34.181638797084517,34.478189638014804,34.792041103614658
1437,31.675208451502648,31.682651669834048,31.704994472315793,31.742276257226465,31.794562517571055,31.861944503206118,31.944538587015646,32.042485181680618,32.155947023378474,32.285106623529003,32.430162696747487,32.591325410413916,32.768810375993525,32.96283141888015,33.173592320638832,33.401277914286268,33.646045106769236,33.908014568097101,34.187263921194315,34.48382325037165,34.797673594880322
1438,31.680236025583913,31.68768220384743,31.710033877147985,31.747330412294772,31.799637234835135,31.867045469137238,31.949671274889692,32.047654728255836,32.161158066804362,32.290363103468934,32.435467623316143,32.596680615518203,32.77421626851995,32.968286772838141,33.179094131157868,33.406821358077799,33.651623639071218,33.913620175784963,34.192887531965461,34.489455273358864,34.803304543622268
1439,31.685265598690897,31.692714734855553,31.715075271962853,31.752386542617185,31.804713900436148,31.872148338265252,31.954805795324035,32.052826003274795,32.166370693170357,32.295620972696824,32.440773693090584,32.602036665024677,32.779622659118139,32.973742242864802,33.184595659030705,33.412364129166932,33.657201146929978,33.919224476021768,34.198509647712335,34.495085727600504,34.808933970302434
1440,31.690297169433322,31.697749261261279,31.720118654547132,31.757444644971073,31.80979250978368,31.877253104337438,31.959942140213752,32.057998996745539,32.171584890773985,32.300880218241034,32.446080892573896,32.607393545960896,32.785029536642227,32.979197821066904,33.190096900958707,33.417906229842082,33.662777638594989,33.924827482578387,34.204130286428409,34.50071463330363,34.814561894951531
1441,31.695330736285381,31.702785781332839,31.7251640225562,31.762504716009655,31.814873058176445,31.882359761012061,31.965080301397336,32.063173698663739,32.176800647955943,32.3061408272373,32.45138920844375,32.612751245589457,32.790436890222054,32.984653499832156,33.195597853880109,33.423447662529874,33.668353122310052,33.930429209055887,34.209749463510626,34.506340860860206,34.820119054534302
1442,31.700366297573385,31.707824293191816,31.730211373502971,31.767566752252115,31.819955540793838,31.8874683018513,31.970220270650998,32.068350099008512,32.182017953097841,32.311402786928625,32.456698627553465,32.618109751408021,32.795844709257686,32.990109271814596,33.201098514946978,33.428988429770136,33.673927606290377,33.936029666253823,34.215366871716341,34.511954643022882,34.82561832199228
1443,31.705403851493159,31.712864794830555,31.735260704775296,31.772630750101072,31.825039952713404,31.89257872033857,31.975362039705519,32.073528187758171,32.187236794635773,32.316666084675234,32.462009136937262,32.623469051149094,32.801252983415289,32.995565129928856,33.206598881519959,33.434528534205363,33.679501097639331,33.941628793810985,34.220980819720239,34.517549488919862,34.831079974026316
1444,31.710443396100679,31.717907284102868,31.740312013627012,31.777696705834124,31.830126288903077,31.897691009871494,31.980505600239997,32.078707954884536,32.192457161054804,32.321930707948916,32.467320723803859,32.628829132772836,32.806661702618733,33.001021067341497,33.212098951157536,33.440067978257652,33.685073588636904,33.947226273727729,34.226589046365937,34.52312447308703,34.836511251902621
1445,31.715484929315458,31.722951758727611,31.745365297181852,31.782764615608194,31.835214544225924,31.902805163767059,31.985650943887094,32.083889390357989,32.197679040893462,32.327196644336048,32.472633375537278,32.63418998446474,32.81207085704434,33.006477077461959,33.217598721525739,33.445606761361084,33.690645019571114,33.952821514532303,34.232189771135559,34.528680045058728,34.841916344629006
1446,31.720528448921641,31.727998216289802,31.750420552434768,31.78783447546131,31.840304713442404,31.90792117526426,31.990798062236014,32.0890724841504,32.202902422745964,32.332463881538615,32.477947079695909,32.639551594632465,32.817480437114675,33.011933153915187,33.223098189820142,33.451144872093444,33.696215250194648,33.958413803142598,34.237781783727861,34.534216973815873,34.847298082619496
1447,31.725573952569029,31.73304665424174,31.755477776253418,31.792906281314362,31.845396791212615,31.913039037526797,31.99594694683536,32.094257226237843,32.208127295264418,32.337732407375157,32.483261824011635,32.644913951902254,32.822890433488084,33.017389290413817,33.228597351050055,33.456682278162432,33.701784063003807,33.964002429915922,34.243364299593239,34.539736070565802,34.85265854637197
1448,31.730621437774161,31.738097069904299,31.760536965379586,31.797980028973068,31.850490772098624,31.918158743645687,32.001097589195965,32.099443606603344,32.213353647160815,32.343002209781574,32.488577596388637,32.650277045114514,32.82830083702725,33.022845480373803,33.234096195201808,33.462218919775744,33.707351185410538,33.969586750397141,34.248936825367139,34.545238107347373,34.857999350461917
1449,31.735670901921591,31.743149460468096,31.76559811643078,31.803055714129741,31.8555866505667,31.923280286641901,32.006249980793648,32.104631615239384,32.218581467209006,32.348273276811724,32.493894384901971,32.655640863314737,32.833711638708998,33.028301716168492,33.239594704146,33.467754708451714,33.712916314697516,33.975166206014244,34.254499064142401,34.550723795356738,34.863321795843675
1450,31.740722342265052,31.748203822994899,31.770661225901691,31.808133332365298,31.8606844209896,31.928403659468955,32.011404113071968,32.109821242150431,32.223810744246414,32.353545596637886,32.499212177795002,32.661005395730889,32.839122829433883,33.03375798808991,33.245092849226552,33.473289529979965,33.718479138350993,33.980740325095837,34.260050851939148,34.556193782621371,34.868626960849504
1451,31.745775755928793,31.753260154419014,31.77572629016592,31.813212879151148,31.865784077648936,31.933528855015485,32.016559977444814,32.115012477355357,32.22904146717579,32.358819157550933,32.504530963473677,32.666370631724448,32.844534399715386,33.039214283207201,33.250590589990544,33.478823249605284,33.724039348280833,33.98630871523364,34.265592115965767,34.561648658445279,34.873915758328657
1452,31.750831139908946,31.758318451548647,31.780793305477545,31.81829434985119,31.870885614737368,31.938655866107787,32.02171756529907,32.120205310889659,32.234273624966598,32.364093947959532,32.509850730493831,32.671736560702385,32.849946339268406,33.04467058433638,33.256087874041135,33.484355717730018,33.72959664984316,33.991871053346252,34.271122846264603,34.567088959359978,34.879188974712505
1453,31.755888491074913,31.763378711067475,31.785862267972863,31.823377739723743,31.875989026360976,31.943784685512377,32.026876867997096,32.125399732807857,32.239507206656334,32.369369956387729,32.515171467537421,32.677103171985635,32.855358636542427,33.050126869255436,33.26158463775684,33.489886775300889,33.735150767049063,33.997427075411302,34.276643076518702,34.572515175391182,34.884447296986025
1454,31.760947806170847,31.768440929536123,31.790933173672101,31.828463043923584,31.881094306541495,31.948915305938392,32.03203787687918,32.130595733185217,32.244742201351094,32.374647171469014,32.520493163372734,32.682470454634853,32.860771278251399,33.05558311023821,33.267080807607734,33.495416258406038,33.740701444973887,34.002976567199745,34.282152871006645,34.577927755664113,34.889691332096469
1455,31.766009081817124,31.773505103393756,31.796006018481155,31.833550257504005,31.886201449218639,31.954047720040069,32.037200583266063,32.135793302120042,32.249978598225489,32.379925581935623,32.525815806796388,32.687838397247035,32.866184248954184,33.061039273894757,33.272576301734503,33.500944001956633,33.74624845058355,34.008519356274547,34.287652315202756,34.58332711336061,34.894921621655683
1456,31.771072314511958,31.77857122895967,31.801080798193404,31.838639375418779,31.891310448252369,31.959181920419276,32.042364978461059,32.140992429734951,32.255216386520587,32.385205176601161,32.531139386558145,32.693206987737973,32.871597530710069,33.066495321260874,33.278071031620158,33.506469842579513,33.751791572491975,34.014055305089954,34.293141509119216,34.588713630054642,34.900138653121566
1457,31.77613750063292,31.783639302435009,31.806157508491555,31.843730392524254,31.896421297425125,31.964317899627709,32.047531053752486,32.146193106178082,32.260455555540041,32.390485944335154,32.536463891268703,32.698576213124085,32.877011102835759,33.071951208113333,33.283564903729491,33.511993620705169,33.757330619971626,34.019584305321864,34.298620562736545,34.594087659364689,34.905342868239281
1458,31.78120463643862,31.78870931990436,31.811236144949405,31.848823303581408,31.901533990444161,31.96945565016933,32.052698800415321,32.151395321623312,32.265696094642912,32.395767874029559,32.541789309296597,32.703946059320138,32.882424941759758,33.077406885416416,33.289057821010751,33.517515182077965,33.76286542170682,34.025106273110048,34.304089592529827,34.599449530118413,34.91053466991923
1459,31.78627371807038,31.793781277337583,31.816316703033841,31.8539181032579,31.906648520943701,31.974595164502595,32.057868209713412,32.156599066269564,32.270937993232813,32.401050954556361,32.547115628658645,32.709316510964982,32.887839020977289,33.082862299859265,33.294549684213422,33.523034378764237,33.768395824387703,34.030621145127931,34.309548718984992,34.60479954905086,34.915714427678083
1460,31.791344741553903,31.798855170591519,31.821399178106613,31.859014786130189,31.911764882487216,31.979736435042636,32.063039272900419,32.161804330338526,32.276181240743675,32.406335174719651,32.552442836910046,32.714687551276036,32.893253311074439,33.088317394430156,33.300040393054417,33.528551069840624,33.773921691248866,34.036128875229657,34.314998064717166,34.610138003173098,34.920882482171415
1461,31.796417702801101,31.803930995411726,31.826483565426365,31.864113346685539,31.916883068569575,31.984879454163224,32.068211981220941,32.167011104071101,32.281425826620627,32.411620523200881,32.557770921037374,32.720059161942167,32.898667779831634,33.093772109014637,33.305529847186691,33.534065121731253,33.779442900610348,34.041629431755283,34.320437753184677,34.615465161766792,34.926039148773853
1462,31.801492597611738,31.809008747434458,31.831569860150434,31.869213779324177,31.922003072619209,31.990024214198641,32.073386325910469,32.172219377721177,32.286671740297393,32.416906988500735,32.56309986736035,32.725431323054117,32.904082392380225,33.09922638097737,33.311017946994212,33.539576408336202,33.784959344510042,34.047122795280927,34.325867907720486,34.620781278116404,34.9311847205853
1463,31.806569421675384,31.814088422188295,31.836658057336958,31.874316078361328,31.927124888000165,31.995170707445254,32.078562298194946,32.177429141547883,32.291918971169586,32.422194558879639,32.568429661444881,32.730804013069253,32.909497111393776,33.104680145708073,33.316504594241387,33.545084811028119,33.79047092743405,34.05260895670051,34.331288650786632,34.626086591037136,34.936319471006485
1464,31.811648170573125,31.819170015096216,31.841748151946703,31.879420238029233,31.932248508014084,32.000318926162656,32.083739889288772,32.182640385805357,32.297167508565508,32.427483222298989,32.573760288030925,32.736177208808826,32.914911897304833,33.110133337127095,33.321989692589369,33.550590218530658,33.795977565138145,34.058087915631383,34.336700103449125,34.631381326201641,34.9414436558882
1465,31.816728839779479,31.824253521477342,31.846840138845131,31.884526252479237,31.937373925902033,32.005468862574574,32.088919090392437,32.187853100730649,32.302417341714687,32.432772966364112,32.57909173097152,32.741550885477736,32.920326708535448,33.115585888155508,33.327473148018242,33.556092526724562,33.801479183549461,34.06355967903724,34.342102384980514,34.636665697329747,34.946557515409246
1466,31.821811424664261,31.829338936548893,31.851934012804282,31.889634115783718,31.942501134846186,32.010620508869117,32.09409989268832,32.193067276529469,32.307668459714684,32.438063778270809,32.584423973189189,32.746925016713732,32.925741501739914,33.121037731131601,33.33295486912688,33.561591638376235,33.806975717784582,34.069024260120912,34.347495612611169,34.641939907202989,34.951661275619401
1467,31.82689592049449,31.834426255428156,31.85702976850482,31.894743821938047,31.947630127971298,32.015773857198525,32.099282287335676,32.198282903359846,32.31292085149714,32.443355644756849,32.589756996647331,32.752299574655922,32.931156232046582,33.126488798177832,33.338434767351977,33.567087462838657,33.812467111264404,34.074481677381755,34.352879901351905,34.647204148565926,34.956755149784968
1468,31.831982322436257,31.839515473134327,31.86212740053794,31.899855364862365,31.95276089834589,32.020928899678218,32.10446626546404,32.203499971314734,32.318174505794133,32.448648552059481,32.595090782335191,32.757674530026947,32.936570853292089,33.131939021522243,33.343912757125629,33.572579915741187,33.817953314912536,34.079931953801392,34.358255363868288,34.652458604935241,34.96183933957721
1469,31.837070625556734,31.844606584590512,31.867226903407293,31.904968738403404,31.957893438983103,32.026085628385211,32.109651818165808,32.208718470403291,32.323429411105678,32.453942485879118,32.600425310265209,32.763049852225286,32.941985318245429,33.137388333778347,33.349388755982154,33.578068918672841,33.823434286427194,34.085375116142899,34.363622110400449,34.657703451326128,34.966914036119114
1470,31.842160824826006,31.849699584625615,31.872328271530883,31.910083936335937,31.963027742841252,32.031244035355634,32.114838936487303,32.213938390531304,32.328685555668812,32.459237431350246,32.605760559482746,32.768425509426514,32.947399578820338,33.142836668182674,33.354862684614034,33.583554398859583,33.828909989631157,34.090811194368179,34.368980248729549,34.662938854891827,34.971979420885191
1471,31.847252915119057,31.854794467976284,31.877431499242878,31.915200952364334,31.968163802824019,32.03640411258187,32.120027611419474,32.219159721481603,32.333942927428211,32.464533373016764,32.611096508082511,32.773801468687445,32.952813586278289,33.148283958808335,33.3603344669027,33.589036288844675,33.834380393866354,34.096240221111898,34.374329884161391,34.668164975518899,34.977035666530789
1472,31.852346891217699,31.859891229288806,31.882536580795367,31.920319780123751,31.973301611780187,32.041565852008738,32.125217833887262,32.22438245289392,32.339201514009467,32.469830294815587,32.61643313323701,32.779177696056323,32.958227291415064,33.153730140734091,33.365804029904048,33.594514526174009,33.839845473469126,34.101662231262139,34.379671119544895,34.673381966339996,34.982082937588274
1473,31.857442747812446,31.864989863120964,31.88764351036005,31.925440413181089,31.978441162502875,32.046729245528859,32.13040959473819,32.229606574245125,32.34446130269572,32.475128180067372,32.621770411233484,32.784554156683676,32.96364064472963,33.159175150179138,33.371271303807674,33.599989053096728,33.845305207306616,34.107077261607031,34.385004055304684,34.678589974190693,34.987121391079128
1474,31.862540479504375,31.870090363943824,31.892752282029765,31.930562845035858,31.98358244772831,32.051894284977394,32.135602884730758,32.234832074830152,32.349722280406816,32.480427011472173,32.627108317514526,32.789930814929903,32.969053596579627,33.164618924620463,33.376736221889082,33.605459816280337,33.850759578344665,34.112485350509012,34.390328789476143,34.683789140039401,34.992151177087493
1475,31.867640080807018,31.875192726143545,31.897862889819873,31.935687069120529,31.988725460134226,32.057060962126386,32.140797694522306,32.240058943743819,32.354984433682063,32.485726771110336,32.632446826723132,32.795307634470376,32.974466097322313,33.170061402887356,33.382198720447299,33.610926766538419,33.856208573257973,34.117886537625296,34.395645417750579,34.688979599376474,34.997172439272788
1476,31.872741546148095,31.880296944023023,31.902975327669598,31.940813078800829,31.993870192337749,32.062229268678436,32.145994014656935,32.245287169863865,32.360247748665792,32.491027440448462,32.637785912751688,32.800684578397458,32.979878097441798,33.175502525235615,33.387658738730018,33.616389858571424,33.861652182080292,34.123280863669464,34.40095403352808,34.694161482566322,35.002185315326749
1477,31.877844869871197,31.885403011803447,31.908089589443005,31.945940867375523,31.999016636892627,32.067399196259721,32.151191835553277,32.250516741835369,32.365512211097204,32.496329000351082,32.643125548794018,32.806061609317503,32.9852895476591,33.180942233399065,33.393116218848085,33.621849050724961,33.867090397898743,34.128668370215756,34.406254727976545,34.69933491515944,35.007189937372189
1478,31.882950046237479,31.89051092362585,31.913205668930082,31.951070428076246,32.004164786286687,32.07257073641334,32.156391147492556,32.255747648055383,32.370777806299728,32.501631431091127,32.648465707396383,32.811438689447499,32.990700399044499,33.186380470645538,33.398571105693755,33.627304304747554,33.872523216540117,34.134049099493154,34.411547590087373,34.704500018212002,35.012186432374506
1479,31.888057069427141,31.895620673552379,31.918323559847288,31.956201754066537,32.009314632938079,32.077743880591527,32.161591940606733,32.260979876660699,32.376044519178201,32.506934712371056,32.65380636051421,32.816815780701411,32.996110603097328,33.19181718179027,33.404023346838741,33.632755585582423,33.877950636342028,34.139423094261169,34.416832706742646,34.709656908528096,35.017174922440539
1480,31.893165933540814,31.900732255567515,31.923443255838095,31.961334838440802,32.014466169191437,32.082918620147986,32.16679420486728,32.26621341551671,32.381312334216517,32.512238823343338,32.659147479566116,32.822192844772694,33.00152011182432,33.197252313213717,33.409472892441471,33.638202861164487,33.883372657918493,34.144790397672985,34.422110162775567,34.714805698908656,35.022155525130614
1481,31.89827663260079,31.905845663579061,31.928564750473136,31.966469674222928,32.019619387313995,32.088094946330408,32.171997930074603,32.271448252207698,32.386581235478033,32.517543742632775,32.664489035487328,32.827569843211968,33.006928877808996,33.202685812870712,33.414919695152648,33.64364610222853,33.888789283945911,34.150151053156065,34.427380041031455,34.719946498381496,35.027128353744203
1482,31.903389160552237,31.910960891419105,31.933688037250413,31.971606254364769,32.02477427949119,32.093272850272598,32.177203105847518,32.27668437402798,32.391851206607186,32.522849448360809,32.669830998783858,32.832946737502141,33.012336854274785,33.208117630292186,33.420363710018371,33.649085282124503,33.894200518964581,34.155505104306819,34.432642422430291,34.72507941241728,35.032093517585636
1483,31.908503511263998,31.916077932844544,31.93881310959484,31.976744571743843,32.029930837821681,32.098452322986823,32.182409721614626,32.281921767977096,32.397122230837034,32.528155918173951,32.675173339583516,32.838323489119361,33.017743995126594,33.213547716570289,33.425804894386907,33.654520376662369,33.899606369222944,34.160852594815822,34.437897386025824,34.730204543107192,35.037051122179236
1484,31.913619678529361,31.921196781537574,31.943939960857726,31.981884619161299,32.035089054313005,32.103633355356422,32.187617766605598,32.287160420754468,32.402394290994984,32.53346312926972,32.680516027686259,32.843700059597587,33.023150254999493,33.218976024350546,33.431243207815818,33.659951363948366,33.905006842508854,34.166193568383413,34.44314500906507,34.735321989351775,35.04200126949933
1485,31.918737656066561,31.926317431105861,31.949068584316112,31.987026389339267,32.04024892087638,32.108815938128657,32.192827229843651,32.292400318756428,32.407667369512133,32.53877105842539,32.685859032612747,32.849076410583628,33.028555589292729,33.224402507811639,33.436678611980781,33.665378224241678,33.910401948011057,34.171528068657537,34.448385367046008,34.740431847022435,35.046944058163888
1486,31.923857437519374,31.931439875082859,31.954198973172019,31.992169874918471,32.04541042932189,32.114000061907404,32.198038100137694,32.297641448072611,32.412941448431518,32.544079682025938,32.691202323653414,32.854452503895267,33.033959954208328,33.229827122649318,33.44211107058409,33.67080093980455,33.915791696170913,34.176856139164265,34.453618533775746,34.745534209131854,35.051879583640122
1487,31.928979016456811,31.936564106927108,31.959331120550647,31.997315068454736,32.050573571353183,32.119185717146806,32.203250366078436,32.302883794489148,32.418216509424155,32.549388976095308,32.696545869909762,32.859828301557052,33.039363306758936,33.235249826038554,33.447540549271508,33.67621949479836,33.921176098599041,34.182177823283922,34.45884458142249,34.750629165945021,35.056807938371918
1488,31.934102386373514,31.941690120022354,31.964465019499603,32.002461962416497,32.055738338562691,32.124372894144649,32.208464016031002,32.308127343485637,32.423492533797365,32.554698916323531,32.701889640341534,32.865203765855902,33.044765604805249,33.240670576618562,33.452967015543777,33.681633875137116,33.926555167928754,34.187493164181255,34.46406358057191,34.755716805147586,35.061729211983561
1489,31.939227540689036,31.946817907676451,31.969600662986725,32.007610549181017,32.060904722426358,32.129561583036768,32.213679038132476,32.313372080240534,32.428769502512715,32.560009478097975,32.707233603804404,32.870578859369679,33.050166807055902,33.246089334451284,33.458390438678357,33.687044068396986,33.931928917748806,34.19280220479132,34.469275600275935,34.760797211941728,35.066643491388078
1490,31.944354472747193,31.951947463120387,31.974738043898064,32.012760821031044,32.066072714298869,32.13475177379194,32.218895420289194,32.318617989634618,32.43404739620027,32.565320636530494,32.712577729086547,32.875953545001053,33.055566873079279,33.25150606099271,33.463810789654644,33.692450063712364,33.937297362510378,34.198104987783843,34.474480708100764,34.765870469164426,35.071550860926628
1491,31.949483175815864,31.957078779507743,31.979877155036441,32.017912770151682,32.071242305408759,32.139943456205913,32.224113150172016,32.323865056252401,32.439326195171937,32.570632366486784,32.717921984950877,32.881327786018915,33.060965763321178,33.256920719063601,33.469228041070281,33.69785185165896,33.942660517423313,34.203401555523875,34.479678970179393,34.77093665741657,35.076451402520384
1492,31.954613643085246,31.962211849912642,31.985017989118525,32.023066388626447,32.076413486853959,32.145136619898274,32.22933221521761,32.329113264391246,32.444605879440317,32.575944642612988,32.723266340162048,32.886701546073567,33.066363439095952,33.262333272810913,33.474642167078542,33.703249424185387,33.948018398407264,34.20869195006393,34.484870451251851,34.775995855139442,35.081345195756512
1493,31.959745867666914,31.967346667328492,31.990160538772646,32.028221668433943,32.081586249597471,32.150331254308227,32.234552602626685,32.334362598065894,32.449886428733578,32.581257439362425,32.728610763520621,32.892074789226285,33.07175986259324,33.267743687675718,33.480053143315743,33.708642774518943,33.95337102201232,34.213976213117981,34.49005521471166,34.781048138719768,35.086232318010339
1494,31.964879842592733,31.972483224666586,31.995304796536548,32.033378601444277,32.086760584462752,32.155527348690271,32.239774299362722,32.339613041014147,32.455167822511704,32.586570731023116,32.733955223896551,32.897447479976009,33.077154996881106,33.273151930359397,33.485460946829853,33.714031897075742,33.95871840534523,34.219254386038891,34.495233322651167,34.786093582589878,35.091112844561188
1495,31.970015560812428,31.97762151475343,32.000450754854185,32.038537179415421,32.091936482130485,32.160724892113045,32.244997292155681,32.344864576707529,32.460450039984842,32.591884491740629,32.739299690249354,32.902819583266812,33.082548805892024,33.278557968785854,33.490865556026904,33.719416787407802,33.964060566036189,34.22452650981834,34.500404835896653,34.791132259287544,35.09598684865805
1496,31.975153015192806,31.98276153032965,32.005598406073631,32.043697393989838,32.097113933133912,32.165923873454723,32.250221567499665,32.350117188355718,32.4657330601284,32.597198695545728,32.744644131663655,32.908191064518796,33.08794125443054,33.283961772069752,33.496266950596883,33.724797442105491,33.969397522155603,34.22979262505843,34.505569814055548,34.796164239565059,35.100854401646913
1497,31.980292198514789,31.987903264046871,32.01074774244362,32.048859236690873,32.102292927856354,32.171124281403294,32.25544711165859,32.355370858918945,32.471016861701635,32.602513316374846,32.749988517363903,32.913561889628163,33.093332308153407,33.289363310478556,33.501665111467908,33.730173858758562,33.974729292195107,34.235052771978715,34.510728315547013,34.80118959243454,35.105715573018735
1498,31.985433103471895,31.993046708465901,32.015898756111085,32.05402269891956,32.107473456527501,32.176326104453835,32.260673910666675,32.360625571114738,32.476301423263266,32.607828328094271,32.755332816742118,32.918932024988017,33.098721933569458,33.294762555400602,33.507060020742855,33.735546035877967,33.980055895004256,34.240306990397947,34.515880397642952,34.806208385256411,35.110570430511544
1499,31.990575722667735,31.998191856054063,32.021051439118018,32.059187771951137,32.112655509220481,32.18152933090785,32.265901950332363,32.365881307428531,32.481586723189132,32.613143704522038,32.760676999377026,32.924301437495188,33.104110098025934,33.300159479308867,33.512451661647674,33.740913972844091,33.985377349757186,34.245555319732951,34.521026116502078,34.811220683798858,35.115419040176128
1500,31.995720048613652,32.003338699182706,32.026205783398638,32.064354446932029,32.117839075849503,32.18673394887287,32.271131216241827,32.371138050123136,32.486872739688046,32.618459419447952,32.766021035052916,32.929670094559413,33.109496769699305,33.305554055728898,33.51784001848025,33.746277669850755,33.990693675911899,34.250797798991876,34.526165527203901,34.816226552303014,35.120261466449577
1501,32.000866073727366,32.008487230125738,32.031361780777971,32.069522714879,32.123024146170586,32.191939946266331,32.276361693767569,32.3763957812521,32.492159450818292,32.623775446649141,32.77136489376786,32.93503796409847,33.114881917574593,33.31094625920467,33.523225076570554,33.751637127870055,33.996004893189806,34.256034466774217,34.531298687594351,34.821227982862077,35.125214068026956
1502,32.006013790323721,32.013637441050292,32.036519422962073,32.074692566668958,32.12821070977143,32.197147310807019,32.281593368063696,32.381654482662242,32.497446834500117,32.629091759912441,32.776708545761352,32.940405014560881,33.120265511450228,33.316336065276438,33.528606822233698,33.756992348597677,34.001311021551508,34.261265365700055,34.536426195640281,34.826241464438972,35.130255330626852
1503,32.011163190623257,32.018789324025065,32.041678701546118,32.079863993046921,32.133398756080283,32.202356030025996,32.286826224080365,32.386914136011875,32.50273486853623,32.634408333052804,32.782051961523955,32.945771214919432,33.125647521910551,33.321723450432636,33.533985242707757,33.76234333439934,34.006612082953197,34.266490657134497,34.541550970989796,34.831277984505192,35.135351309687564
1504,32.016314266741624,32.023942871009865,32.046839608004085,32.085036984616551,32.138588274358042,32.20756609126191,32.292060246563814,32.392174722776957,32.508023530623397,32.639725139928139,32.787395111810326,32.951136534676579,33.131027920318836,33.327108392090267,33.539360326133192,33.767690088822555,34.011908124362904,34.271710934249256,34.546676888418737,34.836339186379064,35.140489940203437
1505,32.021467010688902,32.029098073854804,32.052002133687957,32.090211531839678,32.143779253699059,32.212777481664133,32.297295420063499,32.39743622426252,32.513312798368013,32.645042154455275,32.792737967650652,32.956500943864683,33.136406678801599,33.332490868564484,33.544732061645774,33.773032621196364,34.017199280142897,34.276927248396518,34.55180701460241,34.841424404072903,35.145664277607374
1506,32.026621414366716,32.034254924297421,32.057166269825053,32.095387625034007,32.148971683030318,32.217990188194896,32.302531728937858,32.40269862161319,32.518602649299858,32.650359350624754,32.798080500360925,32.961864413046158,33.141783770234802,33.337870859072289,33.550100440294948,33.77837095977894,34.022485819862467,34.282140854565228,34.55694345763537,34.846532432979799,35.150869657058074
1507,32.031777469565554,32.039413413960098,32.062332007515494,32.100565254371588,32.154165551111305,32.223204197631489,32.30776915736061,32.407961895823583,32.523893060886003,32.655676702514718,32.803422681552277,32.967226913312984,33.147159168236989,33.343248343906417,33.555465457875286,33.783705168525721,34.027768142814047,34.287353001270645,34.562087609632954,34.851661996015906,35.156102670485176
1508,32.036935167962,32.044573534347244,32.067499337729814,32.105744409876849,32.159360846533737,32.228419496568989,32.313007689326994,32.4132260277486,32.529184010543808,32.660994184303775,32.808764483139242,32.972588416286875,33.152532847197953,33.348623305041002,33.560827119640571,33.789035358167261,34.033046740793466,34.29256482692108,34.567240372585708,34.856811880346207,35.16136068993962
1509,32.04209450111599,32.049735276842767,32.072668251306595,32.110925081425293,32.164557557721906,32.233636071423128,32.318247308660304,32.418490998113619,32.534475475653679,32.666311770283329,32.814105877347387,32.977948894126513,33.157904782405971,33.353995727345179,33.566185445446337,33.794361688183542,34.038322156166906,34.297777325052792,34.572402317547905,34.861980973577204,35.166641612275512
1510,32.047255460468222,32.054898632707406,32.077838738950362,32.116107258742183,32.169755672933121,32.238853908433455,32.32348799901844,32.423756787524596,32.539767433571242,32.671629434868997,32.819446836721873,32.983308319556514,33.1632749503433,33.359365600288811,33.571540473754929,33.799684361779832,34.043594947732167,34.302991342723175,34.577573791134498,34.867168267763816,35.171943706527081
1511,32.052418037337581,32.06006359307645,32.083010791229526,32.121290931401532,32.174955180258351,32.244072993666698,32.328729743900695,32.429023376477957,32.545059861639103,32.676947152611781,32.824787334140161,32.988666665940599,33.168643329183503,33.364732919821819,33.576892263732077,33.805003617174599,34.048865666793453,34.308207593218,34.582754985841646,34.872372852058284,35.177265517730753
1512,32.057582222918519,32.065230148957141,32.088184398574569,32.12647608882525,32.180156067623287,32.249293313020516,32.333972526654485,32.434290745370333,32.550352737198132,32.682264898209489,32.83012734283551,32.994023907418857,33.17400989945871,33.370097690069613,33.582240895449829,33.810319717966934,34.05413484203229,34.313426672870712,34.58794598745196,34.877593902655263,35.182605801794161
1513,32.062748008278845,32.070398291226709,32.093359551276215,32.131662720282584,32.185358322789583,32.254514852227025,32.339216330482188,32.439558874508172,32.555646037598706,32.687582646520589,32.835466836438492,32.999380019118824,33.179374644819738,33.375459924614638,33.587586468637355,33.815632944077201,34.059402970771572,34.318649078219558,34.593146807328623,34.882830672425065,35.187963480073677
1514,32.067915384357292,32.075568010629901,32.098536239484027,32.136850814889534,32.190561933356108,32.259737596857057,32.34446113844804,32.444827744117092,32.560939740212021,32.692900372582457,32.840805789044204,33.004734977436399,33.184737552801202,33.380819647247719,33.592929100446703,33.820943584002542,34.06467051486041,34.323875221579044,34.598357404451789,34.888082481497619,35.193337606784979
1515,32.073084341961348,32.080739297777356,32.103714453204894,32.142040361608849,32.195766886760786,32.264961532324072,32.349706933484995,32.450097334351376,32.566233822442449,32.698218051637376,32.84614417530927,33.010088760365974,33.190098615504382,33.386176892207807,33.598268922762479,33.826251928589713,34.069937899294871,34.329105444522682,34.6035777011558,34.893348708974514,35.198727344433074
1516,32.07825487176526,32.085912143143439,32.108894182301903,32.147231349249935,32.20097317028231,32.270186643888493,32.354953698401616,32.455367625303452,32.571528261741904,32.703535659168715,32.851481970577829,33.01544134785491,33.195457830149969,33.391531703989621,33.603606079358087,33.831558266189596,34.075205512663416,34.334340029405503,34.608807594235671,34.898628785733919,35.204131945192024
1517,32.083426964308046,32.091086537064704,32.114075416493229,32.1524237664689,32.206180771042199,32.275412916662091,32.360201415889172,32.460638597013848,32.576823035627314,32.70885317094988,32.856819151034109,33.020792722157566,33.200815199468224,33.396884136797127,33.608940723115666,33.836862879090361,34.080473708732832,34.339579208946105,34.614046962806718,34.903922188293343,35.209550736585925
1518,32.088600609991772,32.096262469738285,32.119258145351324,32.157617601769161,32.211389676007009,32.280640335612524,32.365450068528659,32.465910229482297,32.582118121702628,32.714170563106563,32.862155693874129,33.026142868161628,33.206170731913843,33.402234253755445,33.614273013487143,33.842166040998123,34.08574280855516,34.344823174166301,34.619295674050306,34.909228433570512,35.21498311012602
1519,32.093775799079893,32.101439931220483,32.124442358302147,32.16281284350184,32.21659987199066,32.285868885567822,32.370699638798278,32.471182502679717,32.587413497686121,32.719487812191808,32.867491577486135,33.031491773671817,33.211524441733438,33.407582125993216,33.619603114227765,33.847468015256773,34.09101310281109,34.350072081100187,34.624553587509538,34.914547074333036,35.220428512055598
1520,32.098952521695722,32.1066189114255,32.129628044624752,32.168009479866519,32.221811345656995,32.291098551221474,32.375950109081316,32.476455396562834,32.592709141444033,32.724804895272015,32.872826781633066,33.03683942963869,33.216876348890452,33.412927831637319,33.624931191432964,33.8527690537463,34.09628485428324,34.355326056306005,34.629820558136842,34.919877695321269,35.225886435975589
1521,32.104130767821268,32.111799400124468,32.134815193450784,32.173207498912241,32.227024083522508,32.296329317137285,32.381201461674785,32.481728891090668,32.598005031030219,32.730121790022146,32.878161287628124,33.042185830326716,33.222226478873942,33.418271454787536,33.630257411884578,33.858069396275944,34.101558300272828,34.360585201435342,34.63509643853925,34.925219909911355,35.231356416783719
1522,32.109310527295875,32.116981386944289,32.1400037937645,32.178406888538447,32.232238071959152,32.301561167754713,32.386453678798844,32.487002966244297,32.60330114473264,32.735438474826502,32.883495078495876,33.047530973419349,33.22757486241899,33.423613084519474,33.635581941686247,33.863369270327759,34.106833654882799,34.365849597054591,34.640381080658251,34.930573357219664,35.236838025611533
1523,32.114491789815382,32.122164861367224,32.145193834402576,32.183607636496397,32.237453297197554,32.306794087394749,32.391706742607724,32.492277602049846,32.608597461124894,32.740754928880733,32.88882813911269,33.052874860064456,33.232921535164884,33.428952813944377,33.64090494515272,33.86866889105324,34.112111111150412,34.371119305848801,34.645674337011783,34.935937699581828,35.242330865576974
1524,32.119674544931215,32.127349812730024,32.150385304054396,32.188809730390531,32.242669745330211,32.312028060266108,32.396960635201665,32.497552778604273,32.613893959122102,32.746071132293331,32.89416045632678,33.058217494872785,33.238266537274782,33.434290739325995,33.646226583896542,33.873968461451454,34.117390843042678,34.376394375349491,34.650976061619197,34.941312620324666,35.247834568152662
1525,32.124858782049792,32.13253623022365,32.15557819126235,32.194013157680089,32.247887402315165,32.317263070472144,32.4022153386409,32.502828476104945,32.619190618040406,32.751387066183071,32.899492019052765,33.063558885865056,33.243609913022304,33.439626959275614,33.651547016129349,33.87926817270921,34.122673007271615,34.381674840179464,34.656286110640707,34.946697821842619,35.253348790135647
1526,32.130044490431885,32.13772410289306,32.160772484422409,32.199217905681074,32.253106253979908,32.322499102018583,32.407470834961053,32.508104674881814,32.62448741765887,32.756702712769915,32.904822818339191,33.068899044376366,33.248951710366349,33.444961574034473,33.656866396139208,33.884568204634071,34.127957744931038,34.386960723928546,34.661604342828277,34.952093023916611,35.25887321106714
1527,32.135231659192534,32.142913419636983,32.165968171784733,32.204423961568132,32.258326286025806,32.327736138822011,32.412727106190822,32.513381355432834,32.629784338281489,32.762018055457034,32.910152847412057,33.074237984932118,33.2542919805312,33.450294684835121,33.66218487388916,33.889868726125869,34.13324518298581,34.392252040778239,34.666930619865475,34.957497962206148,35.26440753095725
1528,32.14042027730067,32.148104169208224,32.171165241454659,32.209631312377049,32.263547484032877,32.332974164719708,32.417984134371167,32.518658498460802,32.635081360798516,32.767333078902219,32.91548210169416,33.079575725098614,33.259630777597131,33.455626393340886,33.667502594729484,33.895169895682798,34.138535435618607,34.397548796878446,34.672264806594654,34.962912386914269,35.269951468316798
1529,32.145610333579285,32.153296340213863,32.176363681393788,32.214839945007327,32.268769833465086,32.338213163480042,32.423241901576112,32.523936084911988,32.640378466745787,32.772647769079967,32.920810578805551,33.084912285316761,33.264968158103699,33.460956801149891,33.672819699197738,33.900471861928509,34.143828605457003,34.4028509915304,34.677606771161564,34.968336061590392,35.275504758427658
1530,32.150801816705517,32.158489921115638,32.181563479421165,32.220049846225066,32.27399331967635,32.343453118814253,32.428500389935586,32.529214096015906,32.645675638361595,32.777962113331505,32.926138278542737,33.0902476887197,33.270304180672333,33.466286009371018,33.678136322906553,33.905774764147139,34.149124784669461,34.408158618178653,34.682956385089973,34.973768762072716,35.281067151846102
1531,32.155994715211172,32.163684900230734,32.186764623215097,32.225261002666294,32.279217927917195,32.348694014389494,32.433759581659423,32.534492513325411,32.6509728586393,32.783276100402666,32.931465202839064,33.095581960940976,33.275638905653409,33.471614118267638,33.683452596499578,33.911078732810054,34.154424055941888,34.41347166524919,34.688313523306597,34.979210275549967,35.286638413097343
1532,32.16118901748311,32.168881265732558,32.19196710031467,32.230473400840715,32.284443643341945,32.353935833842712,32.439019459062756,32.539771318756706,32.656270111375385,32.788589720470412,32.936791355711328,33.100915129919464,33.280972394799313,33.476941226954899,33.688768645652509,33.916383890085079,34.159726493360381,34.41879011687805,34.693678064137671,34.984660399711416,35.292218319507633
1533,32.166384711764223,32.174079005651933,32.197170898122046,32.235687027135818,32.289670451016939,32.359178560795975,32.444280004592102,32.545050494628306,32.661567381212443,32.793902965159141,32.94211674319493,33.106247225705197,33.28630471096281,33.482267433142987,33.694084591108968,33.921690350327161,34.165032163212402,34.424113953547113,34.699049889282257,34.990118941974849,35.297806660155551
1534,32.171581786154256,32.179278107878211,32.202376003904732,32.240901867821599,32.294898335929247,32.364422178872253,32.449541200852387,32.550330023698564,32.666864653676313,32.799215827546142,32.947441373268937,33.11157828026694,33.291635917820869,33.487592832925479,33.699400548749061,33.926998220549031,34.170341124705871,34.42944315262811,34.704428883763043,34.995585718791759,35.303403234942813
1535,32.176780228611065,32.184478560161025,32.207582404798458,32.246117909055528,32.300127282996264,32.369666671712643,32.454803030633755,32.555609889201882,32.672161915208562,32.80452830215895,32.952765255773649,33.116908327303307,33.296966079621562,33.492917520603683,33.7047166296828,33.932307600872988,34.175653430621665,34.434777688854489,34.709814935861708,35.001060555015272,35.30900785375853
1536,32.181980026952097,32.189680350111985,32.212790087810056,32.251335136888372,32.305357277075984,32.374912022993826,32.460065476938944,32.560890074882593,32.677459153192864,32.809840384963934,32.95808840232192,33.122237402059,33.302295260954288,33.498241588546591,33.710032940363497,33.937618584959004,34.180969127900319,34.440117534727811,34.715207937043459,35.006543283327112,35.314620335730993
1537,32.187181168855972,32.194883465206807,32.217999039821095,32.256553537270321,32.31058830297809,32.380158216446596,32.465328523010214,32.566170565026354,32.682756355975243,32.815152073345729,32.963410826204964,33.127565541149401,33.307623526547218,33.503565127085345,33.715349582717394,33.942931260406027,34.186288258162371,34.445462660861281,34.720607781872907,35.012033743724174,35.320240508565249
1538,32.192383641864538,32.200087892787728,32.223209247591612,32.261773096057702,32.315820345475508,32.385405235874593,32.470592152355941,32.571451344489553,32.688053512880465,32.820463366082429,32.968732542296607,33.132892782390705,33.312950941079116,33.508888224425249,33.720666654279455,33.948245709136728,34.191610858194501,34.450813036292622,34.726014367927348,35.017531783035459,35.325868207923705
1539,32.197587433385202,32.205293620066321,32.228420697764562,32.26699379902054,32.321053389316994,32.390653065173794,32.475856348776304,32.57673239872441,32.693350614219682,32.82577426331023,32.974053566953714,33.138219164643715,33.318277569025568,33.514210966597133,33.725984248342122,33.953562007744331,34.196936960357341,34.45616862872803,34.731427595704488,35.023037254508225,35.3315032769043
1540,32.202792530693451,32.210500634126468,32.233633376870522,32.272215631850322,32.326287419240032,32.395901688351508,32.481121096387923,32.58201371380229,32.698647651296326,32.831084766488132,32.97937391792,33.14354472766378,33.323603474509582,33.519533437407198,33.731302454097012,33.958880227831777,34.202266592990121,34.461529404788166,34.736847368534256,35.028550017396782,35.337145565520331
1541,32.207998920935822,32.215708921928048,32.23884727133288,32.277438580168436,32.331522419984033,32.401151089546033,32.486386379647435,32.58729527643365,32.703944616406297,32.836394878356977,32.984693614228675,33.148869511960058,33.328928721174179,33.524855718411999,33.736621356784724,33.964200436325775,34.207599780762976,34.46689533020762,34.742273592486526,35.034069936598492,35.342794930246733
1542,32.21320659113325,32.220918470310622,32.24406236747356,32.282662629535295,32.336758376304303,32.406401253045566,32.491652183373553,32.592577073984579,32.709241502833322,32.84170460289392,32.990012676106616,33.154193558665767,33.334253372073462,33.530177888909819,33.741941037845301,33.969522695767559,34.212936544990995,34.472266370004121,34.747706176279586,35.039596882323664,35.348451233612678
1543,32.218415528184629,32.226129265997677,32.249278651518949,32.287887765459388,32.341995272985869,32.411652163307402,32.496918492768636,32.597859094492485,32.71453830484338,32.847013945267442,32.995331124879712,33.159516909410812,33.339577489566366,33.53550002593294,33.747261575066226,33.974847064599111,34.218276903943931,34.477642488646453,34.753145031190094,35.045130729769063,35.354114343798088
1544,32.223625718870949,32.231341295601332,32.254496109606599,32.293113973407337,32.347233094858005,32.416903804976613,32.502185293437854,32.603141326676614,32.719835017671734,32.852322911786253,33.000648982880627,33.164839606210641,33.344901135237926,33.540822204264934,33.75258304273185,33.980173597414648,34.223620873097289,34.483023650175383,34.758590070963514,35.050671358843942,35.35978413430189
1545,32.228837149859714,32.236554545627641,32.259714727792364,32.298341238814487,32.352471826808831,32.422156162903967,32.507452571406297,32.608423759945033,32.725131637506678,32.857631509847295,33.005966273361103,33.1701616913655,33.350224369833249,33.546144496464493,33.75790551176636,33.985502345192792,34.228968465360595,34.488409818311219,34.76404121172893,35.056218653916368,35.365460483635651
1546,32.23404980771025,32.241769002482059,32.264934492057911,32.303569547095357,32.357711453799809,32.427409222163355,32.512720313135134,32.613706384400764,32.730428161472773,32.862939747885065,33.011283020406914,33.175483207362774,33.355547253192832,33.551466972887873,33.763229049873061,33.990833355524899,34.23431969130354,34.493800956561699,34.769498371915489,35.06177250356204,35.371143275019733
1547,32.239263678878459,32.246984652475163,32.270155388318337,32.308798883654468,32.36295196088026,32.432662968069089,32.517988505537211,32.618989190846627,32.735724587612509,32.868247635319314,33.016599248853254,33.18080419678315,33.360869844194838,33.556789701717925,33.76855372167423,33.996166672834462,34.239674559366755,34.499197028317404,34.774961472169075,35.067332800326767,35.376832396098223
1548,32.244478749723008,32.252201481829516,32.275377402430955,32.314029233898033,32.368193333201837,32.437917386191252,32.52325713598804,32.624272170783101,32.741020914861224,32.873555182501818,33.021914984209992,33.186124702228355,33.366192200722786,33.562112749006957,33.773879588839101,34.001502338557479,34.245033076023319,34.504597996915678,34.780430435276436,35.07289944053408,35.38252773871168
1549,32.249695006511608,32.25741947668638,32.280600520203713,32.319260583245132,32.373435556032774,32.443172462370924,32.528526192337303,32.629555316408165,32.746317143024775,32.87886240066495,33.027230252585788,33.191444766243485,33.371514379624891,33.567436178713351,33.779206710213188,34.006840391333284,34.250395245955161,34.510003825715081,34.785905186087909,35.078472324079762,35.38822919865266
1550,32.254912435427542,32.262638623113013,32.285824727404446,32.324492917139438,32.378678614771736,32.448428182734247,32.533795662917896,32.634838620612783,32.751613272753417,32.884169301870131,33.032545080618434,33.196764431252092,33.376836436688755,33.572760052746752,33.784535141940367,34.012180867171274,34.255761072198837,34.515414478149943,34.791385651444905,35.084051354254676,35.393936675457695
1551,32.260131022576182,32.267858907109762,32.291050009769648,32.329726221060682,32.383922494961993,32.453684533707111,32.539065536556194,32.640122076978763,32.756909305517496,32.889475898955972,33.037859495401626,33.202083739484642,33.38215842660825,33.578084431008953,33.789864937588909,34.017523799630396,34.261130556307485,34.520829917795446,34.796871760104828,35.089636437552556,35.399650072179867
1552,32.265350753993573,32.27308031461915,32.296276353015024,32.334960480536985,32.389167182304149,32.458941502025283,32.544335802573968,32.645405679766036,32.762205243575579,32.894782205489079,33.043173524430799,33.207402732941127,33.387480402986533,33.583409371451047,33.795196148254611,34.022869219936396,34.266503698437837,34.526250108386847,34.802363442679734,35.09522748354803,35.405369295250573
1553,32.270571615653154,32.278302831533267,32.301503742844588,32.340195681156146,32.394412662669673,32.464199074747853,32.549606450797121,32.650689423908787,32.767501089949697,32.900088235714328,33.048487195534598,33.212721453325273,33.392802418307362,33.588734930114114,33.800528822680626,34.02821715715119,34.271880497502472,34.531675013879962,34.807860631564623,35.10082440471421,35.411094254263993
1554,32.27579359347461,32.28352644370306,32.306732164961261,32.345431808577771,32.399658922113225,32.469457239266667,32.554877471556743,32.655973305002178,32.772796848393646,32.905394004507116,33.053800536823132,33.218039942009625,33.398124523939202,33.594061161185131,33.805863007357246,34.033567638286186,34.277260951254213,34.537104598469924,34.81336326087785,35.10642711630387,35.416824861842208
1555,32.281016673332736,32.288751136947695,32.311961605077308,32.350668848544807,32.404905946883943,32.474715983314432,32.560148855689533,32.661257319289767,32.778092523363959,32.910699527329385,33.059113576639049,33.223358239999783,33.403446770134288,33.599388117045571,33.811198746617364,34.038920688418195,34.282645056378541,34.542538826618006,34.818871266403391,35.112035536224667,35.422561033491462
1556,32.2862408410654,32.293976897062969,32.317192048924198,32.355906786895133,32.410153723438171,32.479975294975837,32.565420594542275,32.666541463654518,32.783388119991486,32.9160048201813,33.064426343498546,33.228676387885926,33.408769206018206,33.604715848320531,33.816536082744769,34.044276330826783,34.288032808607269,34.547977663088361,34.824384585526083,35.117649584893165,35.428302687432883
1557,32.291466082483673,32.299203709831808,32.322423482263694,32.361145609572908,32.415402238449111,32.485235162692405,32.570692679967429,32.67182573560148,32.788683644050458,32.921309899561599,33.069738866054479,33.233994425824314,33.414091879603944,33.61004440393048,33.821875056054225,34.049634587079026,34.293424202777466,34.553421072956574,34.829903157182571,35.123269185142938,35.434049744499518
1558,32.296692383380936,32.30443156103366,32.327655890898185,32.366385302639472,32.42065147881717,32.490495575269222,32.5759651043223,32.677110133244618,32.793979101930049,32.926614782425858,33.075051173051385,33.23931239350631,33.419414837794569,33.61537383114009,33.827215704981903,34.054995477135819,34.29881923291358,34.558869021630748,34.835426921806416,35.128894262110649,35.439802128005894
1559,32.301919729541979,32.309660436454031,32.332889260681156,32.371625852284836,32.425901431681062,32.495756521882875,32.581237860468903,32.682394655293429,32.799274500604625,32.931919486142718,33.080363293277927,33.24463033012541,33.424738126385407,33.620704175608545,33.832558066178898,34.060359019461856,34.304217892312906,34.564321474873907,34.840955821271564,35.134524743117936,35.445559763612891
1560,32.307148106753772,32.314890321895426,32.338123577527966,32.376867244837641,32.431152084424944,32.501017992082708,32.586510941766115,32.687679301033953,32.804569847604803,32.937224028461117,33.085675255540622,33.2499482743698,33.43006179008453,33.626035481438109,33.83790217457711,34.065725231088898,34.309620173584591,34.569778398803763,34.84648979885101,35.140160557601256,35.451322579250629
1561,32.312377500816019,32.320121203188016,32.343358827427586,32.382109466777074,32.436403424689395,32.506279975797867,32.591784342068642,32.692964070315114,32.809865150988564,32.942528427468574,33.090987088620111,33.255266264393498,33.435385872517507,33.631367791224477,33.843248063479884,34.071094127722212,34.315026068733033,34.57523975991721,34.852028795806682,35.145799942225722,35.456988348484217
1562,32.317607897547042,32.325353066195717,32.348594996448263,32.387352504737919,32.441655440373651,32.511542463334386,32.597058055716111,32.698248963528727,32.815160419314239,32.947832701563186,33.096298821250727,33.260584337813242,33.440710416247335,33.636701146096883,33.848595764611247,34.076465723780586,34.320435569162107,34.580705521184733,34.857572279372462,35.151428400036494,35.462575955918986
1563,32.322839282800786,32.330585896833284,32.353832070754777,32.392596345527068,32.44690811964999,32.516805445384072,32.602332077532779,32.703533981595974,32.820455661612087,32.953136869413768,33.101610482080019,33.265902531684134,33.446035462784174,33.642035585773421,33.853945308212346,34.081840032501646,34.325848664181905,34.58617554129723,34.863117677752818,35.157036267318198,35.468115205974556
1564,32.328071642472331,32.335819681071854,32.359070036614078,32.397840976128435,32.452161450966088,32.522068913022245,32.607606402817623,32.708819125948615,32.825750887357685,32.958440949930804,33.106922099645864,33.27122088249309,33.451361052602316,33.647371148600939,33.859296723088868,34.087217065519866,34.331265320812534,34.591649299663473,34.868661580498461,35.162622089172842,35.473616684088647
1565,32.333304962509516,32.341054404950498,32.364308880406412,32.403086383712854,32.457415423051977,32.527332857708792,32.612881027337266,32.714104398511672,32.831046106445861,32.96374496223612,33.11223370235156,33.2765394261503,33.456687225157303,33.652707871598388,33.864650036556377,34.0925968288566,34.33668542899953,34.59712587323029,34.874201287460558,35.168186439635626,35.479086478723907
1566,32.338539228923068,32.346290054586419,32.36954858863507,32.408332555646439,32.462670024925295,32.532597271288175,32.618155947317703,32.719389801686127,32.836341329165016,32.969048925634532,33.117545318442772,33.281858197982466,33.462014018902941,33.658045790471057,33.870005273659416,34.097979311396593,34.342108759647182,34.602604160098572,34.879734940795963,35.173730366644023,35.484528676117471
1567,32.34377442779698,32.351526616185069,32.374789147936035,32.413579479498679,32.467925245896083,32.537862145988626,32.623431159435945,32.724675338331359,32.841636566172461,32.97435285958656,33.122856975986835,33.287177232727501,33.467341471302419,33.663384939474867,33.875362454711684,34.103364470183408,34.347534969419982,34.60808306415629,34.885261311925632,35.179254982114372,35.489946259467956
1568,32.349010545298597,32.356764076050112,32.380030545087202,32.418827143050095,32.473181075571034,32.543127474420587,32.628706660810856,32.729961011747911,32.846931828470375,32.979656783683104,33.128168702853422,33.29249656452938,33.472669618808681,33.66872535090058,33.880721591176133,34.108752220719474,34.352963633503798,34.613561585952539,34.89077960318312,35.184761342210606,35.49534152692047
1569,32.354247567688603,32.362002420593271,32.385272767017497,32.424075534299249,32.478437503857108,32.548393249575071,32.633982448993905,32.735246825660184,32.852227127382577,32.984960717621078,33.1334805266969,33.297816226927701,33.477998496758502,33.674067054024697,33.88608268117148,34.114142435238826,34.358394282427064,34.619038853430595,34.896289307789083,35.190250415276545,35.500716316372639
1570,32.359485481330992,32.367241636343927,32.390515800815542,32.42932464146967,32.483694520964661,32.55365946482096,32.639258521959491,32.740532784199324,32.857522474532018,32.99026468118057,33.138792474938789,33.303136252828487,33.483328139118314,33.679410073624766,33.891445705980026,34.119534947174422,34.36382643204395,34.62451412313758,34.90179011659589,35.195723078409003,35.506072139052769
1571,32.364724272702688,32.372481709958656,32.395759633738187,32.434574453016019,32.48895211740998,32.558926113902167,32.644534878095072,32.745818891886323,32.862817881819169,32.995568694202916,33.144104574746791,33.308456674437309,33.488658578054626,33.684754428346061,33.89681062821721,34.124929558788267,34.369259604621419,34.629986769281608,34.907281855907001,35.201180123801528,35.511410264508221
1572,32.369963928403173,32.37772262823033,32.401004253218495,32.439824957630073,32.494210284017434,32.564193190934169,32.649811516190994,32.751105153615406,32.868113361400944,33.000872776568926,33.149416853005853,33.313777523135933,33.493989843352907,33.690100129224021,33.902177391681917,34.130326049692933,34.37469334209036,34.635456268757736,34.91276444617732,35.20662226765976,35.516731777293174
1573,32.375204435163738,32.382964378097128,32.40624964687369,32.445076144246073,32.499469011921029,32.569460690400241,32.655088435430351,32.756391574637476,32.87340892567029,33.006176948175913,33.154729336273121,33.319098829294745,33.49932196175623,33.695447178578874,33.907545922479407,34.135724184793766,34.380127213703616,34.640922186227762,34.918237873520276,35.212050159196167,35.522037617058736
1574,32.380445779856529,32.388206946651266,32.41149580251242,32.4503280020459,32.504728292565567,32.574728607147243,32.660365635378433,32.761678160544079,32.878704587235838,33.011481228911251,33.160042050712086,33.324420622025904,33.504654956301046,33.700795569358263,33.912916130973393,34.141123721136921,34.385560819795401,34.646384160354252,34.923702170135719,35.217464388951079,35.52732860735896
1575,32.385687949503513,32.393450321147292,32.416742708142024,32.455580520463457,32.509988117707366,32.579996936381086,32.665643115972323,32.766964917251229,32.88400035890124,33.01678563861956,33.165355022000277,33.329742928890802,33.509988845720827,33.706145284948029,33.918287914199134,34.146524413388676,34.390993792853102,34.651841891969049,34.929157400788711,35.222865496028419,35.532605476860866
1576,32.390930931284778,32.39869448901041,32.421990351975083,32.460833689189052,32.515248479414502,32.585265673661958,32.670920877510312,32.772251850983452,32.889296253642797,33.022090197061559,33.170668275211483,33.33506577558817,33.5153236439713,33.711496299360718,33.9236611583651,34.151926018071094,34.396425797173528,34.657295134022654,34.934603652942592,35.228253974375001,35.537868875790949
1577,32.396174712547008,32.403939437843967,32.427238722435987,32.466087498172996,32.520509370066783,32.590534814899065,32.676198920641184,32.777538968257502,32.894592284585052,33.027394923862417,33.175981834677344,33.340389185644021,33.520659359890494,33.716848577711779,33.929035741300808,34.157328296763701,34.401856527552077,34.662743683072371,34.940041029702741,35.23363027820416,35.543119388678193
1578,32.401419280811275,32.409185155437271,32.432487808166755,32.471341937629155,32.525770782355103,32.595804356345369,32.681477246353275,32.782826275865318,32.899888464972477,33.032699838448735,33.181295723830594,33.345713180123624,33.525995997014974,33.722202076929726,33.934411534717263,34.162731018319604,34.407285707374221,34.668187372325946,34.945469644886842,35.238994826569915,35.548357544170635
1579,32.406664623780721,32.414431629772409,32.437737598032783,32.476596998037742,32.531032709280808,32.601074294591754,32.686755855963547,32.788113780856165,32.905184808136902,33.038004959974558,33.186609965041264,33.351037777382366,33.531333553530509,33.727556746582323,33.939788406209892,34.168133960410728,34.412713086553666,34.673626065797642,34.950889619270988,35.244348007326934,35.553583823107601
1580,32.411910729347859,32.419678849031321,32.442988081128036,32.481852670148101,32.536295144154231,32.606344626561174,32.69203475110568,32.7934014905168,32.910481327459706,33.043310307237903,33.191924579452277,33.356362992868299,33.536672022348824,33.732912529766274,33.945166220976631,34.173536910502534,34.418138439402469,34.679059653477516,34.956301077876034,35.249690180514854,35.558798665005234
1581,32.417157585601558,32.424926801602084,32.448239246780055,32.487108944980804,32.541558080593362,32.611615349502443,32.697313933718291,32.798689412350249,32.915778036329087,33.048615898590988,33.197239586821603,33.361688838971638,33.542011391270705,33.738269364010819,33.950544843307391,34.178939666453701,34.423561562516845,34.68448804722447,34.961704147909778,35.255021681327861,35.564002473488422
1582,32.422405180833557,32.430175476085125,32.453491084554322,32.492365813829537,32.546821512521859,32.616886460983395,32.702593406031767,32.803977554051492,32.921074948092091,33.053921751844946,33.202555005376638,33.367015324933497,33.54735164324083,33.743627182170009,33.955924137794064,34.184342036727614,34.428982272754375,34.689911177449289,34.967098957345577,35.260342822624267,35.569195620643498
1583,32.427653503544931,32.435424861298863,32.45874358425862,32.49762326826265,32.552085434166862,32.622157958883911,32.707873170554258,32.809265923481128,32.926372076001513,33.059227884173161,33.207870851686579,33.372342456807012,33.552692756657791,33.748985913265031,33.961303970313587,34.189743840386399,34.434400405363718,34.695328990323091,34.972485633842787,35.265653897118085,35.574378450710448
1584,32.432902542451735,32.440674946285149,32.463996735946658,32.502881300124223,32.557349840056226,32.62742984138827,32.713153230056491,32.814554528635789,32.931669433159826,33.064534312016633,33.213187140555753,33.377670237464606,33.558034705717084,33.754345483260657,33.966684208822429,34.195144906940257,34.439815812261799,34.700741445404866,34.977864303927134,35.27095517930853,35.579551283243163
1585,32.438152286490812,32.445925720314328,32.469250529921645,32.508139901534861,32.562614725015791,32.632702106976765,32.718433587555054,32.819843377616323,32.936967032460203,33.069841050993112,33.218503884938237,33.382998666643971,33.563377460774852,33.759705815779391,33.972064723991707,34.200545076077823,34.44522836044154,34.706148513634723,34.983235092396235,35.276246927178256,35.584714415803084
1586,32.443402724824949,32.451177172889878,32.47450495673926,32.513399064892127,32.567880084165616,32.637974754416788,32.723714246294364,32.82513247859341,32.94226488652631,33.075148115811849,33.22382109587361,33.388327741028505,33.568720988724309,33.765066832748552,33.977445389696875,34.205944197305826,34.450637930519456,34.711550175647865,34.988598121900175,35.281529383684166,35.589868126257045
1587,32.448653846847535,32.456429293752841,32.479760007210558,32.518658782870531,32.573145912916267,32.643247782752908,32.728995209726989,32.830421839771013,32.947563007651361,33.080455520196445,33.229138782447038,33.393657454360003,33.574065253373391,33.770428454970961,33.9828260833713,34.211342129527999,34.456044415432807,34.716946420374406,34.993953512660745,35.28680277805686,35.595012674727862
1588,32.453905642187401,32.461682072885502,32.48501567240401,32.523919048421142,32.578412206964195,32.648521191296012,32.734276481492174,32.835711469347807,32.952861407738091,33.085763276816849,33.234456951770277,33.398987797573596,33.579410215813212,33.775790602624284,33.988206686258437,34.216738740598906,34.461447719267746,34.722337243848351,34.999301382276407,35.292067326952797,35.600148305292166
1589,32.45915810071255,32.466935500515326,32.490271943647798,32.529179854770803,32.58367896228669,32.653794979611646,32.739558065393311,32.841001375477873,32.958160098241123,33.091071397231516,33.239775608981766,33.404318758947461,33.584755834770107,33.781153195698529,33.993587083590754,34.222133906872955,34.466847756196245,34.727722648173796,35.004641845586711,35.297323235492016,35.605275247485423
1590,32.464411212534237,32.472189567117908,32.495528812531184,32.534441195420818,32.588946175136144,32.659069147506905,32.744839965373536,32.846291566230306,32.963459090111932,33.096379891839973,33.245094757263473,33.409650324263346,33.590102066939181,33.786516154373864,33.998967164701078,34.227527512748665,34.472244449517497,34.733102640643736,35.009975014594502,35.302570698182258,35.610393717617697
1591,32.469664968010207,32.477444263419983,32.500786270905792,32.539703064145257,32.594213842033653,32.664343695017031,32.750122185490632,32.851582049549172,32.9687583937475,33.10168876984482,33.250414397872255,33.414982476974757,33.595448867300369,33.791879399349035,34.004346823079814,34.232919450214482,34.477637730789212,34.738477232982795,35.015300998431691,35.307809899750133,35.615503919935314
1592,32.474919357747794,32.482699580401892,32.506044310886473,32.54496545498877,32.59948195976196,32.669618622390324,32.75540472989087,32.856872833213266,32.974058018942905,33.106998039223953,33.255734530184284,33.420315198379861,33.600796189413167,33.79724285211929,34.009725956384578,34.238309618403648,34.48302753904801,34.743846440701951,35.020619903358735,35.313041015884529,35.620606047644024
1593,32.480174372606577,32.487955509299681,32.511302924851535,32.550228362263738,32.604750525357538,32.674893930072507,32.760687602781807,32.862163924797045,32.979357974848789,33.112307706713196,33.261055151752281,33.425648467795796,33.606143985686963,33.802606435204744,34.015104466408602,34.243697923166074,34.488413820116854,34.749210282553882,35.025931832790206,35.318264213897741,35.625700283804406
1594,32.485430003700671,32.49321204160681,32.516562105442759,32.555491780546937,32.610019536101944,32.680169618689895,32.765970808404781,32.867455331632662,32.984658269934144,33.117617777798657,33.266376258371423,33.430982262731035,33.611492207627869,33.807970072340034,34.020482259023105,34.249084276660213,34.493796525981708,34.754568780061682,35.031236887335851,35.323479653323645,35.630786802132839
1595,32.490686242400585,32.498469169075392,32.521821845564801,32.560755704675643,32.615288989512479,32.685445689032079,32.771254351007187,32.872747060773868,32.989958911953948,33.12292825671674,33.271697844151646,33.43631655905299,33.616840806064232,33.813333688632468,34.02585924410203,34.254468596964642,34.499175614224399,34.759921957104268,35.036535164851443,35.328687486464617,35.635865767726827
1596,32.495943080334747,32.503726883717178,32.527082138384209,32.566020129743116,32.62055888333213,32.690722142033735,32.776538234814851,32.878039118961759,32.995259907921806,33.128239146461468,33.277019901594628,33.441651331150638,33.622189731352336,33.818697210692797,34.031235335431944,34.259850807708503,34.504551047506808,34.765269839552694,35.041826760498367,35.333887858892211,35.640937337722235
1597,32.501200509390522,32.508985177803929,32.532342977327851,32.571285051093405,32.625829215518628,32.69599897875581,32.781822464004698,32.883331512593479,33.00056126408905,33.133550448800371,33.282342421675757,33.446986552089399,33.627538933557005,33.824060566732783,34.036610450605153,34.265230837726293,34.509922793118562,34.770612454969076,35.047111766813188,35.33908090988993,35.646001661865711
1598,32.506458521715004,32.5142440438675,32.537604356081012,32.576550464315787,32.631099984233238,32.701276200366856,32.787107042677867,32.888624247691951,33.005862985925759,33.138862164292455,33.287665393926687,33.45232219376296,33.632888362624854,33.829423686654138,34.041984510909707,34.270608620720942,34.51529082254234,34.775949832321473,35.052390273778535,35.344266772880296,35.651058883064927
1599,32.511717109715185,32.519503474699462,32.54286626858481,32.581816365238339,32.63637118782863,32.706553808123267,32.792391974833599,32.893917329879578,33.011165078109684,33.144174292316002,33.292988806522246,33.457658227034138,33.638237968527342,33.834786502100137,34.047357441204198,34.275984094958993,34.520655111091472,34.781282001764659,35.057662368901418,35.349445575787591,35.656109137847103
1600,32.516976266057611,32.524763463349935,32.548128709032987,32.587082749921031,32.641642824836168,32.711831803349931,32.797677264344095,32.899210764354358,33.016467544518768,33.149486831099154,33.298312646366142,33.462994621868035,33.643587701391013,33.840148946497216,34.052729169794212,34.281357202981773,34.526015637570623,34.78660899443733,35.062928137289326,35.354617441381293,35.661152556791883
1601,32.522235983667919,32.530024003126513,32.553391671868575,32.592349614648278,32.64691489395306,32.71711018742068,32.802962914930085,32.904504555867767,33.021770388226358,33.154799777752942,33.303636899176638,33.468331347460186,33.648937511618342,33.845510955086986,34.058099628306707,34.286727891328084,34.531372383957624,34.791930842277139,35.068187661727549,35.359782487599965,35.666189264937302
1602,32.527496255729474,32.535285087592143,32.55865515177949,32.597616955920756,32.652187394028559,32.722388961738822,32.808248930138163,32.909798708707207,33.027073611503596,33.160113128310904,33.308961549571777,33.473668372351163,33.654287349982475,33.850872464933005,34.063468751561025,34.292096110287723,34.536725335139657,34.797247577879702,35.073441022756775,35.364940827827724,35.671219382120597
1603,32.53275707568168,32.54054671056258,32.563919143693795,32.60288477044687,32.657460324050369,32.727668127717934,32.813535313319463,32.915093226680327,33.032377215823331,33.165426877768056,33.314286581150839,33.479005664535492,33.659637167717918,33.856233414928603,34.068836477446141,34.297461813662494,34.542074478653973,34.802559234357453,35.078688298747224,35.370092571166509,35.676243023314832
1604,32.538018437217822,32.545808866103783,32.569183642774682,32.608153055133684,32.662733683130526,32.732947686763374,32.818822067609396,32.920388113101652,33.037681201866683,33.170741020122236,33.319611976574976,33.484343191564285,33.664986916600185,33.861593745793911,34.07420274679626,34.302824958541414,34.547419804453845,34.807865845219538,35.083929565973598,35.3752378226853,35.681260298934212
1605,32.543280334282251,32.551071548528,32.574448644414389,32.613421807077351,32.668007470491226,32.738227640253989,32.824109195909614,32.925683370783069,33.042985569534736,33.176055548417857,33.32493771764446,33.489680920636296,33.670336549008425,33.866953400059991,34.079567503269139,34.308185505098706,34.552761304708127,34.813167444275891,35.089164898687308,35.380376683639845,35.68627131509956
1606,32.548542761067871,32.556334752390661,32.579714144228745,32.618691023553787,32.67328168545076,32.743507989523756,32.829396700868863,32.930979002022283,33.048290317957296,33.181370454788066,33.330263785377255,33.495018818694952,33.675686017997506,33.872312322061099,34.084930693224258,34.313543416379417,34.558098973580996,34.818464065526157,35.094394369189551,35.385509251709678,35.691276173927754
1607,32.553805712011574,32.561598472485002,32.584980138049559,32.623960702007629,32.678556327408813,32.748788735845373,32.834684584869855,32.936275008601434,33.053595445513217,33.186685730502518,33.335590160077885,33.500356852495408,33.681035277327986,33.877670457895682,34.090292265608987,34.318898658143439,34.563432807097051,34.823755743110162,35.099618047898204,35.390635621158751,35.696274973719724
1608,32.559069181790228,32.566862703837401,32.590246621917736,32.629230840042034,32.683831395832563,32.754069880413844,32.839972850014618,32.941571391782269,33.058900949845658,33.192001366010651,33.340916821407248,33.505694988681725,33.68638428151413,33.883027755404733,34.095652171846723,34.324251198687342,34.568762802967875,34.829042511227534,35.104836003414235,35.39575588303024,35.701267809195024
1609,32.564333165316633,32.572127441702492,32.595513592076252,32.634501435408225,32.689106890242336,32.759351424329779,32.845261498109984,32.94686815230191,33.064206827878657,33.1973173509869,33.346243748453148,33.511033193862126,33.691732985866949,33.888384164143829,34.101010365722523,34.32960100867156,34.574088960430423,34.834324404067864,35.110048302589519,35.400870125330727,35.706254771711563
1610,32.569597657733247,32.577392681556049,32.60078104496101,32.639772485993696,32.694382810197702,32.764633368586146,32.850550530660328,32.952165290378865,33.069513075842607,33.202633674376116,33.351570919785715,33.516371434653678,33.697081346502671,33.893739635337752,34.106366803286797,34.334948061002002,34.579411280152193,34.83960145578245,35.115255010583397,35.40597843315318,35.71123594940741
1611,32.574862654406772,32.582658419089199,32.606048977193076,32.645043989811533,32.699659155284181,32.769915714053887,32.855839948856513,32.957462805712538,33.074819689292653,33.207950324435906,33.356898313519821,33.521709677745967,33.702429320376091,33.89909412185137,34.111721442751566,34.340292330676291,34.584729764088962,34.844873700424266,35.120456190924664,35.411080888842498,35.716211427397674
1612,32.580128150922732,32.587924650202069,32.611317385570324,32.650315944989273,32.704935925099285,32.775198461467589,32.861129753566075,32.962760697485322,33.080126663130393,33.213267288781338,33.362225907375503,33.527047889957132,33.707776865302684,33.904447578151967,34.117074244388256,34.345633794644968,34.590044415364012,34.850141171903005,35.125651905571878,35.416177572142047,35.7211812879465
1613,32.585394143077721,32.59319137099547,32.616586267057585,32.655588349757295,32.71021311924018,32.780481611415283,32.866419945330001,32.968058964371828,33.085433991629422,33.218584554425419,33.367553678724029,33.532386038267688,33.713123939960248,33.909799960265815,34.122425170443194,34.350972431711007,34.595355238189832,34.855403903964039,35.130842214963863,35.421268560299531,35.72614561058819
1614,32.590660626872513,32.598458577763466,32.621855618777651,32.660861202437601,32.715490737291219,32.785765164327103,32.871710524356864,32.973357604544795,33.090741668458456,33.223902107819988,33.372881604638458,33.537724089863175,33.718470503899773,33.915151225738697,34.12777418504777,34.356308222414256,34.600662237771878,34.860661930156695,35.136027178073235,35.426353928189236,35.731104472269365
1615,32.595927598506144,32.603726266986719,32.627125438002636,32.666134501432694,32.720768778810445,32.791049120461714,32.877001490514225,32.978656615678268,33.096049686703218,33.229219934899149,33.378209661951722,33.543062012187285,33.723816517565794,33.920501333598978,34.133121254119381,34.361641148897093,34.605965420191588,34.865915283790599,35.141206852465217,35.431433748454779,35.736057947516436
1616,32.601195054365597,32.608994435321939,32.632395722142753,32.671408245214209,32.726047243320046,32.796333479901897,32.882292843333417,32.983955994964667,33.101358038894965,33.234538021112719,33.383537827283156,33.548399772948258,33.729161942273997,33.925850244309146,34.138466345301275,34.366971194852802,34.611264792380616,34.871163997943299,35.146381294334347,35.436508091563496,35.741006108493231
1617,32.606462991020059,32.614263079595368,32.63766646873794,32.676682432311843,32.731326130292892,32.801618242540989,32.887584582000422,32.989255739116985,33.106666717031487,33.239856351469179,33.388866077096978,33.553737340173555,33.734506740234039,33.931197919730572,34.143809427863197,34.372298345388167,34.616560361999639,34.876408105413745,35.151550558563571,35.441577025952661,35.745949025173076
1618,32.611731405210477,32.619532196792065,32.642937675446717,32.681957061302327,32.736605439143602,32.806903408079137,32.892876705361154,32.994555844385744,33.111975712604547,33.2451749105673,33.394194387727055,33.559074682215403,33.739850874528194,33.936544323077641,34.149150472643825,34.377622586973025,34.621852137411906,34.881647638727998,35.156714698759728,35.446640618083805,35.750886765396942
1619,32.617000293841556,32.624801784047627,32.648209340036729,32.687232130798975,32.741885169218101,32.812188976015349,32.898169211919779,32.999856306567956,33.117285016622574,33.250493682631571,33.399522735417229,33.564411767781756,33.745194309114588,33.941889418880308,34.154489451974193,34.382943907345656,34.627140127606381,34.886882630116077,35.16187376729993,35.451698932544765,35.755819394991235
1620,32.622269653973355,32.630071838639267,32.65348146037465,32.692507639440343,32.747165319782248,32.817474945638992,32.903462099837448,33.005157121017902,33.12259461963616,33.255812651550016,33.404851096361817,33.569748565963273,33.750537008823983,33.947233172940983,34.159826339600393,34.388262295424205,34.632424342131181,34.892113111496407,35.167027815378084,35.456752032143555,35.760746977874653
1621,32.627539482811358,32.635342357975681,32.658754034416425,32.697783585881595,32.752445890016091,32.822761316029386,32.908755366939886,33.010458282663393,33.127904511761351,33.261131800898845,33.41017944672366,33.575085046235785,33.75587893934118,33.952575552295826,34.165161110632795,34.393577741257801,34.637704791061616,34.897339114471542,35.172176895425928,35.461801186003242,35.76574239359109
1622,32.632809777695002,32.640613339585599,32.664027060194982,32.703059968781965,32.757726879002462,32.828048086048177,32.914049010716596,33.015759786015657,33.133214682701379,33.266451113973893,33.415507762666856,33.580421178482375,33.761220067203574,33.957916525183144,34.17049374149056,34.398890235966967,34.642981484970896,34.902560673107793,35.17732139758143,35.466856739561244,35.770792192940625
1623,32.638080536092545,32.645884781112123,32.669300535814052,32.708336786798021,32.763008285721178,32.833335254336852,32.919343028325528,33.021061625184046,33.138525121772751,33.271770573824206,33.420836020388847,33.585756933009733,33.766560359787668,33.963256060992656,34.175824209818593,34.404199771654085,34.648254435982096,34.907777895732487,35.182463165263265,35.471925592771086,35.775875143117737
1624,32.643351755588426,32.651156680300126,32.674574459435604,32.713614038572281,32.76829010904008,32.838622819312803,32.924637416596639,33.026363793888812,33.143835817926131,33.277090163276974,33.426164196141578,33.591092280556751,33.771899785298594,33.968594130235957,34.181152494450671,34.40950634170278,34.653523672166607,34.912991160956174,35.187604639482252,35.477008794281069,35.780983709917948
1625,32.648623433874185,32.656429034987184,32.67984882927086,32.71889172272455,32.773572347708644,32.843910779167551,32.929932172037226,33.031666285475296,33.149146759768868,33.282409864963959,33.431492266254068,33.596427192303182,33.77723831275668,33.973930704509549,34.18647857543889,34.414809943620391,34.658789276565678,34.918201134298315,35.192747754776853,35.482105945844864,35.786113565101125
1626,32.653895568738776,32.661701843093716,32.685123643570449,32.724169837843242,32.778855000351811,32.849199131865191,32.935227290837382,33.036969092927833,33.154457935586485,33.287729661346567,33.436820207153183,33.601761639877083,33.782575911984367,33.979265756479876,34.19180243460174,34.420110587249042,34.664051417146645,34.923408608592254,35.197893845125044,35.487216311666806,35.791261806587443
1627,32.659168158058598,32.6669751026132,32.690398900615044,32.729448382477017,32.784138065464163,32.854487875141196,32.940522768875795,33.04227220888361,33.159769333363684,33.293049534739446,33.44214799538279,33.607095595360882,33.787912553597273,33.984599259975113,34.197124057270386,34.425408305236118,34.669310343331908,34.92861437253196,35.203043795810267,35.492339109936083,35.796426318630218
1628,32.664441199787916,32.672248811602536,32.695674598706056,32.734727355126658,32.789421541404543,32.859777006502078,32.945818601726089,33.0475756256468,33.165080940804529,33.298369467332819,33.447475607621158,33.612429031296941,33.793248209017015,33.989931190347875,34.202443435216885,34.430703159949175,34.674566362652492,34.933819145812663,35.208198184879919,35.497473598333954,35.801605473573666
1629,32.669714691949025,32.67752296817239,32.70095073615655,32.740006754237569,32.794705426391438,32.865066523225344,32.951114784663396,33.052879335202114,33.170392745352146,33.30368944121372,33.452803020697338,33.617761920697035,33.798582850545529,33.995261525219071,34.207760569852468,34.435995244680477,34.679819814501911,34.939023557333314,35.213357382767583,35.502619096975415,35.806797971655527
1630,32.674988632622714,32.682797570477796,32.706227311282433,32.745286578192292,32.79998971849858,32.870356422359997,32.956411312671278,33.058183329228967,33.175704734207919,33.309009438386205,33.4581302116069,33.623094237064301,33.803916451544318,34.000590245530617,34.213075474712141,34.441284680486355,34.685071048734208,34.944228144173458,35.218521619062429,35.50777499082588,35.812002745595024
1631,32.680263019938671,32.688072616708816,32.711504322393814,32.750566825303672,32.805274415651169,32.875646700727643,32.961708180448916,33.063487599114879,33.181016894349696,33.314329440790388,33.46345715752998,33.628425954442584,33.8092489867404,34.005917336707455,34.218388176743531,34.446571610699174,34.690320410693246,34.949433359592881,35.223691026442658,35.512940725136296,35.817218900476902
1632,32.685537852066162,32.69334810508132,32.716781767786735,32.755847493808346,32.810559515622558,32.880937354923809,32.967005382418606,33.068792135969034,33.186329212549687,33.319649430321441,33.468783835854687,33.633757047505235,33.814580432637925,34.011242789703807,34.223698716417481,34.451856194892258,34.695568231701877,34.954639583492622,35.228865670505066,35.518115799209731,35.822445672794927
1633,32.690813127204741,32.698624033828061,32.722059645735037,32.761128581860547,32.815845016031226,32.886228381319697,32.972302912733312,33.074096930635733,33.191641675391665,33.32496938884902,33.474110224211792,33.639087491689295,33.819910767988105,34.016566601792213,34.229007146926804,34.457138603179935,34.700814823580707,34.959847133212399,35.234045569931659,35.52329975987287,35.827682402183036
1634,32.696088843575268,32.703900401189934,32.727337954482593,32.766410087526189,32.821130914338312,32.891519776064513,32.977600765284343,33.079401973707441,33.196954269288369,33.330289298239407,33.479436300524384,33.644417263373505,33.825239974262502,34.021888777019477,34.234313532764737,34.46241901135101,34.706060476084865,34.965056273264871,35.23923071026686,35.528492195632793,35.83292851102027
1635,32.701364999410934,32.709177205407343,32.73261669223583,32.771692008777698,32.826417207845608,32.896811535087799,32.982898933709393,33.084707255537843,33.202266980498479,33.335609140381443,33.484762043075683,33.649746340086388,33.830568036073821,34.02720932634255,34.239617948026613,34.467697596961884,34.711305456012127,34.9702672237607,35.244421053830422,35.53369273150183,35.838183489024544
1636,32.706641592948806,32.714454444712025,32.737895857156602,32.776974343488646,32.831703893693621,32.902103654102248,32.988197411400371,33.090012766254866,33.207579795145243,33.340928897218689,33.490087430594457,33.655074700728683,33.835894941516557,34.032528267498861,34.244920474614531,34.472974536272766,34.71655000746,34.975480167654077,35.249616546694874,35.53890102449374,35.843446881598936
1637,32.711918622421166,32.719732117318856,32.743175447355135,32.782257089429187,32.836990968860341,32.907396128606905,32.993496191511703,33.095318495773896,33.212892699236107,33.346248550788758,33.495412442356631,33.660402325796099,33.841220682404241,34.037845624647794,34.250221200477732,34.478250002011691,34.721794352835943,34.980695256721752,35.254817123560386,35.544116759814237,35.848718280944375
1638,32.717196086047622,32.725010221418238,32.748455460883697,32.787540244261827,32.842278430160327,32.912688953890282,32.998795266968287,33.100624433811305,33.218205678685251,33.351568083270749,33.500737058298121,33.665729197584064,33.846545254399267,34.043161427867531,34.25552021800592,34.483524161775243,34.727038694158921,34.985912616544873,35.260022711400033,35.549339647585519,35.853997318916335
1639,32.722473982026962,32.730288755168395,32.753735895730067,32.792823805537068,32.847566274243768,32.91798212503415,33.004094630474306,33.105930569898938,33.223518719338962,33.356887477040281,33.506061259133247,33.671055300363975,33.851868657044605,34.048475712565342,34.260817622605714,34.488797176921587,34.73228321451753,34.991132350679528,35.265233232127088,35.554569420029665,35.859283661295436
1640,32.727752308529652,32.735567716688301,32.759016749811884,32.798107770690194,32.852854497596375,32.923275636917282,33.009394274521838,33.111236893399408,33.228831807004504,33.362206714730391,33.511385026472936,33.6763806205281,33.857190893717068,34.053788518843469,34.266113511446342,34.494069201833554,34.737528079603088,34.996354544166181,35.270448604569552,35.55980582902442,35.864577003097295
1641,32.733031063690476,32.740847104050658,32.76429802097072,32.803392137037442,32.858143096539109,32.928569484219587,33.014694191400075,33.116543393522967,33.234144927482653,33.367525779298347,33.516708342939303,33.681705146693353,33.862511971498549,34.059099890842255,34.271407982414459,34.499340383545466,34.742773439229822,35.001579266359883,35.275668745840839,35.565048644044275,35.869877064851877
1642,32.738310245601362,32.746126915275283,32.769579706967008,32.808676901773431,32.863432067228651,32.933863661426599,33.019994373205286,33.121850059346038,33.239458066604151,33.372844654095452,33.522031192270163,33.687028869765854,33.867831900993217,34.06440987610479,34.276701133251507,34.504610861580346,34.748019428756663,35.00680657330922,35.280893572391555,35.570297650367543,35.875183589462132
1643,32.743589852304716,32.751407148322777,32.774861805474977,32.813962061968141,32.86872140565783,32.939158162834232,33.025294811851367,33.127156879831574,33.244771210268915,33.378163322937127,33.527353559410663,33.692351782969403,33.873150696109391,34.069718524978136,34.28199306084209,34.509880767928721,34.753266170414001,35.012036509782575,35.28612300081484,35.575552647498974,35.880496339526822
1644,32.74886988178686,32.756687801088475,32.780144314077866,32.819247614564802,32.8740111076565,32.944452982554104,33.030595499081272,33.132463843851262,33.250084344487888,33.383481770172132,33.532675430590658,33.69767388184124,33.878468373814009,34.075025890054405,34.287283860639512,34.515150227153796,34.758513774540589,35.017269110961962,35.291356948423534,35.580813447796537,35.885815095098692
1645,32.754150331971879,32.761968871396661,32.785427230263743,32.824533556377574,32.879301168893001,32.949748114519203,33.035896426479567,33.137770940209514,33.255397455426511,33.388799980749184,33.537996793387435,33.702995164199933,33.883784953870702,34.08033202565543,34.292573626206995,34.520419356585919,34.763762340723758,35.022504403872212,35.296595333670929,35.586079875263941,35.891139651772257
1646,32.75943120071576,32.76725035699527,32.790710551421284,32.829819884090014,32.884591584875366,32.955043552490196,33.041197585485783,33.143078157669237,33.260710529449682,33.394117940278889,33.543317636770944,33.708315630084876,33.889100458567704,34.085636987372027,34.297862448877801,34.525688266587551,34.769011958823945,35.027742408556151,35.301838076436042,35.591351764508012,35.896469819081645
1647,32.764712485800771,32.772532255550615,32.795994274836133,32.835106594253645,32.889882350953762,32.960339290062343,33.046498967409391,33.148385484979386,33.266023553166427,33.399435635090306,33.548637951132747,33.71363528167516,33.894414912447132,34.090940831656624,34.303150417502252,34.530957060848891,34.774262709897926,35.032983139074489,35.307085098230743,35.596628959815568,35.901805419110069
1648,32.769994184930205,32.777814564642746,32.801278397687511,32.840393683286813,32.895173462322589,32.965635320673272,33.051800563445312,33.153692910903239,33.271336513474139,33.404753052280185,33.553957728300475,33.718954123194514,33.899728342042842,34.096243615464012,34.308437618258409,34.536225836695699,34.77951466703724,35.038226604372475,35.312336322352039,35.601911314324937,35.907146285261021
1649,32.775276295723586,32.78309728176086,32.806562917045028,32.84568114747411,32.900464914023694,32.970931637611173,33.057102364690991,33.159000424247765,33.276649397600927,33.410070179755472,33.559276961538252,33.724272160804496,33.905040775628791,34.101545395937201,34.313724134520932,34.541494685408267,34.784767896126034,35.043472809017544,35.317591673979905,35.607198689289596,35.912492261190266
1650,32.780558815711792,32.788380404299126,32.811847829866018,32.850968982965931,32.905756700949446,32.976228234023935,33.062404362163996,33.164308013893354,33.281962193146079,33.415387006268553,33.564595645535867,33.729589402489822,33.910352242978078,34.106846230133108,34.319010046777883,34.546763692547216,34.790022456527936,35.048721753829128,35.322851080232681,35.612490953420277,35.917843199869928
1651,32.785841742332828,32.793663929552899,32.817133132993007,32.856257185778659,32.911048817846989,32.981525102928984,33.067706546820695,33.169615668823489,33.287274888118198,33.420703521445546,33.569913776387018,33.734905857937662,33.915662775135715,34.112146174785778,34.324295432588521,34.552032938277115,34.795278401704472,35.053973436417493,35.328114470192077,35.617787982295759,35.923198962764545
1652,32.791125072927834,32.798947854715067,32.822418823151743,32.861545751794985,32.916341259322429,32.986822237223841,33.073008909575506,33.174923378154404,33.292587470969821,33.426019715806326,33.575231351556624,33.740221538413067,33.920972404208413,34.11744528611095,34.329580366579627,34.55730249768159,34.800535779761574,35.059227851633551,35.333381774902236,35.623089657843913,35.928559419117896
1653,32.796408804737403,32.804232176872908,32.827704896949314,32.86683467676491,32.921634019846067,32.992119629697363,33.078311441320821,33.180231131163978,33.297899930628994,33.431335580778168,33.580548369840969,33.745536456634376,33.926281163169485,34.122743619638612,34.334864920463083,34.562572441067076,34.805794633947578,35.064484991964392,35.338652927355454,35.62839586786761,35.933924445308598
1654,32.801692934898199,32.809516893005252,32.832991350872923,32.872123956307114,32.926927093757989,32.997417273041769,33.083614132947247,33.185538917319754,33.30321225652682,33.436651108701668,33.585864831320272,33.750850626649473,33.931589085682383,34.12804123007826,34.340149163076667,34.567842834251316,34.811055003093628,35.069744847866545,35.34392786246427,35.63370650562365,35.939293924285778
1655,32.80697746043986,32.814801999979913,32.838278181288935,32.877413585910745,32.932220475274249,33.002715159865112,33.088916975363794,33.190846726305416,33.30852443862134,33.441966292831466,33.591180737308015,33.756164063716767,33.93689620593927,34.133338171202681,34.345433160432542,34.573113738836952,34.816316922020086,35.075007408067869,35.349206517029472,35.639021469431476,35.944667745047937
1656,32.812262378282519,32.820087494551558,32.843565384442144,32.882703560937777,32.937514158493684,33.008013282704212,33.094219959518114,33.196154548045776,33.313836467417389,33.447281127331344,33.596496090296064,33.761476784189362,33.94220255851409,34.138634495754218,34.350716975780635,34.578385212473549,34.821580421901295,35.080272659823052,35.354488829697488,35.644340662321987,35.950045802182665
1657,32.817547685234238,32.825373373359788,32.848852956455765,32.887993876625551,32.942808137404953,33.01331163403804,33.099523076416574,33.201462372730646,33.319148333984025,33.452595607265287,33.601810893897181,33.766788805401902,33.94750817822699,34.143930255367202,34.356000669681016,34.583657309107991,34.826845530598881,35.0855405891391,35.359774740913345,35.649663991713886,35.955427995446385
1658,32.822833377989113,32.830659632927812,32.854140893331547,32.893284528090248,32.948102405894531,33.018610206301368,33.104826317143711,33.206770190836167,33.324460029966467,33.457909728582365,33.607125152784626,33.77210014556443,33.952813100028372,34.149225500514419,34.361284300086318,34.588930079214805,34.832112272949928,35.090811180958937,35.365064192868815,35.654991369130386,35.960814229401713
1659,32.828119453125446,32.835946269661079,32.859429190950202,32.898575510330168,32.953396957754521,33.023908991898502,33.110129672881655,33.21207799314579,33.329771547598263,33.463223488101825,33.612438872632559,33.777410823657199,33.958117358882618,34.154520280451621,34.36656792242114,34.5942035700254,34.83738067105746,35.096084419349161,35.370357129452394,35.660322709913338,35.966204413050569
1660,32.833405907104805,32.841233279846925,32.86471784507286,32.903866818230405,32.958691786691759,33.029207983217624,33.11543313492848,33.217385770766825,33.335082879704252,33.468536883487289,33.617752060051764,33.782720859338042,33.963420989686135,34.159814643203951,34.371851589678627,34.599477825721422,34.842650744499721,35.101360287613048,35.375653496190907,35.66565793300957,35.971598459570416
1661,32.838692736271035,32.846520659654203,32.870006851342424,32.909158446567119,32.963986886336556,33.03450717264468,33.120736694715688,33.22269351514646,33.340394019704213,33.47384991322398,33.62306472253011,33.788030272852438,33.968724027180834,34.165108635539013,34.377135352503942,34.604752887629232,34.847922510559847,35.10663876842947,35.380953240198963,35.670996960738165,35.976996286019848
1662,32.84397993684982,32.851808405133461,32.875296205285579,32.914450390012817,32.969282250252142,33.039806552577204,33.126040343824847,33.228001218085453,33.34570496161345,33.479162576592977,33.628376868372804,33.793339084949189,33.974026505879635,34.170402302953946,34.382419259282457,34.610028794400812,34.853195984426634,35.11191984396492,35.386256310125816,35.676339718584089,35.982397813082294
1663,32.849267504948386,32.857096512217133,32.880585902314849,32.91974264314144,32.97457787194395,33.045106115438159,33.13134407400397,33.233308871751191,33.351015700041856,33.484474873643983,33.633688506642443,33.798647316798437,33.979328459996637,34.175695689666675,34.387703356228521,34.615305582189194,34.858471179385504,35.11720349597816,35.391562656102096,35.681686135000234,35.987802964820673
1664,32.854555436556211,32.862384976720882,32.885875937731726,32.925035200434486,32.979873744869579,33.050405853689284,33.136647877181389,33.238616468685649,33.356326230186625,33.489786805164094,33.63899964710275,33.8039549899243,33.984629923399396,34.18098883862487,34.392987687472157,34.620583284795323,34.863748106965645,35.122489705891709,35.396872229688555,35.68703614124847,35.993211668484747
1665,32.859843727545588,32.86767379434496,32.891166306729801,32.930328056287109,32.985169862448586,33.05570575984418,33.141951745479552,33.243924001813966,33.361636547826478,33.495098372648236,33.644310300162594,33.809262126135394,33.989930929557005,34.186281791511199,34.398272295145389,34.625861933819124,34.869026777094639,35.12777845486945,35.402184983824824,35.692389671234316,35.998623854309493
1666,32.86513237367253,32.872962960675451,32.896457004397945,32.93562120501425,32.990466218072214,33.061005826481292,33.147255671228436,33.249231464452251,33.366946649314734,33.500409578268808,33.649620476820935,33.814568747458104,33.995231511491681,34.191574588750058,34.403557219466379,34.631141558805865,34.874307198247742,35.133069723891474,35.407500872779778,35.697746661346152,36.004039455319102
1667,32.870421370578406,32.878252471186613,32.901748025724466,32.940914640857592,32.995762805113579,33.066306046256322,33.15255964697679,33.254538850311455,33.372256531567672,33.505720424842771,33.654930188614784,33.819874876080952,34.000531701747207,34.19686726952839,34.408842498822757,34.636422187370073,34.879589377561913,35.138363493801904,35.412819852102771,35.703107050325997,36.009458407173504
1668,32.875710713792536,32.883542321244185,32.907039365601904,32.946208357992901,33.001059616937638,33.071606411913187,33.157863665500678,33.259846153497506,33.377566192050111,33.511030915799182,33.660239447572955,33.825180534309794,34.005831532368433,34.202159871820186,34.414128169846727,34.641703845301294,34.884873320930666,35.143659745346802,35.418141878579881,35.708470779157842,36.014880648036296
1669,32.881000398733427,32.8888325061071,32.91233101883072,32.951502350536444,33.006356646910881,33.076906916296529,33.16316771981576,33.265153368517602,33.382875628767152,33.516341055148786,33.665548266163228,33.830485744505573,34.011131034858202,34.207452432396863,34.419414267497572,34.646986556702224,34.890159033141607,35.148958459240561,35.423466910185155,35.713837790917729,36.020306118393108
1670,32.886290420712619,32.894123020931865,32.91762298012523,32.956796612553156,33.011653888411217,33.082207552361332,33.168471803182484,33.270460490275497,33.388184840245053,33.521650847450637,33.670856657252557,33.835790529054179,34.016430240174522,34.212744986862326,34.424700825129712,34.652270344067944,34.895446517936335,35.154259616180482,35.428794906041311,35.719208030693864,36.025734760960816
1671,32.89158077493763,32.899413860776143,32.922915244118691,32.962091138063833,33.016951334837245,33.087508313182681,33.173775909113466,33.275767514071497,33.393493825518242,33.526960297782708,33.676164634064229,33.841094910322461,34.021729178707268,34.218037569672333,34.429987874563636,34.657555228391544,34.900735778108967,35.159563196889167,35.43412582637766,35.724581445472964,36.03116652055197
1672,32.896871456514646,32.904705020601966,32.928207805368125,32.967385921052418,33.022248979617991,33.09280919196673,33.179080031381865,33.281074435602619,33.398802584115032,33.532269411709756,33.681472210132199,33.846398910614006,34.027027880257869,34.223330214159112,34.435275446160588,34.662841229269056,34.906026815599439,35.164869182151186,35.439459632486638,35.7299579840302,36.036601343944938
1673,32.902162460453489,32.909996495281227,32.93350065836097,32.972680955473962,33.027546816221609,33.098110182057646,33.184384164023129,33.28638125095523,33.404111116038763,33.537578195254703,33.686779399269952,33.851702552147643,34.032326374040622,34.228622952562795,34.44056356887986,34.668128364965334,34.911319631543059,35.170177552824768,35.444796286689886,35.735337596860731,36.042039179806046
1674,32.907453781671784,32.915288279600176,32.938793797521015,32.977976235262297,33.032844838163875,33.103411276945614,33.189688301339395,33.291687956601365,33.409419421751892,33.542886654869577,33.692086215533728,33.85700585702584,34.037624688673397,34.23391581605825,34.44585227034252,34.673416652496684,34.916614226340172,35.175488289865584,35.450135752300774,35.74072023609277,36.047479978588406
1675,32.912745414997829,32.920580368263003,32.944087217213436,32.983271754337366,33.038143039018053,33.108712470277375,33.194992437906969,33.29699454939783,33.414727502161099,33.548194797404015,33.697392673178811,33.862308847192963,34.042922852159251,34.239208834779575,34.451141576903737,34.678706107732211,34.921910599746276,35.180801374362233,35.455477993582051,35.746105855380634,36.052923692405649
1676,32.918037355178193,32.92587275589954,32.949380911752996,32.988567506613229,33.043441412421011,33.11401375585794,33.200296568570884,33.302301026571911,33.420035358595953,33.553502630082725,33.702698786645222,33.867611544437644,34.048220891908535,34.244502037856051,34.456431513689218,34.683996745417296,34.927208750875735,35.186116787523005,35.460822975723651,35.751494409880969,36.058370275009317
1677,32.923329596879661,32.931165437067911,32.954674875408479,32.993863486005381,33.048739952083601,33.119315127662787,33.205600688455206,33.307607385723699,33.425342992795706,33.558810160472191,33.708004570507491,33.872913970341195,34.053518834711312,34.249795453433798,34.461722104675403,34.689288579291919,34.932508678311002,35.191434510721919,35.466170664795939,35.756885856127667,36.063819681640176
1678,32.928622134697861,32.936458406263228,32.959969102411314,32.999159686438261,33.054038651795281,33.124616579836946,33.21090479295431,33.312913624809333,33.430650406888041,33.564117396462429,33.713310039468745,33.87821614628988,34.058816706766038,34.255089108710258,34.467013372715016,34.694581622097203,34.937810380090774,35.196754525478788,35.471521027733445,35.762280152024204,36.069271869024817
1679,32.933914963159914,32.941751657920776,32.965263586960525,33.004456101852831,33.059337505434208,33.129918106706086,33.216208877741366,33.318219742141054,33.435957603374483,33.569424346234456,33.71861520831439,33.883518093429863,34.064114533658774,34.260383029958959,34.472305339612753,34.699875885681955,34.94311385380486,35.202076813496554,35.476874032290617,35.767677256731957,36.074726795243848
1680,32.939208076732747,32.947045186424326,32.97055832323074,33.009752726213435,33.064636506971247,33.13521970277543,33.221512938760249,33.323525736372119,33.441264585111469,33.574731018243803,33.723920091905597,33.88881983267575,34.069412340386044,34.265677242559143,34.477598026150915,34.705171381015695,34.948419096592282,35.207401356648667,35.482229647025207,35.773077130654244,36.080184419717483
1681,32.944501469827848,32.95233898611145,32.975853305378578,33.01504955351546,33.069935650478321,33.14052136273704,33.226816972228697,33.328831606491875,33.446571355293877,33.580037421192422,33.729224705145569,33.89412138468311,34.074710151348881,34.270971771023255,34.482891452150199,34.710468118265752,34.953726105205725,35.212728137002429,35.487587843153605,35.778480685378952,36.085701967266644
1682,32.949795136806955,32.957633051278989,32.98114852754825,33.020346577790392,33.075234930131799,33.145823081469914,33.232120974633403,33.334137351815215,33.4518779174402,33.585343564013144,33.734529062968242,33.899422769847099,34.080007990364628,34.276266639020605,34.488185636498571,34.715766106821384,34.959034876025783,35.218057138984165,35.492948859041135,35.783895972624109,36.091268775956273
1683,32.955089071989562,32.962927376191104,32.986443983880029,33.025643793114803,33.08053434022095,33.151124854045726,33.237424942730158,33.339442971973995,33.457184275373542,33.590649455842119,33.739833180309262,33.904724008283075,34.085305880669353,34.281561869408684,34.493480597208659,34.721065355368474,34.964345406013514,35.223388405896294,35.49831407755795,35.789328336756306,36.096868064916215
1684,32.96038326965828,32.968221955084566,32.991739668515727,33.030941193615433,33.085833875151636,33.156426675729577,33.242728873539903,33.34474846690722,33.462490433206831,33.595955106002265,33.745137072092838,33.910025119823011,34.090603844927948,34.28685748425692,34.498776351452186,34.726365872181972,34.969657704054065,35.228722194051322,35.503685353009963,35.794778522924723,36.102493828476504
1685,32.96567772406555,32.973516782175544,32.997035575605693,33.036238773475823,33.091133529451341,33.161728541981745,33.248032764345183,33.350053836851238,33.467796395326786,33.601260523983925,33.75044075321496,33.915326124008203,34.095901905242563,34.292153504873632,34.504072915665937,34.731667667446779,34.974971821700898,35.234058985882776,35.509064142845851,35.800246140527221,36.108142584424691
1686,32.970972429440167,32.978811851666265,33.002331699315171,33.041536526942195,33.096433297773522,33.167030448458853,33.253336612686567,33.355359082329855,33.473102166378588,33.606565719427053,33.75574423852823,33.920627040083687,34.101200083161899,34.297449951846978,34.50937030605764,34.736970759788498,34.980287876808923,35.239399364414545,35.514451433605537,35.805730535587557,36.113811974229037
1687,32.976267379993885,32.984107157751467,33.007628033830848,33.046834448329179,33.101733174901668,33.172332391014642,33.258640416358311,33.360664204144513,33.478407751251019,33.611870702104106,33.761047542828017,33.925927886993506,34.106498399694395,34.302746845168812,34.514668540053357,34.742275184588436,34.985606050816592,35.244743909877727,35.519847860418508,35.811231019840307,36.119500259821379
1688,32.98156256992776,32.98940269462495,33.012924573367094,33.05213253202546,33.107033155752958,33.177634365700271,33.263944173404184,33.365969203364358,33.483713155061814,33.617175481904063,33.766350680839722,33.931228683377959,34.111796875339309,34.308044204569683,34.519967638667119,34.747580999481833,34.990926570465312,35.250093148706554,35.525253818090249,35.816746938045689,36.125206088852217
1689,32.986857993438818,32.994698456485935,33.018221312172074,33.057430772498918,33.112333235381541,33.182936368764381,33.26924788211263,33.371274081316464,33.489018383143808,33.622480068817062,33.771653667207239,33.936529447575587,34.117095530166381,34.313342050151697,34.525267629084205,34.752888285383442,34.996249687153444,35.255447536405782,35.530669539511045,35.822277685788777,36.130928368798429
1690,32.992153644726351,32.999994437545517,33.023518244533776,33.062729164301651,33.117633408981455,33.188238396652608,33.274551541011924,33.376578839575913,33.494323441031121,33.627784472920041,33.776956516483381,33.941830197636975,34.122394383979433,34.318640403265761,34.530568546673464,34.758197144025651,35.001575660206015,35.260807456839075,35.536095147871137,35.827822711383206,36.136666191975756
1691,32.997449517998497,33.005290632032896,33.028815364785821,33.068027702074694,33.122933671889363,33.193540446006921,33.279855148865082,33.38188347995623,33.499628334446101,33.633088704363395,33.78225924312364,33.94713095136099,34.127693456577887,34.323939287468527,34.535870436069466,34.763507693751421,35.006904745057859,35.266173228304446,35.541530691592548,35.833381512303603,36.142418787643734
1692,33.00274560747841,33.010587034201613,33.034112667313195,33.073326380552558,33.128234019586792,33.198842513664609,33.28515870466466,33.387188004499599,33.5049330692868,33.63839277335876,33.787561861486651,33.952431726364146,34.132992768104202,34.329238729392927,34.54117335130784,34.768820064770203,35.012237185864585,35.271545112003764,35.546976167342223,35.838953630042745,36.148185490404202
1693,33.008041907410551,33.015883638335566,33.039410146557572,33.07862519456733,33.133534447702061,33.204144596656903,33.290462207627108,33.39249241546748,33.51023765161468,33.643696690169385,33.792864385844702,33.957732540187138,34.138292339436028,34.334538759405646,34.546477355239972,34.774134394761958,35.017573211261407,35.276923320348224,35.552431535975352,35.844538645093493,36.153965717560148
1694,33.01333841206683,33.021180438754953,33.044707797022809,33.083924139052762,33.138834952012118,33.209446692207536,33.295765657187602,33.397796715331303,33.51554208764356,33.649000465103356,33.798166830407638,33.963033410435308,34.14359219257932,34.339839412015017,34.551782518495415,34.77945082508429,35.022913032232779,35.282308024677022,35.557896733570175,35.850136172193501,36.159758952859207
1695,33.018635115752531,33.026477429822094,33.050005613279872,33.089223209047873,33.144135528443798,33.214748797730834,33.301069052994123,33.403100906763385,33.520846383729435,33.65430410851166,33.803469209362888,33.968334354945512,34.148892351024571,34.345140726017526,34.557088918172511,34.784769497723758,35.028256841547091,35.287699361930756,35.56337167891509,35.855745856208699,36.165564734616375
1696,33.023932012812175,33.031774605946985,33.055303589971786,33.094522399700388,33.149436173075159,33.220050910829706,33.306372394902027,33.408404992628185,33.526150546362075,33.659607630792806,33.808771536931168,33.973635391965693,34.154192840034057,34.350442744422637,34.56239663647073,34.790090552977979,35.033604814009315,35.293097440234384,35.568856278962464,35.86136736859843,36.171382646482478
1697,33.029229097635238,33.037071961592794,33.060601721818216,33.099821706270028,33.154736882136028,33.225353029293501,33.311675682968335,33.413708975974203,33.531454582158815,33.664911042403872,33.814073827435173,33.978936540332747,34.159493686850965,34.35574551421972,34.567705759369517,34.795414127707765,35.038957107185276,35.298502343653375,35.574350432802838,35.867000404324983,36.177212310219581
1698,33.034526364661701,33.04236949128115,33.06590000362015,33.10512112413133,33.160037652009109,33.230655151095533,33.316978917446086,33.419012860026548,33.536758497861108,33.670214353879018,33.819376095378487,33.984237819639382,34.164794920827923,34.361049086024096,34.573016375397728,34.80074035408699,35.044313862463653,35.303914136158674,35.579854034466187,35.87264467921414,36.183053380058219
1699,33.039823808387361,33.047667189597249,33.071198430263891,33.110420648776483,33.165338479229867,33.235957274390636,33.322282098779105,33.424316648180479,33.542062300334543,33.675517575855885,33.824678355530899,33.989539250379458,34.170096573471547,34.366353513638238,34.578328574547371,34.806069358800016,35.049675206271203,35.30933286484283,35.585366974898278,35.878299927727689,36.188905538255781
1700,33.045121423368975,33.052965051194647,33.07649699672519,33.115720275817679,33.170639360487186,33.241259397512579,33.327585227596614,33.429620343996454,33.547365996572346,33.680820719107565,33.829980623014578,33.99484085406695,34.175398678423029,34.371658853584115,34.583642447337077,34.811401262515766,35.055041251278062,35.314758562643085,35.590889143496824,35.883965901011862,36.194768491365231
1701,33.050419204229442,33.058263070800159,33.081795698073108,33.121020000989333,33.175940292622975,33.246561518971284,33.332888304708746,33.434923951196417,33.552669593702944,33.686123794580205,33.835282913387132,34.000142653323181,34.180701271379135,34.376965164627229,34.588958084034829,34.81673617960719,35.060412097579892,35.320191250589396,35.596420429212181,35.889642365224198,36.200641967207794
1702,33.055717145662314,33.063561243218139,33.087094529473525,33.1263198201503,33.181241272632256,33.251863637450349,33.338191331102202,33.440227473662212,33.557973099000705,33.69142681343321,33.840585242718277,34.005444671937461,34.186004389976063,34.382272507311043,34.594275573996931,34.822074218022742,35.065787833842158,35.3256309397213,35.601960721373651,35.895329100058113,36.206525712310608
1703,33.061015242436682,33.068859563334961,33.092393486192563,33.13161972928544,33.186542297662754,33.257165751804372,33.343494307936695,33.445530915435491,33.563276519900008,33.696729787081658,33.845887627658435,34.010746934898236,34.191308073637025,34.387580943510827,34.599595005138916,34.827415479313586,35.071168538376071,35.331077632653106,35.607509910263701,35.901025897476416,36.21241948980439
1704,33.066313489401281,33.074158026123023,33.097692563599701,33.136919724507393,33.191843365014435,33.262467861056614,33.348797236542332,33.450834280720017,33.568579864012676,33.702032727239093,33.851190085495816,34.016049468395885,34.196612363395019,34.392890536021305,34.604916463527019,34.832760058762901,35.076554280119034,35.336531324866058,35.613067887526576,35.906732560614167,36.218323077662063
1705,33.071611881488998,33.079456626644614,33.102991757170805,33.142219802057873,33.197144472139058,33.267769964396834,33.354100118417868,33.456137573885705,33.573883139147199,33.707335645958594,33.856492634201722,34.021352299803226,34.201917301705294,34.398201348184934,34.610240033058808,34.838108045564731,35.081945119527532,35.341992005815726,35.618634546479484,35.912448902803504,36.224236267164891
1706,33.076910413720533,33.084755360055588,33.10829106249075,33.14751995830909,33.202445616639572,33.273072061179434,33.359402955229861,33.461440799474524,33.579186353329355,33.712638555670985,33.861795292463754,34.026655457637965,34.207222932254524,34.403513443558907,34.615565795217343,34.843459523039797,35.087341109394437,35.347459659878638,35.624209782338149,35.918174746705681,36.230158861571113
1707,33.082209081208404,33.090054221608909,33.113590475256082,33.152820189764682,33.207746796269717,33.278374150922133,33.36470574881313,33.466743962208071,33.584489514823794,33.717941469219092,33.867098079706906,34.031958971508779,34.21252929976928,34.408826885621409,34.620893828894999,34.848814568885544,35.092742295589488,35.352934267139332,35.629793492360207,35.923909923550568,36.236090674983963
1708,33.087507879160349,33.095353206657769,33.118889991277342,33.158120493060856,33.213048008933498,33.283676233304845,33.370008501171796,33.472047066996261,33.589792632155593,33.72324439988865,33.872401016105655,34.037262872051627,34.217836449827686,34.414141737507521,34.626224210262812,34.854173255440941,35.09814871774104,35.35841580407876,35.635385575946096,35.929654272445397,36.242031531340743
1709,33.092806802882826,33.100652310658752,33.124189606481259,33.163420864967264,33.218349252684824,33.288978308169199,33.375311214481691,33.477350118947335,33.595095714131517,33.728547361434039,33.877704122584362,34.042567190853973,34.22314442867696,34.419458061784916,34.631557012696597,34.859535649965643,35.103560409841506,35.36390424413802,35.640985934687514,35.935407639772087,36.247981263555033
1710,33.098105847784154,33.105951529174739,33.129489316912782,33.168721302387787,33.223650525727386,33.294280375518696,33.38061389109393,33.482653123379009,33.600398769860412,33.733850368097912,33.88300742080618,34.04787196037028,34.228453283061725,34.424775920269823,34.636892306750468,34.864901814919847,35.108977400777981,35.36939955818027,35.646594472381288,35.941169878661427,36.253939712783776
1711,33.103405009377241,33.111250857877394,33.134789118736954,33.174021802361388,33.228951826414622,33.299582435519369,33.385916533538882,33.487956085829779,33.605701808772032,33.73915343462609,33.888310933155694,34.053177213836598,34.233763060064945,34.430095373866962,34.642230160146688,34.870271808231081,35.114399714822348,35.374901714912468,35.652211095036272,35.946940848502635,36.259906727746099
1712,33.108704283282712,33.116550292549832,33.140089008240594,33.179322362062848,33.234253153250002,33.304884488500882,33.391219144531284,33.493259012070475,33.611004840633548,33.744456576277592,33.893614682715011,34.058482985183176,34.239073806960192,34.435416482434555,34.647570637787517,34.8756456835549,35.119827372075768,35.380410681248478,35.657835710862493,35.952720414499645,36.265882164117421
1713,33.114003665231145,33.121849829088852,33.145388981834067,33.184622978803695,33.239554504887593,33.310186534958419,33.396521726975763,33.498561908115683,33.616307875564381,33.749759808828948,33.89891869323359,34.063789308947108,34.244385571076563,34.44073930467475,34.652913801789488,34.881023490528371,35.125260388865549,35.385926422613821,35.663468230242749,35.958508447275456,36.271865883999091
1714,33.119303151065722,33.127149463507195,33.150689036052796,33.18992365003303,33.244855880132704,33.315488575554845,33.401824283972786,33.503864780234757,33.621610924048809,33.755063148575196,33.904222989094038,34.069096220184598,34.249698399673981,34.446063898042588,34.658259711531599,34.886405275015036,35.130698778106222,35.391448903210076,35.669108565695282,35.964304822510385,36.277857755439946
1715,33.124602736744407,33.1324491919355,33.155989167558708,33.195224373338469,33.250157277943174,33.320790611123499,33.407126818825233,33.509167634962573,33.626913996945731,33.760366612325193,33.909527595273168,34.074403754385898,34.255012339832376,34.451390318677923,34.663608423718237,34.891791079335746,35.136142549617539,35.396978086235812,35.67475663182843,35.970109420619892,36.283857652015961
1716,33.129902418342169,33.137749010624368,33.16128937314177,33.200525146447156,33.255458697430441,33.326092642671078,33.412429335044656,33.514470479109647,33.632217105497936,33.76567021739659,33.914832537303148,34.079711947391459,34.260327438343758,34.456718621339434,34.668959992441501,34.897180942496234,35.141591710437993,35.402513934104071,35.680412345295714,35.975922126436316,36.289865452415377
1717,33.135202192052759,33.143048915946046,33.166589649721367,33.205825967227071,33.260760137861396,33.331394671381673,33.417731836358406,33.519773319770806,33.637520261335439,33.770973981600264,33.920137841223848,34.085020835313436,34.265643741633689,34.462048859384424,34.674314469271792,34.902574900385474,35.147046265050307,35.408056408569983,35.686075624734912,35.981742828972031,36.295881040143939
1718,33.140502054190698,33.148348904396109,33.171889994347644,33.211126833688134,33.266061598660535,33.336696698620315,33.423034326716142,33.525076164333115,33.64282347647864,33.776277923227397,33.925443533540196,34.09033045446111,34.270961295679378,34.467381084733837,34.67967190333011,34.907972985972506,35.152506215632712,35.413605470894261,35.691746390719629,35.98757142115646,36.30190430318725
1719,33.145802001193061,33.153648972595271,33.177190404203081,33.2164277439839,33.271363079411827,33.341998725937195,33.428336810296095,33.530379020482592,33.648126763338929,33.781582061032388,33.930749641177421,34.095640841270736,34.276280145940689,34.47271534785493,34.685032341370331,34.913375229490185,35.157971562273211,35.419161081968987,35.697424565704402,35.993407799608214,36.307935133725088
1720,33.151102029621171,33.158949117290952,33.182490876603843,33.221728696412917,33.27666457986129,33.347300755071672,33.433639291511383,33.535681896210342,33.653430134718064,33.78688641421472,33.936056191435988,34.100952032237011,34.281600337295714,34.478051697749123,34.690395827862552,34.918781658612907,35.163442303172772,35.424723202434244,35.703110073969555,35.999251864416955,36.313973427859068
1721,33.156402136162193,33.164249335358782,33.187791409001342,33.227029689420633,33.281966099919813,33.352602787956783,33.438941775015451,33.540984799816002,33.658733603802929,33.792191002396372,33.941363211946943,34.106264063854631,34.286921913995172,34.483390181957667,34.695762405078199,34.924192298610528,35.168918434806876,35.430291792760784,35.708802841565785,36.005103518963182,36.320019085392303
1722,33.161702317630827,33.169549623804215,33.193091998983853,33.232330721601215,33.287267639665714,33.357904826723392,33.444244265707482,33.54628773991152,33.664037184160804,33.797495845600288,33.946670730628,34.111576972559178,34.292244919614078,34.488730846564302,34.701132113174538,34.929607172504987,35.174399952092166,35.435866813337043,35.714502796259204,36.010962669733431,36.326072009602818
1723,33.167002570970844,33.174849979764183,33.198392644278044,33.237631791699599,33.292569199347895,33.363206873704492,33.449546768737108,33.551590725422884,33.66934088973268,33.802800964227082,33.951978775640825,34.116890794673687,34.29756939701327,34.494073736206062,34.706504990277388,34.935026301212716,35.179886848532753,35.441448224541709,35.720209867478019,36.016829226153909,36.332132107040991
1724,33.172302893256699,33.180150400508602,33.203693342750647,33.242932898613503,33.297870779388717,33.368508931439472,33.454849289509113,33.556893765592193,33.67464473482589,33.808106379031301,33.957287375347946,34.122205566355824,34.302895388302083,34.499418894085679,34.711881072565411,34.940449703686554,35.185379116362881,35.447035986812111,35.725923986258202,36.022703100427499,36.338199287332337
1725,33.177603281695013,33.185450883441909,33.208994092410485,33.248234041396017,33.303172380387458,33.373811002677975,33.460151833685877,33.562196869974485,33.679948734100059,33.813412111093569,33.962596558274782,34.127521323563506,34.308222934828983,34.504766362005398,34.717260394348536,34.945877397016879,35.190876746630387,35.452630060670543,35.731645085194259,36.028584207424316,36.344273463050925
1726,33.18290373362629,33.190751426104868,33.214294891410077,33.253535219257671,33.308474003123251,33.379113090383797,33.465454407191288,33.567500048438795,33.685252902560002,33.818718181798182,33.967906353069175,34.132838102004513,34.313552077144458,34.510116180376201,34.722642988147321,34.951309396570295,35.196379729340904,35.458230406796716,35.737373098387764,36.034472464517989,36.350354549519707
1727,33.188204246526475,33.196052026176204,33.219595738047673,33.258836431569016,33.313775648558497,33.384415197738548,33.470757016212566,33.572803311164222,33.69055725554125,33.824024612805751,33.973216788465166,34.138155937104777,34.318882854993767,34.515468388251669,34.728028884768825,34.95674571608636,35.201888053537182,35.463836986052129,35.743107961399559,36.040367791480513,36.35644246468906
1728,33.19350481800867,33.201352681474312,33.224896630769408,33.264137677863353,33.319077317841739,33.389717328144364,33.47605966720112,33.578106668635797,33.69586180869679,33.829331426028972,33.978527893250458,34.143474863977758,34.324215307305714,34.52082302335387,34.73341811337616,34.962186367775708,35.207401707387682,35.469449759514816,35.748849611204797,36.046270110370052,36.362537129004252
1729,33.198805445824881,33.206653389959122,33.230197568171164,33.269438957838986,33.324379012310921,33.3950194852275,33.481362366874777,33.583410131641891,33.701166577985333,33.834638643607455,33.983839696229545,34.148794917387299,34.329549472175685,34.526180122098665,34.738810701564759,34.967631362429273,35.212920678285933,35.475068688518682,35.754597986144461,36.052179345408007,36.368638465260112
1730,33.204106127867831,33.211954149734083,33.235498549000944,33.27474027136202,33.329680733496254,33.400321672840342,33.486665122216863,33.588713711267225,33.706471579655421,33.839946287883045,33.989152226195579,34.1541161317272,34.334885386867107,34.531539719629293,34.744206675426533,34.973080709495505,35.218444952911256,35.480693734669423,35.7603530258841,36.058095422892855,36.374746398502424
1731,33.209406862172855,33.217254959048027,33.24079957216108,33.280041618468971,33.334982483122914,33.405623895063243,33.491967940475291,33.594017418886487,33.711776830230498,33.845254381376336,33.994465511902483,34.159438540999631,34.340223087810926,34.536901849848434,34.749606059613853,34.97853441715904,35.223974517291971,35.486324859862371,35.766114671372705,36.06401827111241,36.380860855926812
1732,33.214707646919599,33.22255581629701,33.246100636710239,33.28534299936922,33.340284263114206,33.41092615620795,33.497270829164471,33.599321266161198,33.717082346496532,33.850562946761322,33.999779582029127,34.164762178779938,34.345562610590513,34.542266545443717,34.755008877413864,34.98399249244693,35.229509356902071,35.491962026320991,35.771882864795209,36.069947820223263,36.386981766736227
1733,33.220008480434309,33.227856720026729,33.251401741866147,33.290644414447804,33.345586075593353,33.416228460816775,33.502573796059401,33.604625265026982,33.722388145482938,33.855872006844677,34.005094465165385,34.170087078219119,34.350903989965666,34.54763383792907,34.760415150793236,34.989454941260298,35.235049456669415,35.497605196582072,35.777657549543115,36.075884002216256,36.393109062107058
1734,33.225309361191542,33.233157668934254,33.256702887007499,33.295945864267765,33.350887922886564,33.421530813665818,33.507876849197629,33.609929427690865,33.727694244450518,33.861181584541079,34.010410189776614,34.175413272008129,34.356247259856445,34.553003757669053,34.76582490047209,34.994921768481639,35.240594801074359,35.503254333535814,35.783438670167044,36.081826750794605,36.399242675044604
1735,33.230610287816567,33.238458661870553,33.262004071676635,33.301247349572698,33.356189807524508,33.426833219763694,33.513179996873049,33.615233766618623,33.733000660873259,33.866491702853772,34.015726784191074,34.18074079238081,34.361592453365894,34.558376333917366,34.771238145966286,35.000392978006261,35.246145374160285,35.508909400414026,35.789226172348634,36.087776001337879,36.405382540346444
1736,33.235911259087317,33.243759697842478,33.267305295581714,33.30654887128906,33.361491732244403,33.432135684352687,33.518483247634414,33.620538294528394,33.738307412424824,33.871802384853495,34.021044276574663,34.186069671093534,34.366939602777762,34.563751594844717,34.776654905647135,35.005868572819097,35.251701159598284,35.514570360811142,35.795020002861513,36.093731690813989,36.41152859450029
1737,33.24121227393659,33.249060776015035,33.272606558599144,33.311850430528658,33.366793699992051,33.437438212908908,33.523786610281732,33.625843024381147,33.743614516962083,33.877113653657133,34.026362694910866,34.191399939415838,34.372288739567104,34.569129567573228,34.782075196794047,35.011348555050311,35.257262140725423,35.520237178688546,35.800820109536929,36.099693757716004,36.417680775613235
1738,33.246513331454445,33.254361895713778,33.277907860775834,33.317152028590236,33.372095713921958,33.442740811139849,33.529090093860042,33.631147969370126,33.748921992511114,33.882425532413123,34.03168206699047,34.19673162813001,34.377639894414123,34.574510278204833,34.787499035632628,35.016832926012626,35.262828300568408,35.525909818374515,35.806626441237356,36.105662142016492,36.423839023361424
1739,33.251814430890114,33.259663056426845,33.283209202331562,33.322453666962446,33.37739777740056,33.448043484986712,33.534393707658616,33.63645314291373,33.754229857250998,33.887738044276233,34.037002420382684,34.202064767510173,34.382993097205585,34.579893751855671,34.792926437400077,35.022321686279696,35.26839962190531,35.531588244580433,35.812438947814677,36.111636785080059,36.43000327888965
1740,33.25711557165463,33.264964257807499,33.288510583661008,33.327755347324711,33.382699894004858,33.453346240619844,33.53969746120223,33.641758558643303,33.75953812950069,33.893051212397907,34.042323782433961,34.207399387332451,34.388348377055827,34.585280012682965,34.798357416370145,35.027814835701875,35.273976087268089,35.537272422390679,35.818257580091313,36.117617629640371,36.436173484788426
1741,33.26241675332296,33.270265499676228,33.293812005336122,33.333057071549547,33.388002067524255,33.458649084438633,33.545001364247867,33.647064230394669,33.764846827704538,33.898365059907299,34.047646180249558,34.212735516866225,34.393705762317275,34.590669083920183,34.803791985909605,35.033312373469585,35.279557678991566,35.542962317277443,35.824082287529919,36.123603458606155,36.442279595427159
1742,33.267717975636067,33.275566782022885,33.299113468107848,33.338358841703595,33.393304301960143,33.463952023068785,33.550305426778088,33.652370172196839,33.770155970416354,33.903679609893004,34.05296964067734,34.21807318486514,34.399065280582668,34.596060987890709,34.809230158497535,35.038814298127406,35.285144379203395,35.548657892409331,35.829912694846207,36.129584330702166,36.448334540924421
1743,33.273019238503366,33.280868105009041,33.304414972908454,33.343660660049721,33.398606601526971,33.469255063361317,33.555609658996964,33.657676398264151,33.775465576288958,33.908994885392779,34.058294190303492,34.223412419576057,34.404426958713977,34.601455746059322,34.81467194579534,35.044320607644423,35.290736168801551,35.554359039648773,35.835747029747104,36.135553616102072,36.45435873239952
1744,33.27832054200487,33.286169468970002,33.30971652085335,33.348962529047803,33.403908970651429,33.474558212389063,33.560914071322799,33.662982922984781,33.780775664058652,33.914310909376766,34.063619855438247,34.228753248732055,34.409790822845657,34.606853379044779,34.820117358659303,35.049831299101484,35.296333013594953,35.560065391127218,35.841582945436272,36.141510308672856,36.460359414111785
1745,33.283621886393291,33.291470874417044,33.315018113242779,33.354264451355903,33.40921141397218,33.479861477444061,33.566218674382334,33.668289760911115,33.786086252533146,33.919627704735454,34.068946662108694,34.234095699555084,34.415156898401086,34.612253906649308,34.825566407098307,35.055346365942874,35.301934826786891,35.565776303254594,35.847418581781589,36.147454792788807,36.466340748444544
1746,33.288923272096241,33.296772322039303,33.320319751563545,33.35956642983102,33.414513936339269,33.485164866034438,33.571523479004043,33.67359692674988,33.791397360579047,33.924945294267545,34.074274636050887,34.239439798757424,34.420525210106319,34.617657347865055,34.831019099731982,35.060865790065613,35.30754144015777,35.571491010139951,35.85325265576494,36.153387776945863,36.472305526831342
1747,33.294224699718249,33.302073812705714,33.325621437490547,33.364868467529945,33.419816542813024,33.490468385881002,33.576828496212009,33.678904435352322,33.796709007110096,33.930263700668348,34.079603802703105,34.244785572543748,34.425895781999351,34.623063720777928,34.83647544209672,35.066389531741329,35.313152607409933,35.57720874987541,35.859084315529159,36.159310013739471,36.478255784459698
1748,33.299526170042633,33.307375347466973,33.330923172888134,33.370170567709579,33.4251192386631,33.495772044913735,33.582133737219003,33.684212301704669,33.802021211075463,33.935582946519325,34.084934187199856,34.250133046612788,34.431268637418405,34.628473042212129,34.841935433818975,35.071917522945256,35.318768026566623,35.582928826993395,35.864913004360567,36.16522221742671,36.484193087425737
1749,33.304827684033583,33.312676927557149,33.336224959811481,33.375472733827266,33.430422029367023,33.501075851268048,33.587439213419977,33.689520540918451,33.807333991448772,33.940903054277861,34.090265814366326,34.255482246155097,34.436643798930433,34.633885327006915,34.847399065526801,35.07744966619854,35.324387365215109,35.588650633251085,35.870738365057932,36.17112504220021,36.490118686119132
1750,33.310129242837782,33.317978554395395,33.341526800507609,33.380774969540951,33.435724920608706,33.506379813280816,33.592744936385223,33.694829168221325,33.812647367217444,33.946224046268092,34.095598708712835,34.260833195837748,34.442021288158976,34.639300586998431,34.852866316449344,35.082985837579251,35.330010281049134,35.594373648750377,35.876560175651484,36.177019079620592,36.496033607459871
1751,33.315430847786125,33.323280229587454,33.346828697416399,33.386077278709081,33.44102791827661,33.511683939486247,33.598050917853577,33.70013819894767,33.817961357372567,33.951545944671849,34.100932894426634,34.266185919762648,34.447401125489563,34.644718829895361,34.858337153164825,35.088525891988752,35.335636436268665,35.600097434176327,35.882378307211006,36.182904863167799,36.501938712424952
1752,33.320732500395351,33.328581954927067,33.352130653171479,33.391379665390303,33.446331028461778,33.516988238611766,33.603357169725577,33.705447648529848,33.823275980898842,33.956868771519666,34.106268395357553,34.271540441385987,34.452783329673288,34.650140058266608,34.863811529487926,35.094069668946233,35.34126550667812,35.605821620742645,35.888192695253601,36.188782874183666,36.507834735441094
1753,33.326034202369499,33.333883732397204,33.357432670600737,33.3966821338431,33.451634257455801,33.522292719573429,33.608663704056767,33.710757532489147,33.828591256765321,33.962192548680662,34.111605234993007,34.276896783393944,34.458167917374681,34.65556426877707,34.869289387225187,35.099616998044375,35.346897186975298,35.611545899848892,35.894003320261127,36.194653548156296,36.513722311675309
1754,33.331335955601133,33.339185564171196,33.362734752727015,33.401984688525076,33.456937611748337,33.527597391471652,33.613970533050725,33.716067866427359,33.833907203915665,33.96751729784981,34.116943436417621,34.282254967536012,34.463554902716005,34.660991451741438,34.874770657528479,35.105167703625568,35.352531193215079,35.617270013681761,35.899810194473147,36.200517280373184,36.519601996588868
1755,33.336637762172593,33.344487452613834,33.368036902768303,33.40728733409221,33.462241098024769,33.532902263586458,33.619277669052401,33.721378666018126,33.839223841258132,33.972843040530677,34.12228302225499,34.287615014428617,34.468944296871143,34.666421590988811,34.880255262525559,35.110721608525893,35.358167263623102,35.622993747132348,35.90561335241712,36.206374430880118,36.52547428072149
1756,33.341939624357124,33.349789400282035,33.373339124137992,33.412590075397901,33.467544723163499,33.538207345372861,33.624585124541348,33.726689946998455,33.844541187654713,33.978169798012239,34.127624014592158,34.29297694334447,34.474336107738516,34.671854663984647,34.885743117031829,35.116278536994159,35.363805158359604,35.62871692085421,35.911412844170577,36.212225328819102,36.531339600923381
1757,33.347241544619671,33.355091409925684,33.378641420444957,33.417892917491834,33.472848494233162,33.543512646456122,33.629892912124845,33.732001725160103,33.84985926190798,33.983497591338391,34.132966434888552,34.298340772002625,34.479730339709342,34.677290642160237,34.891234130230345,35.121838316865805,35.369444658572881,35.634439385458613,35.917208730615705,36.21807027612423,36.537198348994274
1758,33.352543525617733,33.360393484488092,33.383943795493316,33.423195865618595,33.478152418489827,33.548818176626909,33.635201044531236,33.7373140163402,33.855178082746022,33.988826441269055,34.138310303872942,34.303706516373644,34.485126993543972,34.682729491400082,34.896728207212512,35.127400781061716,35.375085565095659,35.640161016773703,35.923001080047719,36.223909550648102,36.543050878424211
1759,33.357845570201867,33.365695627106483,33.389246253282195,33.428498925216402,33.483456503373795,33.554123945836359,33.64050953460292,33.742626836411574,33.860497668803589,33.994156368234201,34.143655641435345,34.309074190512575,34.49052606633758,34.688171172599937,34.902225250341168,35.132965768658771,35.380727697055136,35.64588171181299,35.928789965555481,36.22974340889229,36.548897509983803
1760,33.363147681416329,33.370997841112086,33.394548798005289,33.43380210191534,33.488760756506586,33.559429964191153,33.64581839528919,33.747940201271589,33.865818038600253,33.999487392280983,34.149002466518255,34.314443806423832,34.495927551568656,34.693615642273436,34.907725160436478,35.138533125571165,35.386370890400329,35.651601385431555,35.934575463155348,36.235572088345293,36.554738536193206
1761,33.368449862499261,33.376300130030394,33.399851434050262,33.439105401535677,33.494065185687603,33.564736241948317,33.651127639638645,33.753254126829766,33.87113921051445,34.004819533016082,34.154350797011979,34.31981537396225,34.501331439216187,34.699062853173395,34.913227837782493,35.144102704928287,35.392014996439521,35.657319967563872,35.94035765043887,36.241395809489596,36.560574224964284
1762,33.373752116882834,33.38160249758095,33.405154165997928,33.444408830086019,33.499369798890697,33.570042789509998,33.656437280791245,33.758568628993778,33.876461202754101,34.010152809544408,34.15970064965834,34.325188900772204,34.506737715933298,34.704512754900598,34.918733182955187,35.149674367222438,35.397659880457716,35.663037400937242,35.946136605577493,36.247214777531326,36.566404822614651
1763,33.379054448193337,33.386904947677223,33.410456998621434,33.449712393761217,33.504674604260742,33.575349617417849,33.661747331969529,33.763883723653485,33.881784033323768,34.015487240406642,34.16505203996639,34.330564392262488,34.512146365258843,34.709965294478046,34.924241097493628,35.155247980305965,35.403305420435579,35.668753639149905,35.951912406573989,36.253029183908176,36.572230556412585
1764,33.384356860250975,33.392207484426152,33.415759936885145,33.455016098940277,33.509979610109774,33.580656736347379,33.667057806468982,33.769199426663036,33.887107719989494,34.020822843518083,34.170404982142813,34.335941851613697,34.517557367852348,34.7154204168802,34.929751484440473,35.160823419286181,35.408951505867478,35.67446864504457,35.957685130702579,36.25883920761234,36.578051636742444
1765,33.389659357069554,33.397510112127648,33.421062985943401,33.460319952183966,33.515284824913309,33.585964157101493,33.672368717647707,33.774515753821348,33.892432280241451,34.026159636109895,34.175759489035897,34.341321279810323,34.522970701742977,34.720878065522356,34.935264248778317,35.166400566338687,35.414598036662824,35.680182389326518,35.963454854101606,36.264645016359495,36.583868258956862
1766,33.394961942856057,33.40281283527392,33.426366151139291,33.465623960232392,33.520590257306146,33.591271890604233,33.677680078914932,33.779832720850777,33.897757731256007,34.031497634673791,34.181115572094441,34.346702675697955,34.528386342587694,34.72633818270257,34.940779297760741,35.171979310454063,35.420244922148925,35.685894849414751,35.969221651491999,36.270446767608121,36.589680604944299
1767,33.400264622010035,33.408115658548617,33.43166943800302,33.470928130002413,33.525895916078035,33.596579947893311,33.682991903718353,33.785150343374191,33.903084089856783,34.0368368549127,34.186473241343357,34.35208603606285,34.533804263930996,34.731800709989898,34.946296541148286,35.17755954714373,35.425892080179963,35.691606008488684,35.974985595988223,36.276244609446252,36.595488844458686
1768,33.405567399122845,33.413418586825934,33.436972852250307,33.476232468584776,33.531201810169158,33.601888340112595,33.688304205530642,33.790468636890601,33.908411372476401,34.042177311697017,34.191832505373384,34.357471355725529,34.539224437456731,34.737265588565251,34.951815891380221,35.18314117813447,35.431539436331953,35.697315854666662,35.980746758961352,36.28203868138521,36.601293136291275
1769,33.41087027897661,33.418721625169248,33.442276399780617,33.481536983241121,33.536507948665147,33.607197078503717,33.693616997834802,33.795787616750481,33.913739595119935,34.047519019028144,34.197193371343104,34.362858627644336,34.544646833228889,34.742732759519853,34.957337263696147,35.188724111058242,35.437186923171382,35.703024380292888,35.986505209944163,36.287829115073613,36.607093629307066
1770,33.416173266543382,33.424024778830095,33.447580086675003,33.486841681400833,33.541814340791674,33.612506174396941,33.698930294108507,33.801107298130042,33.919068773329954,34.052861990008843,34.202555844993569,34.368247843026865,34.550071419919746,34.748202164111945,34.962860576209557,35.194308259137614,35.442834479597551,35.708731581335471,35.992261016579413,36.293616034929961,36.612890463344364
1771,33.421476366983796,33.429328053246607,33.452883919194257,33.492146570657518,33.547120995909069,33.617815639201766,33.704244107808051,33.806427696005827,33.924398922153848,34.058206236819707,34.207919930671025,34.373638991446086,34.555498165027082,34.753673743992785,34.968385749947167,35.199893540871869,35.44848205024195,35.71443745686242,35.998014244595637,36.299399558716523,36.61868377001705
1772,33.426779585645669,33.434631454041813,33.458187903776313,33.497451658765335,33.552427923505896,33.623125484396624,33.709558452351153,33.811748825129158,33.929730056114082,34.063551770702908,34.213285631360023,34.379032060960128,34.560927035075714,34.759147441394397,34.973912708851429,35.205479879729218,35.454129584935259,35.720142008603105,36.003764957808656,36.305179798046204,36.624473673411309
1773,33.432082928062556,33.43993498702212,33.463492047033846,33.502756953635078,33.557735133192594,33.628435721517832,33.71487334109959,33.817070700001238,33.93506218918143,34.068898601953038,34.218652948724781,34.384427038232928,34.566357995802385,34.764623199284621,34.979441379756963,35.211067203852075,35.459777038231927,35.725845240574792,36.009513218139141,36.310956858836128,36.630260290699646
1774,33.437386399952004,33.445238658175143,33.468796355751486,33.508062463329793,33.563042634694511,33.633746362148351,33.720188787341243,33.82239333484906,33.94039533475172,34.074246739913519,34.224021883155565,34.389823908653241,34.571791012326393,34.770100961498613,34.98497169235123,35.216655445773966,35.465424368976834,35.731547158753912,36.015259085639784,36.31673084172219,36.636043732696848
1775,33.442690007213741,33.45054247366766,33.474100836882862,33.513368196060171,33.568350437844423,33.639057417905647,33.725504804272099,33.82771674360233,33.945729505626005,34.079596192979565,34.229392433821047,34.395222656451338,34.577226049303249,34.775580672843063,34.990503579117643,35.222244542151778,35.471071539920565,35.737247770798049,36.021002618532293,36.322501842429588,36.641824104349929
1776,33.447993755927584,33.455846439843285,33.479405497547447,33.518674160179785,33.573658552574528,33.644368900429278,33.730821404978336,33.833040939871978,33.951064713994555,34.084946968606125,34.234764598723039,34.400623264810335,34.582663071063067,34.781062279182763,34.996036975272958,35.227834433514133,35.4767185173678,35.74294708579734,36.02674387324717,36.328269952114212,36.647601505186692
1777,33.453297652351196,33.461150563220016,33.484710345026976,33.523980364179572,33.578966988908284,33.649680821368349,33.736138602418528,33.838365936930472,33.956400971424117,34.090299073319656,34.2401383747534,34.406025715973549,34.588102041737642,34.786545727511758,35.001571818695517,35.233425064019713,35.482365270857159,35.748645114058618,36.032482904470058,36.334035257674351,36.653376029720206
1778,33.458601702917719,33.466454850487423,33.490015386761868,33.529286816682415,33.584275756951762,33.654993192368302,33.741456409406439,33.843691747692993,33.961738288847997,34.095652512734233,34.24551375775313,34.411429991348456,34.593542925374791,34.792030966007147,35.007108049844923,35.239016381229007,35.488011772873556,35.754341866921031,36.038219765192352,36.339797842033384,36.659147767810857
1779,33.463905914233116,33.4717593085037,33.495320630347152,33.534593526437135,33.589584866884472,33.660306025057977,33.746774838594014,33.849018384701033,33.96707667655992,34.101007291571221,34.25089074257253,34.416836071604223,34.598985686038944,34.797517944068225,35.012645611678131,35.244608335891755,35.493657998590344,35.760037356596072,36.043954506762631,36.345557784396476,36.664916804992977
1780,33.469210293073452,33.477063944292674,33.500626083528395,33.539900502312435,33.594894328950311,33.665619331036439,33.752093902454725,33.85434586010615,33.972416144208267,34.106363413679688,34.256269323131129,34.422243936768375,34.604430287910134,34.80300661235399,35.01818444956514,35.250200881736191,35.4993039256155,35.765731596011804,36.049687178938854,36.351315160503511,36.670683222795475
1781,33.474514846381638,33.482368765040142,33.505931754196865,33.545207753289937,33.600204153447542,33.67093312185937,33.757413613268483,33.859674185659095,33.977756700799929,34.111720882066962,34.261649492479968,34.427653566307626,34.609876695346784,34.808496922781053,35.023724511193493,35.255793975299461,35.504949533818575,35.771424598726554,36.055417829944645,36.357070042810868,36.67644709896306
1782,33.479819581264103,33.487673778090191,33.511237650384793,33.550515288457348,33.605514350718913,33.676247409026296,33.762733983106934,33.865003372698034,33.983098354700807,34.117079698923384,34.267031242858984,34.433064939210468,34.615324872962297,34.813988828542904,35.029265746486054,35.261387575745431,35.510594805119545,35.777116378803854,36.061146506518689,36.36282250070704,36.682208507727893
1783,33.485124504987397,33.492978990941438,33.516543780260363,33.555823117001502,33.610824931141899,33.681562203967502,33.768055023819052,33.870333432138203,33.988441113639027,34.122439865650684,34.272414565756051,34.438478034066335,34.620774785690941,34.819482284115459,35.034808107512369,35.266981644694049,35.516239723305432,35.782806950713947,36.066873253967614,36.368572600703395,36.687967520044715
1784,33.490429624974276,33.498284411242643,33.521850152122099,33.561131248200624,33.616135905118298,33.686877518031437,33.773376747018844,33.8756643744657,33.993784984713656,34.127801382893956,34.277799451962956,34.44389282913157,34.626226398833786,34.824977245247233,35.040351548402924,35.272576146076595,35.521884273884893,35.788496329262308,36.072598116216199,36.37432040659165,36.69372420378216
1785,33.495734948799551,33.503590046788247,33.527156774393241,33.566439691416612,33.621447283064043,33.69219336247243,33.778699164073622,33.880996209731656,33.99912997440304,34.133164250571873,34.283185891629458,34.449309302395299,34.631679678107055,34.830473668953054,35.045896025265158,35.278171045989488,35.527528443938664,35.794184529514894,36.078321135856903,36.380065979603863,36.699478623918125
1786,33.501040484185552,33.508895905513448,33.532463655615594,33.571748456087114,33.626759075398923,33.697509748439188,33.784022286093723,33.886328947548989,34.004476088576091,34.138528467909062,34.288573874315269,34.454727431636364,34.637134589677061,34.835971513497263,35.051441496101575,35.283766312566158,35.533172221997262,35.799871566742723,36.084042354197862,36.385809378548899,36.705230842703045
1787,33.506346238998283,33.51420199548992,33.537770804444008,33.577057551717914,33.632071292536487,33.70282668696219,33.789346123920076,33.891662597085507,34.009823332499643,34.14389403346626,34.293963389045466,34.460147194491988,34.642591100211931,34.841470738389724,35.056987920724993,35.289361915825936,35.538815597884017,35.805557456341305,36.08976181131279,36.391550659979487,36.710980919864731
1788,33.511652221241498,33.519508324919371,33.543078229638851,33.582366987873797,33.637383944873747,33.708144188944111,33.794670688119311,33.896997167069166,34.015171710858567,34.149260945175676,34.299354424352615,34.465568568489481,34.648049176883326,34.84697130434644,35.062535260685941,35.294957827593926,35.5444585626595,35.811242213822069,36.095479546082423,36.397289878268175,36.716728912692631
1789,33.516958439052338,33.524814902128988,33.548385940060214,33.587676774170944,33.642697042781229,33.713462265148316,33.799995988972903,33.902332665783184,34.020521227764654,34.154629200370721,34.304746968328637,34.470991531108318,34.653508787411269,34.852473173282903,35.068083479192467,35.300554021361172,35.550101108477882,35.81692585473953,36.101195596241929,36.40302708576229,36.722474876227032
1790,33.522264900695511,33.530121735565153,33.553693944660502,33.592986920268011,33.648010596592883,33.718780926189446,33.805322036472063,33.907669101070489,34.025871886775292,34.159998795819853,34.310141008666605,34.476416059814163,34.658969900070844,34.857976308280136,35.073632541039089,35.306150472199072,35.555743228520477,35.82260839467336,36.106909998421727,36.408762332869337,36.72821886335668
1791,33.527571614557303,33.535428833787009,33.559002252477192,33.598297435857525,33.653324616596869,33.72410018252485,33.810648840313441,33.913006480337735,34.031223690909925,34.165369727756413,34.315536532699049,34.481842132093156,34.664432483704893,34.863480673560147,35.079182412541684,35.311747156670023,35.561384916916644,35.828289849197574,36.112622788185618,36.414495668152561,36.733960924931459
1792,33.532878589140502,33.540736205461094,33.564310872626194,33.603608330657714,33.658639113025508,33.729420044444161,33.815976409890979,33.918344810555041,34.036576642664016,34.170741991910916,34.320933527445455,34.487269725500198,34.669896507749094,34.868986234464096,35.084733061460526,35.317344052715107,35.567026168641085,35.833970233837867,36.118334000075606,36.4202271384491,36.739701109902683
1793,33.538185833057234,33.546043859353894,33.56961981429361,33.60891961440359,33.663954096046837,33.734740522063454,33.821304754296108,33.923684098265596,34.041930744029479,34.176115583539683,34.326331979640806,34.492698817675766,34.67536194222594,34.874492957419321,35.090284456946563,35.322941139596189,35.572666979472885,35.839649564064537,36.124043667643392,36.425956788929973,36.745439465390596
1794,33.54349335502306,33.551351804325527,33.574929086728737,33.614231296838703,33.669269575755479,33.740061625316791,33.826633882313082,33.929024349588985,34.047285996510375,34.181490497454426,34.331731875774821,34.498129386381819,34.680828757758775,34.880000809914307,35.095836569474557,35.328538397805026,35.578307345916322,35.845327855262667,36.129751823489407,36.431684663195682,36.751176036796522
1795,33.548801163850548,33.556660049323057,33.580238699236439,33.619543387706543,33.674585562163763,33.745383363948839,33.83196380241619,33.934365570227065,34.052642401140751,34.186866728051946,34.337133202127205,34.503561409530171,34.686296925577473,34.885509760470441,35.101389370781277,35.33413580898528,35.583947265136679,35.851005122711378,36.135458499299048,36.437410803357864,36.756910867897652
1796,33.554109268441707,33.561968603372719,33.585548661168936,33.624855896742488,33.679902065194788,33.750705747511063,33.837294522771856,33.939707765474381,34.057999958503899,34.192244269339028,34.342535944790932,34.508994865194275,34.691766417509982,34.891019778610769,35.106942833818209,35.339733355884185,35.589586734928083,35.856681381580636,36.141163725870662,36.443135250089469,36.762644000902746
1797,33.559417677782307,33.567277475573924,33.590858981918814,33.63016883366511,33.685219094672519,33.756028785352271,33.842626051232827,33.945050940220867,34.063358668748322,34.197623114963825,34.347940089714328,34.514429731648292,34.697237205998441,34.896530834834984,35.112496932681502,35.345331022255671,35.595225753628007,35.862356646898057,36.14686753315646,36.448858042727096,36.768375476572643
1798,33.564726400933189,33.572586675090506,33.596169670910449,33.635482208168561,33.690536660316738,33.761352486618307,33.847958395344889,33.950395098966418,34.068718531608027,34.203003258235931,34.353345622712801,34.519865987363247,34.70270926407786,34.902042900586707,35.118051642579438,35.350928792839731,35.600864320114049,35.868030933560831,36.152569950282434,36.454579219292647,36.774105334241007
1799,33.570035447024637,33.577896211144711,33.60148073759288,33.640796029914121,33.695854771733366,33.766676860242811,33.853291562341283,33.95574024582362,34.074079546418581,34.208384692157772,34.358752529510625,34.525303611045771,34.708182565391908,34.907555948228271,35.123606939762396,35.356526653266066,35.606502433719065,35.873704256303036,36.158271005589114,36.460298816594573,36.779833611933505
1800,33.575344825247377,33.583206093008272,33.606792191431396,33.64611030852307,33.701173438410414,33.772001914948369,33.858625559150909,33.961086384533047,34.079441712136457,34.213767409441694,34.364160795748141,34.530742581629951,34.713657084169945,34.913069951010371,35.129162801496463,35.362124590040857,35.612140094233602,35.879376629709007,36.163970726648266,36.466016870243124,36.785560346381175
