time_s,radius_m,implied_dry_mass_ratio_if_empirical_rho_real,length_cm_for_global_mass_only
0.0,0.02,1.0000000000000002,24.999999999999993
60.0,0.01995766666666667,0.9979468015435825,25.051435568840986
120.0,0.019915333333333333,0.9957817211936658,25.105903701497894
180.0,0.019873000000000002,0.9935453668506918,25.16241415250538
240.0,0.019830666666666667,0.9912527528174362,25.220610917793206
300.0,0.019788333333333335,0.9889125418786883,25.280294203273233
360.0,0.019746,0.9865308312150943,25.341326605279935
420.0,0.019703666666666668,0.9841124353834658,25.403601358068997
480.0,0.019661333333333333,0.9816610163007253,25.467039624543283
540.0,0.019619,0.979179421698816,25.53158230860953
600.0,0.019576666666666666,0.9766698500187209,25.597186192980974
660.0,0.019534333333333334,0.9741345642257989,25.66380551322388
720.0,0.019492,0.9715755168007031,25.73140179810458
780.0,0.019449666666666667,0.9689945660317826,25.799938282811805
840.0,0.019407333333333332,0.9663930125184084,25.869392344684183
900.0,0.019365,0.9637724162260337,25.939733882295243
960.0,0.01932266666666667,0.9611339478085755,26.010942654768378
1020.0,0.019280333333333333,0.9584786201228984,26.08300224453044
1080.0,0.019238,0.9558071726852186,26.155903318621977
1140.0,0.019195666666666666,0.9531202880044161,26.2296378690495
1200.0,0.019153333333333335,0.9504192509111471,26.3041809980522
1260.0,0.019111,0.9477050029105238,26.379516751754807
1320.0,0.019068666666666668,0.9449784119071831,26.45563082181345
1380.0,0.019026333333333333,0.9422393607477523,26.532536255076668
1440.0,0.018984,0.9394892275816948,26.610203998135873
1500.0,0.018941666666666666,0.9367290449846717,26.688614102287275
1560.0,0.018899333333333334,0.9339592124567453,26.767764230558228
1620.0,0.018857,0.9311798939339446,26.847658720790026
1680.0,0.018814666666666667,0.9283918072781928,26.92828588534576
1740.0,0.018772333333333335,0.9255948081393534,27.009658848730396
1800.0,0.01873,0.9227890868376093,27.091781162773387
1860.0,0.018703666666666667,0.9215512170539132,27.128172083502804
1920.0,0.018677333333333334,0.9203041588832469,27.164932113679157
1980.0,0.018651,0.9190485595418514,27.202044702036833
2040.0,0.018624666666666668,0.9177843698538537,27.23951379121978
2100.0,0.018598333333333335,0.9165118576522512,27.277333938745024
2160.0,0.018572,0.9152313265467299,27.315498579280273
2220.0,0.01854566666666667,0.9139425345682148,27.354017407463214
2280.0,0.018519333333333332,0.9126456661808586,27.392887433101293
2340.0,0.018493,0.9113415865227547,27.432085147554925
2400.0,0.018466666666666666,0.9100301147683033,27.47161835008623
2460.0,0.018440333333333333,0.9087114717091348,27.511482773491533
2520.0,0.018414,0.9073856910251791,27.551679784320374
2580.0,0.018387666666666667,0.9060534586907711,27.592190902426985
2640.0,0.018361333333333334,0.9047150046976198,27.63301135737842
2700.0,0.018335,0.9033701428445673,27.67414907169615
2760.0,0.018308666666666668,0.9020193968073353,27.71559025059393
2820.0,0.018282333333333334,0.9006631390316224,27.757325593317354
2880.0,0.018256,0.8993013828303184,27.799356786619153
2940.0,0.01822966666666667,0.8979338164964046,27.84169561354314
3000.0,0.018203333333333335,0.896561423612679,27.88431371412672
3060.0,0.018177000000000002,0.89518383272248,27.927224650571144
3120.0,0.01815066666666667,0.8938009794314691,27.970432540700568
3180.0,0.018124333333333333,0.8924123547030295,28.01395550862731
3240.0,0.018098,0.8910184683149711,28.057779820521755
3300.0,0.018071666666666666,0.8896197791252483,28.10189317573647
3360.0,0.018045333333333333,0.8882166710389658,28.1462854899548
3420.0,0.018019,0.8868095229833259,28.19094670510215
3480.0,0.017992666666666667,0.8853983030491808,28.235879732210574
3540.0,0.017966333333333334,0.8839833179147101,28.28107668250374
3600.0,0.01794,0.8825643126990322,28.326547584442583
3660.0,0.017909666666666667,0.8807473345870538,28.384985135063136
3720.0,0.017879333333333334,0.8789265086076719,28.443788820982412
3780.0,0.017849,0.8771018337997644,28.502961727597196
3840.0,0.017818666666666667,0.8752736389884352,28.562496214204298
3900.0,0.017788333333333333,0.8734425097826692,28.62237608084878
3960.0,0.017758,0.8716082221912593,28.682611480131474
4020.0,0.017727666666666666,0.8697710860242636,28.743195079380445
4080.0,0.017697333333333336,0.8679316034086576,28.80411302205916
4140.0,0.017667000000000002,0.866089247657653,28.865385487249434
4200.0,0.01763666666666667,0.8642436339328249,28.927028234197184
4260.0,0.017606333333333335,0.8623953907018466,28.98902321318549
4320.0,0.017576,0.860544018231913,29.051390132680705
4380.0,0.017545666666666668,0.8586896084676935,29.114128962864438
4440.0,0.017515333333333334,0.856833250313542,29.177205705838006
4500.0,0.017485,0.8549746189398195,29.24063410326771
4560.0,0.017454666666666667,0.853113159424531,29.304436022137782
4620.0,0.017424333333333333,0.8512491188632955,29.36860602379645
4680.0,0.017394,0.8493821430609652,29.433159390314145
4740.0,0.017363666666666666,0.8475124569430385,29.498091497291416
4800.0,0.017333333333333333,0.8456406248853192,29.56338575076186
4860.0,0.017303,0.843767065511437,29.629030359044197
4920.0,0.017272666666666665,0.8418914460835857,29.69503980150657
4980.0,0.017242333333333332,0.8400133979329867,29.761430069469455
5040.0,0.017212,0.8381339698465968,29.82816697499534
5100.0,0.017181666666666668,0.8362529169745119,29.89526193875384
5160.0,0.017151333333333334,0.8343697202431083,29.9627364146386
5220.0,0.017121,0.8324840430742799,30.030605641013263
5280.0,0.017090666666666667,0.8305967675911929,30.0988409484211
5340.0,0.017060333333333334,0.8287077346710159,30.167451025329953
5400.0,0.01703,0.8268168139822774,30.23644364413696
5460.0,0.017004,0.8253447236649349,30.290373565348247
5520.0,0.016978,0.823869701011947,30.344604212647788
5580.0,0.016952000000000002,0.8223929539435056,30.399093134396402
5640.0,0.016926,0.8209142302998668,30.45385142229524
5700.0,0.0169,0.8194333306055805,30.508888357670795
5760.0,0.016874,0.8179499359867085,30.56421780856554
5820.0,0.016848000000000002,0.8164647160029352,30.619816766105203
5880.0,0.016822,0.8149775303108786,30.675692359841605
5940.0,0.016796,0.8134879737336487,30.73186181875317
6000.0,0.01677,0.8119953459095227,30.788353807616094
6060.0,0.016744000000000002,0.810500108047856,30.845153198331065
6120.0,0.016718,0.8090033727203303,30.90221974716342
6180.0,0.016692,0.8075048393749855,30.959566780243915
6240.0,0.016666,0.8060036738901049,31.01722834505174
6300.0,0.016640000000000002,0.8045004404394221,31.075184976088856
6360.0,0.016614,0.8029957708632532,31.13341428078006
6420.0,0.016588,0.8014896752594154,31.191917714858068
6480.0,0.016562,0.7999820834545494,31.250699880730973
6540.0,0.016536000000000002,0.7984724409414632,31.309784431035578
6600.0,0.01651,0.7969602396879166,31.369193536919486
6660.0,0.016484,0.7954463905408191,31.42889363418024
6720.0,0.016458,0.7939307268572424,31.488893368520902
6780.0,0.016432000000000002,0.7924131442384943,31.549199028020787
6840.0,0.016406,0.7908935507373588,31.609816487556667
6900.0,0.01638,0.7893719438843655,31.670748110173815
6960.0,0.016354,0.787847779785182,31.732018089606864
7020.0,0.016328000000000002,0.7863218508616715,31.793596950923295
7080.0,0.016302,0.7847943137018106,31.855480555251532
7140.0,0.016276,0.7832649549772907,31.917679759749788
7200.0,0.01625,0.7817340801176915,31.980184356598862
7260.0,0.016238,0.781548890125497,31.987762142411373
7320.0,0.016226,0.7813620226613726,31.995412209628885
7380.0,0.016214,0.7811732951181144,32.003142140464455
7440.0,0.016202,0.7809823918943851,32.01096498393377
7500.0,0.01619,0.7807894623661557,32.0188747479229
7560.0,0.016178,0.7805939698149625,32.02689357941898
7620.0,0.016166,0.7803966587544906,32.034991077357866
7680.0,0.016154,0.7801971555506757,32.043182703421415
7740.0,0.016142,0.7799950919809706,32.05148372986162
7800.0,0.016130000000000002,0.779790825513887,32.05987962672534
7860.0,0.016118,0.7795843845759695,32.06836937042802
7920.0,0.016106000000000002,0.7793750079269085,32.07698443718195
7980.0,0.016094,0.7791635684080995,32.08568908204631
8040.0,0.016082000000000003,0.7789500472359118,32.094484221051125
8100.0,0.01607,0.778733746374468,32.10339877575859
8160.0,0.016058,0.7785151765083561,32.112411876317054
8220.0,0.016046,0.778294023233899,32.12153666055689
8280.0,0.016034,0.7780703739624909,32.130769704907436
8340.0,0.016022,0.777844333940974,32.14010684289063
8400.0,0.01601,0.7776162810663088,32.14953262773597
8460.0,0.015998000000000002,0.7773856188642025,32.159071885747245
8520.0,0.015986,0.7771526558182812,32.16871204496747
8580.0,0.015974000000000002,0.7769171983680527,32.17846129872469
8640.0,0.015962,0.7766792356910898,32.18832028869033
8700.0,0.015950000000000002,0.7764390119810732,32.198279084680266
8760.0,0.015938,0.7761967214684402,32.20832980678402
8820.0,0.015926000000000003,0.7759524575173432,32.218468744834446
8880.0,0.015914,0.7757056653567211,32.22871910894622
8940.0,0.015902000000000003,0.7754563708063669,32.239080032321446
9000.0,0.01589,0.7752049124540659,32.249537636258665
9060.0,0.01587766666666667,0.7749174660651017,32.26150021749506
9120.0,0.015865333333333335,0.7746272788823028,32.27358586709223
9180.0,0.015853000000000003,0.7743356672349677,32.28573996761781
9240.0,0.01584066666666667,0.774041828503701,32.29799615393843
9300.0,0.015828333333333333,0.7737453350491621,32.310372505717986
9360.0,0.015816,0.7734464431682017,32.32285857776353
9420.0,0.015803666666666667,0.7731455409446154,32.33543838260445
9480.0,0.015791333333333334,0.7728419354777784,32.34814112997732
9540.0,0.015779,0.7725359410493705,32.36095393314824
9600.0,0.01576666666666667,0.7722274551215795,32.373881340522914
9660.0,0.015754333333333335,0.7719167772267412,32.38691104735058
9720.0,0.015742000000000003,0.771604098003289,32.40003528324112
9780.0,0.015729666666666666,0.7712894555928375,32.41325266243165
9840.0,0.015717333333333333,0.7709723198298589,32.426585698325844
9900.0,0.015705,0.7706531565129939,32.44001505569448
9960.0,0.015692666666666667,0.7703315654273314,32.45355782108134
10020.0,0.015680333333333334,0.7700074439061999,32.467218593597686
10080.0,0.015668,0.7696809188135002,32.48099230332836
10140.0,0.01565566666666667,0.7693520559937693,32.494876442108925
10200.0,0.015643333333333335,0.7690210089864102,32.5088647876482
10260.0,0.015631000000000003,0.7686885104696778,32.52292659444682
10320.0,0.015618666666666668,0.7683536427962685,32.53710089668805
10380.0,0.015606333333333335,0.7680166844951513,32.55137616760698
10440.0,0.015594,0.7676776168755501,32.565753449670794
10500.0,0.015581666666666667,0.7673368038725147,32.58021754441157
10560.0,0.015569333333333334,0.7669936175215326,32.59479535277639
10620.0,0.015557000000000001,0.766647832058861,32.60949676575955
10680.0,0.015544666666666667,0.7662991374375321,32.624335300179006
10740.0,0.015532333333333334,0.7659479262102687,32.63929458454722
10800.0,0.01552,0.7655952330324243,32.654330802163194
10860.0,0.015506,0.765076198797185,32.676483779398396
10920.0,0.015492,0.7645549830842329,32.69876013252757
10980.0,0.015478,0.7640315933999685,32.721159983383785
11040.0,0.015464,0.7635058123101716,32.743693102160485
11100.0,0.01545,0.7629779822804986,32.76634526893737
11160.0,0.015436,0.7624480722271336,32.78911825034098
11220.0,0.015422,0.7619166278463373,32.81198898449816
11280.0,0.015408000000000002,0.7613832304871386,32.83497586886017
11340.0,0.015394000000000001,0.7608469172864922,32.85812090710805
11400.0,0.015380000000000001,0.7603086649997475,32.88138245801566
11460.0,0.015366000000000001,0.7597682600500774,32.90477019710222
11520.0,0.015352000000000001,0.759226261548725,32.928260343633504
11580.0,0.015338000000000001,0.7586827885511255,32.951848094172654
11640.0,0.015324,0.7581373248089731,32.975556250708564
11700.0,0.01531,0.7575901432098336,32.99937337367868
11760.0,0.015296,0.7570407320315568,33.02332218361784
11820.0,0.015282,0.7564884957078832,33.04742919666779
11880.0,0.015268,0.7559340804130827,33.071666760068105
11940.0,0.015254,0.7553780914684213,33.09600884955654
12000.0,0.01524,0.7548204849730141,33.12045777466385
12060.0,0.015226,0.7542604914431806,33.14504774360607
12120.0,0.015212,0.753698390322917,33.16976700625421
12180.0,0.015198000000000001,0.7531350926191058,33.194575906773764
12240.0,0.015184000000000001,0.7525700307040364,33.21949982065093
12300.0,0.015170000000000001,0.7520028834540349,33.24455337880109
12360.0,0.015156000000000001,0.7514339618406003,33.269723315091774
12420.0,0.015142000000000001,0.7508637019632383,33.29499073484842
12480.0,0.015128,0.7502911900227861,33.32039657728189
12540.0,0.015114,0.7497170362915153,33.34591424474334
12600.0,0.0151,0.7491405139211718,33.37157654062029
12660.0,0.015089,0.7488592768833189,33.3841093670464
12720.0,0.015078000000000001,0.7485770072827592,33.396697676765235
12780.0,0.015067,0.7482935453863322,33.40934871634219
12840.0,0.015056,0.7480079233199641,33.42210586358472
12900.0,0.015045000000000001,0.7477198213627246,33.43498364726687
12960.0,0.015034,0.7474300589851118,33.447945663231586
13020.0,0.015023000000000002,0.7471392694823934,33.460963733467814
13080.0,0.015012000000000001,0.7468466458286311,33.47407414846503
13140.0,0.015001,0.7465520014364548,33.48728548298983
13200.0,0.014990000000000002,0.7462562460492183,33.50055712411573
13260.0,0.014979000000000001,0.7459585816584704,33.51392505521975
13320.0,0.014968,0.7456590149911689,33.52738919182259
13380.0,0.014957000000000002,0.7453576857265038,33.54094346747411
13440.0,0.014946000000000001,0.745054248651798,33.554603634887506
13500.0,0.014935,0.7447493750634238,33.56833968188422
13560.0,0.014924000000000002,0.7444425865958569,33.58217336049852
13620.0,0.014913000000000001,0.7441350234491737,33.59605342068349
13680.0,0.014902000000000002,0.7438258226096738,33.610018958858966
13740.0,0.014891000000000001,0.7435147648559876,33.62408008782756
13800.0,0.01488,0.7432024565590359,33.638209587933645
13860.0,0.014869000000000002,0.7428887593039389,33.652413886870676
13920.0,0.014858000000000001,0.7425732413176256,33.66671273481371
13980.0,0.014847,0.7422554731567963,33.68112584428047
14040.0,0.014836000000000002,0.7419359375390037,33.69563157019301
14100.0,0.014825000000000001,0.7416144749659926,33.71023738600355
14160.0,0.014814000000000003,0.741291303766425,33.72493360299462
14220.0,0.014803000000000002,0.7409666333152934,33.73971090728196
14280.0,0.014792000000000001,0.7406406638223656,33.754560370717066
14340.0,0.014781000000000002,0.740313865091602,33.76946073663857
14400.0,0.014770000000000002,0.739985587728056,33.78444177103011
14460.0,0.014760000000000002,0.73975541760166,33.794953582160694
14520.0,0.014750000000000001,0.739523729269678,33.8055413376511
14580.0,0.014740000000000001,0.7392905179168635,33.816205394387815
14640.0,0.014730000000000002,0.7390557920533167,33.82694550101903
14700.0,0.014720000000000002,0.7388195586895918,33.83776147499571
14760.0,0.01471,0.738581823799562,33.848653181566185
14820.0,0.014700000000000001,0.7383425928054892,33.85962051167494
14880.0,0.014690000000000002,0.7381018708752994,33.87066336839524
14940.0,0.014680000000000002,0.7378596631002298,33.8817816588031
15000.0,0.01467,0.7376159745964469,33.892975289313135
15060.0,0.014660000000000001,0.7373708105582236,33.90424416322345
15120.0,0.014650000000000002,0.7371241762810272,33.91558817963501
15180.0,0.014640000000000002,0.7368760771667336,33.92700723318939
15240.0,0.01463,0.7366265187188916,33.93850121426377
15300.0,0.014620000000000001,0.7363755065329087,33.95007000940049
15360.0,0.014610000000000001,0.7361230462841023,33.961713501836755
15420.0,0.0146,0.7358691437152752,33.973431572058246
15480.0,0.01459,0.7356138046248281,33.98522409833011
15540.0,0.014580000000000001,0.7353570348555054,33.99709095720067
15600.0,0.014570000000000001,0.7350988402844071,34.00903202394877
15660.0,0.01456,0.7348392268139224,34.021047172990066
15720.0,0.01455,0.734578200363906,34.03313627822761
15780.0,0.01454,0.734315766864411,34.04529921337801
15840.0,0.014530000000000001,0.7340519322492679,34.05753585225977
15900.0,0.01452,0.7337867024505336,34.06984606904254
15960.0,0.01451,0.7335200833938311,34.08222973845606
16020.0,0.0145,0.7332520809928929,34.09468673603712
16080.0,0.014490000000000001,0.7329827011477971,34.10721693820582
16140.0,0.01448,0.7327119497390893,34.119820222533875
16200.0,0.01447,0.7324398326244544,34.13249646789528
16260.0,0.014462333333333334,0.7324026665302452,34.13422853638341
16320.0,0.014454666666666666,0.7323643082329848,34.13601635000327
16380.0,0.014447,0.7323247403801709,34.13786073514569
16440.0,0.014439333333333334,0.7322839534651683,34.13976215332861
16500.0,0.014431666666666667,0.7322419414887522,34.14172090330067
16560.0,0.014424,0.7321987005478081,34.143737186771546
16620.0,0.014416333333333333,0.7321542281517693,34.145811140242046
16680.0,0.014408666666666667,0.7321085228295667,34.14794285330284
16740.0,0.014401,0.7320615838801541,34.15013238024624
16800.0,0.014393333333333333,0.7320134112035959,34.15237974792612
16860.0,0.014385666666666666,0.7319640051796676,34.15468496140532
16920.0,0.014378,0.7319133665775603,34.157048008154895
16980.0,0.014370333333333334,0.7318614964883892,34.15946886119131
17040.0,0.014362666666666666,0.7318083962702445,34.161947481630044
17100.0,0.014355,0.7317540675055872,34.1644838206644
17160.0,0.014347333333333333,0.7316985119667488,34.167077821167
17220.0,0.014339666666666665,0.7316417315866325,34.169729419049396
17280.0,0.014332,0.7315837284348311,34.17243854436954
17340.0,0.014324333333333333,0.7315245046973876,34.175205122269745
17400.0,0.014316666666666667,0.731464062659551,34.17802907377539
17460.0,0.014308999999999999,0.7314024046910103,34.18091031647832
17520.0,0.014301333333333333,0.7313395332330209,34.183848765132254
17580.0,0.014293666666666666,0.7312754507872858,34.186844332166736
17640.0,0.014286,0.7312101599062042,34.189896928137415
17700.0,0.014278333333333332,0.7311436631842916,34.19300646212196
17760.0,0.014270666666666666,0.7310759632506002,34.19617284206954
17820.0,0.014263,0.7310070627618898,34.199395975115536
17880.0,0.014255333333333333,0.7309369643970299,34.20267576783887
17940.0,0.014247666666666665,0.7308656708510997,34.206012126533835
18000.0,0.01424,0.7307931848306425,34.20940495742803
18060.0,0.014230999999999999,0.730582603770522,34.219265379404746
18120.0,0.014221999999999999,0.7303707453440859,34.229191351608996
18180.0,0.014213,0.7301576250971212,34.23918225420798
18240.0,0.014204,0.7299432542161162,34.249237671012416
18300.0,0.014195,0.7297276419208004,34.259357277729826
18360.0,0.014185999999999999,0.729510796240224,34.26954080576435
18420.0,0.014176999999999999,0.7292927243881278,34.27978802472608
18480.0,0.014168,0.7290734329769464,34.29009873246953
18540.0,0.014159,0.7288529281531269,34.30047274880081
18600.0,0.01415,0.7286312156882885,34.31090991124254
18660.0,0.014140999999999999,0.7284083010442626,34.321410072015155
18720.0,0.014131999999999999,0.7281841894210793,34.331973095811776
18780.0,0.014123,0.7279588857920722,34.342598858173396
18840.0,0.014114,0.7277323949331979,34.35328724413165
18900.0,0.014105,0.7275047214446656,34.364038147210174
18960.0,0.014096,0.7272758697691197,34.374851468585746
19020.0,0.014086999999999999,0.7270458442062134,34.38572711641716
19080.0,0.014078,0.7268146489247681,34.39666500528627
19140.0,0.014069,0.7265822879730226,34.407665055727634
19200.0,0.01406,0.7263487652877308,34.418727193811186
19260.0,0.014051,0.726114084700165,34.4298513508704
19320.0,0.014041999999999999,0.7258782499438299,34.44103746314834
19380.0,0.014033,0.7256412646594116,34.45228547157396
19440.0,0.014024,0.7254031323997625,34.463595321535976
19500.0,0.014015,0.7251638566341189,34.4749669626926
19560.0,0.014006,0.7249234407518297,34.48640034880387
19620.0,0.013996999999999999,0.7246818880651823,34.497895437606616
19680.0,0.013988,0.7244392018130336,34.50945219065065
19740.0,0.013979,0.7241953851633144,34.52107057318822
19800.0,0.01397,0.7239504412154008,34.532750554069516
19860.0,0.013962333333333334,0.7238426110663416,34.537894865253655
19920.0,0.013954666666666667,0.7237337384071305,34.54309046725199
19980.0,0.013947,0.7236238137093993,34.54833786058867
20040.0,0.013939333333333333,0.7235128315985164,34.553637348442656
20100.0,0.013931666666666667,0.7234007885395993,34.5589891469015
20160.0,0.013924,0.7232876820852758,34.56439342078066
20220.0,0.013916333333333334,0.7231735105118726,34.56985030093904
20280.0,0.013908666666666666,0.723058272611415,34.57535989417476
20340.0,0.013901,0.7229419675593217,34.580922289517794
20400.0,0.013893333333333334,0.7228245948262814,34.58653756241973
20460.0,0.013885666666666668,0.7227061541138198,34.59220577781703
20520.0,0.013878000000000001,0.7225866453086353,34.59792699230119
20580.0,0.013870333333333333,0.7224660684465294,34.60370125583314
20640.0,0.013862666666666667,0.7223444236850458,34.60952861304349
20700.0,0.013855000000000001,0.7222217112816267,34.61540910427072
20760.0,0.013847333333333335,0.7220979315760955,34.62134276639383
20820.0,0.013839666666666669,0.72197308497623,34.62732963351825
20880.0,0.013832,0.7218471719458784,34.63336973754108
20940.0,0.013824333333333334,0.7217201929952635,34.63946310861233
21000.0,0.013816666666666668,0.7215921486724014,34.64560977554351
21060.0,0.013809000000000002,0.7214630395561595,34.65180976613836
21120.0,0.013801333333333336,0.7213328662501931,34.65806310748191
21180.0,0.013793666666666668,0.7212016293777519,34.66436982618833
21240.0,0.013786000000000001,0.7210693295773904,34.67072994860589
21300.0,0.013778333333333335,0.7209359674987137,34.67714350102057
21360.0,0.013770666666666669,0.7208015437991773,34.68361050980942
21420.0,0.013763000000000003,0.7206660591414166,34.6901310015687
21480.0,0.013755333333333335,0.7205295141904207,34.69670500324992
21540.0,0.013747666666666668,0.7203919096108004,34.70333254229149
21600.0,0.013740000000000002,0.7202532460656735,34.71001364667293
21660.0,0.013734000000000001,0.7202883280043155,34.7083230812123
21720.0,0.013728000000000002,0.7203224745977531,34.70667774729735
21780.0,0.013722000000000002,0.72035567150333,34.70507832308284
21840.0,0.013716000000000002,0.7203879094535108,34.703525242344924
21900.0,0.013710000000000002,0.7204191814624586,34.7020188291624
21960.0,0.013704000000000003,0.7204494819164812,34.70055934178345
22020.0,0.013698000000000002,0.7204788061326917,34.69914699391686
22080.0,0.013692000000000001,0.7205071501054021,34.697781966969764
22140.0,0.013686000000000002,0.7205345103451377,34.69646441781802
22200.0,0.013680000000000001,0.7205608837699381,34.695194484054234
22260.0,0.013674000000000002,0.7205862676259699,34.693972287821325
22320.0,0.013668000000000001,0.7206106594307702,34.69279793855419
22380.0,0.013662000000000002,0.720634056927877,34.691671535171515
22440.0,0.013656000000000001,0.7206564580529781,34.69059316771176
22500.0,0.013650000000000002,0.7206778609059649,34.68956291868391
22560.0,0.013644000000000002,0.7206982637282008,34.688580864166376
22620.0,0.013638,0.7207176648843763,34.68764707468453
22680.0,0.013632000000000002,0.7207360628469102,34.68676161596508
22740.0,0.013626000000000001,0.7207534561830498,34.68592454956019
22800.0,0.013620000000000002,0.7207698435438232,34.68513593338202
22860.0,0.013614000000000001,0.7207852236545882,34.68439582216019
22920.0,0.013608000000000002,0.7207995953068339,34.68370426783864
22980.0,0.013602000000000001,0.7208129573512957,34.683061319909086
23040.0,0.013596,0.7208253086915382,34.682467025721785
23100.0,0.013590000000000001,0.7208366482785701,34.68192143074648
23160.0,0.013584,0.7208469751060979,34.68142457880242
23220.0,0.013578000000000002,0.7208562882063853,34.68097651225921
23280.0,0.013572,0.7208645866464288,34.680577272222216
23340.0,0.013566000000000002,0.7208718695245214,34.68022689869935
23400.0,0.013560000000000001,0.7208781359673124,34.67992543074382
23460.0,0.013553666666666667,0.720847929459751,34.68137866295403
23520.0,0.013547333333333335,0.720816679673862,34.682882215366334
23580.0,0.013541000000000001,0.7207843886971941,34.684436000600805
23640.0,0.013534666666666667,0.7207510576570045,34.686039977893664
23700.0,0.013528333333333333,0.7207166872563769,34.687694127313684
23760.0,0.013522000000000001,0.7206812779474082,34.68939844143471
23820.0,0.013515666666666667,0.720644830015297,34.69115292129318
23880.0,0.013509333333333333,0.720607343624922,34.69295757414952
23940.0,0.013503000000000001,0.7205688188510019,34.69481241203897
24000.0,0.013496666666666667,0.7205292556979577,34.69671745081768
24060.0,0.013490333333333333,0.720488654113638,34.69867270950378
24120.0,0.013484000000000001,0.7204470139998186,34.700678209773656
24180.0,0.013477666666666667,0.7204043352196109,34.70273397560677
24240.0,0.013471333333333333,0.720360617603565,34.70484003299333
24300.0,0.013465000000000001,0.7203158609542476,34.706996409715224
24360.0,0.013458666666666667,0.7202700650492625,34.70920313520199
24420.0,0.013452333333333334,0.7202232296450513,34.711460240349076
24480.0,0.013446,0.720175354479226,34.71376775740684
24540.0,0.013439666666666667,0.7201264392725851,34.71612571988473
24600.0,0.013433333333333334,0.7200764837295272,34.718534162532684
24660.0,0.013427,0.7200254875415051,34.72099312117601
24720.0,0.013420666666666668,0.7199734503874734,34.72350263269509
24780.0,0.013414333333333334,0.7199203719336303,34.7260627350392
24840.0,0.013408,0.7198662518363462,34.7286734670866
24900.0,0.013401666666666666,0.7198110897422481,34.73133486864181
24960.0,0.013395333333333334,0.7197548852877189,34.73404698046107
25020.0,0.013389,0.7196976381013628,34.736809844134825
25080.0,0.013382666666666666,0.7196393478039291,34.73962350209265
25140.0,0.013376333333333334,0.7195800140076916,34.742487997634655
25200.0,0.01337,0.7195196363187163,34.745403374823354
25260.0,0.013364666666666667,0.7195658873573693,34.743170068572
25320.0,0.013359333333333332,0.7196111661254665,34.740983988068315
25380.0,0.013354,0.7196554638609203,34.73884553849711
25440.0,0.013348666666666667,0.7196987746246634,34.73675498897157
25500.0,0.013343333333333334,0.7197410937476014,34.73471254757477
25560.0,0.013338,0.7197824173253288,34.73271838578469
25620.0,0.013332666666666666,0.7198227419731944,34.73077265031865
25680.0,0.013327333333333333,0.7198620646859343,34.72887546992374
25740.0,0.013322,0.7199003827491094,34.72702695966295
25800.0,0.013316666666666666,0.7199376936778344,34.725227223881504
25860.0,0.013311333333333333,0.7199739951747518,34.72347635824265
25920.0,0.013306,0.7200092850976912,34.72177445129473
25980.0,0.013300666666666667,0.720043561435351,34.72012158565023
26040.0,0.013295333333333333,0.7200768222886391,34.71851783889092
26100.0,0.01329,0.7201090658554279,34.716963284307695
26160.0,0.013284666666666667,0.7201402904184196,34.71545799148992
26220.0,0.013279333333333332,0.720170494335178,34.71400202680982
26280.0,0.013274,0.7201996760297976,34.71259545382751
26340.0,0.013268666666666666,0.7202278339859084,34.711238333631435
26400.0,0.013263333333333334,0.7202549667406839,34.70993072513007
26460.0,0.013257999999999999,0.7202810728798584,34.708672685294836
26520.0,0.013252666666666666,0.7203061510335593,34.707464269363484
26580.0,0.013247333333333333,0.7203301998720013,34.70630553105001
26640.0,0.013242,0.7203532181027136,34.705196522680495
26700.0,0.013236666666666666,0.7203752044676952,34.70413729533234
26760.0,0.013231333333333333,0.7203961577405437,34.70312789897464
26820.0,0.013226,0.7204160767242869,34.70216838257462
26880.0,0.013220666666666667,0.7204349602495265,34.70125879418889
26940.0,0.013215333333333332,0.7204528071728674,34.70039918104092
27000.0,0.01321,0.7204696163748238,34.69958958962368
27060.0,0.013206666666666667,0.7207036434819712,34.6883219282981
27120.0,0.013203333333333333,0.7209368078262823,34.67710308116773
27180.0,0.0132,0.7211690923515411,34.66593378049748
27240.0,0.013196666666666666,0.7214004854547498,34.6548144949483
27300.0,0.013193333333333333,0.721630977999572,34.64374557381436
27360.0,0.01319,0.7218605623440332,34.63272729406319
27420.0,0.013186666666666666,0.7220892318693548,34.6217598831652
27480.0,0.013183333333333333,0.7223169807089549,34.610843532243244
27540.0,0.013179999999999999,0.7225438035763097,34.59997840443688
27600.0,0.013176666666666666,0.7227696956485953,34.58916464056456
27660.0,0.013173333333333334,0.7229946524828332,34.57840236320918
27720.0,0.01317,0.7232186699535932,34.56769167975735
27780.0,0.013166666666666667,0.7234417442065704,34.55703268466844
27840.0,0.013163333333333332,0.7236638716206824,34.546425461328084
27900.0,0.01316,0.7238850487783838,34.53587008350232
27960.0,0.013156666666666667,0.7241052724423561,34.5253666164821
28020.0,0.013153333333333333,0.7243245395350181,34.51491511808893
28080.0,0.01315,0.7245428471220592,34.504515639484886
28140.0,0.013146666666666666,0.724760192398472,34.49416822586062
28200.0,0.013143333333333333,0.7249765726766534,34.48387291702217
28260.0,0.01314,0.7251919853762546,34.473629747892396
28320.0,0.013136666666666666,0.7254064280152009,34.46343874895484
28380.0,0.013133333333333334,0.7256198982020013,34.45329994663458
28440.0,0.01313,0.7258323936289695,34.443213363634314
28500.0,0.013126666666666667,0.7260439120662538,34.43317901923082
28560.0,0.013123333333333334,0.7262544513565389,34.42319692953839
28620.0,0.01312,0.7264640094103342,34.41326710774334
28680.0,0.013116666666666667,0.7266725842018728,34.403389564308775
28740.0,0.013113333333333333,0.7268801737647465,34.393564307191035
28800.0,0.01311,0.7270867761896316,34.38379134195634
28860.0,0.013106,0.7272184089210392,34.377567582608435
28920.0,0.013102,0.727348989991353,34.37139577288367
28980.0,0.013098,0.7274785227540665,34.365275699625805
29040.0,0.013094,0.7276070088707656,34.35920723028713
29100.0,0.013090000000000001,0.7277344492638771,34.3531902678074
29160.0,0.013086,0.7278608444255036,34.34722473597595
29220.0,0.013082,0.727986194566326,34.341310572370034
29280.0,0.013078,0.7281104996997086,34.335447724364144
29340.0,0.013074,0.728233759695796,34.32963614656263
29400.0,0.01307,0.7283559743165241,34.323875799137284
29460.0,0.013066,0.7284771432411847,34.31816664661362
29520.0,0.013062,0.7285972660848892,34.31250865699411
29580.0,0.013058,0.7287163424124455,34.30690180109927
29640.0,0.013054,0.7288343717488545,34.301346052069334
29700.0,0.013049999999999999,0.7289513535879175,34.29584138495573
29760.0,0.013046,0.7290672873988367,34.29038777640799
29820.0,0.013042,0.7291821726316053,34.28498520441806
29880.0,0.013038,0.7292960087214773,34.27963364810852
29940.0,0.013034,0.7294087950928492,34.274333087548875
30000.0,0.01303,0.729520531161536,34.26908350364756
30060.0,0.013026,0.729631216338103,34.26388487799469
30120.0,0.013022,0.7297408500299418,34.25873719276402
30180.0,0.013018,0.729849431643074,34.25364043062791
30240.0,0.013014,0.7299569605829368,34.24859457472018
30300.0,0.01301,0.7300634362570316,34.24359960851171
30360.0,0.013006,0.7301688580755977,34.23865551577884
30420.0,0.013002,0.7302732254518629,34.23376228059167
30480.0,0.012998,0.7303765378041316,34.228919887216264
30540.0,0.012994,0.730478794556139,34.224128320098266
30600.0,0.01299,0.7305799951370441,34.21938756386347
30660.0,0.012987333333333333,0.7308301815532326,34.20767317910643
30720.0,0.012984666666666667,0.7310794285612172,34.19601075248504
30780.0,0.012982,0.731327725833253,34.18440066868208
30840.0,0.012979333333333332,0.7315750663834582,34.1728431555049
30900.0,0.012976666666666666,0.7318214447345154,34.16133837000269
30960.0,0.012974,0.732066856322181,34.14988642648992
31020.0,0.012971333333333333,0.732311297206527,34.13848741015596
31080.0,0.012968666666666667,0.7325547639069175,34.12714138485439
31140.0,0.012966,0.7327972532969405,34.11584839806929
31200.0,0.012963333333333334,0.7330387625340601,34.104608484245595
31260.0,0.012960666666666667,0.7332792890080496,34.09342166723266
31320.0,0.012957999999999999,0.7335188303046739,34.082287962009126
31380.0,0.012955333333333333,0.7337573841762632,34.07120737608073
31440.0,0.012952666666666666,0.7339949485197116,34.06017991052784
31500.0,0.01295,0.7342315213589816,34.04920556083966
31560.0,0.012947333333333333,0.7344671008304703,34.038284317612344
31620.0,0.012944666666666667,0.7347016851711704,34.027416167114836
31680.0,0.012942,0.7349352727089593,34.01660109175385
31740.0,0.012939333333333332,0.7351678618541186,34.00583907047996
31800.0,0.012936666666666666,0.73539945109245,33.995130079118255
31860.0,0.012934,0.735630038979184,33.984474090660974
31920.0,0.012931333333333333,0.7358596241337653,33.97387107551844
31980.0,0.012928666666666666,0.7360882052353621,33.96332100173555
32040.0,0.012926,0.7363157810185854,33.95282383519765
32100.0,0.012923333333333334,0.7365423502706832,33.94237953976763
32160.0,0.012920666666666667,0.7367679118278049,33.93198807746519
32220.0,0.012917999999999999,0.7369924645723205,33.92164940859686
32280.0,0.012915333333333332,0.7372160074304311,33.91136349187205
32340.0,0.012912666666666666,0.7374385393703161,33.90113028449394
32400.0,0.01291,0.7376600593997099,33.89094974227614
32460.0,0.012906666666666667,0.7378043504507379,33.88432175105372
32520.0,0.012903333333333333,0.7379475706971248,33.87774551027112
32580.0,0.0129,0.7380897239273958,33.87122078732421
32640.0,0.012896666666666666,0.7382308123656253,33.864747422135764
32700.0,0.012893333333333333,0.7383708375495399,33.8583252867468
32760.0,0.01289,0.7385098006152438,33.85195427220166
32820.0,0.012886666666666666,0.7386477024346747,33.84563428221179
32880.0,0.012883333333333333,0.738784543693641,33.839365229556016
32940.0,0.012879999999999999,0.7389203249415441,33.83314703378574
33000.0,0.012876666666666666,0.7390550466242349,33.82697961970754
33060.0,0.012873333333333334,0.7391887091079081,33.820862916279275
33120.0,0.01287,0.7393213126961781,33.81479685582076
33180.0,0.012866666666666667,0.7394528576432129,33.80878137340641
33240.0,0.012863333333333333,0.739583344163839,33.802816406397845
33300.0,0.01286,0.7397127724414048,33.79690189407989
33360.0,0.012856666666666667,0.7398411426341348,33.79103777736644
33420.0,0.012853333333333333,0.739968454880566,33.78522399854884
33480.0,0.01285,0.7400947093036465,33.77946050110592
33540.0,0.012846666666666666,0.7402199060140485,33.77374722955036
33600.0,0.012843333333333333,0.7403440451138757,33.768084129257275
33660.0,0.01284,0.7404671266984888,33.76247114637915
33720.0,0.012836666666666666,0.74058915085857,33.75690822774993
33780.0,0.012833333333333334,0.7407101176824293,33.75139532077845
33840.0,0.01283,0.7408300272578363,33.74593237336352
33900.0,0.012826666666666667,0.7409488796723342,33.74051933387849
33960.0,0.012823333333333334,0.7410666750151125,33.73515615108476
34020.0,0.01282,0.7411834133786347,33.72984277405667
34080.0,0.012816666666666667,0.7412990948582255,33.724579152199404
34140.0,0.012813333333333333,0.7414137195536613,33.71936523517566
34200.0,0.01281,0.741527287570254,33.71420097285556
34260.0,0.012807333333333334,0.741717009342554,33.705577309275405
34320.0,0.012804666666666667,0.7419057258386563,33.69700371531679
34380.0,0.012802000000000001,0.7420934327233486,33.68848031474221
34440.0,0.012799333333333333,0.7422801272011877,33.680007161533496
34500.0,0.012796666666666666,0.7424658071725212,33.67158427834635
34560.0,0.012794,0.7426504709595783,33.66321166900698
34620.0,0.012791333333333333,0.742834117174039,33.65488932456065
34680.0,0.012788666666666667,0.743016744641397,33.6466172267299
34740.0,0.012786,0.743198352353093,33.63839535010503
34800.0,0.012783333333333334,0.7433789394341054,33.63022366362863
34860.0,0.012780666666666668,0.7435585051198789,33.62210213165327
34920.0,0.012778,0.7437370487393088,33.61403071472224
34980.0,0.012775333333333333,0.7439145697019658,33.60600937015623
35040.0,0.012772666666666667,0.7440910674878402,33.59803805252446
35100.0,0.01277,0.7442665416393509,33.590116714012176
35160.0,0.012767333333333334,0.744440991754925,33.58224530471607
35220.0,0.012764666666666667,0.744614417483661,33.57442377288991
35280.0,0.012762,0.7447868185208311,33.56665206515167
35340.0,0.012759333333333333,0.7449581946043712,33.5589301266454
35400.0,0.012756666666666666,0.745128545511483,33.55125790119757
35460.0,0.012754,0.7452978710559449,33.54363533144107
35520.0,0.012751333333333333,0.7454661710859273,33.536062358916
35580.0,0.012748666666666667,0.7456334454819862,33.52853892416227
35640.0,0.012746,0.7457996941551372,33.52106496680815
35700.0,0.012743333333333334,0.7459649170452873,33.51364042564251
35760.0,0.012740666666666668,0.7461291141199936,33.506265238672164
35820.0,0.012738,0.7462922853731858,33.49893934318063
35880.0,0.012735333333333333,0.7464544308239424,33.49166267578424
35940.0,0.012732666666666666,0.7466155505156564,33.484435172470675
36000.0,0.01273,0.7467756445150718,33.477256768643095
36060.0,0.012727666666666667,0.7469738354637486,33.46837441030192
36120.0,0.012725333333333333,0.747171026652547,33.459541534960536
36180.0,0.012723,0.7473672160898552,33.450758157144364
36240.0,0.012720666666666667,0.7475624025395157,33.442024257872596
36300.0,0.012718333333333333,0.7477565851146697,33.433339802906865
36360.0,0.012716,0.7479497631456297,33.4247047486963
36420.0,0.012713666666666667,0.7481419361160225,33.41611904525424
36480.0,0.012711333333333333,0.7483331036255523,33.40758263783743
36540.0,0.012709,0.7485232653670361,33.39909546798299
36600.0,0.012706666666666666,0.748712421110099,33.390657474245
36660.0,0.012704333333333333,0.7489005706898308,33.38226859270768
36720.0,0.012702,0.7490877139981641,33.373928757375495
36780.0,0.012699666666666666,0.7492738509773924,33.3656379004668
36840.0,0.012697333333333333,0.7494589816149891,33.35739595264862
36900.0,0.012695000000000001,0.749643105939338,33.34920284323008
36960.0,0.012692666666666668,0.7498262240164945,33.341058500309344
37020.0,0.012690333333333335,0.7500083359473015,33.33296285090436
37080.0,0.012688000000000001,0.7501894418649103,33.32491582106517
37140.0,0.012685666666666668,0.7503695419327724,33.31691733596487
37200.0,0.012683333333333335,0.7505486363429493,33.3089673199762
37260.0,0.012681000000000001,0.7507267253146706,33.3010656967369
37320.0,0.012678666666666668,0.7509038090927737,33.293212389219974
37380.0,0.012676333333333335,0.7510798879467074,33.285407319778834
37440.0,0.012674000000000001,0.7512549621694596,33.277650410195605
37500.0,0.012671666666666668,0.7514290320765789,33.26994158172508
37560.0,0.012669333333333335,0.7516020980054038,33.26228075512937
37620.0,0.012667000000000001,0.7517741603142084,33.2546678507161
37680.0,0.012664666666666668,0.751945219381627,33.247102788364174
37740.0,0.012662333333333334,0.7521152756060097,33.23958548755241
37800.0,0.012660000000000001,0.7522843294046991,33.23211586739166
37860.0,0.012658,0.7524920096464953,33.222944136967605
37920.0,0.012656,0.7526987133102759,33.21382056049105
37980.0,0.012654,0.7529044388466165,33.204745131132185
38040.0,0.012652000000000002,0.7531091854284393,33.195717810529224
38100.0,0.012650000000000002,0.7533129525607645,33.18673854606718
38160.0,0.012648000000000001,0.7535157399540156,33.177807276495194
38220.0,0.012646000000000001,0.7537175474628014,33.168923934643885
38280.0,0.012644,0.7539183750505036,33.1600884489986
38340.0,0.012642,0.7541182227672786,33.151300744677826
38400.0,0.01264,0.7543170907345857,33.142560744121475
38460.0,0.012638,0.7545149791344536,33.13386836756892
38520.0,0.012636000000000001,0.7547118882013095,33.12522353342283
38580.0,0.012634000000000001,0.7549078182158541,33.1166261585221
38640.0,0.012632,0.7551027695001803,33.1080761583593
38700.0,0.01263,0.7552967424138014,33.09957344725757
38760.0,0.012628,0.7554897373504965,33.091117938511026
38820.0,0.012626,0.7556817547357488,33.082709544498854
38880.0,0.012624,0.7558727950243462,33.07434817679179
38940.0,0.012622000000000001,0.7560628586985333,33.0660337462342
39000.0,0.012620000000000001,0.7562519462664208,33.05776616301457
39060.0,0.012618,0.7564400582605989,33.0495453367269
39120.0,0.012616,0.7566271952367819,33.041371176430424
39180.0,0.012614,0.7568133577728291,33.0332435906928
39240.0,0.012612,0.7569985464676736,33.02516248763707
39300.0,0.01261,0.7571827619405325,33.017127774976274
39360.0,0.012608,0.75736600483016,33.00913936004597
39420.0,0.012606000000000001,0.7575482757939418,33.00119714984365
39480.0,0.012604,0.7577295755074908,32.99330105104609
39540.0,0.012602,0.7579099046640371,32.985450970035664
39600.0,0.0126,0.7580892639736132,32.97764681293544
39660.0,0.012597666666666667,0.7582275313933738,32.97163313769178
39720.0,0.012595333333333333,0.7583648082618337,32.965664713925484
39780.0,0.012593,0.7585010972598721,32.9597413771897
39840.0,0.012590666666666667,0.758636400406532,32.95386299234152
39900.0,0.012588333333333333,0.7587707194338343,32.94802943721134
39960.0,0.012586,0.7589040559078202,32.942240597323426
40020.0,0.012583666666666667,0.7590364112867232,32.93649636335607
40080.0,0.012581333333333333,0.7591677869542159,32.93079662968854
40140.0,0.012579,0.7592981842399255,32.92514129350324
40200.0,0.012576666666666667,0.7594276044337038,32.91953025416057
40260.0,0.012574333333333333,0.7595560487953054,32.91396341277418
40320.0,0.012572,0.7596835185617533,32.90844067188723
40380.0,0.012569666666666666,0.7598100149526501,32.902961935238444
40440.0,0.012567333333333333,0.7599355391744477,32.897527107573666
40500.0,0.012565,0.7600600924239009,32.89213609449316
40560.0,0.012562666666666666,0.7601836758901575,32.886788802358296
40620.0,0.012560333333333333,0.7603062907574268,32.8814851381733
40680.0,0.012558,0.7604279382065375,32.8762250095154
40740.0,0.012555666666666666,0.7605486194167737,32.871008324452994
40800.0,0.012553333333333333,0.7606683355660427,32.86583499153614
40860.0,0.012551,0.760787087832725,32.86070491971438
40920.0,0.012548666666666666,0.7609048773969194,32.85561801828084
40980.0,0.012546333333333333,0.7610217054398187,32.850574196897185
41040.0,0.012544,0.761137573145294,32.84557336552316
41100.0,0.012541666666666666,0.7612524817007468,32.84061543437787
41160.0,0.012539333333333333,0.7613664322963505,32.83570031397066
41220.0,0.012537,0.7614794261263044,32.830827915045106
41280.0,0.012534666666666666,0.7615914643894798,32.82599814854928
41340.0,0.012532333333333333,0.7617025482885922,32.82121092566971
41400.0,0.01253,0.761812679031312,32.81646615778162
41460.0,0.012528333333333332,0.7620029460309796,32.808272107367436
41520.0,0.012526666666666667,0.7621923034245709,32.80012129179691
41580.0,0.012525,0.7623807487831885,32.79201375415329
41640.0,0.012523333333333332,0.7625682809847152,32.78394948150367
41700.0,0.012521666666666667,0.7627548994907848,32.775928436107066
41760.0,0.01252,0.7629406041134016,32.76795056549915
41820.0,0.012518333333333333,0.7631253949026584,32.760015807348296
41880.0,0.012516666666666666,0.7633092720825734,32.752124092232364
41940.0,0.012515,0.7634922360111618,32.744275345367775
42000.0,0.012513333333333333,0.763674287152724,32.736469487809735
42060.0,0.012511666666666666,0.7638554260591182,32.728706437263874
42120.0,0.01251,0.7640356533552755,32.720986108713745
42180.0,0.012508333333333333,0.7642149697284516,32.71330841488652
42240.0,0.012506666666666666,0.7643933759199644,32.70567326661085
42300.0,0.012504999999999999,0.7645708727184325,32.69808057310956
42360.0,0.012503333333333333,0.7647474609544841,32.69053024222847
42420.0,0.012501666666666666,0.7649231414963487,32.683022180626935
42480.0,0.012499999999999999,0.7650979152461654,32.675556293937106
42540.0,0.012498333333333334,0.7652717831369193,32.66813248689596
42600.0,0.012496666666666666,0.7654447461299493,32.66075066345254
42660.0,0.012495,0.7656168052125618,32.653410726870256
42720.0,0.012493333333333334,0.7657879613961485,32.64611257980758
42780.0,0.012491666666666667,0.7659582157145294,32.63885612438869
42840.0,0.01249,0.7661275692225223,32.63164126226442
42900.0,0.012488333333333334,0.7662960229945553,32.62446789467108
42960.0,0.012486666666666667,0.7664635781236298,32.617335922474226
43020.0,0.012485,0.7666302357201579,32.61024524621766
43080.0,0.012483333333333332,0.766795996911135,32.603195766157974
43140.0,0.012481666666666667,0.7669608628394178,32.59618738229459
43200.0,0.01248,0.7671248346626574,32.58921999441425
43260.0,0.012478666666666666,0.7673289041125569,32.58055296237457
43320.0,0.012477333333333333,0.7675321030710173,32.57192748025919
43380.0,0.012476,0.7677344310050412,32.56334350834376
43440.0,0.012474666666666667,0.7679358880197699,32.55480098015213
43500.0,0.012473333333333333,0.7681364745092153,32.54629981732507
43560.0,0.012472,0.7683361910434847,32.5378399344267
43620.0,0.012470666666666666,0.7685350383143035,32.529421241267976
43680.0,0.012469333333333332,0.768733017104052,32.52104364422807
43740.0,0.012468,0.7689301282661108,32.51270704709338
43800.0,0.012466666666666666,0.7691263727114294,32.50441135163079
43860.0,0.012465333333333333,0.7693217513991372,32.49615645798838
43920.0,0.012464,0.7695162653294075,32.487942264999724
43980.0,0.012462666666666667,0.769709915538097,32.47976867041233
44040.0,0.012461333333333333,0.7699027030925422,32.47163557106644
44100.0,0.012459999999999999,0.7700946290880553,32.46354286304393
44160.0,0.012458666666666667,0.7702856946452732,32.45549044178061
44220.0,0.012457333333333332,0.7704759009078256,32.44747820216485
44280.0,0.012456,0.7706652490403654,32.43950603862062
44340.0,0.012454666666666666,0.7708537402269412,32.43157384517579
44400.0,0.012453333333333334,0.7710413756696481,32.423681515518595
44460.0,0.012452,0.7712281565872627,32.41582894305455
44520.0,0.012450666666666667,0.7714140842143138,32.40801602094488
44580.0,0.012449333333333333,0.7715991598001618,32.400242642144406
44640.0,0.012447999999999999,0.7717833846078906,32.392508699447326
44700.0,0.012446666666666667,0.7719667599138781,32.3848140855042
44760.0,0.012445333333333333,0.7721492870070864,32.377158692850756
44820.0,0.012444,0.7723309671880884,32.3695424139476
44880.0,0.012442666666666666,0.7725118017689699,32.36196514118316
44940.0,0.012441333333333334,0.7726917920727411,32.35442676689712
45000.0,0.01244,0.7728709394324349,32.346927183416916
45060.0,0.012438666666666666,0.7730492451913157,32.33946628304766
45120.0,0.012437333333333333,0.7732267107020115,32.3320439581071
45180.0,0.012436,0.7734033373265133,32.32466010092424
45240.0,0.012434666666666667,0.7735791264352986,32.31731460387456
45300.0,0.012433333333333333,0.7737540794076412,32.31000735936555
45360.0,0.012432,0.7739281976310518,32.30273825985862
45420.0,0.012430666666666666,0.7741014825006324,32.29550719789453
45480.0,0.012429333333333332,0.7742739354194645,32.28831406607559
45540.0,0.012428,0.774445557798068,32.2811587570867
45600.0,0.012426666666666666,0.7746163510537883,32.274041163719296
45660.0,0.012425333333333333,0.7747863166112585,32.26696117885044
45720.0,0.012424,0.7749554559018769,32.259918695462986
45780.0,0.012422666666666667,0.7751237703632133,32.25291360666866
45840.0,0.012421333333333333,0.7752912614395737,32.245945805682865
45900.0,0.01242,0.7754579305812592,32.23901518585383
45960.0,0.012418666666666666,0.7756237792444324,32.23212164066649
46020.0,0.012417333333333332,0.7757888088914842,32.225265063725544
46080.0,0.012416,0.7759530209899144,32.21844534880024
46140.0,0.012414666666666666,0.7761164170129751,32.2116623897959
46200.0,0.012413333333333334,0.7762789984395231,32.20491608075837
46260.0,0.012412,0.7764407667530798,32.198206315911264
46320.0,0.012410666666666667,0.7766017234425537,32.19153298962423
46380.0,0.012409333333333333,0.7767618700017352,32.184895996432154
46440.0,0.012407999999999999,0.7769212079291824,32.17829523103814
46500.0,0.012406666666666667,0.7770797387281345,32.17173058831532
46560.0,0.012405333333333332,0.7772374639061435,32.16520196332033
46620.0,0.012404,0.7773943849755465,32.158709251271986
46680.0,0.012402666666666666,0.7775505034527754,32.152252347578056
46740.0,0.012401333333333334,0.7777058208582873,32.14583114783639
46800.0,0.0124,0.7778603387169156,32.139445547818546
46860.0,0.012398666666666665,0.7780140585572743,32.13309544349268
46920.0,0.012397333333333333,0.7781669819118976,32.12678073101596
46980.0,0.012395999999999999,0.7783191103168609,32.12050130674842
47040.0,0.012394666666666667,0.7784704453123693,32.114257067226866
47100.0,0.012393333333333333,0.7786209884416796,32.10804790920757
47160.0,0.012392,0.7787707412516528,32.10187372964167
47220.0,0.012390666666666666,0.7789197052926532,32.09573442567752
47280.0,0.012389333333333332,0.779067882118287,32.089629894669706
47340.0,0.012388,0.7792152732850356,32.0835600341923
47400.0,0.012386666666666666,0.7793618803528768,32.077524742011484
47460.0,0.012385333333333333,0.7795077048846368,32.07152391611045
47520.0,0.012384,0.7796527484458088,32.06555745469507
47580.0,0.012382666666666667,0.7797970126051147,32.05962525616891
47640.0,0.012381333333333333,0.7799404989338704,32.05372721915765
47700.0,0.012379999999999999,0.7800832090058111,32.04786324251439
47760.0,0.012378666666666666,0.7802251443976833,32.042033225293515
47820.0,0.012377333333333332,0.7803663066883725,32.03623706678481
47880.0,0.012376,0.7805066974595992,32.030474666482995
47940.0,0.012374666666666666,0.7806463182949257,32.02474592412678
48000.0,0.012373333333333333,0.780785170780474,32.01905073966756
48060.0,0.012372,0.7809232565048336,32.01338901327144
48120.0,0.012370666666666667,0.7810605770581609,32.0077606453544
48180.0,0.012369333333333333,0.7811971340329774,32.00216553654772
48240.0,0.012367999999999999,0.78133292902406,31.996603587700783
48300.0,0.012366666666666666,0.7814679636275379,31.99107469991625
48360.0,0.012365333333333332,0.7816022394417009,31.98557877451518
48420.0,0.012364,0.7817357580668853,31.980115713039954
48480.0,0.012362666666666666,0.7818685211045803,31.974685417289077
48540.0,0.012361333333333334,0.7820005301583002,31.969287789279704
48600.0,0.01236,0.7821317868331126,31.963922731265207
48660.0,0.012359,0.7823044881343996,31.956866385387542
48720.0,0.012358,0.7824764568906086,31.949843065367826
48780.0,0.012357,0.7826476932431039,31.942852723945318
48840.0,0.012355999999999999,0.782818197892186,31.935895291288485
48900.0,0.012355,0.7829879717817073,31.92897068790459
48960.0,0.012354,0.783157015998498,31.92207882875935
49020.0,0.012353,0.7833253317244164,31.915219625241622
49080.0,0.012352,0.7834929202094848,31.908392986264225
49140.0,0.012350999999999999,0.7836597827549823,31.901598818956437
49200.0,0.01235,0.7838259207021695,31.894837029125572
49260.0,0.012349,0.783991335424355,31.888107521581375
49320.0,0.012348,0.7841560283211328,31.881410200371285
49380.0,0.012347,0.7843200008140245,31.874744968958048
49440.0,0.012346,0.784483254343044,31.868111730359303
49500.0,0.012345,0.7846457903640975,31.861510387252956
49560.0,0.012344,0.7848076103467978,31.854940842065453
49620.0,0.012343,0.7849687157726805,31.84840299704347
49680.0,0.012342,0.7851291081338687,31.841896754307275
49740.0,0.012341,0.7852887889317316,31.835422015904207
49800.0,0.01234,0.7854477596758203,31.82897868385074
49860.0,0.012339000000000001,0.7856060218832225,31.822566660157502
49920.0,0.012338,0.7857635770775818,31.816185846867832
49980.0,0.012337,0.7859204267883494,31.8098361460868
50040.0,0.012336,0.7860765725505938,31.803517459987575
50100.0,0.012335,0.7862320159041487,31.7972296908446
50160.0,0.012334000000000001,0.786386758393086,31.790972741053473
50220.0,0.012333,0.7865408015657643,31.78474651312758
50280.0,0.012332000000000001,0.786694146974059,31.778550909727777
50340.0,0.012331,0.786846796172971,31.772385833676697
50400.0,0.01233,0.7869987507208401,31.76625118794866
50460.0,0.012328666666666667,0.7871074520278438,31.76186419731118
50520.0,0.012327333333333334,0.7872154471901328,31.757506905173642
50580.0,0.012326,0.7873227391590021,31.753179168563527
50640.0,0.012324666666666668,0.7874293303510936,31.748880866366978
50700.0,0.012323333333333334,0.787535222953577,31.744611886995788
50760.0,0.012322000000000001,0.7876404190208086,31.740372124477688
50820.0,0.012320666666666667,0.787744920520151,31.73616147660134
50880.0,0.012319333333333333,0.7878487293573594,31.731979843887366
50940.0,0.012318,0.7879518473924887,31.7278271289428
51000.0,0.012316666666666667,0.7880542764503904,31.723703236034403
51060.0,0.012315333333333334,0.7881560183280512,31.719608070789793
51120.0,0.012314,0.788257074799816,31.715541539984205
51180.0,0.012312666666666668,0.7883574476212315,31.7115035513831
51240.0,0.012311333333333334,0.7884571385323251,31.707494013607757
51300.0,0.012310000000000001,0.788556149259728,31.703512836047533
51360.0,0.012308666666666667,0.7886544815184221,31.69955992878743
51420.0,0.012307333333333333,0.7887521370131994,31.695635202547336
51480.0,0.012306000000000001,0.7888491174406149,31.69173856860151
51540.0,0.012304666666666667,0.7889454244888635,31.687869938781667
51600.0,0.012303333333333335,0.7890410598390799,31.684029225422815
51660.0,0.012302,0.7891360251665293,31.680216341313674
51720.0,0.012300666666666668,0.7892303221403648,31.676431199704645
51780.0,0.012299333333333334,0.7893239524243202,31.67267371427827
51840.0,0.012298,0.7894169176777465,31.66894379910595
51900.0,0.012296666666666668,0.789509219555164,31.665241368664244
51960.0,0.012295333333333333,0.7896008597067503,31.661566337813696
52020.0,0.012294000000000001,0.7896918397791872,31.657918621763233
52080.0,0.012292666666666667,0.7897821614151413,31.65429813608944
52140.0,0.012291333333333335,0.7898718262536284,31.650704796720376
52200.0,0.01229,0.7899608359307445,31.647138519904722
52260.0,0.012289000000000001,0.7900920504384178,31.64188272256079
52320.0,0.012288,0.7902226258198944,31.636654258110216
52380.0,0.012287000000000001,0.7903525623960561,31.63145308747942
52440.0,0.012286,0.7904818610012716,31.62627915121734
52500.0,0.012285,0.7906105226876381,31.621132381357434
52560.0,0.012284,0.7907385486317995,31.61601270515652
52620.0,0.012283,0.7908659400909894,31.610920046858688
52680.0,0.012282000000000001,0.7909926983786952,31.605854328671708
52740.0,0.012281,0.7911188248494732,31.60081547137596
52800.0,0.012280000000000001,0.7912443208889539,31.59580339472489
52860.0,0.012279,0.7913691879068676,31.590818017724146
52920.0,0.012278,0.7914934273320441,31.585859258831345
52980.0,0.012277,0.7916170406086469,31.580927036106203
53040.0,0.012276,0.7917400291932886,31.576021267325256
53100.0,0.012275000000000001,0.7918623945528113,31.57114187006981
53160.0,0.012274,0.7919841381624654,31.566288761797868
53220.0,0.012273000000000001,0.792105261504436,31.561461859902053
53280.0,0.012272,0.7922257660668817,31.55666108174704
53340.0,0.012271,0.792345653342562,31.551886344723243
53400.0,0.01227,0.7924649248282859,31.547137566267793
53460.0,0.012269,0.7925835820243854,31.542414663884404
53520.0,0.012268,0.792701626433597,31.537717555186823
53580.0,0.012267,0.7928190595609458,31.533046157902305
53640.0,0.012266,0.7929358829134684,31.528400389881465
53700.0,0.012265,0.7930520979992186,31.52378016913667
53760.0,0.012264,0.7931677063273924,31.51918541383587
53820.0,0.012263,0.7932827094081991,31.514616042306503
53880.0,0.012262,0.7933971087519297,31.510071973071323
53940.0,0.012261,0.7935109058692777,31.5055531248344
54000.0,0.01226,0.7936241022710442,31.50105941649164
54060.0,0.012259,0.7937366994677678,31.49659076714419
54120.0,0.012258,0.793848698969688,31.492147096098712
54180.0,0.012257,0.7939601022864061,31.48772832287953
54240.0,0.012256,0.794070910927268,31.483334367212258
54300.0,0.012255,0.7941811264004063,31.4789651490605
54360.0,0.012254000000000001,0.7942907502132044,31.474620588606214
54420.0,0.012253,0.794399783872351,31.47030060624633
54480.0,0.012252,0.7945082288829883,31.46600512262522
54540.0,0.012251,0.7946160867492074,31.461734058613857
54600.0,0.01225,0.7947233589741235,31.45748733530558
54660.0,0.012249000000000001,0.7948300470590347,31.453264874048184
54720.0,0.012248,0.7949361525039448,31.449066596421957
54780.0,0.012247000000000001,0.7950416768076548,31.444892424234855
54840.0,0.012246,0.795146621466929,31.440742279554257
54900.0,0.012245,0.7952509879770391,31.436616084684214
54960.0,0.012244000000000001,0.7953547778318629,31.432513762160326
55020.0,0.012243,0.7954579925230654,31.428435234780913
55080.0,0.012242000000000001,0.7955606335406473,31.424380425584097
55140.0,0.012241,0.7956627023730589,31.420349257842123
55200.0,0.012240000000000001,0.7957642005063846,31.41634165509236
55260.0,0.012239000000000002,0.7958651294249042,31.412357541113927
55320.0,0.012238,0.7959654906112079,31.408396839921966
55380.0,0.012237000000000001,0.7960652855453936,31.404459475798156
55440.0,0.012236,0.7961645157056292,31.400545373267306
55500.0,0.012235000000000001,0.7962631825682764,31.396654457091326
55560.0,0.012234000000000002,0.7963612876070922,31.392786652299538
55620.0,0.012233,0.7964588322937944,31.38894188416521
55680.0,0.012232000000000002,0.7965558180981942,31.38512007819917
55740.0,0.012231,0.7966522464873974,31.38132116018013
55800.0,0.012230000000000001,0.7967481189264305,31.377545056128874
55860.0,0.012229333333333335,0.7968868749125134,31.372081517523597
55920.0,0.012228666666666667,0.7970250897312967,31.36664117867145
55980.0,0.012228000000000001,0.797162763687623,31.361224004432458
56040.0,0.012227333333333335,0.7972998975602285,31.355829941156472
56100.0,0.012226666666666667,0.7974364923244511,31.350458927616156
56160.0,0.012226,0.7975725490661029,31.3451108984043
56220.0,0.012225333333333335,0.7977080689413485,31.33978578551664
56280.0,0.012224666666666668,0.7978430531546367,31.334483519222346
56340.0,0.012224,0.7979775029451563,31.329204028598046
56400.0,0.012223333333333334,0.7981114195779143,31.323947241879324
56460.0,0.012222666666666668,0.7982448043375809,31.31871308670291
56520.0,0.012222,0.7983776585241117,31.31350149027871
56580.0,0.012221333333333334,0.7985099834494507,31.308312379519066
56640.0,0.012220666666666668,0.7986417804350532,31.303145681135625
56700.0,0.012220000000000002,0.7987730508099183,31.298001321716068
56760.0,0.012219333333333334,0.7989037959090569,31.292879227783605
56820.0,0.012218666666666668,0.7990340170722927,31.287779325843296
56880.0,0.012218000000000001,0.7991637156432561,31.28270154242077
56940.0,0.012217333333333334,0.7992928929683722,31.277645804101052
57000.0,0.012216666666666667,0.7994215503964794,31.27261203754271
57060.0,0.012216000000000001,0.7995496892780559,31.267600169507237
57120.0,0.012215333333333333,0.7996773109645581,31.262610126884052
57180.0,0.012214666666666667,0.7998044168083894,31.2576418366908
57240.0,0.012214000000000001,0.7999310081622834,31.25269522609656
57300.0,0.012213333333333333,0.8000570863788069,31.247770222440263
57360.0,0.012212666666666667,0.8001826528105346,31.24286675322296
57420.0,0.012212,0.8003077088095095,31.237984746127864
57480.0,0.012211333333333334,0.8004322557268498,31.233124129034767
57540.0,0.012210666666666667,0.8005562949130611,31.228284830006803
57600.0,0.01221,0.8006798277174016,31.223466777314265
57660.0,0.012209333333333334,0.800802855487946,31.21866989943108
57720.0,0.012208666666666666,0.8009253795714246,31.213894125040095
57780.0,0.012208,0.8010474013129123,31.20913938304417
57840.0,0.012207333333333334,0.8011689220562096,31.204405602550334
57900.0,0.012206666666666668,0.8012899431429947,31.19969271290181
57960.0,0.012206,0.8014104659135481,31.195000643648775
58020.0,0.012205333333333334,0.8015304917058641,31.190329324581946
58080.0,0.012204666666666667,0.8016500218561252,31.185678685713093
58140.0,0.012204000000000001,0.8017690576986948,31.181048657274342
58200.0,0.012203333333333333,0.8018876005654071,31.176439169744764
58260.0,0.012202666666666667,0.8020056517861529,31.171850153826608
58320.0,0.012202000000000001,0.8021232126885891,31.167281540455594
58380.0,0.012201333333333335,0.8022402845980755,31.162733260802362
58440.0,0.012200666666666667,0.8023568688375943,31.158205246274612
58500.0,0.0122,0.8024729667276483,31.153697428520058
58560.0,0.012199333333333335,0.8025885795865859,31.14920973941284
58620.0,0.012198666666666667,0.8027037087299908,31.144742111076216
58680.0,0.012198,0.8028183554712487,31.140294475859584
58740.0,0.012197333333333334,0.8029325211208916,31.135866766362966
58800.0,0.012196666666666668,0.8030462069869773,31.13145891542131
58860.0,0.012196,0.8031594143752347,31.127070856097866
58920.0,0.012195333333333334,0.803272144588364,31.1227025217104
58980.0,0.012194666666666668,0.8033843989265335,31.118353845810937
59040.0,0.012194000000000002,0.8034961786875006,31.114024762180126
59100.0,0.012193333333333334,0.803607485165918,31.1097152048532
59160.0,0.012192666666666668,0.8037183196538342,31.105425108099606
59220.0,0.012192000000000001,0.8038286834408183,31.101154406417272
59280.0,0.012191333333333335,0.8039385778132724,31.09690303455826
59340.0,0.012190666666666667,0.804048004054956,31.092670927507545
59400.0,0.012190000000000001,0.8041569634469908,31.088458020481934
59460.0,0.012189666666666668,0.8043094427678947,31.082564334899182
59520.0,0.012189333333333335,0.804461469322502,31.076690374064025
59580.0,0.012189000000000002,0.8046130433726919,31.070836106767104
59640.0,0.012188666666666667,0.8047641656138739,31.065001485161815
59700.0,0.012188333333333334,0.804914836916262,31.059186454778736
59760.0,0.012188000000000001,0.8050650582460153,31.05339095757947
59820.0,0.012187666666666668,0.8052148306292078,31.04761493335213
59880.0,0.012187333333333335,0.8053641551320455,31.041858320477477
59940.0,0.012187,0.8055130328490742,31.036121056385383
60000.0,0.012186666666666667,0.8056614648954358,31.03040307785438
60060.0,0.012186333333333334,0.805809452401584,31.02470432121585
60120.0,0.012186,0.8059569965095201,31.019024722499193
60180.0,0.012185666666666668,0.806104098370065,31.013364217536875
60240.0,0.012185333333333334,0.8062507591407484,31.00772274204546
60300.0,0.012185000000000001,0.8063969799841934,31.002100231687425
60360.0,0.012184666666666667,0.8065427620669365,30.996496622116116
60420.0,0.012184333333333333,0.8066881065582938,30.99091184901884
60480.0,0.012184,0.8068330146295748,30.985345848146476
60540.0,0.012183666666666667,0.8069774874535991,30.979798555331435
60600.0,0.012183333333333334,0.8071215262038482,30.974269906519567
60660.0,0.012183,0.8072651320541164,30.968759837782862
60720.0,0.012182666666666666,0.8074083061783417,30.963268285325217
60780.0,0.012182333333333333,0.8075510497498949,30.957795185508957
60840.0,0.012182,0.8076933639414535,30.95234047485891
60900.0,0.012181666666666667,0.8078352499249943,30.94690409006192
60960.0,0.012181333333333334,0.8079767088711624,30.941485967990232
61020.0,0.012181,0.8081177419492607,30.936086045701092
61080.0,0.012180666666666666,0.808258350327345,30.930704260432307
61140.0,0.012180333333333333,0.8083985351716282,30.925340549624252
61200.0,0.01218,0.8085382976465717,30.919994850915522
61260.0,0.012179333333333334,0.8086333781209917,30.91635922584855
61320.0,0.012178666666666666,0.8087280282004597,30.912740907012612
61380.0,0.012178,0.8088222499870952,30.90913980222339
61440.0,0.012177333333333333,0.8089160451644019,30.905555835425503
61500.0,0.012176666666666667,0.8090094152464853,30.90198893715361
61560.0,0.012176,0.8091023616531652,30.898439041655713
61620.0,0.012175333333333333,0.8091948857438573,30.89490608559469
61680.0,0.012174666666666667,0.8092869888361428,30.89139000733617
61740.0,0.012174,0.8093786722167438,30.887890746527162
61800.0,0.012173333333333333,0.8094699371484945,30.88440824382813
61860.0,0.012172666666666667,0.8095607848752547,30.880942440723892
61920.0,0.012172,0.809651216625422,30.87749327938826
61980.0,0.012171333333333334,0.8097412336140637,30.87406070260147
62040.0,0.012170666666666666,0.8098308370450961,30.87064465366593
62100.0,0.01217,0.8099200281126274,30.86724507635401
62160.0,0.012169333333333334,0.8100088080022215,30.863861914858877
62220.0,0.012168666666666666,0.8100971778911392,30.86049511378436
62280.0,0.012168,0.8101851389497593,30.857144618089922
62340.0,0.012167333333333334,0.810272692342125,30.853810373069
62400.0,0.012166666666666668,0.8103598392256849,30.850492324358033
62460.0,0.012166,0.8104465807524284,30.84719041789244
62520.0,0.012165333333333334,0.8105329180691792,30.843904599894664
62580.0,0.012164666666666667,0.8106188523172141,30.84063481688792
62640.0,0.012164000000000001,0.8107043846331617,30.83738101566125
62700.0,0.012163333333333333,0.8107895161491896,30.83414314326169
62760.0,0.012162666666666667,0.8108742479925601,30.83092114701043
62820.0,0.012162000000000001,0.8109585812864014,30.827714974472784
62880.0,0.012161333333333335,0.8110425171498238,30.8245245734531
62940.0,0.012160666666666667,0.8111260566974563,30.821349892011675
63000.0,0.01216,0.8112092010401734,30.81819087843646
63060.0,0.012159333333333334,0.811291951284942,30.81504748124821
63120.0,0.012158666666666667,0.8113743085348571,30.811919649198487
63180.0,0.012158,0.811456273889271,30.808807331264074
63240.0,0.012157333333333334,0.811537848443777,30.80571047664697
63300.0,0.012156666666666666,0.8116190332906106,30.802629034758517
63360.0,0.012156,0.8116998295180667,30.799562955240898
63420.0,0.012155333333333334,0.8117802382110723,30.796512187944774
63480.0,0.012154666666666668,0.811860260451261,30.79347668292583
63540.0,0.012154,0.8119398973164729,30.790456390463167
63600.0,0.012153333333333334,0.8120191498812941,30.787451261038182
63660.0,0.012152666666666668,0.8120980192171215,30.784461245331556
63720.0,0.012152,0.8121765063916654,30.78148629424151
63780.0,0.012151333333333333,0.8122546124694732,30.77852635886333
63840.0,0.012150666666666667,0.8123323385119812,30.77558139048686
63900.0,0.012150000000000001,0.8124096855770273,30.77265134061436
63960.0,0.012149333333333333,0.812486654719355,30.769736160940848
64020.0,0.012148666666666667,0.8125632469906646,30.766835803351587
64080.0,0.012148,0.8126394634391262,30.763950219939964
64140.0,0.012147333333333333,0.8127153051098729,30.761079362988237
64200.0,0.012146666666666667,0.8127907730450492,30.758223184965175
64260.0,0.012146,0.8128658682833292,30.75538163854372
64320.0,0.012145333333333333,0.8129405918603965,30.752554676582278
64380.0,0.012144666666666666,0.8130149448089931,30.74974225212233
64440.0,0.012144,0.8130889281584398,30.746944318406044
64500.0,0.012143333333333332,0.8131625429351106,30.74416082885777
64560.0,0.012142666666666666,0.8132357901624746,30.74139173708194
64620.0,0.012142,0.813308670860626,30.738636996880324
64680.0,0.012141333333333334,0.8133811860467471,30.735896562233965
64740.0,0.012140666666666666,0.8134533367351515,30.733170387301065
64800.0,0.01214,0.8135251239367995,30.730458426434755
64860.0,0.012139666666666667,0.8136412280397815,30.72607328444973
64920.0,0.012139333333333334,0.8137569789862861,30.721702726461427
64980.0,0.012139,0.8138723769588964,30.717346733666812
65040.0,0.012138666666666667,0.8139874225144637,30.713005273193613
65100.0,0.012138333333333334,0.8141021163538089,30.708678306807148
65160.0,0.012138,0.814216459253964,30.704365793472856
65220.0,0.012137666666666666,0.8143304520381418,30.70006769049212
65280.0,0.012137333333333333,0.8144440955595049,30.695783954116038
65340.0,0.012137,0.8145573906917475,30.691514539901508
65400.0,0.012136666666666667,0.814670338322998,30.68725940294156
65460.0,0.012136333333333334,0.8147829393517529,30.683018498018843
65520.0,0.012136000000000001,0.8148951946840403,30.678791779712558
65580.0,0.012135666666666668,0.8150071052313059,30.674579202477982
65640.0,0.012135333333333335,0.8151186719089342,30.67038072070201
65700.0,0.012135,0.8152298956350287,30.666196288748814
65760.0,0.012134666666666667,0.8153407773294944,30.662025860994113
65820.0,0.012134333333333334,0.8154513179134425,30.657869391847214
65880.0,0.012134,0.815561518308433,30.653726835779146
65940.0,0.012133666666666668,0.8156713794360917,30.649598147336693
66000.0,0.012133333333333335,0.8157809022178755,30.645483281150778
66060.0,0.012133000000000001,0.8158900875744912,30.641382191957916
66120.0,0.012132666666666668,0.8159989364257629,30.637294834604756
66180.0,0.012132333333333335,0.8161074496905738,30.633221164049807
66240.0,0.012132000000000002,0.8162156282863673,30.629161135381754
66300.0,0.012131666666666669,0.8163234731291437,30.625114703819083
66360.0,0.012131333333333334,0.8164309851334941,30.621081824708387
66420.0,0.012131000000000001,0.8165381652121496,30.6170624535408
66480.0,0.012130666666666668,0.8166450142760455,30.61305654594911
66540.0,0.012130333333333335,0.8167515332344119,30.609064057703915
66600.0,0.012130000000000002,0.816857722994324,30.60508494472998
66660.0,0.012129666666666669,0.8169635844609424,30.601119163096804
66720.0,0.012129333333333336,0.8170691185373028,30.59716666902598
66780.0,0.012129000000000001,0.817174326124317,30.59322741889072
66840.0,0.012128666666666668,0.8172792081208045,30.589301369214173
66900.0,0.012128333333333335,0.8173837654232111,30.585388476679523
66960.0,0.012128000000000002,0.8174879989257754,30.58148869812326
67020.0,0.012127666666666669,0.8175919095206263,30.57760199053107
67080.0,0.012127333333333335,0.817695498097345,30.573728311053756
67140.0,0.012127000000000002,0.8177987655432454,30.56986761699629
67200.0,0.012126666666666668,0.8179017127434584,30.56601986581419
67260.0,0.012126333333333334,0.8180043405805033,30.562185015129078
67320.0,0.012126000000000001,0.8181066499345756,30.55836302271747
67380.0,0.012125666666666668,0.8182086416836386,30.55455384650689
67440.0,0.012125333333333335,0.8183103167029815,30.55075744459194
67500.0,0.012125,0.8184116758656534,30.546973775217598
67560.0,0.012124666666666667,0.8185127200421146,30.543202796791824
67620.0,0.012124333333333334,0.8186134501005589,30.53944446787307
67680.0,0.012124000000000001,0.8187138669065955,30.535698747181684
67740.0,0.012123666666666668,0.8188139713233411,30.53196559359606
67800.0,0.012123333333333335,0.8189137642116117,30.528244966145017
67860.0,0.012123000000000002,0.8190132464296,30.524536824019396
67920.0,0.012122666666666667,0.8191124188331086,30.520841126562953
67980.0,0.012122333333333334,0.8192112822753557,30.517157833279118
68040.0,0.012122,0.8193098376072968,30.513486903818606
68100.0,0.012121666666666668,0.8194080856771866,30.50982829799532
68160.0,0.012121333333333335,0.8195060273308402,30.506181975776155
68220.0,0.012121,0.819603663411767,30.502547897275633
68280.0,0.012120666666666667,0.8197009947607805,30.49892602276997
68340.0,0.012120333333333334,0.819798022216264,30.49531631268679
68400.0,0.01212,0.8198947466142508,30.4917187276017
68460.0,0.012119666666666667,0.8199911687881417,30.48813322824842
68520.0,0.012119333333333334,0.8200872895689447,30.48455977550942
68580.0,0.012119000000000001,0.8201831097851218,30.480998330421244
68640.0,0.012118666666666666,0.8202786302627562,30.477448854167836
68700.0,0.012118333333333333,0.8203738518253858,30.473911308086375
68760.0,0.012118,0.8204687752941725,30.470385653660557
68820.0,0.012117666666666667,0.8205634014876411,30.466871852529895
68880.0,0.012117333333333334,0.8206577312220271,30.463369866476413
68940.0,0.012117000000000001,0.8207517653110894,30.459879657431202
69000.0,0.012116666666666668,0.820845504565963,30.456401187479496
69060.0,0.012116333333333335,0.8209389497955943,30.45293441884412
69120.0,0.012116,0.8210321018062782,30.449479313902305
69180.0,0.012115666666666667,0.8211249614018865,30.446035835176797
69240.0,0.012115333333333334,0.821217529384019,30.442603945329886
69300.0,0.012115,0.8213098065516418,30.439183607176457
69360.0,0.012114666666666668,0.8214017937013722,30.435774783673004
69420.0,0.012114333333333335,0.8214934916274937,30.43237743791676
69480.0,0.012114000000000002,0.8215849011216667,30.428991533155994
69540.0,0.012113666666666667,0.8216760229733165,30.42561703277529
69600.0,0.012113333333333334,0.8217668579693859,30.42225390030435
69660.0,0.012113,0.8218574068944365,30.418902099413852
69720.0,0.012112666666666667,0.8219476705305414,30.415561593919094
69780.0,0.012112333333333334,0.8220376496575656,30.41223234776922
69840.0,0.012112000000000001,0.8221273450528139,30.40891432505993
69900.0,0.012111666666666668,0.8222167574912145,30.405607490026288
69960.0,0.012111333333333335,0.8223058877454789,30.402311807036497
70020.0,0.012111,0.8223947365857592,30.399027240604187
70080.0,0.012110666666666667,0.8224833047799406,30.395753755377285
70140.0,0.012110333333333334,0.8225715930935356,30.392491316141548
70200.0,0.012110000000000001,0.8226596022896482,30.389239887821564
70260.0,0.012109666666666668,0.8227473331291146,30.385999435475195
70320.0,0.012109333333333335,0.8228347863703894,30.382769924297467
70380.0,0.012109000000000002,0.8229219627695293,30.37955131962081
70440.0,0.012108666666666667,0.8230088630803534,30.376343586908806
70500.0,0.012108333333333334,0.8230954880543611,30.373146691758908
70560.0,0.012108,0.8231818384406243,30.369960599906065
70620.0,0.012107666666666668,0.8232679149859279,30.36678527721723
70680.0,0.012107333333333335,0.8233537184348949,30.363620689686392
70740.0,0.012107,0.8234392495296382,30.36046680344713
70800.0,0.012106666666666667,0.8235245090100933,30.357323584759992
70860.0,0.012106333333333334,0.8236094976139273,30.354191000015547
70920.0,0.012106,0.8236942160763978,30.351069015739263
70980.0,0.012105666666666667,0.8237786651306042,30.34795759858193
71040.0,0.012105333333333334,0.8238628455073678,30.344856715323772
71100.0,0.012105000000000001,0.8239467579351756,30.341766332876194
71160.0,0.012104666666666666,0.8240304031402608,30.338686418278517
71220.0,0.012104333333333333,0.8241137818466787,30.335616938694876
71280.0,0.012104,0.8241968947761866,30.332557861418334
71340.0,0.012103666666666667,0.8242797426482957,30.329509153868674
71400.0,0.012103333333333334,0.8243623261803159,30.326470783590437
71460.0,0.012103,0.8244446460872416,30.32344271825684
71520.0,0.012102666666666666,0.8245267030820045,30.320424925660156
71580.0,0.012102333333333333,0.824608497875146,30.31741737372351
71640.0,0.012102,0.8246900311751767,30.314420030487334
71700.0,0.012101666666666667,0.824771303688212,30.311432864122462
71760.0,0.012101333333333334,0.8248523161182807,30.308455842918544
71820.0,0.012101,0.8249330691672978,30.30548893528471
71880.0,0.012100666666666666,0.8250135635347975,30.302532109759124
71940.0,0.012100333333333333,0.8250937999183169,30.299585334994596
72000.0,0.0121,0.8251737790130901,30.296648579769542
72060.0,0.012099666666666667,0.8252535015122828,30.293721812979072
72120.0,0.012099333333333333,0.8253329681069073,30.290805003637868
72180.0,0.012099,0.8254121794856967,30.287898120884485
72240.0,0.012098666666666667,0.8254911363353699,30.28500113397138
72300.0,0.012098333333333332,0.8255698393404942,30.28211401226967
72360.0,0.012098,0.8256482891834097,30.27923672527164
72420.0,0.012097666666666666,0.8257264865444572,30.276369242582117
72480.0,0.012097333333333333,0.8258044321017614,30.273511533926143
72540.0,0.012097,0.8258821265313231,30.270663569145334
72600.0,0.012096666666666667,0.8259595705071695,30.267825318192127
72660.0,0.012096333333333334,0.8260367647010898,30.26499675113918
72720.0,0.012096,0.8261137097827834,30.26217783817369
72780.0,0.012095666666666668,0.8261904064199934,30.259368549592264
72840.0,0.012095333333333335,0.826266855278219,30.256568855811175
72900.0,0.012095000000000002,0.8263430570210112,30.253778727355282
72960.0,0.012094666666666667,0.8264190123097745,30.250998134865043
73020.0,0.012094333333333334,0.8264947218038429,30.24822704909349
73080.0,0.012094,0.8265701861605717,30.245465440902603
73140.0,0.012093666666666667,0.826645406035205,30.242713281267914
73200.0,0.012093333333333334,0.8267203820809591,30.239970541275223
73260.0,0.012093000000000001,0.8267951149490163,30.237237192120574
73320.0,0.012092666666666668,0.8268696052884934,30.234513205111153
73380.0,0.012092333333333335,0.8269438537465961,30.231798551659416
73440.0,0.012092000000000002,0.8270178609683165,30.229093203293903
73500.0,0.012091666666666667,0.8270916275968612,30.226397131643356
73560.0,0.012091333333333334,0.8271651542732412,30.223710308451455
73620.0,0.012091000000000001,0.827238441636532,30.221032705567104
73680.0,0.012090666666666668,0.8273114903239192,30.218364294942518
73740.0,0.012090333333333335,0.8273843009704323,30.2157050486427
73800.0,0.012090000000000002,0.8274568742092057,30.21305493883571
73860.0,0.012089666666666669,0.827529210671419,30.2104139377946
73920.0,0.012089333333333336,0.8276013109862532,30.207782017898786
73980.0,0.012089000000000003,0.8276731757808828,30.20515915163411
74040.0,0.012088666666666668,0.8277448056806672,30.202545311585638
74100.0,0.012088333333333335,0.8278162013088533,30.199940470448283
74160.0,0.012088000000000002,0.8278873632867961,30.197344601018532
74220.0,0.012087666666666668,0.8279582922340212,30.194757676191962
74280.0,0.012087333333333335,0.8280289887679638,30.19217966897253
74340.0,0.012087,0.8280994535041862,30.18961055246442
74400.0,0.012086666666666667,0.8281696870564382,30.18705029986964
74460.0,0.012086333333333334,0.8282396900363987,30.18449888449722
74520.0,0.012086000000000001,0.8283094630538935,30.181956279755056
74580.0,0.012085666666666668,0.828379006716951,30.179422459147684
74640.0,0.012085333333333335,0.82844832163155,30.17689739628524
74700.0,0.012085000000000002,0.8285174084018331,30.174381064875508
74760.0,0.012084666666666667,0.8285862676301635,30.1718734387216
74820.0,0.012084333333333334,0.8286548999168512,30.16937449173178
74880.0,0.012084000000000001,0.8287233058604974,30.166884197906654
74940.0,0.012083666666666668,0.8287914860577388,30.16440253134833
75000.0,0.012083333333333335,0.8288594411033502,30.16192946625646
75060.0,0.012083,0.8289271715903587,30.15946497692389
75120.0,0.012082666666666667,0.8289946781098112,30.1570090377449
75180.0,0.012082333333333334,0.8290619612510407,30.154561623205357
75240.0,0.012082,0.829129021601434,30.152122707890946
75300.0,0.012081666666666668,0.8291958597466137,30.149692266480347
75360.0,0.012081333333333335,0.8292624762703849,30.147270273747
75420.0,0.012081000000000001,0.8293288717546965,30.14485670456031
75480.0,0.012080666666666667,0.8293950467797265,30.14245153388236
75540.0,0.012080333333333334,0.8294610019237917,30.140054736771003
75600.0,0.01208,0.8295267377635046,30.13766628837396
75660.0,0.012079666666666667,0.8295922548735966,30.13528616393508
75720.0,0.012079333333333334,0.8296575538270398,30.132914338789707
75780.0,0.012079000000000001,0.8297226351950638,30.130550788363895
75840.0,0.012078666666666666,0.8297874995470493,30.1281954881781
75900.0,0.012078333333333333,0.829852147450688,30.125848413841172
75960.0,0.012078,0.8299165794718396,30.123509541055373
76020.0,0.012077666666666667,0.8299807961746436,30.121178845612146
76080.0,0.012077333333333334,0.8300447981214795,30.118856303393372
76140.0,0.012077000000000001,0.8301085858729962,30.11654189037013
76200.0,0.012076666666666668,0.8301721599880378,30.114235582605218
76260.0,0.012076333333333335,0.8302355210238167,30.11193735624669
76320.0,0.012076,0.8302986695357368,30.109647187534094
76380.0,0.012075666666666667,0.8303616060774804,30.107365052795164
76440.0,0.012075333333333334,0.8304243312011033,30.10509092844218
76500.0,0.012075,0.830486845456808,30.10282479098003
76560.0,0.012074666666666668,0.8305491493931761,30.10056661699761
76620.0,0.012074333333333334,0.8306112435571356,30.098316383168868
76680.0,0.012074000000000001,0.8306731284937822,30.096074066259064
76740.0,0.012073666666666667,0.8307348047466416,30.093839643115142
76800.0,0.012073333333333333,0.8307962728575043,30.091613090671537
76860.0,0.012073,0.8308575333664806,30.08939438594802
76920.0,0.012072666666666667,0.8309185868120629,30.087183506047264
76980.0,0.012072333333333334,0.8309794337309683,30.08498042816041
77040.0,0.012072000000000001,0.8310400746583677,30.082785129558584
77100.0,0.012071666666666668,0.831100510127671,30.08059758760054
77160.0,0.012071333333333335,0.8311607406707647,30.078417779723882
77220.0,0.012071,0.8312207668177587,30.076245683454072
77280.0,0.012070666666666667,0.8312805890972003,30.074081276396544
77340.0,0.012070333333333334,0.8313402080359787,30.071924536239983
77400.0,0.01207,0.8313996241593627,30.069775440754828
77460.0,0.012069666666666668,0.8314588379909952,30.06763396779331
77520.0,0.012069333333333335,0.8315178500528891,30.06550009528943
77580.0,0.012069,0.8315766608654757,30.0633738012571
77640.0,0.012068666666666667,0.8316352709475241,30.061255063792853
77700.0,0.012068333333333334,0.8316936808162668,30.059143861071203
77760.0,0.012068,0.8317518909872993,30.0570401713481
77820.0,0.012067666666666668,0.8318099019746257,30.05494397295913
77880.0,0.012067333333333334,0.8318677142906967,30.05285524431801
77940.0,0.012067000000000001,0.8319253284463494,30.05077396391862
78000.0,0.012066666666666667,0.8319827449508197,30.048700110334384
78060.0,0.012066333333333333,0.8320399643118818,30.046633662213132
78120.0,0.012066,0.8320969870356022,30.0445745982858
78180.0,0.012065666666666667,0.8321538136265904,30.04252289735725
78240.0,0.012065333333333334,0.8322104445878951,30.0404785383099
78300.0,0.012065,0.8322668804209334,30.03844150010609
78360.0,0.012064666666666666,0.8323231216256762,30.036411761781313
78420.0,0.012064333333333333,0.832379168700498,30.034389302449448
78480.0,0.012064,0.8324350221422703,30.03237410129927
78540.0,0.012063666666666667,0.83249068244631,30.03036613759618
78600.0,0.012063333333333334,0.8325461501064254,30.028365390680406
78660.0,0.012063,0.8326014256149064,30.026371839967236
78720.0,0.012062666666666666,0.8326565094625252,30.024385464946825
78780.0,0.012062333333333333,0.8327114021385498,30.022406245183614
78840.0,0.012062,0.8327661041307325,30.020434160316587
78900.0,0.012061666666666667,0.8328206159253707,30.01846919005696
78960.0,0.012061333333333334,0.832874938007212,30.016511314191472
79020.0,0.012060999999999999,0.8329290708595262,30.01456051257966
79080.0,0.012060666666666666,0.8329830149641523,30.01261676515203
79140.0,0.012060333333333333,0.833036770801372,30.010680051914495
79200.0,0.01206,0.8330903388500734,30.008750352942346
79260.0,0.01206,0.8331897753225956,30.00516897884454
79320.0,0.01206,0.8332890306124245,30.001594982747207
79380.0,0.01206,0.833388104738605,29.998028358997676
79440.0,0.01206,0.8334869979571512,29.99446909342817
79500.0,0.01206,0.8335857106050081,29.990917168979845
79560.0,0.01206,0.8336842430587618,29.98737256719135
79620.0,0.01206,0.8337825957176802,29.983835268810324
79680.0,0.01206,0.8338807689950137,29.980305254107005
79740.0,0.01206,0.8339787633131485,29.976782503048963
79800.0,0.01206,0.8340765791006259,29.973266995408476
79860.0,0.01206,0.834174216790231,29.969758710831417
79920.0,0.01206,0.8342716768176525,29.96625762888541
79980.0,0.01206,0.8343689596205456,29.962763729093545
80040.0,0.01206,0.8344660656378811,29.95927699095774
80100.0,0.01206,0.8345629953094117,29.95579739397782
80160.0,0.01206,0.8346597490753088,29.952324917664534
80220.0,0.01206,0.8347563273758983,29.948859541548913
80280.0,0.01206,0.8348527306513335,29.94540124519394
80340.0,0.01206,0.8349489593414968,29.94195000819795
80400.0,0.01206,0.8350450138858608,29.93850581019954
80460.0,0.01206,0.835140894723249,29.935068630886
80520.0,0.01206,0.8352366022918541,29.931638449992555
80580.0,0.01206,0.8353321370291564,29.928215247305157
80640.0,0.01206,0.835427499371726,29.924799002667463
80700.0,0.01206,0.8355226897553069,29.921389695977687
80760.0,0.01206,0.8356177086147141,29.917987307192146
80820.0,0.01206,0.8357125563837462,29.91459181632828
80880.0,0.01206,0.8358072334952675,29.91120320346157
80940.0,0.01206,0.8359017403810297,29.9078214487318
81000.0,0.01206,0.835996077471763,29.904446532339637
81060.0,0.012059666666666666,0.8360440290651547,29.902731352503558
81120.0,0.012059333333333333,0.8360918064873014,29.901022598263797
81180.0,0.012059,0.836139410589147,29.899320237022323
81240.0,0.012058666666666667,0.8361868419962206,29.897624244263096
81300.0,0.012058333333333334,0.8362341012564222,29.895934598263914
81360.0,0.012058,0.8362811888786322,29.894251278714577
81420.0,0.012057666666666666,0.8363281053484763,29.89257426615257
81480.0,0.012057333333333333,0.8363748511363237,29.89090354167663
81540.0,0.012057,0.8364214267017372,29.889239086787345
81600.0,0.012056666666666667,0.8364678324962584,29.887580883287374
81660.0,0.012056333333333334,0.8365140689650177,29.88592891322367
81720.0,0.012056,0.8365601365481093,29.88428315883814
81780.0,0.012055666666666668,0.836606035681461,29.88264360253646
81840.0,0.012055333333333335,0.8366517667972136,29.88101022687431
81900.0,0.012055,0.8366973303243652,29.879383014534262
81960.0,0.012054666666666667,0.8367427266891941,29.87776194831053
82020.0,0.012054333333333334,0.8367879563152818,29.876147011108028
82080.0,0.012054,0.8368330196238948,29.87453818592862
82140.0,0.012053666666666667,0.8368779170342194,29.87293545586263
82200.0,0.012053333333333334,0.8369226489632928,29.87133880409119
82260.0,0.012053000000000001,0.836967215826256,29.869748213877102
82320.0,0.012052666666666668,0.837011618036509,29.868163668559188
82380.0,0.012052333333333335,0.8370558560056052,29.866585151555995
82440.0,0.012052000000000002,0.8370999301434507,29.865012646358533
82500.0,0.012051666666666669,0.8371438408583661,29.86344613652802
82560.0,0.012051333333333334,0.8371875885570783,29.861885605696045
82620.0,0.012051000000000001,0.8372311736447589,29.86033103756313
82680.0,0.012050666666666668,0.8372745965251396,29.8587824158945
82740.0,0.012050333333333335,0.8373178576005014,29.857239724520394
82800.0,0.012050000000000002,0.8373609572716246,29.855702947337747
82860.0,0.012050000000000002,0.8374502257244997,29.852520462779573
82920.0,0.012050000000000002,0.8375393384264676,29.849344207483927
82980.0,0.012050000000000002,0.8376282953797234,29.84617417761265
83040.0,0.012050000000000002,0.8377170967962384,29.84301036186308
83100.0,0.012050000000000002,0.8378057429577273,29.839852746463464
83160.0,0.012050000000000002,0.8378942341796033,29.83670131645903
83220.0,0.012050000000000002,0.8379825707962469,29.833556056237686
83280.0,0.012050000000000002,0.8380707531536445,29.830416949792685
83340.0,0.012050000000000002,0.8381587816053399,29.82728398086705
83400.0,0.012050000000000002,0.8382466565098626,29.824157133045308
83460.0,0.012050000000000002,0.8383343782291712,29.82103638980898
83520.0,0.012050000000000002,0.838421947127505,29.817921734577478
83580.0,0.012050000000000002,0.8385093635706795,29.814813150733173
83640.0,0.012050000000000002,0.8385966279254937,29.811710621642472
83700.0,0.012050000000000002,0.8386837405593427,29.80861413066953
83760.0,0.012050000000000002,0.8387707018398876,29.80552366118796
83820.0,0.012050000000000002,0.8388575121348174,29.80243919658922
83880.0,0.012050000000000002,0.838944171811702,29.799360720287787
83940.0,0.012050000000000002,0.8390306812377841,29.79628821572845
84000.0,0.012050000000000002,0.839117040779882,29.793221666389712
84060.0,0.012050000000000002,0.8392032508043403,29.79016105578544
84120.0,0.012050000000000002,0.8392893116768744,29.78710636747031
84180.0,0.012050000000000002,0.8393752237625343,29.784057585041005
84240.0,0.012050000000000002,0.8394609874257047,29.78101469213611
84300.0,0.012050000000000002,0.8395466030299717,29.777977672440777
84360.0,0.012050000000000002,0.8396320709381204,29.774946509686696
84420.0,0.012050000000000002,0.8397173915121703,29.771921187650747
84480.0,0.012050000000000002,0.8398025651132125,29.768901690160696
84540.0,0.012050000000000002,0.8398875921014965,29.765888001092016
84600.0,0.012050000000000002,0.8399724728363871,29.762880104369316
84660.0,0.012049666666666669,0.8400107336017971,29.761524466247028
84720.0,0.012049333333333336,0.8400488443257272,29.76017426708857
84780.0,0.012049,0.8400868057323957,29.758829479775915
84840.0,0.012048666666666668,0.8401246183464194,29.757490084276316
84900.0,0.012048333333333335,0.8401622826254281,29.75615606294221
84960.0,0.012048000000000001,0.8401997989936821,29.75482739931956
85020.0,0.012047666666666668,0.8402371678559086,29.7535040776573
85080.0,0.012047333333333335,0.8402743896039948,29.752186082669997
85140.0,0.012047000000000002,0.8403114646208417,29.750873399401126
85200.0,0.012046666666666667,0.8403483932826032,29.749566013143642
85260.0,0.012046333333333334,0.8403851759603044,29.74826390938252
85320.0,0.012046000000000001,0.8404218130207018,29.746967073764164
85380.0,0.012045666666666668,0.8404583048269917,29.745675492071257
85440.0,0.012045333333333335,0.8404946517394908,29.74438915019853
85500.0,0.012045,0.8405308541158515,29.74310803414507
85560.0,0.012044666666666667,0.8405669123113518,29.741832130003978
85620.0,0.012044333333333334,0.8406028266792589,29.740561423949412
85680.0,0.012044000000000001,0.8406385975708796,29.73929590223472
85740.0,0.012043666666666668,0.8406742253356972,29.73803555118753
85800.0,0.012043333333333335,0.8407097103216029,29.736780357201493
85860.0,0.012043000000000002,0.8407450528748863,29.735530306736543
85920.0,0.012042666666666667,0.8407802533403033,29.734285386316422
85980.0,0.012042333333333334,0.8408153120612478,29.733045582522546
86040.0,0.012042,0.8408502293797164,29.731810881995184
86100.0,0.012041666666666668,0.8408850056363436,29.730581271432154
86160.0,0.012041333333333334,0.8409196411705426,29.72935673758377
86220.0,0.012041,0.840954136320438,29.72813726725517
86280.0,0.012040666666666667,0.8409884914229423,29.726922847303538
86340.0,0.012040333333333333,0.8410227068137943,29.725713464636687
86400.0,0.01204,0.8410567828275367,29.7245091062138
86460.0,0.01204,0.8411372923323668,29.721664023096846
86520.0,0.01204,0.8412176673105073,29.7188242371663
86580.0,0.01204,0.8412979077499121,29.715989745967143
86640.0,0.01204,0.8413780138245398,29.713160540481482
86700.0,0.01204,0.8414579857687755,29.710336609568714
86760.0,0.01204,0.841537823845924,29.707517941079754
86820.0,0.01204,0.8416175283353832,29.70470452231069
86880.0,0.01204,0.8416970995264027,29.701896340223506
86940.0,0.01204,0.8417765377145495,29.699093381571085
87000.0,0.01204,0.841855843199608,29.696295632971427
87060.0,0.01204,0.8419350162842179,29.693503080955807
87120.0,0.01204,0.8420140572729725,29.69071571200058
87180.0,0.01204,0.8420929664717436,29.687933512551044
87240.0,0.01204,0.8421717441872498,29.685156469036627
87300.0,0.01204,0.8422503907266944,29.68238456788364
87360.0,0.01204,0.8423289063975189,29.679617795523914
87420.0,0.01204,0.8424072915072199,29.676856138401238
87480.0,0.01204,0.8424855463631427,29.674099582978567
87540.0,0.01204,0.8425636712724107,29.67134811574045
87600.0,0.01204,0.8426416665418288,29.668601723196414
87660.0,0.01204,0.8427195324777375,29.665860391886
87720.0,0.01204,0.8427972693860205,29.663124108378458
87780.0,0.01204,0.8428748775720459,29.66039285927476
87840.0,0.01204,0.8429523573405489,29.657666631211658
87900.0,0.01204,0.8430297089956824,29.654945410859817
87960.0,0.01204,0.843106932840948,29.652229184926234
88020.0,0.01204,0.8431840291791511,29.64951794015569
88080.0,0.01204,0.8432609983124277,29.646811663329785
88140.0,0.01204,0.8433378405421668,29.644110341269577
88200.0,0.01204,0.8434145561690533,29.641413960834015
88260.0,0.012039666666666667,0.8434444425711349,29.64036365429195
88320.0,0.012039333333333334,0.8434741990828394,29.639317986470736
88380.0,0.012039000000000001,0.8435038263232123,29.638276934644924
88440.0,0.012038666666666666,0.8435333247343348,29.637240482317143
88500.0,0.012038333333333333,0.8435626947001652,29.63620861504072
88560.0,0.012038,0.8435919365761394,29.635181319379047
88620.0,0.012037666666666667,0.8436210507010149,29.634158582489157
88680.0,0.012037333333333334,0.8436500374027414,29.633140391915266
88740.0,0.012037,0.8436788970017097,29.6321267354745
88800.0,0.012036666666666668,0.8437076298127514,29.631117601186546
88860.0,0.012036333333333335,0.8437362361462287,29.630112977235253
88920.0,0.012036,0.8437647163090661,29.629112851932344
88980.0,0.012035666666666667,0.8437930706053511,29.62811721369623
89040.0,0.012035333333333334,0.843821299336576,29.627126051043444
89100.0,0.012035,0.8438494028021138,29.626139352571897
89160.0,0.012034666666666667,0.8438773812994885,29.625157106951306
89220.0,0.012034333333333334,0.843905235124401,29.624179302922233
89280.0,0.012034000000000001,0.8439329645709998,29.62320592928653
89340.0,0.012033666666666666,0.8439605699320256,29.62223697490222
89400.0,0.012033333333333333,0.8439880514987743,29.62127242868474
89460.0,0.012033,0.8440154095612818,29.6203122796004
89520.0,0.012032666666666667,0.8440426444083803,29.619356516664386
89580.0,0.012032333333333334,0.8440697563277041,29.618405128940466
89640.0,0.012032000000000001,0.84409674560578,29.617458105537818
89700.0,0.012031666666666668,0.8441236125280492,29.616515435610182
89760.0,0.012031333333333335,0.8441503573788774,29.615577108355502
89820.0,0.012031,0.8441769804416516,29.61464311301245
89880.0,0.012030666666666667,0.8442034819987164,29.61371343886261
89940.0,0.012030333333333334,0.8442298623315034,29.61278807522596
90000.0,0.01203,0.8442561217204215,29.61186701146461
90060.0,0.01203,0.8443290486735441,29.609309355488175
90120.0,0.01203,0.8444018588561775,29.60675623554983
90180.0,0.01203,0.8444745522458735,29.604207650204135
90240.0,0.01203,0.8445471289854102,29.601663592218408
90300.0,0.01203,0.8446195892702488,29.599124052521674
90360.0,0.01203,0.8446919333207098,29.59658902118115
90420.0,0.01203,0.8447641613709904,29.59405848778768
90480.0,0.01203,0.8448362736636617,29.591532441648887
90540.0,0.01203,0.8449082704466928,29.589010871893585
90600.0,0.01203,0.844980151971654,29.58649376753486
90660.0,0.01203,0.8450519184925558,29.583981117510746
90720.0,0.01203,0.8451235702650294,29.581472910712975
90780.0,0.01203,0.8451951075458445,29.578969136003863
90840.0,0.01203,0.8452665305924851,29.57646978223115
90900.0,0.01203,0.8453378396628698,29.57397483823779
90960.0,0.01203,0.8454090350151298,29.571484292869652
91020.0,0.01203,0.8454801169074394,29.56899813498148
91080.0,0.01203,0.8455510855979085,29.566516353440583
91140.0,0.01203,0.8456219413444469,29.56403893713155
91200.0,0.01203,0.8456926844046917,29.561565874958756
91260.0,0.01203,0.8457633150359709,29.559097155847592
91320.0,0.01203,0.8458338334952015,29.556632768747985
91380.0,0.01203,0.8459042400388643,29.554172702635228
91440.0,0.01203,0.84597453492299,29.551716946510425
91500.0,0.01203,0.8460447184030877,29.549265489402956
91560.0,0.01203,0.8461147907341572,29.546818320369972
91620.0,0.01203,0.8461847521706277,29.544375428498515
91680.0,0.01203,0.8462546029663744,29.541936802904885
91740.0,0.01203,0.8463243433746849,29.539502432735762
91800.0,0.01203,0.8463939736482502,29.537072307168458
91860.0,0.01203,0.8464634940391536,29.534646415411288
91920.0,0.01203,0.8465329047988521,29.532224746704138
91980.0,0.01203,0.8466022061782014,29.52980729031758
92040.0,0.01203,0.8466713984273905,29.52739403555507
92100.0,0.01203,0.8467404817959922,29.524984971751156
92160.0,0.01203,0.8468094565329275,29.52258008827266
92220.0,0.01203,0.8468783228864712,29.520179374518467
92280.0,0.01203,0.8469470811042458,29.51778281991965
92340.0,0.01203,0.8470157314332202,29.515390413939475
92400.0,0.01203,0.8470842741196991,29.513002146073745
92460.0,0.01203,0.84715270940934,29.51061800585014
92520.0,0.01203,0.8472210375471311,29.508237982828945
92580.0,0.01203,0.8472892587773965,29.505862066602816
92640.0,0.01203,0.8473573733438184,29.50349024679597
92700.0,0.01203,0.8474253814893756,29.50112251306628
92760.0,0.01203,0.8474932834564216,29.498758855102487
92820.0,0.01203,0.8475610794866276,29.496399262626166
92880.0,0.01203,0.8476287698210025,29.494043725390963
92940.0,0.01203,0.8476963546998928,29.491692233182565
93000.0,0.01203,0.8477638343629883,29.48934477581844
93060.0,0.01203,0.8478312090492969,29.487001343148695
93120.0,0.01203,0.847898478997198,29.48466192505414
93180.0,0.01203,0.8479656444443641,29.48232651144899
93240.0,0.01203,0.8480327056278549,29.47999509227753
93300.0,0.01203,0.8480996627840262,29.47766765751728
93360.0,0.01203,0.8481665161486104,29.475344197176085
93420.0,0.01203,0.8482332659566602,29.473024701294086
93480.0,0.01203,0.8482999124425997,29.47070915994186
93540.0,0.01203,0.8483664558401542,29.46839756322284
93600.0,0.01203,0.8484328963824355,29.46608990127031
93660.0,0.01203,0.848499234301885,29.463786164249296
93720.0,0.01203,0.8485654698302924,29.46148634235593
93780.0,0.01203,0.848631603198813,29.45919042581676
93840.0,0.01203,0.8486976346379286,29.4568984048901
93900.0,0.01203,0.8487635643775121,29.454610269863714
93960.0,0.01203,0.8488293926467405,29.45232601105781
94020.0,0.01203,0.8488951196742063,29.450045618821132
94080.0,0.01203,0.84896074568781,29.447769083534634
94140.0,0.01203,0.8490262709148403,29.44549639560867
94200.0,0.01203,0.8490916955819385,29.44322754548418
94260.0,0.01203,0.8491570199151226,29.440962523631814
94320.0,0.01203,0.849222244139753,29.438701320553083
94380.0,0.01203,0.8492873684805778,29.436443926778736
94440.0,0.01203,0.8493523931616906,29.434190332870195
94500.0,0.01203,0.849417318406594,29.43194052941731
94560.0,0.01203,0.8494821444381259,29.429694507040857
94620.0,0.01203,0.8495468714785058,29.427452256390914
94680.0,0.01203,0.8496114997493454,29.42521376814646
94740.0,0.01203,0.8496760294716256,29.42297903301609
94800.0,0.01203,0.8497404608656981,29.420748041737962
94860.0,0.01203,0.8498047941512995,29.418520785079252
94920.0,0.01203,0.8498690295475722,29.416297253835396
94980.0,0.01203,0.8499331672730032,29.414077438832155
95040.0,0.01203,0.8499972075454953,29.411861330923134
95100.0,0.01203,0.8500611505823351,29.409648920990836
95160.0,0.01203,0.850124996600194,29.407440199946585
95220.0,0.01203,0.8501887458151364,29.40523515873022
95280.0,0.01203,0.8502523984426262,29.403033788309816
95340.0,0.01203,0.8503159546975193,29.400836079681916
95400.0,0.01203,0.8503794147940676,29.398642023871346
95460.0,0.012029666666666668,0.8503956517765323,29.398080702521657
95520.0,0.012029333333333335,0.8504117901204384,29.397522812400577
95580.0,0.012029000000000001,0.8504278302858826,29.39696833721436
95640.0,0.012028666666666667,0.8504437725927606,29.396417265520245
95700.0,0.012028333333333334,0.8504596173165384,29.3958695874152
95760.0,0.012028,0.8504753647112433,29.395325293740985
95820.0,0.012027666666666667,0.8504910150185275,29.394784375770726
95880.0,0.012027333333333334,0.8505065684720928,29.394246825055898
95940.0,0.012027,0.8505220253000596,29.393712633344368
96000.0,0.012026666666666666,0.850537385726515,29.393181792526864
96060.0,0.012026333333333333,0.8505526499723898,29.392654294606615
96120.0,0.012026,0.8505678182560059,29.39213013168039
96180.0,0.012025666666666667,0.8505828907936726,29.39160929591787
96240.0,0.012025333333333334,0.8505978677999216,29.391091779553488
96300.0,0.012025000000000001,0.8506127494876776,29.39057757488052
96360.0,0.012024666666666666,0.8506275360685545,29.390066674240817
96420.0,0.012024333333333333,0.8506422277529442,29.389559070021694
96480.0,0.012024,0.8506568247500655,29.38905475465425
96540.0,0.012023666666666667,0.8506713272681482,29.388553720606964
96600.0,0.012023333333333334,0.850685735514463,29.388055960384634
96660.0,0.012022999999999999,0.8507000496953325,29.38756146652799
96720.0,0.012022666666666666,0.8507142700162619,29.38707023160915
96780.0,0.012022333333333333,0.8507283966819175,29.386582248232344
96840.0,0.012022,0.8507424298962059,29.386097509031146
96900.0,0.012021666666666667,0.8507563698622392,29.38561600666967
96960.0,0.012021333333333334,0.8507702167824368,29.385137733839034
97020.0,0.012021,0.8507839708584877,29.38466268325863
97080.0,0.012020666666666666,0.8507976322914056,29.3841908476742
97140.0,0.012020333333333333,0.8508112012815241,29.383722219858004
97200.0,0.01202,0.8508246780285202,29.383256792607963
97260.0,0.01202,0.8508852536912195,29.381164959138346
97320.0,0.01202,0.8509457402155032,29.379076501010175
97380.0,0.01202,0.8510061375660438,29.376991418066982
97440.0,0.01202,0.8510664458389816,29.374909705616453
97500.0,0.01202,0.8511266651709941,29.372831357571695
97560.0,0.01202,0.8511867957177038,29.37075636719728
97620.0,0.01202,0.851246837645137,29.368684727404368
97680.0,0.01202,0.8513067911256089,29.36661643089288
97740.0,0.01202,0.8513666563354867,29.364551470228808
97800.0,0.01202,0.851426433453806,29.362489837891992
97860.0,0.01202,0.851486122661463,29.360431526304033
97920.0,0.01202,0.8515457241405929,29.35837652784975
97980.0,0.01202,0.8516052380741719,29.356324834890913
98040.0,0.01202,0.8516646646457556,29.35427643977526
98100.0,0.01202,0.8517240040392442,29.352231334844586
98160.0,0.01202,0.8517832564387395,29.350189512439666
98220.0,0.01202,0.8518424220284058,29.348150964905038
98280.0,0.01202,0.8519015009923837,29.346115684591933
98340.0,0.01202,0.8519604935147288,29.344083663860403
98400.0,0.01202,0.8520193997793177,29.34205489508252
98460.0,0.01202,0.8520782199698325,29.340029370642892
98520.0,0.01202,0.8521369542697023,29.338007082940653
98580.0,0.01202,0.8521956028620773,29.335988024390332
98640.0,0.01202,0.8522541659298007,29.33397218742281
98700.0,0.01202,0.8523126436553843,29.33195956448612
98760.0,0.01202,0.8523710362209937,29.32995014804593
98820.0,0.01202,0.8524293438084277,29.327943930586255
98880.0,0.01202,0.8524875665991086,29.325940904609716
98940.0,0.01202,0.8525457047740675,29.323941062638077
99000.0,0.01202,0.8526037585139387,29.32194439721238
99060.0,0.01202,0.8526617279989487,29.319950900893286
99120.0,0.01202,0.8527196134089049,29.317960566261473
99180.0,0.01202,0.8527774149232027,29.315973385917342
99240.0,0.01202,0.8528351327208114,29.31398935248149
99300.0,0.01202,0.8528927669802557,29.312008458595294
99360.0,0.01202,0.8529503178796437,29.310030696919966
99420.0,0.01202,0.85300778559665,29.30805606013707
99480.0,0.01202,0.8530651703084906,29.30608454094937
99540.0,0.01202,0.8531224721919493,29.304116132079916
99600.0,0.01202,0.8531796914233711,29.302150826272207
99660.0,0.01202,0.853236828178661,29.300188616290246
99720.0,0.01202,0.853293882633255,29.29822949491949
99780.0,0.01202,0.8533508549621696,29.29627345496512
99840.0,0.01202,0.853407745339953,29.294320489253714
99900.0,0.01202,0.8534645539407075,29.292370590632423
99960.0,0.01202,0.8535212809381093,29.290423751968294
100020.0,0.01202,0.8535779265053531,29.288479966150128
100080.0,0.01202,0.8536344908151972,29.286539226086912
100140.0,0.01202,0.8536909740399697,29.284601524707583
100200.0,0.01202,0.8537473763515163,29.2826668549628
100260.0,0.01202,0.8538036979212608,29.280735209822836
100320.0,0.01202,0.8538599389201672,29.27880658227884
100380.0,0.01202,0.8539160995187486,29.276880965342546
100440.0,0.01202,0.8539721798870817,29.274958352045704
100500.0,0.01202,0.8540281801947881,29.273038735440743
100560.0,0.01202,0.8540841006110464,29.271122108600295
100620.0,0.01202,0.854139941304586,29.269208464617403
100680.0,0.01202,0.8541957024437062,29.267297796604833
100740.0,0.01202,0.8542513841962374,29.26539009769639
100800.0,0.01202,0.854306986729587,29.26348536104531
100860.0,0.01202,0.8543625102107146,29.2615835798251
100920.0,0.01202,0.8544179548061389,29.259684747229258
100980.0,0.01202,0.8544733206819318,29.25778885647147
101040.0,0.01202,0.8545286080037374,29.255895900784935
101100.0,0.01202,0.8545838169367539,29.254005873422948
101160.0,0.01202,0.8546389476457441,29.252118767658523
101220.0,0.01202,0.854694000295034,29.250234576784425
101280.0,0.01202,0.8547489750485138,29.24835329411311
101340.0,0.01202,0.854803872069642,29.24647491297655
101400.0,0.01202,0.8548586915214412,29.244599426726374
101460.0,0.01202,0.8549134335664992,29.242726828733804
101520.0,0.01202,0.854968098366989,29.240857112388923
101580.0,0.01202,0.8550226860846262,29.238990271102136
101640.0,0.01202,0.8550771968807183,29.237126298302464
101700.0,0.01202,0.8551316309161496,29.23526518743801
101760.0,0.01202,0.8551859883513535,29.23340693197693
101820.0,0.01202,0.8552402693463622,29.231551525405656
101880.0,0.01202,0.855294474060771,29.229698961230145
101940.0,0.01202,0.8553486026537573,29.227849232975164
102000.0,0.01202,0.8554026552840722,29.2260023341846
102060.0,0.01202,0.8554566321100592,29.224158258420765
102120.0,0.01202,0.8555105332896208,29.222316999265523
102180.0,0.01202,0.8555643589802586,29.220478550318916
102240.0,0.01202,0.8556181093390486,29.218642905199964
102300.0,0.01202,0.8556717845226607,29.21681005754599
102360.0,0.01202,0.8557253846873388,29.21498000101328
102420.0,0.01202,0.8557789099889117,29.213152729276683
102480.0,0.01202,0.8558323605828155,29.211328236028823
102540.0,0.01202,0.8558857366240527,29.20950651498149
102600.0,0.01202,0.8559390382672277,29.207687559864393
102660.0,0.01202,0.8559922656665341,29.20587136442558
102720.0,0.01202,0.856045418975758,29.20405792243129
102780.0,0.01202,0.8560984983482773,29.202247227665993
102840.0,0.01202,0.8561515039370685,29.20043927393209
102900.0,0.01202,0.8562044358946994,29.19863405505018
102960.0,0.01202,0.8562572943733453,29.19683156485847
103020.0,0.01202,0.8563100795247605,29.19503179721373
103080.0,0.01202,0.8563627915003182,29.193234745989905
103140.0,0.01202,0.8564154304509924,29.191440405078737
103200.0,0.01202,0.856467996527339,29.189648768390363
103260.0,0.01202,0.8565204898795354,29.18785982985194
103320.0,0.01202,0.8565729106573671,29.186073583408138
103380.0,0.01202,0.8566252590102003,29.184290023021973
103440.0,0.01202,0.8566775350870421,29.182509142672792
103500.0,0.01202,0.8567297390364768,29.18073093635843
103560.0,0.01202,0.8567818710067178,29.178955398093365
103620.0,0.01202,0.8568339311455784,29.17718252190976
103680.0,0.01202,0.8568859196004904,29.17541230185677
103740.0,0.01202,0.8569378365184968,29.173644732000792
103800.0,0.01202,0.8569896820462455,29.171879806425643
103860.0,0.01202,0.8570414563300149,29.170117519231678
103920.0,0.01202,0.8570931595156891,29.16835786453663
103980.0,0.01202,0.8571447917487716,29.166600836475105
104040.0,0.01202,0.8571963531743859,29.16484642919854
104100.0,0.01202,0.8572478439372724,29.16309463687532
104160.0,0.01202,0.8572992641818032,29.16134545369022
104220.0,0.01202,0.8573506140519506,29.159598873845493
104280.0,0.01202,0.8574018936913332,29.157854891559243
104340.0,0.01202,0.8574531032431824,29.156113501066596
104400.0,0.01202,0.8575042428503513,29.154374696619332
104460.0,0.012019666666666666,0.8575077516062308,29.154255402556462
104520.0,0.012019333333333333,0.8575111886769576,29.15413854666102
104580.0,0.012019,0.8575145543892844,29.154024117765346
104640.0,0.012018666666666667,0.8575178489630908,29.153912108336822
104700.0,0.012018333333333332,0.8575210725854849,29.153802511958432
104760.0,0.012018,0.8575242254280612,29.153695322741974
104820.0,0.012017666666666666,0.8575273076535195,29.153590535102996
104880.0,0.012017333333333333,0.8575303194189086,29.153488143650527
104940.0,0.012017,0.8575332608773352,29.15338814312894
105000.0,0.012016666666666667,0.8575361321790953,29.15329052837949
105060.0,0.012016333333333334,0.8575389334722859,29.153195294319488
105120.0,0.012016,0.8575416649032056,29.153102435928705
105180.0,0.012015666666666668,0.8575443266167753,29.153011948235015
105240.0,0.012015333333333334,0.8575469187567045,29.15292382630877
105300.0,0.012015000000000001,0.8575494414656196,29.152838065258404
105360.0,0.012014666666666667,0.8575518948852677,29.152754660223522
105420.0,0.012014333333333333,0.8575542791565766,29.152673606372822
105480.0,0.012014,0.8575565944197003,29.152594898902553
105540.0,0.012013666666666667,0.8575588408141379,29.152518533032474
105600.0,0.012013333333333334,0.8575610184787597,29.152444504004944
105660.0,0.012013000000000001,0.8575631275518133,29.15237280708471
105720.0,0.012012666666666668,0.8575651681710245,29.15230343755548
105780.0,0.012012333333333335,0.8575671404735661,29.15223639072095
105840.0,0.012012000000000002,0.8575690445961036,29.152171661903278
105900.0,0.012011666666666667,0.8575708806748343,29.15210924644171
105960.0,0.012011333333333334,0.8575726488454701,29.152049139693194
106020.0,0.012011,0.8575743492432718,29.151991337031166
106080.0,0.012010666666666668,0.8575759820030733,29.15193583384476
106140.0,0.012010333333333335,0.857577547259258,29.151882625539564
106200.0,0.012010000000000002,0.857579045145803,29.151831707536157
106260.0,0.012010000000000002,0.8576280805191809,29.150164934974832
106320.0,0.012010000000000002,0.8576770506737162,29.14850056948846
106380.0,0.012010000000000002,0.8577259555668233,29.14683861173222
106440.0,0.012010000000000002,0.8577747952567866,29.145179058934588
106500.0,0.012010000000000002,0.8578235698321574,29.143521907297938
106560.0,0.012010000000000002,0.8578722793954099,29.141867152554322
106620.0,0.012010000000000002,0.8579209240566916,29.14021479017802
106680.0,0.012010000000000002,0.8579695039307617,29.138564815489648
106740.0,0.012010000000000002,0.8580180191353707,29.13691722371126
106800.0,0.012010000000000002,0.8580664697902252,29.135272010001565
106860.0,0.012010000000000002,0.8581148560164379,29.13362916947461
106920.0,0.012010000000000002,0.8581631779360578,29.131988697215768
106980.0,0.012010000000000002,0.8582114356717822,29.13035058829151
107040.0,0.012010000000000002,0.8582596293467777,29.128714837755478
107100.0,0.012010000000000002,0.8583077590845053,29.127081440654443
107160.0,0.012010000000000002,0.8583558250086125,29.125450392031947
107220.0,0.012010000000000002,0.8584038272428449,29.123821686931304
107280.0,0.012010000000000002,0.8584517659109786,29.122195320397882
107340.0,0.012010000000000002,0.8584996411367652,29.120571287480967
107400.0,0.012010000000000002,0.8585474530438841,29.118949583235374
107460.0,0.012010000000000002,0.8585952017559215,29.117330202722137
107520.0,0.012010000000000002,0.8586428873963232,29.11571314101012
107580.0,0.012010000000000002,0.8586905100883806,29.114098393176466
107640.0,0.012010000000000002,0.8587380699552162,29.11248595430708
107700.0,0.012010000000000002,0.858785567119757,29.110875819497522
107760.0,0.012010000000000002,0.8588330017047262,29.109267983853286
107820.0,0.012010000000000002,0.8588803738326295,29.10766244249023
107880.0,0.012010000000000002,0.8589276836257556,29.10605919053458
107940.0,0.012010000000000002,0.8589749312061421,29.10445822312403
108000.0,0.012010000000000002,0.8590221166956016,29.102859535406893
108060.0,0.012010000000000002,0.8590692402156906,29.101263122543102
108120.0,0.012010000000000002,0.8591163018877117,29.099668979704163
108180.0,0.012010000000000002,0.859163301832719,29.09807710207291
108240.0,0.012010000000000002,0.8592102401714969,29.09648748484427
108300.0,0.012010000000000002,0.8592571170245699,29.094900123224864
108360.0,0.012010000000000002,0.8593039325121945,29.0933150124333
108420.0,0.012010000000000002,0.8593506867543561,29.091732147700263
108480.0,0.012010000000000002,0.8593973798707724,29.09015152426838
108540.0,0.012010000000000002,0.8594440119808822,29.088573137392586
108600.0,0.012010000000000002,0.8594905832038564,29.086996982339745
108660.0,0.012010000000000002,0.8595370936585821,29.085423054389185
108720.0,0.012010000000000002,0.859583543463675,29.083851348832237
108780.0,0.012010000000000002,0.859629932737471,29.082281860972543
108840.0,0.012010000000000002,0.8596762615980259,29.08071458612602
108900.0,0.012010000000000002,0.859722530163119,29.079149519620753
108960.0,0.012010000000000002,0.859768738550242,29.07758665679734
109020.0,0.012010000000000002,0.8598148868766231,29.076025993008084
109080.0,0.012010000000000002,0.8598609752591894,29.07446752361823
109140.0,0.012010000000000002,0.8599070038146001,29.072911244004843
109200.0,0.012010000000000002,0.8599529726592351,29.071357149557176
109260.0,0.012010000000000002,0.8599988819091853,29.069805235677
109320.0,0.012010000000000002,0.8600447316802665,29.068255497778104
109380.0,0.012010000000000002,0.8600905220880125,29.066707931286523
109440.0,0.012010000000000002,0.8601362532476808,29.06516253164034
109500.0,0.012010000000000002,0.8601819252742429,29.063619294289996
109560.0,0.012010000000000002,0.8602275382823921,29.062078214698005
109620.0,0.012010000000000002,0.8602730923865459,29.06053928833888
109680.0,0.012010000000000002,0.8603185877008421,29.059002510699244
109740.0,0.012010000000000002,0.8603640243391316,29.057467877278064
109800.0,0.012010000000000002,0.8604094024150019,29.05593538358584
109860.0,0.012010000000000002,0.86045472204175,29.054405025145506
109920.0,0.012010000000000002,0.8604999833324035,29.052876797491724
109980.0,0.012010000000000002,0.860545186399704,29.051350696171415
110040.0,0.012010000000000002,0.8605903313561317,29.049826716742924
110100.0,0.012010000000000002,0.8606354183138731,29.048304854777097
110160.0,0.012010000000000002,0.8606804473848562,29.046785105856095
110220.0,0.012010000000000002,0.8607254186807227,29.045267465574284
110280.0,0.012010000000000002,0.8607703323128463,29.04375192953766
110340.0,0.012010000000000002,0.8608151883923244,29.04223849336406
110400.0,0.012010000000000002,0.8608599870299828,29.04072715268305
110460.0,0.012010000000000002,0.8609047283363744,29.03921790313591
110520.0,0.012010000000000002,0.8609494124217824,29.03771074037554
110580.0,0.012010000000000002,0.8609940393962152,29.036205660066614
110640.0,0.012010000000000002,0.8610386093694179,29.034702657885184
110700.0,0.012010000000000002,0.8610831224508543,29.033201729519273
110760.0,0.012010000000000002,0.8611275787497307,29.03170287066807
110820.0,0.012010000000000002,0.8611719783749779,29.030206077042504
110880.0,0.012010000000000002,0.8612163214352684,29.028711344364687
110940.0,0.012010000000000002,0.861260608038992,29.027218668368693
111000.0,0.012010000000000002,0.8613048382942841,29.025728044799617
111060.0,0.012010000000000002,0.8613490123090125,29.024239469413992
111120.0,0.012010000000000002,0.8613931301907773,29.0227529379798
111180.0,0.012010000000000002,0.8614371920469175,29.021268446276228
111240.0,0.012010000000000002,0.8614811979845046,29.019785990093858
111300.0,0.012010000000000002,0.8615251481103514,29.0183055652344
111360.0,0.012010000000000002,0.8615690425310041,29.016827167510908
111420.0,0.012010000000000002,0.8616128813527526,29.015350792747444
111480.0,0.012010000000000002,0.8616566646816207,29.013876436779395
111540.0,0.012010000000000002,0.8617003926233749,29.01240409545316
111600.0,0.012010000000000002,0.8617440652835219,29.010933764626238
111660.0,0.012010000000000002,0.8617876827673081,29.0094654401672
111720.0,0.012010000000000002,0.8618312451797282,29.007999117955446
111780.0,0.012010000000000002,0.8618747526255087,29.0065347938817
111840.0,0.012010000000000002,0.8619182052091278,29.00507246384735
111900.0,0.012010000000000002,0.8619616030348043,29.00361212376481
111960.0,0.012010000000000002,0.8620049462065075,29.002153769557186
112020.0,0.012010000000000002,0.8620482348279402,29.000697397158817
112080.0,0.012010000000000002,0.8620914690025636,28.999243002514454
112140.0,0.012010000000000002,0.8621346488335778,28.99779058157988
112200.0,0.012010000000000002,0.86217777442394,28.996340130321304
112260.0,0.012010000000000002,0.8622208458763411,28.994891644716134
112320.0,0.012010000000000002,0.8622638632932336,28.993445120752032
112380.0,0.012010000000000002,0.8623068267768144,28.992000554427477
112440.0,0.012010000000000002,0.8623497364290327,28.990557941751494
112500.0,0.012010000000000002,0.8623925923515846,28.989117278743823
112560.0,0.012010000000000002,0.8624353946459233,28.987678561434578
112620.0,0.012010000000000002,0.8624781434132544,28.986241785864376
112680.0,0.012010000000000002,0.8625208387545312,28.98480694808449
112740.0,0.012010000000000002,0.862563480770466,28.98337404415649
112800.0,0.012010000000000002,0.8626060695615215,28.98194307015247
112860.0,0.012010000000000002,0.862648605227924,28.980514022154647
112920.0,0.012010000000000002,0.8626910878696439,28.979086896255964
112980.0,0.012010000000000002,0.8627335175864177,28.977661688559373
113040.0,0.012010000000000002,0.8627758944777328,28.976238395178317
113100.0,0.012010000000000002,0.8628182186428395,28.97481701223634
113160.0,0.012010000000000002,0.862860490180749,28.97339753586711
113220.0,0.012010000000000002,0.8629027091902203,28.971979962214885
113280.0,0.012010000000000002,0.8629448757697852,28.970564287433643
113340.0,0.012010000000000002,0.8629869900177293,28.969150507687722
113400.0,0.012010000000000002,0.8630290520321018,28.967738619151472
113460.0,0.012010000000000002,0.8630710619107149,28.96632861800928
113520.0,0.012010000000000002,0.8631130197511405,28.96492050045566
113580.0,0.012010000000000002,0.863154925650716,28.96351426269505
113640.0,0.012010000000000002,0.8631967797065472,28.962109900941723
113700.0,0.012010000000000002,0.8632385820154954,28.960707411420174
113760.0,0.012010000000000002,0.8632803326741949,28.959306790364572
113820.0,0.012010000000000002,0.8633220317790432,28.957908034019045
113880.0,0.012010000000000002,0.8633636794262045,28.956511138637563
113940.0,0.012010000000000002,0.8634052757116127,28.95511610048383
114000.0,0.012010000000000002,0.8634468207309677,28.953722915831417
114060.0,0.012010000000000002,0.8634883145797376,28.952331580963634
114120.0,0.012010000000000002,0.8635297573531663,28.950942092173324
114180.0,0.012010000000000002,0.8635711491462564,28.949554445763383
114240.0,0.012010000000000002,0.863612490053792,28.948168638046006
114300.0,0.012010000000000002,0.8636537801703229,28.946784665343213
114360.0,0.012010000000000002,0.8636950195901736,28.945402523986523
114420.0,0.012010000000000002,0.8637362084074396,28.944022210317087
114480.0,0.012010000000000002,0.8637773467159916,28.942643720685528
114540.0,0.012010000000000002,0.8638184346094728,28.941267051452023
114600.0,0.012010000000000002,0.8638594721813029,28.939892198986172
114660.0,0.012010000000000002,0.8639004595246728,28.938519159667152
114720.0,0.012010000000000002,0.863941396732556,28.937147929883334
114780.0,0.012010000000000002,0.8639822838976974,28.935778506032662
114840.0,0.012010000000000002,0.8640231211126211,28.934410884522354
114900.0,0.012010000000000002,0.8640639084696295,28.933045061768958
114960.0,0.012010000000000002,0.8641046460608025,28.931681034198352
115020.0,0.012010000000000002,0.8641453339780001,28.930318798245647
115080.0,0.012010000000000002,0.8641859723128612,28.92895835035523
115140.0,0.012010000000000002,0.8642265611568064,28.927599686980653
115200.0,0.012010000000000002,0.8642671006010361,28.9262428045847
115260.0,0.012010000000000002,0.8643075907365326,28.92488769963929
115320.0,0.012010000000000002,0.8643480316540648,28.923534368625333
115380.0,0.012010000000000002,0.8643884234441744,28.922182808033174
115440.0,0.012010000000000002,0.8644287661971977,28.920833014361857
115500.0,0.012010000000000002,0.8644690600032492,28.919484984119656
115560.0,0.012010000000000002,0.8645093049522293,28.918138713823836
115620.0,0.012010000000000002,0.8645495011338247,28.91679420000061
115680.0,0.012010000000000002,0.8645896486375063,28.91545143918519
115740.0,0.012010000000000002,0.8646297475525355,28.914110427921614
115800.0,0.012010000000000002,0.8646697979679561,28.912771162762965
115860.0,0.012010000000000002,0.8647097999726024,28.91143364027111
115920.0,0.012010000000000002,0.8647497536550973,28.91009785701676
115980.0,0.012010000000000002,0.8647896591038533,28.908763809579423
116040.0,0.012010000000000002,0.864829516407068,28.907431494547545
116100.0,0.012010000000000002,0.8648693256527369,28.906100908518084
116160.0,0.012010000000000002,0.8649090869286409,28.90477204809691
116220.0,0.012010000000000002,0.8649488003223533,28.90344490989857
116280.0,0.012010000000000002,0.8649884659212412,28.90211949054624
116340.0,0.012010000000000002,0.8650280838124624,28.900795786671807
116400.0,0.012010000000000002,0.8650676540829685,28.89947379491576
116460.0,0.012010000000000002,0.865107176819507,28.89815351192713
116520.0,0.012010000000000002,0.8651466521086166,28.896834934363618
116580.0,0.012010000000000002,0.8651860800366321,28.895518058891444
116640.0,0.012010000000000002,0.865225460689686,28.89420288218527
116700.0,0.012010000000000002,0.8652647941537023,28.892889400928404
116760.0,0.012010000000000002,0.8653040805144071,28.891577611812448
116820.0,0.012010000000000002,0.8653433198573226,28.890267511537488
116880.0,0.012010000000000002,0.8653825122677653,28.888959096812137
116940.0,0.012010000000000002,0.8654216578308539,28.88765236435328
117000.0,0.012010000000000002,0.8654607566315048,28.886347310886194
117060.0,0.012010000000000002,0.8654998087544346,28.885043933144495
117120.0,0.012010000000000002,0.8655388142841581,28.883742227870155
117180.0,0.012010000000000002,0.8655777733049943,28.88244219181333
117240.0,0.012010000000000002,0.8656166859010614,28.881143821732497
117300.0,0.012010000000000002,0.8656555521562794,28.87984711439438
117360.0,0.012010000000000002,0.86569437215437,28.878552066573928
117420.0,0.012010000000000002,0.8657331459788639,28.877258675054073
117480.0,0.012010000000000002,0.8657718737130848,28.875966936626256
117540.0,0.012010000000000002,0.8658105554401698,28.874676848089752
117600.0,0.012010000000000002,0.8658491912430555,28.873388406252104
117660.0,0.012010000000000002,0.8658877812044865,28.87210160792885
117720.0,0.012010000000000002,0.865926325407012,28.87081644994363
117780.0,0.012010000000000002,0.8659648239329869,28.86953292912812
117840.0,0.012010000000000002,0.8660032768645751,28.868251042321955
117900.0,0.012010000000000002,0.8660416842837455,28.866970786372825
117960.0,0.012010000000000002,0.8660800462722782,28.865692158136273
118020.0,0.012010000000000002,0.8661183629117573,28.864415154475918
118080.0,0.012010000000000002,0.8661566342835794,28.86313977226319
118140.0,0.012010000000000002,0.8661948604689516,28.861866008377355
118200.0,0.012010000000000002,0.8662330415488838,28.860593859705805
118260.0,0.012010000000000002,0.8662711776042099,28.859323323143315
118320.0,0.012010000000000002,0.8663092687155615,28.858054395592923
118380.0,0.012010000000000002,0.8663473149633885,28.85678707396524
118440.0,0.012010000000000002,0.8663853164279535,28.855521355178624
118500.0,0.012010000000000002,0.8664232731893305,28.854257236159224
118560.0,0.012010000000000002,0.8664611853274053,28.85299471384096
118620.0,0.012010000000000002,0.8664990529218821,28.851733785165298
118680.0,0.012010000000000002,0.8665368760522729,28.85047444708158
118740.0,0.012010000000000002,0.866574654797912,28.849216696546566
118800.0,0.012010000000000002,0.866612389237942,28.847960530524862
118860.0,0.012010000000000002,0.8666500794513279,28.84670594598847
118920.0,0.012010000000000002,0.8666877255168448,28.845452939917173
118980.0,0.012010000000000002,0.866725327513092,28.84420150929808
119040.0,0.012010000000000002,0.8667628855184792,28.84295165112605
119100.0,0.012010000000000002,0.8668003996112391,28.8417033624033
119160.0,0.012010000000000002,0.8668378698694196,28.840456640139635
119220.0,0.012010000000000002,0.8668752963708913,28.839211481352198
119280.0,0.012010000000000002,0.8669126791933384,28.83796788306578
119340.0,0.012010000000000002,0.8669500184142707,28.83672584231239
119400.0,0.012010000000000002,0.8669873141110205,28.83548535613137
119460.0,0.012010000000000002,0.8670245663607312,28.834246421569777
119520.0,0.012010000000000002,0.8670617752403765,28.83300903568171
119580.0,0.012010000000000002,0.8670989408267509,28.83177319552865
119640.0,0.012010000000000002,0.867136063196468,28.83053889817949
119700.0,0.012010000000000002,0.8671731424259669,28.82930614071033
119760.0,0.012010000000000002,0.8672101785915104,28.828074920204514
119820.0,0.012010000000000002,0.8672471717691841,28.826845233752685
119880.0,0.012010000000000002,0.867284122034899,28.82561707845265
119940.0,0.012010000000000002,0.8673210294643905,28.82439045140946
120000.0,0.012010000000000002,0.8673578941332198,28.823165349735298
120060.0,0.012010000000000002,0.8673947161167747,28.821941770549508
120120.0,0.012010000000000002,0.8674314954902684,28.820719710978572
120180.0,0.012010000000000002,0.8674682323287414,28.819499168156096
120240.0,0.012010000000000002,0.8675049267070613,28.81828013922276
120300.0,0.012010000000000002,0.8675415786999251,28.817062621326276
120360.0,0.012010000000000002,0.8675781883818561,28.81584661162147
120420.0,0.012010000000000002,0.8676147558272078,28.814632107270135
120480.0,0.012010000000000002,0.8676512811101635,28.813419105441064
120540.0,0.012010000000000002,0.8676877643047328,28.81220760331014
120600.0,0.012010000000000002,0.8677242054847613,28.810997598060023
120660.0,0.012010000000000002,0.8677606047239206,28.809789086880464
120720.0,0.012010000000000002,0.8677969620957164,28.80858206696804
120780.0,0.012010000000000002,0.8678332776734837,28.807376535526306
120840.0,0.012010000000000002,0.8678695515303924,28.806172489765604
120900.0,0.012010000000000002,0.867905783739442,28.804969926903222
120960.0,0.012010000000000002,0.8679419743734677,28.80376884416322
121020.0,0.012010000000000002,0.8679781235051364,28.80256923877651
121080.0,0.012010000000000002,0.8680142312069496,28.801371107980792
121140.0,0.012010000000000002,0.8680502975512444,28.80017444902051
121200.0,0.012010000000000002,0.8680863226101916,28.798979259146886
121260.0,0.012010000000000002,0.8681223064557975,28.797785535617884
121320.0,0.012010000000000002,0.8681582491599037,28.796593275698193
121380.0,0.012010000000000002,0.8681941507941902,28.795402476659138
121440.0,0.012010000000000002,0.868230011430171,28.794213135778794
121500.0,0.012010000000000002,0.8682658311391996,28.793025250341817
121560.0,0.012010000000000002,0.8683016099924642,28.79183881763961
121620.0,0.012010000000000002,0.8683373480609972,28.79065383496997
121680.0,0.012010000000000002,0.8683730454156615,28.789470299637554
121740.0,0.012010000000000002,0.8684087021271637,28.788288208953457
121800.0,0.012010000000000002,0.8684443182660511,28.787107560235267
121860.0,0.012010000000000002,0.8684798939027051,28.785928350807307
121920.0,0.012010000000000002,0.8685154291073565,28.784750578000118
121980.0,0.012010000000000002,0.8685509239500657,28.783574239151104
122040.0,0.012010000000000002,0.8685863785007422,28.782399331603884
122100.0,0.012010000000000002,0.8686217928291377,28.78122585270852
122160.0,0.012010000000000002,0.8686571670048399,28.780053799821708
122220.0,0.012010000000000002,0.8686925010972821,28.77888317030646
122280.0,0.012010000000000002,0.8687277951757433,28.777713961532115
122340.0,0.012010000000000002,0.8687630493093406,28.776546170874546
122400.0,0.012010000000000002,0.8687982635670397,28.77537979571584
122460.0,0.012010000000000002,0.868833438017648,28.77421483344451
122520.0,0.012010000000000002,0.8688685727298167,28.773051281455427
122580.0,0.012010000000000002,0.8689036677720446,28.771889137149675
122640.0,0.012010000000000002,0.8689387232126744,28.770728397934686
122700.0,0.012010000000000002,0.8689737391198952,28.769569061224146
122760.0,0.012010000000000002,0.8690087155617402,28.768411124438064
122820.0,0.012010000000000002,0.8690436526060955,28.767254585002476
122880.0,0.012010000000000002,0.869078550320687,28.76609944034988
122940.0,0.012010000000000002,0.8691134087730928,28.764945687918814
123000.0,0.012010000000000002,0.8691482280307367,28.76379332515408
123060.0,0.012010000000000002,0.8691830081608933,28.762642349506542
123120.0,0.012010000000000002,0.8692177492306833,28.761492758433313
123180.0,0.012010000000000002,0.86925245130708,28.76034454939751
123240.0,0.012010000000000002,0.8692871144569011,28.759197719868524
123300.0,0.012010000000000002,0.8693217387468206,28.758052267321645
123360.0,0.012010000000000002,0.869356324243359,28.756908189238352
123420.0,0.012010000000000002,0.8693908710128888,28.755765483106128
123480.0,0.012010000000000002,0.8694253791216324,28.754624146418557
123540.0,0.012010000000000002,0.8694598486356692,28.75348417667505
123600.0,0.012010000000000002,0.8694942796209221,28.75234557138131
123660.0,0.012010000000000002,0.869528672143172,28.751208328048822
123720.0,0.012010000000000002,0.8695630262680553,28.750072444194966
123780.0,0.012010000000000002,0.8695973420610538,28.748937917343323
123840.0,0.012010000000000002,0.86963161958751,28.747804745023164
123900.0,0.012010000000000002,0.8696658589126166,28.746672924769815
123960.0,0.012010000000000002,0.8697000601014238,28.74554245412438
124020.0,0.012010000000000002,0.8697342232188335,28.744413330633947
124080.0,0.012010000000000002,0.8697683483296037,28.743285551851454
124140.0,0.012010000000000002,0.8698024354983523,28.742159115335514
124200.0,0.012010000000000002,0.8698364847895454,28.74103401865085
124260.0,0.012009666666666668,0.869822211722349,28.741505635383923
124320.0,0.012009333333333335,0.86980790006252,28.74197854285188
124380.0,0.012009000000000002,0.8697935499827185,28.742452735475805
124440.0,0.012008666666666667,0.869779161591562,28.74292820979276
124500.0,0.012008333333333334,0.8697647349788573,28.743404962961293
124560.0,0.012008000000000001,0.8697502702256107,28.743882992430773
124620.0,0.012007666666666668,0.869735767407886,28.74436229581389
124680.0,0.012007333333333335,0.8697212265986404,28.744842870826034
124740.0,0.012007,0.8697066478686568,28.74532471525445
124800.0,0.012006666666666667,0.8696920312871903,28.74580782693694
124860.0,0.012006333333333334,0.8696773769223545,28.746292203749046
124920.0,0.012006000000000001,0.8696626848413146,28.74677784359771
124980.0,0.012005666666666668,0.869647955110499,28.747264744414256
125040.0,0.012005333333333335,0.8696331877957395,28.747752904149777
125100.0,0.012005000000000002,0.8696183829623246,28.748242320773365
125160.0,0.012004666666666667,0.8696035406750913,28.748732992269076
125220.0,0.012004333333333334,0.8695886609984931,28.749224916633686
125280.0,0.012004,0.8695737439966119,28.749718091876296
125340.0,0.012003666666666668,0.86955878973321,28.75021251601662
125400.0,0.012003333333333335,0.8695437982717641,28.750708187083855
125460.0,0.012003,0.8695287696754693,28.75120510311654
125520.0,0.012002666666666667,0.8695137040072681,28.751703262161616
125580.0,0.012002333333333334,0.8694986013298719,28.7522026622737
125640.0,0.012002,0.8694834617057589,28.752703301515158
125700.0,0.012001666666666667,0.8694682851972002,28.75320517795524
125760.0,0.012001333333333334,0.8694530718662541,28.75370828967028
125820.0,0.012001000000000001,0.8694378217747946,28.754212634742736
125880.0,0.012000666666666666,0.8694225349844948,28.75471821126174
125940.0,0.012000333333333333,0.869407211556854,28.75522501732222
126000.0,0.012,0.8693918515531902,28.755733051025125
126060.0,0.012,0.8694247550737878,28.75464478565285
126120.0,0.012,0.8694576229106151,28.753557782735243
126180.0,0.012,0.8694904550202629,28.75247204343076
126240.0,0.012,0.8695232514205457,28.75138756687339
126300.0,0.012,0.8695560121470041,28.750304351611554
126360.0,0.012,0.8695887372433185,28.749222395925283
126420.0,0.012,0.8696214267576194,28.748141697948284
126480.0,0.012,0.8696540807407289,28.747062255726114
126540.0,0.012,0.8696866992452739,28.745984067245534
126600.0,0.012,0.8697192823250436,28.744907130455747
126660.0,0.012,0.8697518300346679,28.743831443279067
126720.0,0.012,0.8697843424294003,28.74275700361809
126780.0,0.012,0.8698168195649162,28.741683809362346
126840.0,0.012,0.8698492614972094,28.740611858391745
126900.0,0.012,0.8698816682825122,28.73954114857922
126960.0,0.012,0.8699140399772175,28.738471677793285
127020.0,0.012,0.8699463766378329,28.737403443899556
127080.0,0.012,0.8699786783209438,28.736336444761985
127140.0,0.012,0.8700109450831787,28.73527067824398
127200.0,0.012,0.870043176981186,28.734206142209196
127260.0,0.012,0.8700753740716137,28.733142834522187
127320.0,0.012,0.8701075364110914,28.732080753048997
127380.0,0.012,0.8701396640562192,28.731019895657536
127440.0,0.012,0.8701717570635532,28.72996026021805
127500.0,0.012,0.8702038154895987,28.728901844603346
127560.0,0.012,0.8702358393908012,28.727844646689075
127620.0,0.012,0.870267828823538,28.72678866435402
127680.0,0.012,0.8702997838441151,28.725733895480214
127740.0,0.012,0.8703317045087605,28.7246803379531
127800.0,0.012,0.8703635908736186,28.723627989661775
127860.0,0.012,0.8703954429947519,28.722576848498893
127920.0,0.012,0.8704272609281297,28.72152691236106
127980.0,0.012,0.8704590447296331,28.720478179148643
128040.0,0.012,0.8704907944550478,28.719430646766018
128100.0,0.012,0.8705225101600623,28.718384313121632
128160.0,0.012,0.8705541919002692,28.71733917612794
128220.0,0.012,0.8705858397311599,28.716295233701587
128280.0,0.012,0.870617453708126,28.71525248376336
128340.0,0.012,0.8706490338864559,28.71421092423831
128400.0,0.012,0.8706805803213346,28.71317055305571
128460.0,0.012,0.8707120930678441,28.71213136814909
128520.0,0.012,0.87074357218096,28.71109336745634
128580.0,0.012,0.8707750177155525,28.710056548919624
128640.0,0.012,0.8708064297263861,28.709020910485453
128700.0,0.012,0.8708378082681176,28.707986450104706
128760.0,0.012,0.8708691533952969,28.706953165732614
128820.0,0.012,0.8709004651623642,28.70592105532885
128880.0,0.012,0.8709317436236547,28.704890116857367
128940.0,0.012,0.8709629888333927,28.703860348286593
129000.0,0.012,0.870994200845695,28.702831747589315
129060.0,0.012,0.8710253797145684,28.701804312742762
129120.0,0.012,0.8710565254939131,28.700778041728473
129180.0,0.012,0.8710876382375173,28.6997529325325
129240.0,0.012,0.87111871799906,28.698728983145298
129300.0,0.012,0.8711497648321137,28.697706191561622
129360.0,0.012,0.8711807787901389,28.69668455578072
129420.0,0.012,0.8712117599264879,28.69566407380621
129480.0,0.012,0.8712427082944031,28.694644743646116
129540.0,0.012,0.8712736239470178,28.69362656331285
129600.0,0.012,0.8713045069373555,28.692609530823226
129660.0,0.012,0.8713353573183317,28.691593644198417
129720.0,0.012,0.8713661751427518,28.690578901463976
129780.0,0.012,0.8713969604633113,28.689565300649893
129840.0,0.012,0.8714277133325987,28.68855283979042
129900.0,0.012,0.8714584338030921,28.687541516924266
129960.0,0.012,0.871489121927161,28.686531330094443
130020.0,0.012,0.8715197777570672,28.68552227734831
130080.0,0.012,0.8715504013449632,28.684514356737584
130140.0,0.012,0.871580992742893,28.683507566318315
130200.0,0.012,0.8716115520027936,28.682501904150843
130260.0,0.012,0.8716420791764917,28.6814973682999
130320.0,0.012,0.8716725743157105,28.680493956834376
130380.0,0.012,0.8717030374720598,28.67949166782766
130440.0,0.012,0.8717334686970462,28.678490499357274
130500.0,0.012,0.871763868042067,28.6774904495051
130560.0,0.012,0.8717942355584136,28.67649151635725
130620.0,0.012,0.8718245712972695,28.675493698004125
130680.0,0.012,0.8718548753097121,28.674496992540373
130740.0,0.012,0.8718851476467121,28.673501398064875
130800.0,0.012,0.8719153883591336,28.672506912680774
130860.0,0.012,0.8719455974977351,28.67151353449541
130920.0,0.012,0.8719757751131689,28.670521261620355
130980.0,0.012,0.8720059212559818,28.669530092171385
131040.0,0.012,0.8720360359766142,28.66854002426849
131100.0,0.012,0.8720661193254049,28.667551056035737
131160.0,0.012,0.8720961713525817,28.666563185601575
131220.0,0.012,0.8721261921082721,28.66557641109845
131280.0,0.012,0.872156181642498,28.66459073066302
131340.0,0.012,0.872186140005176,28.663606142436105
131400.0,0.012,0.8722160672461201,28.662622644562624
131460.0,0.012,0.8722459634150386,28.66164023519168
131520.0,0.012,0.8722758285615383,28.660658912476414
131580.0,0.012,0.8723056627351203,28.659678674574153
131640.0,0.012,0.8723354659851846,28.65869951964625
131700.0,0.012,0.8723652383610268,28.657721445858204
131760.0,0.012,0.8723949799118396,28.65674445137957
131820.0,0.012,0.8724246906867147,28.655768534383938
131880.0,0.012,0.8724543707346399,28.654793693049005
131940.0,0.012,0.8724840201045023,28.65381992555647
132000.0,0.012,0.8725136388450858,28.652847230092103
132060.0,0.012,0.8725432270050754,28.65187560484563
132120.0,0.012,0.8725727846330499,28.650905048010927
132180.0,0.012,0.8726023117774928,28.649935557785707
132240.0,0.012,0.872631808486783,28.648967132371787
132300.0,0.012,0.8726612748091991,28.64799976997497
132360.0,0.012,0.8726907107929213,28.647033468804953
132420.0,0.012,0.8727201164860263,28.646068227075514
132480.0,0.012,0.8727494919364953,28.645104043004242
132540.0,0.012,0.8727788371922063,28.644140914812784
132600.0,0.012,0.8728081523009391,28.64317884072667
132660.0,0.012,0.8728374373103741,28.642217818975375
132720.0,0.012,0.8728666922680933,28.64125784779226
132780.0,0.012,0.8728959172215798,28.640298925414598
132840.0,0.012,0.8729251122182173,28.639341050083573
132900.0,0.012,0.8729542773052916,28.638384220044255
132960.0,0.012,0.872983412529993,28.637428433545498
133020.0,0.012,0.8730125179394085,28.636473688840194
133080.0,0.012,0.8730415935805345,28.63551998418487
133140.0,0.012,0.8730706395002643,28.634567317840073
133200.0,0.012,0.873099655745397,28.633615688070094
133260.0,0.012,0.8731286423626337,28.632665093143093
133320.0,0.012,0.8731575993985814,28.631715531330936
133380.0,0.012,0.8731865268997465,28.630767000909458
133440.0,0.012,0.8732154249125421,28.62981950015817
133500.0,0.012,0.8732442934832859,28.628873027360363
133560.0,0.012,0.873273132658198,28.627927580803156
133620.0,0.012,0.8733019424834046,28.626983158777385
133680.0,0.012,0.8733307230049354,28.626039759577676
133740.0,0.012,0.8733594742687266,28.625097381502353
133800.0,0.012,0.8733881963206187,28.62415602285351
133860.0,0.012,0.8734168892063577,28.623215681936944
133920.0,0.012,0.873445552971596,28.622276357062166
133980.0,0.012,0.8734741876618913,28.62133804654239
134040.0,0.012,0.8735027933227075,28.62040074869455
134100.0,0.012,0.8735313699994156,28.619464461839218
134160.0,0.012,0.8735599177372928,28.618529184300662
134220.0,0.012,0.8735884365815229,28.617594914406826
134280.0,0.012,0.8736169265771975,28.616661650489284
134340.0,0.012,0.8736453877693156,28.615729390883253
134400.0,0.012,0.8736738202027823,28.614798133927632
134460.0,0.012,0.8737022239224124,28.613867877964886
134520.0,0.012,0.8737305989729273,28.612938621341144
134580.0,0.012,0.8737589453989576,28.6120103624061
134640.0,0.012,0.8737872632450421,28.611083099513067
134700.0,0.012,0.8738155525556283,28.610156831018944
134760.0,0.012,0.8738438133750722,28.609231555284207
134820.0,0.012,0.8738720457476393,28.60830727067291
134880.0,0.012,0.8739002497175047,28.607383975552647
134940.0,0.012,0.8739284253287536,28.606461668294543
135000.0,0.012,0.8739565726253791,28.605540347273337
135060.0,0.012,0.8739846916512861,28.604620010867226
135120.0,0.012,0.8740127824502886,28.60370065745798
135180.0,0.012,0.8740408450661131,28.602782285430816
135240.0,0.012,0.8740688795423942,28.60186489317453
135300.0,0.012,0.8740968859226792,28.600948479081353
135360.0,0.012,0.8741248642504258,28.600033041547043
135420.0,0.012,0.8741528145690034,28.5991185789708
135480.0,0.012,0.8741807369216926,28.598205089755314
135540.0,0.012,0.874208631351686,28.597292572306728
135600.0,0.012,0.8742364979020888,28.596381025034606
135660.0,0.012,0.8742643366159173,28.595470446352
135720.0,0.012,0.8742921475361011,28.594560834675352
135780.0,0.012,0.8743199307054823,28.59365218842453
135840.0,0.012,0.8743476861668151,28.592744506022857
135900.0,0.012,0.8743754139627695,28.59183778589695
135960.0,0.012,0.8744031141359243,28.590932026476974
136020.0,0.012,0.8744307867287753,28.590027226196373
136080.0,0.012,0.8744584317837325,28.58912338349194
136140.0,0.012,0.8744860493431157,28.588220496803984
136200.0,0.012,0.8745136394491643,28.58731856457598
136260.0,0.012,0.8745412021440273,28.58641758525492
136320.0,0.012,0.8745687374697714,28.58551755729103
136380.0,0.012,0.8745962454683761,28.584618479137934
136440.0,0.012,0.8746237261817383,28.5837203492525
136500.0,0.012,0.8746511796516676,28.582823166094993
136560.0,0.012,0.8746786059198904,28.581926928128944
136620.0,0.012,0.8747060050280485,28.581031633821176
136680.0,0.012,0.8747333770176985,28.58013728164185
136740.0,0.012,0.8747607219303154,28.579243870064314
136800.0,0.012,0.8747880398072876,28.578351397565292
136860.0,0.012,0.874815330689923,28.577459862624668
136920.0,0.012,0.8748425946194428,28.576569263725688
136980.0,0.012,0.8748698316369877,28.575679599354757
137040.0,0.012,0.8748970417836149,28.57479086800154
137100.0,0.012,0.8749242251002978,28.573903068158963
137160.0,0.012,0.8749513816279285,28.573016198323124
137220.0,0.012,0.8749785114073162,28.572130256993372
137280.0,0.012,0.875005614479188,28.57124524267224
137340.0,0.012,0.8750326908841889,28.570361153865466
137400.0,0.012,0.875059740662883,28.569477989081957
137460.0,0.012,0.8750867638557516,28.568595746833825
137520.0,0.012,0.8751137605031957,28.567714425636332
137580.0,0.012,0.8751407306455349,28.5668340240079
137640.0,0.012,0.875167674323008,28.565954540470113
137700.0,0.012,0.8751945915757727,28.565075973547703
137760.0,0.012,0.8752214824439066,28.564198321768526
137820.0,0.012,0.8752483469674064,28.563321583663594
137880.0,0.012,0.8752751851861894,28.562445757766998
137940.0,0.012,0.8753019971400922,28.56157084261599
138000.0,0.012,0.8753287828688723,28.560696836750882
138060.0,0.012,0.8753555424122069,28.559823738715124
138120.0,0.012,0.8753822758096962,28.558951547055173
138180.0,0.012,0.875408983100857,28.558080260320697
138240.0,0.012,0.8754356643251302,28.557209877064352
138300.0,0.012,0.8754623195218779,28.55634039584184
138360.0,0.012,0.8754889487303827,28.555471815211966
138420.0,0.012,0.8755155519898484,28.554604133736593
138480.0,0.012,0.8755421293394033,28.553737349980523
138540.0,0.012,0.8755686808180927,28.552871462511774
138600.0,0.012,0.8755952064648888,28.552006469901222
138660.0,0.012,0.8756217063186844,28.551142370722815
138720.0,0.012,0.8756481804182946,28.55027916355353
138780.0,0.012,0.8756746288024573,28.54941684697334
138840.0,0.012,0.8757010515098342,28.548555419565176
138900.0,0.012,0.8757274485790085,28.547694879915014
138960.0,0.012,0.8757538200484888,28.54683522661174
139020.0,0.012,0.8757801659567049,28.545976458247285
139080.0,0.012,0.8758064863420126,28.545118573416467
139140.0,0.012,0.8758327812426897,28.54426157071712
139200.0,0.012,0.8758590506969388,28.543405448749994
139260.0,0.012,0.8758852947428875,28.54255020611877
139320.0,0.012,0.8759115134185856,28.54169584143011
139380.0,0.012,0.8759377067620112,28.54084235329351
139440.0,0.012,0.8759638748110623,28.539989740321516
139500.0,0.012,0.8759900176035659,28.53913800112947
139560.0,0.012,0.876016135177273,28.53828713433564
139620.0,0.012,0.8760422275698591,28.537437138561224
139680.0,0.012,0.8760682948189258,28.536588012430286
139740.0,0.012,0.8760943369620008,28.535739754569757
139800.0,0.012,0.8761203540365363,28.534892363609487
139860.0,0.012,0.8761463460799133,28.534045838182095
139920.0,0.012,0.8761723131294346,28.53320017692321
139980.0,0.012,0.8761982552223352,28.532355378471113
140040.0,0.012,0.8762241723957709,28.531511441467124
140100.0,0.012,0.8762500646868283,28.530668364555268
140160.0,0.012,0.8762759321325193,28.529826146382447
140220.0,0.012,0.8763017747697824,28.5289847855984
140280.0,0.012,0.8763275926354851,28.528144280855635
140340.0,0.012,0.8763533857664209,28.527304630809496
140400.0,0.012,0.8763791541993116,28.526465834118124
140460.0,0.012,0.8764048979708066,28.525627889442443
140520.0,0.012,0.8764306171174839,28.524790795446155
140580.0,0.012,0.8764563116758477,28.523954550795803
140640.0,0.012,0.8764819816823332,28.523119154160604
140700.0,0.012,0.8765076271733027,28.52228460421259
140760.0,0.012,0.8765332481850471,28.521450899626558
140820.0,0.012,0.8765588447537862,28.520618039080045
140880.0,0.012,0.8765844169156695,28.519786021253317
140940.0,0.012,0.876609964706775,28.518954844829388
141000.0,0.012,0.8766354881631102,28.518124508494004
141060.0,0.012,0.8766609873206123,28.51729501093563
141120.0,0.012,0.8766864622151481,28.516466350845437
141180.0,0.012,0.8767119128825144,28.51563852691731
141240.0,0.012,0.8767373393584372,28.51481153784786
141300.0,0.012,0.8767627416785745,28.513985382336333
141360.0,0.012,0.8767881198785134,28.513160059084704
141420.0,0.012,0.8768134739937704,28.512335566797667
141480.0,0.012,0.8768388040597956,28.511511904182488
141540.0,0.012,0.8768641101119679,28.510689069949184
141600.0,0.012,0.8768893921855971,28.509867062810414
141660.0,0.012,0.8769146503159264,28.50904588148144
141720.0,0.012,0.8769398845381275,28.508225524680253
141780.0,0.012,0.8769650948873053,28.507405991127428
141840.0,0.012,0.8769902813984956,28.506587279546206
141900.0,0.012,0.8770154441066678,28.50576938866239
141960.0,0.012,0.8770405830467212,28.504952317204477
142020.0,0.012,0.8770656982534871,28.504136063903584
142080.0,0.012,0.8770907897617319,28.50332062749334
142140.0,0.012,0.8771158576061516,28.50250600671008
142200.0,0.012,0.8771409018213765,28.501692200292663
142260.0,0.012,0.8771659224419692,28.500879206982564
142320.0,0.012,0.8771909195024251,28.500067025523837
142380.0,0.012,0.8772158930371733,28.4992556546631
142440.0,0.012,0.8772408430805753,28.498445093149556
142500.0,0.012,0.8772657696669275,28.497635339734934
142560.0,0.012,0.8772906728304583,28.496826393173567
142620.0,0.012,0.8773155526053307,28.496018252222303
142680.0,0.012,0.8773404090256423,28.49521091564052
142740.0,0.012,0.8773652421254227,28.49440438219019
142800.0,0.012,0.877390051938639,28.49359865063571
142860.0,0.012,0.8774148384991889,28.49279371974413
142920.0,0.012,0.877439601840908,28.491989588284902
142980.0,0.012,0.8774643419975638,28.491186255030076
143040.0,0.012,0.8774890590028617,28.490383718754117
143100.0,0.012,0.8775137528904393,28.489581978234064
143160.0,0.012,0.8775384236938709,28.488781032249413
143220.0,0.012,0.877563071446666,28.487980879582143
143280.0,0.012,0.8775876961822688,28.487181519016733
143340.0,0.012,0.8776122979340609,28.48638294934008
143400.0,0.012,0.8776368767353567,28.485585169341647
143460.0,0.012,0.8776614326194102,28.484788177813233
143520.0,0.012,0.8776859656194084,28.48399197354919
143580.0,0.012,0.8777104757684756,28.483196555346293
143640.0,0.012,0.8777349630996746,28.482401922003678
143700.0,0.012,0.8777594276460002,28.481608072323073
143760.0,0.012,0.8777838694403887,28.480815005108475
143820.0,0.012,0.8778082885157096,28.48002271916642
143880.0,0.012,0.8778326849047714,28.4792312133058
143940.0,0.012,0.8778570586403192,28.478440486337934
144000.0,0.012,0.8778814097550351,28.477650537076556
144060.0,0.012,0.8779057382815392,28.476861364337783
144120.0,0.012,0.8779300442523894,28.47607296694011
144180.0,0.012,0.8779543277000796,28.47528534370448
144240.0,0.012,0.8779785886570438,28.474498493454156
144300.0,0.012,0.878002827155652,28.47371241501482
144360.0,0.012,0.878027043228215,28.472927107214453
144420.0,0.012,0.8780512369069783,28.472142568883516
144480.0,0.012,0.8780754082241295,28.471358798854695
144540.0,0.012,0.8780995572117926,28.470575795963125
144600.0,0.012,0.8781236839020301,28.46979355904627
144660.0,0.012,0.8781477883268453,28.469012086943888
144720.0,0.012,0.8781718705181791,28.468231378498103
144780.0,0.012,0.8781959305079113,28.467451432553393
144840.0,0.012,0.8782199683278622,28.46667224795651
144900.0,0.012,0.8782439840097914,28.465893823556527
144960.0,0.012,0.8782679775853967,28.465116158204886
145020.0,0.012,0.878291949086317,28.464339250755266
145080.0,0.012,0.8783158985441307,28.463563100063688
145140.0,0.012,0.8783398259903565,28.462787704988433
145200.0,0.012,0.8783637314564525,28.462013064390113
145260.0,0.012,0.8783876149738176,28.461239177131596
145320.0,0.012,0.8784114765737916,28.46046604207801
145380.0,0.012,0.8784353162876536,28.45969365809681
145440.0,0.012,0.8784591341466258,28.458922024057625
145500.0,0.012,0.8784829301818678,28.458151138832463
145560.0,0.012,0.878506704424483,28.457381001295495
145620.0,0.012,0.8785304569055148,28.45661161032318
145680.0,0.012,0.8785541876559481,28.455842964794208
145740.0,0.012,0.8785778967067095,28.4550750635895
145800.0,0.012,0.8786015840886665,28.45430790559223
145860.0,0.012,0.8786252498326289,28.453541489687783
145920.0,0.012,0.8786488939693473,28.45277581476379
145980.0,0.012,0.8786725165295158,28.45201087971006
146040.0,0.012,0.8786961175437694,28.451246683418635
146100.0,0.012,0.8787196970426858,28.45048322478376
146160.0,0.012,0.8787432550567847,28.449720502701883
146220.0,0.012,0.8787667916165285,28.448958516071652
146280.0,0.012,0.8787903067523228,28.448197263793862
146340.0,0.012,0.8788138004945144,28.44743674477157
146400.0,0.012,0.8788372728733949,28.446676957909926
146460.0,0.012,0.8788607239191981,28.44591790211629
146520.0,0.012,0.8788841536620997,28.44515957630023
146580.0,0.012,0.8789075621322207,28.444401979373414
146640.0,0.012,0.8789309493596241,28.4436451102497
146700.0,0.012,0.8789543153743176,28.44288896784508
146760.0,0.012,0.8789776602062517,28.442133551077696
146820.0,0.012,0.8790009838853208,28.441378858867846
146880.0,0.012,0.8790242864413631,28.44062489013797
146940.0,0.012,0.8790475679041623,28.439871643812584
147000.0,0.012,0.8790708283034442,28.439119118818393
147060.0,0.012,0.8790940676688798,28.438367314084207
147120.0,0.012,0.8791172860300854,28.43761622854091
147180.0,0.012,0.87914048341662,28.436865861121575
147240.0,0.012,0.8791636598579887,28.436116210761316
147300.0,0.012,0.8791868153836419,28.43536727639734
147360.0,0.012,0.8792099500229735,28.434619056968994
147420.0,0.012,0.8792330638053236,28.433871551417685
147480.0,0.012,0.8792561567599763,28.433124758686933
147540.0,0.012,0.8792792289161632,28.432378677722273
147600.0,0.012,0.8793022803030582,28.43163330747142
147660.0,0.012,0.879325310949784,28.43088864688405
147720.0,0.012,0.8793483208854074,28.430144694911956
147780.0,0.012,0.8793713101389402,28.429401450509015
147840.0,0.012,0.8793942787393427,28.428658912631086
147900.0,0.012,0.8794172267155183,28.427917080236163
147960.0,0.012,0.8794401540963197,28.427175952284188
148020.0,0.012,0.8794630609105427,28.42643552773725
148080.0,0.012,0.8794859471869323,28.425695805559382
148140.0,0.012,0.8795088129541787,28.424956784716684
148200.0,0.012,0.8795316582409183,28.424218464177315
148260.0,0.012,0.8795544830757364,28.423480842911363
148320.0,0.012,0.8795772874871627,28.422743919891033
148380.0,0.012,0.879600071503676,28.42200769409046
148440.0,0.012,0.8796228351537018,28.421272164485817
148500.0,0.012,0.8796455784656111,28.420537330055314
148560.0,0.012,0.8796683014677251,28.41980318977908
148620.0,0.012,0.8796910041883109,28.41906974263929
148680.0,0.012,0.8797136866555838,28.418336987620084
148740.0,0.012,0.8797363488977062,28.417604923707596
148800.0,0.012,0.87975899094279,28.416873549889903
148860.0,0.012,0.8797816128188926,28.416142865157124
148920.0,0.012,0.8798042145540226,28.415412868501242
148980.0,0.012,0.8798267961761337,28.414683558916312
149040.0,0.012,0.8798493577131308,28.41395493539826
149100.0,0.012,0.8798718991928648,28.413226996945028
149160.0,0.012,0.879894420643138,28.41249974255643
149220.0,0.012,0.8799169220916987,28.411773171234316
149280.0,0.012,0.8799394035662457,28.411047281982402
149340.0,0.012,0.879961865094426,28.410322073806377
149400.0,0.012,0.8799843067038362,28.40959754571384
149460.0,0.012,0.8800067284220219,28.40887369671432
149520.0,0.012,0.8800291302764779,28.40815052581927
149580.0,0.012,0.8800515122946482,28.407428032042063
149640.0,0.012,0.8800738745039274,28.406706214397957
149700.0,0.012,0.8800962169316585,28.40598507190414
149760.0,0.012,0.8801185396051343,28.405264603579724
149820.0,0.012,0.8801408425515992,28.404544808445642
149880.0,0.012,0.8801631257982447,28.403825685524822
149940.0,0.012,0.8801853893722157,28.403107233841983
150000.0,0.012,0.8802076333006043,28.4023894524238
150060.0,0.012,0.8802298576104554,28.401672340298777
150120.0,0.012,0.8802520623287629,28.400955896497315
150180.0,0.012,0.8802742474824712,28.400240120051702
150240.0,0.012,0.8802964130984763,28.399525009996058
150300.0,0.012,0.8803185592036235,28.398810565366414
150360.0,0.012,0.8803406858247118,28.398096785200554
150420.0,0.012,0.8803627929884875,28.397383668538254
150480.0,0.012,0.880384880721651,28.39667121442103
150540.0,0.012,0.8804069490508523,28.395959421892297
150600.0,0.012,0.8804289980026934,28.395248289997284
150660.0,0.012,0.8804510276037275,28.394537817783064
150720.0,0.012,0.8804730378804594,28.393828004298545
150780.0,0.012,0.8804950288593456,28.39311884859445
150840.0,0.012,0.8805170005667944,28.392410349723335
150900.0,0.012,0.8805389530291658,28.391702506739566
150960.0,0.012,0.8805608862727723,28.390995318699318
151020.0,0.012,0.8805828003238774,28.3902887846606
151080.0,0.012,0.8806046952086987,28.38958290368317
151140.0,0.012,0.8806265709534037,28.388877674828663
151200.0,0.012,0.8806484275841139,28.388173097160458
151260.0,0.012,0.880670265126903,28.387469169743735
151320.0,0.012,0.8806920836077978,28.386765891645453
151380.0,0.012,0.8807138830527772,28.386063261934368
151440.0,0.012,0.880735663487772,28.385361279681046
151500.0,0.012,0.8807574249386684,28.384659943957757
151560.0,0.012,0.8807791674313034,28.3839592538386
151620.0,0.012,0.8808008909914681,28.38325920839942
151680.0,0.012,0.8808225956449073,28.38255980671781
151740.0,0.012,0.8808442814173184,28.381861047873144
151800.0,0.012,0.8808659483343522,28.381162930946555
151860.0,0.012,0.8808875964216137,28.3804654550209
151920.0,0.012,0.8809092257046617,28.379768619180783
151980.0,0.012,0.8809308362090075,28.37907242251259
152040.0,0.012,0.8809524279601175,28.378376864104403
152100.0,0.012,0.8809740009834119,28.37768194304605
152160.0,0.012,0.8809955553042649,28.376987658429083
152220.0,0.012,0.8810170909480047,28.376294009346786
152280.0,0.012,0.8810386079399134,28.375600994894192
152340.0,0.012,0.8810601063052289,28.374908614167985
152400.0,0.012,0.881081586069142,28.37421686626663
152460.0,0.012,0.8811030472567992,28.373525750290252
152520.0,0.012,0.8811244898933014,28.372835265340704
152580.0,0.012,0.8811459140037033,28.372145410521565
152640.0,0.012,0.8811673196130165,28.371456184938047
152700.0,0.012,0.8811887067462061,28.370767587697113
152760.0,0.012,0.8812100754281929,28.370079617907383
152820.0,0.012,0.8812314256838525,28.369392274679175
152880.0,0.012,0.8812527575380158,28.368705557124503
152940.0,0.012,0.8812740710154693,28.36801946435704
153000.0,0.012,0.8812953661409558,28.367333995492107
153060.0,0.012,0.8813166429391722,28.36664914964675
153120.0,0.012,0.881337901434772,28.365964925939654
153180.0,0.012,0.8813591416523637,28.365281323491168
153240.0,0.012,0.8813803636165136,28.364598341423267
153300.0,0.012,0.8814015673517417,28.363915978859644
153360.0,0.012,0.881422752882525,28.3632342349256
153420.0,0.012,0.8814439202332977,28.362553108748067
153480.0,0.012,0.881465069428448,28.36187259945568
153540.0,0.012,0.8814862004923228,28.361192706178652
153600.0,0.012,0.8815073134492243,28.360513428048858
153660.0,0.012,0.881528408323411,28.359834764199817
153720.0,0.012,0.8815494851390989,28.359156713766637
153780.0,0.012,0.8815705439204604,28.358479275886083
153840.0,0.012,0.8815915846916246,28.357802449696532
153900.0,0.012,0.8816126074766775,28.357126234337976
153960.0,0.012,0.8816336122996623,28.356450628952018
154020.0,0.012,0.8816545991845802,28.355775632681848
154080.0,0.012,0.8816755681553877,28.35510124467231
154140.0,0.012,0.8816965192360003,28.354427464069804
154200.0,0.012,0.8817174524502904,28.35375429002235
154260.0,0.012,0.8817383678220876,28.35308172167956
154320.0,0.012,0.8817592653751796,28.352409758192625
154380.0,0.012,0.8817801451333115,28.35173839871433
154440.0,0.012,0.881801007120186,28.351067642399048
154500.0,0.012,0.8818218513594644,28.350397488402724
154560.0,0.012,0.8818426778747656,28.34972793588287
154620.0,0.012,0.8818634866896661,28.349058983998592
154680.0,0.012,0.8818842778277014,28.348390631910537
154740.0,0.012,0.8819050513123644,28.34772287878095
154800.0,0.012,0.8819258071671071,28.347055723773604
154860.0,0.012,0.8819465454153396,28.34638916605385
154920.0,0.012,0.8819672660804303,28.345723204788584
154980.0,0.012,0.8819879691857067,28.345057839146254
155040.0,0.012,0.8820086547544549,28.34439306829685
155100.0,0.012,0.8820293228099196,28.34372889141191
155160.0,0.012,0.8820499733753042,28.34306530766452
155220.0,0.012,0.8820706064737717,28.34240231622929
155280.0,0.012,0.882091222128444,28.341739916282346
155340.0,0.012,0.8821118203624017,28.341078107001383
155400.0,0.012,0.8821324011986849,28.3404168875656
155460.0,0.012,0.882152964660293,28.33975625715571
155520.0,0.012,0.8821735107701854,28.339096214953955
155580.0,0.012,0.8821940395512798,28.33843676014409
155640.0,0.012,0.8822145510264555,28.33777789191136
155700.0,0.012,0.8822350452185488,28.33711960944258
155760.0,0.012,0.8822555221503576,28.336461911926005
155820.0,0.012,0.8822759818446398,28.335804798551408
155880.0,0.012,0.882296424324112,28.335148268510082
155940.0,0.012,0.8823168496114527,28.334492320994766
156000.0,0.012,0.882337257729298,28.33383695519976
156060.0,0.012,0.8823576487002469,28.33318217032078
156120.0,0.012,0.8823780225468559,28.332527965555094
156180.0,0.012,0.8823983792916449,28.331874340101383
156240.0,0.012,0.8824187189570921,28.331221293159842
156300.0,0.012,0.8824390415656371,28.330568823932143
156360.0,0.012,0.8824593471396798,28.329916931621423
156420.0,0.012,0.8824796357015806,28.329265615432288
156480.0,0.012,0.8824999072736622,28.32861487457078
156540.0,0.012,0.8825201618782061,28.327964708244448
156600.0,0.012,0.8825403995374566,28.327315115662255
156660.0,0.012,0.8825606202736178,28.32666609603465
156720.0,0.012,0.8825808241088556,28.32601764857351
156780.0,0.012,0.8826010110652964,28.3253697724922
156840.0,0.012,0.8826211811650295,28.32472246700545
156900.0,0.012,0.8826413344301041,28.324075731329504
156960.0,0.012,0.8826614708825311,28.32342956468202
157020.0,0.012,0.8826815905442837,28.322783966282074
157080.0,0.012,0.8827016934372962,28.322138935350196
157140.0,0.012,0.8827217795834645,28.321494471108334
157200.0,0.012,0.8827418490046469,28.32085057277985
157260.0,0.012,0.8827619017226632,28.320207239589543
157320.0,0.012,0.882781937759295,28.319564470763627
157380.0,0.012,0.8828019571362865,28.31892226552972
157440.0,0.012,0.8828219598753435,28.31828062311687
157500.0,0.012,0.8828419459981346,28.317639542755508
157560.0,0.012,0.8828619155262902,28.31699902367749
157620.0,0.012,0.8828818684814033,28.316359065116075
157680.0,0.012,0.8829018048850298,28.315719666305885
157740.0,0.012,0.8829217247586869,28.315080826483005
157800.0,0.012,0.8829416281238557,28.31444254488485
157860.0,0.012,0.8829615150019796,28.313804820750256
157920.0,0.012,0.8829813854144645,28.31316765331944
157980.0,0.012,0.8830012393826803,28.312531041833967
158040.0,0.012,0.8830210769279582,28.311894985536842
158100.0,0.012,0.8830408980715929,28.311259483672426
158160.0,0.012,0.8830607028348432,28.310624535486426
158220.0,0.012,0.8830804912389302,28.30999014022595
158280.0,0.012,0.8831002633050387,28.30935629713945
158340.0,0.012,0.8831200190543164,28.30872300547676
158400.0,0.012,0.8831397585078743,28.30809026448909
158460.0,0.012,0.8831594816867882,28.30745807342895
158520.0,0.012,0.8831791886120957,28.30682643155028
158580.0,0.012,0.8831988793047993,28.306195338108317
158640.0,0.012,0.8832185537858647,28.305564792359675
158700.0,0.012,0.8832382120762222,28.30493479356228
158760.0,0.012,0.8832578541967644,28.304305340975457
158820.0,0.012,0.8832774801683492,28.30367643385983
158880.0,0.012,0.8832970900117988,28.303048071477352
158940.0,0.012,0.8833166837478978,28.30242025309136
159000.0,0.012,0.883336261397397,28.301792977966468
159060.0,0.012,0.8833558229810102,28.301166245368638
159120.0,0.012,0.8833753685194156,28.300540054565182
159180.0,0.012,0.883394898033257,28.29991440482468
159240.0,0.012,0.8834144115431413,28.299289295417083
159300.0,0.012,0.8834339090696404,28.29866472561364
159360.0,0.012,0.8834533906332913,28.2980406946869
159420.0,0.012,0.8834728562545958,28.297417201910722
159480.0,0.012,0.8834923059540194,28.296794246560314
159540.0,0.012,0.8835117397519935,28.29617182791214
159600.0,0.012,0.8835311576689144,28.295549945243977
159660.0,0.012,0.8835505597251428,28.294928597834925
159720.0,0.012,0.883569945941005,28.29430778496536
159780.0,0.012,0.8835893163367927,28.293687505916935
159840.0,0.012,0.8836086709327622,28.293067759972633
159900.0,0.012,0.8836280097491358,28.29244854641668
159960.0,0.012,0.8836473328061003,28.29182986453463
160020.0,0.012,0.8836666401238087,28.291211713613293
160080.0,0.012,0.8836859317223801,28.29059409294074
160140.0,0.012,0.8837052076218974,28.289977001806367
160200.0,0.012,0.8837244678424109,28.289360439500804
160260.0,0.012,0.8837437124039362,28.288744405315953
160320.0,0.012,0.8837629413264539,28.28812889854501
160380.0,0.012,0.8837821546299116,28.28751391848241
160440.0,0.012,0.8838013523342224,28.28689946442386
160500.0,0.012,0.8838205344592656,28.28628553566632
160560.0,0.012,0.8838397010248863,28.28567213150801
160620.0,0.012,0.8838588520508961,28.285059251248413
160680.0,0.012,0.8838779875570734,28.28444689418822
160740.0,0.012,0.8838971075631611,28.283835059629453
160800.0,0.012,0.883916212088871,28.28322374687528
160860.0,0.012,0.8839353011538794,28.282612955230178
160920.0,0.012,0.8839543747778301,28.28200268399985
160980.0,0.012,0.8839734329803327,28.28139293249124
161040.0,0.012,0.8839924757809648,28.280783700012496
161100.0,0.012,0.8840115031992699,28.28017498587302
161160.0,0.012,0.8840305152547585,28.27956678938344
161220.0,0.012,0.8840495119669074,28.27895910985563
161280.0,0.012,0.8840684933551615,28.278351946602648
161340.0,0.012,0.884087459438932,28.277745298938793
161400.0,0.012,0.8841064102375971,28.277139166179595
161460.0,0.012,0.8841253457705027,28.27653354764177
161520.0,0.012,0.8841442660569624,28.275928442643245
161580.0,0.012,0.8841631711162551,28.275323850503213
161640.0,0.012,0.8841820609676292,28.274719770542003
161700.0,0.012,0.8842009356302992,28.2741162020812
161760.0,0.012,0.8842197951234481,28.27351314444356
161820.0,0.012,0.8842386394662259,28.272910596953043
161880.0,0.012,0.8842574686777507,28.27230855893481
161940.0,0.012,0.8842762827771077,28.27170702971522
162000.0,0.012,0.8842950817833496,28.271106008621846
162060.0,0.012,0.8843138657154989,28.270505494983375
162120.0,0.012,0.8843326345925436,28.269905488129762
162180.0,0.012,0.8843513884334414,28.269305987392098
162240.0,0.012,0.8843701272571168,28.268706992102686
162300.0,0.012,0.884388851082464,28.26810850159496
162360.0,0.012,0.8844075599283435,28.26751051520359
162420.0,0.012,0.8844262538135859,28.266913032264362
162480.0,0.012,0.8844449327569884,28.266316052114284
162540.0,0.012,0.8844635967773179,28.26571957409149
162600.0,0.012,0.8844822458933091,28.265123597535307
162660.0,0.012,0.8845008801236655,28.264528121786213
162720.0,0.012,0.8845194994870588,28.263933146185853
162780.0,0.012,0.8845381040021303,28.263338670077
162840.0,0.012,0.8845566936874889,28.262744692803626
162900.0,0.012,0.8845752685617124,28.262151213710847
162960.0,0.012,0.8845938286433481,28.26155823214491
163020.0,0.012,0.8846123739509124,28.260965747453202
163080.0,0.012,0.8846309045028898,28.260373758984283
163140.0,0.012,0.8846494203177336,28.259782266087868
163200.0,0.012,0.8846679214138679,28.25919126811475
163260.0,0.012,0.8846864078096839,28.25860076441693
163320.0,0.012,0.8847048795235436,28.258010754347495
163380.0,0.012,0.8847233365737778,28.257421237260683
163440.0,0.012,0.8847417789786861,28.256832212511874
163500.0,0.012,0.8847602067565382,28.25624367945756
163560.0,0.012,0.884778619925573,28.25565563745537
163620.0,0.012,0.8847970185039994,28.255068085864032
163680.0,0.012,0.8848154025099954,28.254481024043415
163740.0,0.012,0.8848337719617086,28.25389445135451
163800.0,0.012,0.884852126877257,28.253308367159406
163860.0,0.012,0.8848704672747272,28.252722770821336
163920.0,0.012,0.8848887931721772,28.2521376617046
163980.0,0.012,0.8849071045876339,28.25155303917464
164040.0,0.012,0.8849254015390939,28.25096890259801
164100.0,0.012,0.8849436840445256,28.250385251342315
164160.0,0.012,0.8849619521218656,28.24980208477632
164220.0,0.012,0.8849802057890207,28.249219402269887
164280.0,0.012,0.8849984450638695,28.248637203193926
164340.0,0.012,0.8850166699642601,28.24805548692047
164400.0,0.012,0.8850348805080105,28.247474252822652
164460.0,0.012,0.8850530767129092,28.246893500274698
164520.0,0.012,0.8850712585967162,28.246313228651886
164580.0,0.012,0.8850894261771608,28.245733437330617
164640.0,0.012,0.8851075794719437,28.245154125688348
164700.0,0.012,0.8851257184987356,28.244575293103647
164760.0,0.012,0.8851438432751783,28.24399693895613
164820.0,0.012,0.8851619538188847,28.243419062626494
164880.0,0.012,0.8851800501474383,28.24284166349651
164940.0,0.012,0.8851981322783926,28.24226474094905
165000.0,0.012,0.8852162002292734,28.24168829436801
165060.0,0.012,0.8852342540175777,28.241112323138353
165120.0,0.012,0.8852522936607715,28.24053682664616
165180.0,0.012,0.8852703191762944,28.23996180427851
165240.0,0.012,0.8852883305815552,28.239387255423594
165300.0,0.012,0.8853063278939357,28.238813179470608
165360.0,0.012,0.8853243111307877,28.23823957580985
165420.0,0.012,0.8853422803094351,28.237666443832634
165480.0,0.012,0.8853602354471725,28.23709378293136
165540.0,0.012,0.8853781765612674,28.236521592499432
165600.0,0.012,0.885396103668957,28.235949871931346
165660.0,0.012,0.8854140167874518,28.235378620622605
165720.0,0.012,0.8854319159339321,28.234807837969797
165780.0,0.012,0.8854498011255528,28.234237523370467
165840.0,0.012,0.8854676723794367,28.233667676223316
165900.0,0.012,0.8854855297126821,28.233098295927967
165960.0,0.012,0.8855033731423569,28.232529381885147
166020.0,0.012,0.8855212026855023,28.231960933496573
166080.0,0.012,0.8855390183591303,28.231392950165016
166140.0,0.012,0.8855568201802255,28.230825431294274
166200.0,0.012,0.8855746081657454,28.230258376289132
166260.0,0.012,0.8855923823326185,28.22969178455544
166320.0,0.012,0.8856101426977461,28.229125655500045
166380.0,0.012,0.8856278892780018,28.22855998853081
166440.0,0.012,0.8856456220902313,28.227994783056637
166500.0,0.012,0.8856633411512528,28.227430038487416
166560.0,0.012,0.8856810464778576,28.226865754234034
166620.0,0.012,0.885698738086808,28.22630192970844
166680.0,0.012,0.8857164159948411,28.22573856432352
166740.0,0.012,0.8857340802186637,28.22517565749325
166800.0,0.012,0.8857517307749585,28.22461320863251
166860.0,0.012,0.8857693676803785,28.224051217157257
166920.0,0.012,0.8857869909515506,28.223489682484413
166980.0,0.012,0.8858046006050746,28.222928604031885
167040.0,0.012,0.8858221966575228,28.222367981218603
167100.0,0.012,0.8858397791254403,28.22180781346448
167160.0,0.012,0.8858573480253459,28.2212481001904
167220.0,0.012,0.8858749033737308,28.220688840818262
167280.0,0.012,0.88589244518706,28.220130034770918
167340.0,0.012,0.8859099734817709,28.219571681472235
167400.0,0.012,0.8859274882742743,28.219013780347055
167460.0,0.012,0.8859449895809551,28.218456330821173
167520.0,0.012,0.885962477418171,28.217899332321377
167580.0,0.012,0.8859799518022528,28.21734278427544
167640.0,0.012,0.8859974127495048,28.216786686112105
167700.0,0.012,0.8860148602762052,28.21623103726108
167760.0,0.012,0.8860322943986056,28.215675837153032
167820.0,0.012,0.8860497151329316,28.2151210852196
167880.0,0.012,0.8860671224953812,28.214566780893417
167940.0,0.012,0.8860845165021273,28.21401292360804
168000.0,0.012,0.8861018971693164,28.213459512797993
168060.0,0.012,0.8861192645130684,28.21290654789878
168120.0,0.012,0.8861366185494773,28.212354028346848
168180.0,0.012,0.8861539592946114,28.211801953579585
168240.0,0.012,0.8861712867645122,28.211250323035355
168300.0,0.012,0.8861886009751963,28.210699136153448
168360.0,0.012,0.8862059019426529,28.210148392374133
168420.0,0.012,0.8862231896828464,28.209598091138616
168480.0,0.012,0.8862404642117157,28.209048231889017
168540.0,0.012,0.8862577255451728,28.20849881406844
168600.0,0.012,0.8862749736991049,28.207949837120903
168660.0,0.012,0.8862922086893731,28.20740130049138
168720.0,0.012,0.886309430531813,28.20685320362577
168780.0,0.012,0.886326639242235,28.2063055459709
168840.0,0.012,0.8863438348364231,28.205758326974554
168900.0,0.012,0.8863610173301368,28.205211546085426
168960.0,0.012,0.8863781867391102,28.204665202753134
169020.0,0.012,0.8863953430790503,28.20411929642827
169080.0,0.012,0.8864124863656418,28.20357382656227
169140.0,0.012,0.8864296166145419,28.203028792607554
169200.0,0.012,0.8864467338413828,28.202484194017458
169260.0,0.012,0.8864638380617722,28.201940030246224
169320.0,0.012,0.8864809292912929,28.201396300748996
169380.0,0.012,0.8864980075455016,28.200853004981873
169440.0,0.012,0.8865150728399313,28.20031014240182
169500.0,0.012,0.8865321251900886,28.19976771246676
169560.0,0.012,0.8865491646114566,28.199225714635492
169620.0,0.012,0.8865661911194925,28.198684148367743
169680.0,0.012,0.8865832047296296,28.198143013124124
169740.0,0.012,0.8866002054572758,28.197602308366168
169800.0,0.012,0.8866171933178136,28.197062033556335
169860.0,0.012,0.8866341683266031,28.19652218815791
169920.0,0.012,0.8866511304989779,28.195982771635137
169980.0,0.012,0.8866680798502474,28.19544378345315
170040.0,0.012,0.8866850163956971,28.194905223077953
170100.0,0.012,0.8867019401505869,28.194367089976478
170160.0,0.012,0.8867188511301536,28.193829383616514
170220.0,0.012,0.8867357493496084,28.193292103466767
170280.0,0.012,0.8867526348241397,28.192755248996793
170340.0,0.012,0.8867695075689102,28.192218819677073
170400.0,0.012,0.8867863675990588,28.191682814978957
170460.0,0.012,0.8868032149297012,28.191147234374657
170520.0,0.012,0.8868200495759273,28.1906120773373
170580.0,0.012,0.8868368715528047,28.190077343340853
170640.0,0.012,0.8868536808753751,28.1895430318602
170700.0,0.012,0.8868704775586574,28.18900914237108
170760.0,0.012,0.8868872616176469,28.188475674350087
170820.0,0.012,0.8869040330673141,28.18794262727471
170880.0,0.012,0.8869207919226063,28.187410000623288
170940.0,0.012,0.8869375381984467,28.18687779387505
171000.0,0.012,0.8869542719097345,28.186346006510078
171060.0,0.012,0.8869709930713459,28.185814638009315
171120.0,0.012,0.8869877016981333,28.185283687854554
171180.0,0.012,0.8870043978049248,28.184753155528487
171240.0,0.012,0.8870210814065252,28.184223040514638
171300.0,0.012,0.8870377525177172,28.18369334229736
171360.0,0.012,0.887054411153258,28.18316406036191
171420.0,0.012,0.887071057327882,28.182635194194393
171480.0,0.012,0.8870876910563017,28.182106743281707
171540.0,0.012,0.8871043123532037,28.181578707111687
171600.0,0.012,0.8871209212332535,28.181051085172943
171660.0,0.012,0.8871375177110925,28.180523876954965
171720.0,0.012,0.8871541018013389,28.17999708194808
171780.0,0.012,0.8871706735185876,28.179470699643467
171840.0,0.012,0.8871872328774109,28.178944729533132
171900.0,0.012,0.887203779892358,28.178419171109912
171960.0,0.012,0.8872203145779546,28.177894023867513
172020.0,0.012,0.8872368369487039,28.177369287300444
172080.0,0.012,0.8872533470190862,28.17684496090406
172140.0,0.012,0.8872698448035584,28.17632104417456
172200.0,0.012,0.8872863303165552,28.175797536608957
172260.0,0.012,0.8873028035724881,28.175274437705106
172320.0,0.012,0.8873192645857461,28.17475174696168
172380.0,0.012,0.8873357133706958,28.174229463878156
172440.0,0.012,0.8873521499416807,28.173707587954876
172500.0,0.012,0.8873685743130213,28.17318611869299
172560.0,0.012,0.8873849864990164,28.172665055594457
172620.0,0.012,0.887401386513942,28.172144398162065
172680.0,0.012,0.8874177743720517,28.171624145899404
172740.0,0.012,0.8874341500875764,28.171104298310894
172800.0,0.012,0.8874505136747245,28.170584854901783
172860.0,0.012,0.8874668651476829,28.170065815178084
172920.0,0.012,0.8874832045206152,28.169547178646667
172980.0,0.012,0.8874995318076636,28.169028944815185
173040.0,0.012,0.8875158470229473,28.16851111319211
173100.0,0.012,0.887532150180564,28.167993683286713
173160.0,0.012,0.887548441294589,28.167476654609064
173220.0,0.012,0.8875647203790753,28.166960026670058
173280.0,0.012,0.8875809874480546,28.166443798981348
173340.0,0.012,0.8875972425155356,28.165927971055435
173400.0,0.012,0.887613485595506,28.16541254240558
173460.0,0.012,0.8876297167019308,28.164897512545863
173520.0,0.012,0.8876459358487536,28.164382880991145
173580.0,0.012,0.8876621430498964,28.163868647257072
173640.0,0.012,0.8876783383192589,28.1633548108601
173700.0,0.012,0.8876945216707197,28.16284137131745
173760.0,0.012,0.8877106931181344,28.162328328147172
173820.0,0.012,0.8877268526753385,28.161815680868063
173880.0,0.012,0.8877430003561453,28.161303428999705
173940.0,0.012,0.8877591361743461,28.16079157206249
174000.0,0.012,0.8877752601437108,28.16028010957758
174060.0,0.012,0.8877913722779891,28.15976904106688
174120.0,0.012,0.8878074725909074,28.159258366053137
174180.0,0.012,0.8878235610961721,28.158748084059816
174240.0,0.012,0.8878396378074669,28.158238194611215
174300.0,0.012,0.8878557027384556,28.157728697232344
174360.0,0.012,0.8878717559027798,28.157219591449028
174420.0,0.012,0.8878877973140605,28.156710876787834
174480.0,0.012,0.8879038269858965,28.156202552776136
174540.0,0.012,0.8879198449318669,28.15569461894202
174600.0,0.012,0.887935851165528,28.155187074814403
174660.0,0.012,0.8879518457004169,28.154679919922895
174720.0,0.012,0.8879678285500483,28.154173153797917
174780.0,0.012,0.887983799727916,28.153666775970645
174840.0,0.012,0.8879997592474934,28.153160785973004
174900.0,0.012,0.8880157071222328,28.15265518333768
174960.0,0.012,0.8880316433655656,28.152149967598106
175020.0,0.012,0.8880475679909027,28.151645138288476
175080.0,0.012,0.8880634810116332,28.151140694943756
175140.0,0.012,0.8880793824411263,28.150636637099648
175200.0,0.012,0.8880952722927307,28.150132964292588
175260.0,0.012,0.8881111505797739,28.14962967605978
175320.0,0.012,0.8881270173155629,28.149126771939176
175380.0,0.012,0.888142872513384,28.14862425146947
175440.0,0.012,0.888158716186503,28.14812211419011
175500.0,0.012,0.888174548348166,28.14762035964124
175560.0,0.012,0.8881903690115972,28.147118987363815
175620.0,0.012,0.8882061781900015,28.14661799689948
175680.0,0.012,0.8882219758965627,28.14611738779064
175740.0,0.012,0.8882377621444447,28.145617159580425
175800.0,0.012,0.888253536946791,28.14511731181271
175860.0,0.012,0.8882693003167248,28.144617844032098
175920.0,0.012,0.8882850522673488,28.144118755783932
175980.0,0.012,0.8883007928117458,28.143620046614274
176040.0,0.012,0.8883165219629789,28.143121716069903
176100.0,0.012,0.8883322397340901,28.142623763698367
176160.0,0.012,0.8883479461381019,28.14212618904791
176220.0,0.012,0.8883636411880161,28.141628991667524
176280.0,0.012,0.888379324896816,28.14113217110688
176340.0,0.012,0.8883949972774635,28.140635726916415
176400.0,0.012,0.8884106583429009,28.140139658647275
176460.0,0.012,0.8884263081060512,28.13964396585131
176520.0,0.012,0.8884419465798166,28.139148648081115
176580.0,0.012,0.8884575737770807,28.138653704889965
176640.0,0.012,0.8884731897107058,28.138159135831895
176700.0,0.012,0.8884887943935358,28.137664940461615
176760.0,0.012,0.8885043878383944,28.13717111833456
176820.0,0.012,0.8885199700580856,28.136677669006882
176880.0,0.012,0.8885355410653938,28.136184592035434
176940.0,0.012,0.8885511008730838,28.13569188697778
177000.0,0.012,0.8885666494939006,28.135199553392205
177060.0,0.012,0.8885821869405708,28.134707590837653
177120.0,0.012,0.8885977132257995,28.134215998873845
177180.0,0.012,0.8886132283622745,28.133724777061126
177240.0,0.012,0.8886287323626633,28.133233924960585
177300.0,0.012,0.8886442252396133,28.13274344213402
177360.0,0.012,0.8886597070057539,28.132253328143896
177420.0,0.012,0.8886751776736938,28.13176358255341
177480.0,0.012,0.8886906372560243,28.1312742049264
177540.0,0.012,0.8887060857653154,28.130785194827464
177600.0,0.012,0.8887215232141197,28.130296551821836
177660.0,0.012,0.8887369496149696,28.129808275475472
177720.0,0.012,0.8887523649803785,28.129320365355024
177780.0,0.012,0.888767769322841,28.128832821027807
177840.0,0.012,0.8887831626548324,28.12834564206185
177900.0,0.012,0.8887985449888095,28.127858828025833
177960.0,0.012,0.8888139163372101,28.12737237848914
178020.0,0.012,0.888829276712452,28.126886293021858
178080.0,0.012,0.8888446261269355,28.126400571194726
178140.0,0.012,0.8888599645930411,28.125915212579173
178200.0,0.012,0.888875292123131,28.125430216747308
178260.0,0.012,0.8888906087295481,28.12494558327193
178320.0,0.012,0.8889059144246176,28.12446131172647
178380.0,0.012,0.8889212092206448,28.123977401685092
178440.0,0.012,0.8889364931299163,28.123493852722614
178500.0,0.012,0.8889517661647015,28.123010664414494
178560.0,0.012,0.8889670283372496,28.122527836336904
178620.0,0.012,0.8889822796597923,28.122045368066658
178680.0,0.012,0.8889975201445423,28.121563259181247
178740.0,0.012,0.8890127498036932,28.12108150925885
178800.0,0.012,0.8890279686494212,28.120600117878276
178860.0,0.012,0.8890431766938841,28.12011908461901
178920.0,0.012,0.88905837394922,28.119638409061217
178980.0,0.012,0.8890735604275501,28.119158090785707
179040.0,0.012,0.8890887361409764,28.11867812937395
179100.0,0.012,0.8891039011015829,28.118198524408086
179160.0,0.012,0.8891190553214352,28.117719275470904
179220.0,0.012,0.8891341988125809,28.11724038214585
179280.0,0.012,0.8891493315870492,28.116761844017038
179340.0,0.012,0.8891644536568513,28.116283660669218
179400.0,0.012,0.88917956503398,28.115805831687805
179460.0,0.012,0.8891946657304104,28.115328356658857
179520.0,0.012,0.8892097557580991,28.11485123516909
179580.0,0.012,0.8892248351289853,28.114374466805867
179640.0,0.012,0.8892399038549896,28.11389805115719
179700.0,0.012,0.8892549619480153,28.11342198781171
179760.0,0.012,0.8892700094199463,28.112946276358763
179820.0,0.012,0.889285046282651,28.112470916388244
179880.0,0.012,0.8893000725479778,28.111995907490773
179940.0,0.012,0.8893150882277586,28.111521249257564
180000.0,0.012,0.8893300933338067,28.111046941280488
180060.0,0.012,0.8893450878779181,28.11057298315206
180120.0,0.012,0.8893600718718709,28.11009937446542
180180.0,0.012,0.8893750453274256,28.10962611481435
180240.0,0.012,0.889390008256325,28.10915320379327
180300.0,0.012,0.8894049606702943,28.108680640997225
180360.0,0.012,0.8894199025810413,28.108208426021896
180420.0,0.012,0.889434834000256,28.1077365584636
180480.0,0.012,0.8894497549396106,28.10726503791929
180540.0,0.012,0.8894646654107605,28.106793863986535
180600.0,0.012,0.8894795654253432,28.106323036263532
180660.0,0.012,0.8894944549949789,28.105852554349113
180720.0,0.012,0.8895093341312702,28.105382417842733
180780.0,0.012,0.8895242028458026,28.104912626344476
180840.0,0.012,0.8895390611501445,28.10444317945502
180900.0,0.012,0.8895539090558463,28.103974076775707
180960.0,0.012,0.889568746574442,28.103505317908468
181020.0,0.012,0.889583573717447,28.103036902455887
181080.0,0.012,0.8895983904963614,28.10256883002112
181140.0,0.012,0.8896131969226667,28.102101100207967
181200.0,0.012,0.8896279930078277,28.101633712620853
181260.0,0.012,0.8896427787632922,28.101166666864795
181320.0,0.012,0.8896575542004909,28.100699962545438
181380.0,0.012,0.8896723193308371,28.100233599269036
181440.0,0.012,0.8896870741657277,28.09976757664245
181500.0,0.012,0.8897018187165422,28.09930189427315
181560.0,0.012,0.8897165529946433,28.09883655176922
181620.0,0.012,0.8897312770113771,28.09837154873934
181680.0,0.012,0.8897459907780717,28.09790688479283
181740.0,0.012,0.8897606943060395,28.097442559539576
181800.0,0.012,0.8897753876065763,28.09697857259007
181860.0,0.012,0.8897900706909596,28.096514923555443
181920.0,0.012,0.8898047435704516,28.09605161204739
181980.0,0.012,0.8898194062562972,28.095588637678215
182040.0,0.012,0.8898340587597244,28.09512600006084
182100.0,0.012,0.8898487010919449,28.09466369880877
182160.0,0.012,0.889863333264154,28.094201733536092
182220.0,0.012,0.8898779552875297,28.09374010385752
182280.0,0.012,0.8898925671732336,28.093278809388348
182340.0,0.012,0.8899071689324115,28.09281784974445
182400.0,0.012,0.8899217605761918,28.09235722454232
182460.0,0.012,0.8899363421156867,28.091896933399017
182520.0,0.012,0.8899509135619917,28.091436975932226
182580.0,0.012,0.8899654749261873,28.09097735176016
182640.0,0.012,0.8899800262193353,28.090518060501687
182700.0,0.012,0.8899945674524825,28.090059101776223
182760.0,0.012,0.8900090986366598,28.089600475203774
182820.0,0.012,0.8900236197828809,28.08914218040493
182880.0,0.012,0.8900381309021435,28.08868421700088
182940.0,0.012,0.8900526320054287,28.088226584613388
183000.0,0.012,0.8900671231037031,28.087769282864762
183060.0,0.012,0.8900816042079145,28.087312311377957
183120.0,0.012,0.8900960753289963,28.08685566977647
183180.0,0.012,0.8901105364778656,28.086399357684353
183240.0,0.012,0.8901249876654226,28.085943374726295
183300.0,0.012,0.8901394289025524,28.085487720527503
183360.0,0.012,0.8901538602001237,28.085032394713785
183420.0,0.012,0.8901682815689889,28.084577396911527
183480.0,0.012,0.8901826930199849,28.08412272674767
183540.0,0.012,0.8901970945639325,28.08366838384973
183600.0,0.012,0.8902114862116359,28.083214367845827
183660.0,0.012,0.8902258679738848,28.08276067836459
183720.0,0.012,0.8902402398614524,28.08230731503525
183780.0,0.012,0.8902546018850955,28.08185427748761
183840.0,0.012,0.8902689540555555,28.08140156535204
183900.0,0.012,0.8902832963835587,28.08094917825944
183931.56,0.012,0.8902908365015562,28.080711352976284
